<?xml version="1.0" encoding="UTF-8"?>
<!DOCTYPE X3D PUBLIC "ISO//Web3D//DTD X3D 3.0//EN" "http://www.web3d.org/specifications/x3d-3.0.dtd">
<X3D version="3.0" profile="Immersive" xmlns:xsd="http://www.w3.org/2001/XMLSchema-instance" xsd:noNamespaceSchemaLocation="http://www.web3d.org/specifications/x3d-3.0.xsd">
	<head>
		<meta name="filename" content="Book Flip - UVW for 1 Texture.x3d" />
		<meta name="generator" content="Blender 2.93.7" />
	</head>
	<Scene>
		<NavigationInfo headlight="true"
		                visibilityLimit="0.0"
		                type='"EXAMINE", "ANY"'
		                avatarSize="0.25, 1.75, 0.75"
		                />
		<Background DEF="WO_World"
		            groundColor="0.051 0.051 0.051"
		            skyColor="0.051 0.051 0.051"
		            />
		<Transform DEF="book_TRANSFORM"
		           translation="-92.315819 2.547369 13.725975"
		           scale="3.300685 3.135651 2.595227"
		           rotation="-1.000000 -0.000000 -0.000000 1.570796"
		           >
			<Transform DEF="book_ifs_TRANSFORM"
			           translation="-0.000003 0.000001 0.000000"
			           scale="1.000000 1.000000 1.000000"
			           rotation="0.000000 0.000000 0.000000 0.000000"
			           >
				<Group DEF="group_ME_book_001">
				</Group>
			</Transform>
			<Transform DEF="Subdivisio_TRANSFORM"
			           translation="-0.033071 0.000001 -0.008713"
			           scale="1.000000 1.000000 1.000000"
			           rotation="-0.000000 -0.707107 0.707107 3.141593"
			           >
				<Transform DEF="Subdivisio_ifs_TRANSFORM"
				           translation="-0.000001 0.000000 -0.000000"
				           scale="1.000000 1.000000 1.000000"
				           rotation="0.000000 0.000000 0.000000 0.000000"
				           >
					<Group DEF="group_ME_Subdivisio_001">
					</Group>
				</Transform>
				<Transform DEF="paper_2_po_TRANSFORM"
				           translation="-1.372745 -0.047107 -0.102353"
				           scale="1.000000 1.000000 1.000000"
				           rotation="-0.000000 -0.707107 0.707107 3.141593"
				           >
					<Transform DEF="paper_2_po_ifs_TRANSFORM"
					           translation="-0.000002 0.000000 0.000000"
					           scale="1.000000 1.000000 1.000000"
					           rotation="0.000000 0.000000 -0.000000 0.000000"
					           >
						<Group DEF="group_ME_paper_2_po_001">
						</Group>
					</Transform>
					<Transform DEF="paper_2_ro_TRANSFORM"
					           translation="-0.000002 -0.102245 0.000000"
					           scale="1.000000 1.000000 1.000000"
					           rotation="0.000000 0.000000 -0.000000 0.000000"
					           >
						<Transform DEF="paper_2_ro_ifs_TRANSFORM"
						           translation="-0.000004 0.000000 -0.000000"
						           scale="1.000000 1.000000 1.000000"
						           rotation="0.000000 0.000000 -0.000000 0.000000"
						           >
							<Group DEF="group_ME_paper_2_ro_001">
							</Group>
						</Transform>
						<Transform DEF="paper002_TRANSFORM"
						           translation="-0.105862 0.000000 0.373860"
						           scale="-1.000000 -1.000000 -1.000000"
						           rotation="0.001745 0.000000 0.999999 3.141593"
						           >
							<Transform DEF="paper002_ifs_TRANSFORM"
							           translation="0.000001 -0.000000 -0.000000"
							           scale="1.000000 1.000000 1.000000"
							           rotation="0.000000 -0.000000 0.000000 0.000000"
							           >
								<Group DEF="group_ME_paper">
									<Shape>
										<Appearance DEF='app'>
											<Material DEF="MA_Max_MaterialID_0"
											          diffuseColor="0.500 0.500 0.500"
											          specularColor="0.101 0.101 0.101"
											          emissiveColor="0.000 0.000 0.000"
											          ambientIntensity="0.000"
											          shininess="0.100"
											          transparency="0.0"
											          />
											<ImageTexture url='"All Pages - Gaming - Flip Once.jpg"'></ImageTexture>
										</Appearance>
										<IndexedFaceSet solid="false"
										                creaseAngle="0.0"
										                texCoordIndex="0 1 2 3 -1 4 5 6 7 -1 8 9 10 11 -1 12 13 14 15 -1 16 17 18 19 -1 20 21 22 23 -1 24 25 26 27 -1 28 29 30 31 -1 32 33 34 35 -1 36 37 38 39 -1 40 41 42 43 -1 44 45 46 47 -1 48 49 50 51 -1 52 53 54 55 -1 56 57 58 59 -1 60 61 62 63 -1 64 65 66 67 -1 68 69 70 71 -1 72 73 74 75 -1 76 77 78 79 -1 80 81 82 83 -1 84 85 86 87 -1 88 89 90 91 -1 92 93 94 95 -1 96 97 98 99 -1 100 101 102 103 -1 104 105 106 107 -1 108 109 110 111 -1 112 113 114 -1 115 116 117 118 -1 119 120 121 122 -1 123 124 125 126 -1 127 128 129 130 -1 131 132 133 134 -1 135 136 137 138 -1 139 140 141 142 -1 143 144 145 146 -1 147 148 149 150 -1 151 152 153 -1 154 155 156 157 -1 158 159 160 161 -1 162 163 164 165 -1 166 167 168 169 -1 170 171 172 173 -1 174 175 176 177 -1 178 179 180 181 -1 182 183 184 185 -1 186 187 188 189 -1 190 191 192 193 -1 194 195 196 197 -1 198 199 200 201 -1 202 203 204 205 -1 206 207 208 209 -1 210 211 212 213 -1 214 215 216 -1 217 218 219 220 -1 221 222 223 224 -1 225 226 227 228 -1 229 230 231 232 -1 233 234 235 236 -1 237 238 239 240 -1 241 242 243 244 -1 245 246 247 248 -1 249 250 251 252 -1 253 254 255 256 -1 257 258 259 260 -1 261 262 263 264 -1 265 266 267 268 -1 269 270 271 272 -1 273 274 275 276 -1 277 278 279 280 -1 281 282 283 284 -1 285 286 287 288 -1 289 290 291 292 -1 293 294 295 296 -1 297 298 299 300 -1 301 302 303 304 -1 305 306 307 308 -1 309 310 311 312 -1 313 314 315 316 -1 317 318 319 320 -1 321 322 323 324 -1 325 326 327 328 -1 329 330 331 332 -1 333 334 335 336 -1 337 338 339 340 -1 341 342 343 344 -1 345 346 347 348 -1 349 350 351 352 -1 353 354 355 356 -1 357 358 359 360 -1 361 362 363 364 -1 365 366 367 368 -1 369 370 371 372 -1 373 374 375 376 -1 377 378 379 380 -1 381 382 383 384 -1 385 386 387 388 -1 389 390 391 392 -1 393 394 395 396 -1 397 398 399 400 -1 401 402 403 404 -1 405 406 407 408 -1 409 410 411 412 -1 413 414 415 416 -1 417 418 419 420 -1 421 422 423 424 -1 425 426 427 428 -1 429 430 431 432 -1 433 434 435 436 -1 437 438 439 440 -1 441 442 443 444 -1 445 446 447 448 -1 449 450 451 452 -1 453 454 455 456 -1 457 458 459 460 -1 461 462 463 464 -1 465 466 467 468 -1 469 470 471 472 -1 473 474 475 476 -1 477 478 479 480 -1 481 482 483 484 -1 485 486 487 488 -1 489 490 491 492 -1 493 494 495 496 -1 497 498 499 500 -1 501 502 503 504 -1 505 506 507 508 -1 509 510 511 512 -1 513 514 515 516 -1 517 518 519 520 -1 521 522 523 524 -1 525 526 527 528 -1 529 530 531 532 -1 533 534 535 536 -1 537 538 539 540 -1 541 542 543 544 -1 545 546 547 548 -1 549 550 551 552 -1 553 554 555 556 -1 557 558 559 560 -1 561 562 563 564 -1 565 566 567 568 -1 569 570 571 572 -1 573 574 575 576 -1 577 578 579 580 -1 581 582 583 584 -1 585 586 587 588 -1 589 590 591 592 -1 593 594 595 596 -1 597 598 599 600 -1 601 602 603 604 -1 605 606 607 608 -1 609 610 611 612 -1 613 614 615 616 -1 617 618 619 620 -1 621 622 623 624 -1 625 626 627 628 -1 629 630 631 632 -1 633 634 635 636 -1 637 638 639 640 -1 641 642 643 644 -1 645 646 647 648 -1 649 650 651 652 -1 653 654 655 656 -1 657 658 659 660 -1 661 662 663 664 -1 665 666 667 668 -1 669 670 671 672 -1 673 674 675 676 -1 677 678 679 680 -1 681 682 683 684 -1 685 686 687 688 -1 689 690 691 692 -1 693 694 695 696 -1 697 698 699 700 -1 701 702 703 704 -1 705 706 707 708 -1 709 710 711 712 -1 713 714 715 716 -1 717 718 719 720 -1 721 722 723 724 -1 725 726 727 728 -1 729 730 731 732 -1 733 734 735 736 -1 737 738 739 740 -1 741 742 743 744 -1 745 746 747 748 -1 749 750 751 752 -1 753 754 755 756 -1 757 758 759 760 -1 761 762 763 764 -1 765 766 767 768 -1 769 770 771 772 -1 773 774 775 776 -1 777 778 779 780 -1 781 782 783 784 -1 785 786 787 788 -1 789 790 791 792 -1 793 794 795 796 -1 797 798 799 800 -1 801 802 803 804 -1 805 806 807 808 -1 809 810 811 812 -1 813 814 815 816 -1 817 818 819 820 -1 821 822 823 824 -1 825 826 827 828 -1 829 830 831 832 -1 833 834 835 836 -1 837 838 839 840 -1 841 842 843 844 -1 845 846 847 848 -1 849 850 851 852 -1 853 854 855 856 -1 857 858 859 860 -1 861 862 863 864 -1 865 866 867 868 -1 869 870 871 872 -1 873 874 875 876 -1 877 878 879 880 -1 881 882 883 884 -1 885 886 887 888 -1 889 890 891 892 -1 893 894 895 896 -1 897 898 899 900 -1 901 902 903 904 -1 905 906 907 908 -1 909 910 911 912 -1 913 914 915 916 -1 917 918 919 920 -1 921 922 923 924 -1 925 926 927 928 -1 929 930 931 932 -1 933 934 935 936 -1 937 938 939 940 -1 941 942 943 944 -1 945 946 947 948 -1 949 950 951 952 -1 953 954 955 956 -1 957 958 959 960 -1 961 962 963 964 -1 965 966 967 968 -1 969 970 971 972 -1 973 974 975 976 -1 977 978 979 980 -1 981 982 983 984 -1 985 986 987 988 -1 989 990 991 992 -1 993 994 995 996 -1 997 998 999 1000 -1 1001 1002 1003 1004 -1 1005 1006 1007 1008 -1 1009 1010 1011 1012 -1 1013 1014 1015 1016 -1 1017 1018 1019 1020 -1 1021 1022 1023 1024 -1 1025 1026 1027 1028 -1 1029 1030 1031 1032 -1 1033 1034 1035 1036 -1 1037 1038 1039 1040 -1 1041 1042 1043 1044 -1 1045 1046 1047 1048 -1 1049 1050 1051 1052 -1 1053 1054 1055 1056 -1 1057 1058 1059 1060 -1 1061 1062 1063 1064 -1 1065 1066 1067 1068 -1 1069 1070 1071 1072 -1 1073 1074 1075 1076 -1 1077 1078 1079 1080 -1 1081 1082 1083 1084 -1 1085 1086 1087 1088 -1 1089 1090 1091 1092 -1 1093 1094 1095 1096 -1 1097 1098 1099 1100 -1 1101 1102 1103 1104 -1 1105 1106 1107 1108 -1 1109 1110 1111 1112 -1 1113 1114 1115 1116 -1 1117 1118 1119 1120 -1 1121 1122 1123 1124 -1 1125 1126 1127 1128 -1 1129 1130 1131 1132 -1 1133 1134 1135 1136 -1 1137 1138 1139 1140 -1 1141 1142 1143 1144 -1 1145 1146 1147 1148 -1 1149 1150 1151 1152 -1 1153 1154 1155 1156 -1 1157 1158 1159 1160 -1 1161 1162 1163 1164 -1 1165 1166 1167 1168 -1 1169 1170 1171 1172 -1 1173 1174 1175 1176 -1 1177 1178 1179 1180 -1 1181 1182 1183 1184 -1 1185 1186 1187 1188 -1 1189 1190 1191 1192 -1 1193 1194 1195 1196 -1 1197 1198 1199 1200 -1 1201 1202 1203 1204 -1 1205 1206 1207 1208 -1 1209 1210 1211 1212 -1 1213 1214 1215 1216 -1 1217 1218 1219 1220 -1 1221 1222 1223 1224 -1 1225 1226 1227 1228 -1 1229 1230 1231 1232 -1 1233 1234 1235 1236 -1 1237 1238 1239 1240 -1 1241 1242 1243 1244 -1 1245 1246 1247 1248 -1 1249 1250 1251 1252 -1 1253 1254 1255 1256 -1 1257 1258 1259 1260 -1 1261 1262 1263 1264 -1 1265 1266 1267 1268 -1 1269 1270 1271 1272 -1 1273 1274 1275 1276 -1 1277 1278 1279 1280 -1 1281 1282 1283 1284 -1 1285 1286 1287 1288 -1 1289 1290 1291 1292 -1 1293 1294 1295 1296 -1 1297 1298 1299 1300 -1 1301 1302 1303 1304 -1 1305 1306 1307 1308 -1 1309 1310 1311 1312 -1 1313 1314 1315 1316 -1 1317 1318 1319 1320 -1 1321 1322 1323 1324 -1 1325 1326 1327 1328 -1 1329 1330 1331 1332 -1 1333 1334 1335 1336 -1 1337 1338 1339 1340 -1 1341 1342 1343 1344 -1 1345 1346 1347 1348 -1 1349 1350 1351 1352 -1 1353 1354 1355 1356 -1 1357 1358 1359 1360 -1 1361 1362 1363 1364 -1 1365 1366 1367 1368 -1 1369 1370 1371 1372 -1 1373 1374 1375 1376 -1 1377 1378 1379 1380 -1 1381 1382 1383 1384 -1 1385 1386 1387 1388 -1 1389 1390 1391 1392 -1 1393 1394 1395 1396 -1 1397 1398 1399 1400 -1 1401 1402 1403 1404 -1 1405 1406 1407 1408 -1 1409 1410 1411 1412 -1 1413 1414 1415 1416 -1 1417 1418 1419 1420 -1 1421 1422 1423 -1 1424 1425 1426 1427 -1 1428 1429 1430 1431 -1 1432 1433 1434 1435 -1 1436 1437 1438 1439 -1 1440 1441 1442 1443 -1 1444 1445 1446 1447 -1 1448 1449 1450 1451 -1 1452 1453 1454 -1 1455 1456 1457 1458 -1 1459 1460 1461 1462 -1 1463 1464 1465 1466 -1 1467 1468 1469 1470 -1 1471 1472 1473 1474 -1 1475 1476 1477 1478 -1 1479 1480 1481 1482 -1 1483 1484 1485 1486 -1 1487 1488 1489 1490 -1 1491 1492 1493 1494 -1 1495 1496 1497 1498 -1 1499 1500 1501 1502 -1 1503 1504 1505 1506 -1 1507 1508 1509 1510 -1 1511 1512 1513 1514 -1 1515 1516 1517 1518 -1 1519 1520 1521 1522 -1 1523 1524 1525 1526 -1 1527 1528 1529 1530 -1 1531 1532 1533 1534 -1 1535 1536 1537 1538 -1 1539 1540 1541 1542 -1 1543 1544 1545 1546 -1 1547 1548 1549 1550 -1 1551 1552 1553 1554 -1 1555 1556 1557 1558 -1 1559 1560 1561 1562 -1 1563 1564 1565 -1 1566 1567 1568 1569 -1 1570 1571 1572 1573 -1 1574 1575 1576 1577 -1 1578 1579 1580 1581 -1 1582 1583 1584 1585 -1 1586 1587 1588 1589 -1 1590 1591 1592 1593 -1 1594 1595 1596 1597 -1 1598 1599 1600 1601 -1 1602 1603 1604 1605 -1 1606 1607 1608 1609 -1 1610 1611 1612 1613 -1 1614 1615 1616 1617 -1 1618 1619 1620 1621 -1 1622 1623 1624 1625 -1 1626 1627 1628 1629 -1 1630 1631 1632 1633 -1 1634 1635 1636 1637 -1 1638 1639 1640 1641 -1 1642 1643 1644 1645 -1 1646 1647 1648 1649 -1 1650 1651 1652 1653 -1 1654 1655 1656 1657 -1 1658 1659 1660 1661 -1 1662 1663 1664 1665 -1 1666 1667 1668 1669 -1 1670 1671 1672 1673 -1 1674 1675 1676 1677 -1 1678 1679 1680 1681 -1 1682 1683 1684 1685 -1 1686 1687 1688 1689 -1 1690 1691 1692 1693 -1 1694 1695 1696 1697 -1 1698 1699 1700 1701 -1 1702 1703 1704 1705 -1 1706 1707 1708 1709 -1 1710 1711 1712 1713 -1 1714 1715 1716 1717 -1 1718 1719 1720 1721 -1 1722 1723 1724 1725 -1 1726 1727 1728 1729 -1 1730 1731 1732 1733 -1 1734 1735 1736 1737 -1 1738 1739 1740 1741 -1 1742 1743 1744 1745 -1 1746 1747 1748 1749 -1 1750 1751 1752 1753 -1 1754 1755 1756 1757 -1 1758 1759 1760 1761 -1 1762 1763 1764 1765 -1 1766 1767 1768 1769 -1 1770 1771 1772 1773 -1 1774 1775 1776 1777 -1 1778 1779 1780 1781 -1 1782 1783 1784 1785 -1 1786 1787 1788 1789 -1 1790 1791 1792 1793 -1 1794 1795 1796 1797 -1 1798 1799 1800 1801 -1 1802 1803 1804 1805 -1 1806 1807 1808 1809 -1 1810 1811 1812 1813 -1 1814 1815 1816 1817 -1 1818 1819 1820 1821 -1 1822 1823 1824 1825 -1 1826 1827 1828 1829 -1 1830 1831 1832 1833 -1 1834 1835 1836 1837 -1 1838 1839 1840 1841 -1 1842 1843 1844 1845 -1 1846 1847 1848 1849 -1 1850 1851 1852 1853 -1 1854 1855 1856 1857 -1 1858 1859 1860 1861 -1 1862 1863 1864 1865 -1 1866 1867 1868 1869 -1 1870 1871 1872 1873 -1 1874 1875 1876 1877 -1 1878 1879 1880 1881 -1 1882 1883 1884 1885 -1 1886 1887 1888 1889 -1 1890 1891 1892 1893 -1 1894 1895 1896 1897 -1 1898 1899 1900 1901 -1 1902 1903 1904 1905 -1 1906 1907 1908 1909 -1 1910 1911 1912 1913 -1 1914 1915 1916 1917 -1 1918 1919 1920 1921 -1 1922 1923 1924 1925 -1 1926 1927 1928 1929 -1 1930 1931 1932 1933 -1 1934 1935 1936 1937 -1 1938 1939 1940 1941 -1 1942 1943 1944 1945 -1 1946 1947 1948 1949 -1 1950 1951 1952 1953 -1 1954 1955 1956 1957 -1 1958 1959 1960 1961 -1 1962 1963 1964 1965 -1 1966 1967 1968 1969 -1 1970 1971 1972 1973 -1 1974 1975 1976 1977 -1 1978 1979 1980 1981 -1 1982 1983 1984 1985 -1 1986 1987 1988 1989 -1 1990 1991 1992 1993 -1 1994 1995 1996 1997 -1 1998 1999 2000 2001 -1 2002 2003 2004 2005 -1 2006 2007 2008 2009 -1 2010 2011 2012 2013 -1 2014 2015 2016 2017 -1 2018 2019 2020 2021 -1 2022 2023 2024 2025 -1 2026 2027 2028 2029 -1 2030 2031 2032 2033 -1 2034 2035 2036 2037 -1 2038 2039 2040 2041 -1 2042 2043 2044 2045 -1 2046 2047 2048 2049 -1 2050 2051 2052 2053 -1 2054 2055 2056 2057 -1 2058 2059 2060 2061 -1 2062 2063 2064 2065 -1 2066 2067 2068 2069 -1 2070 2071 2072 2073 -1 2074 2075 2076 2077 -1 2078 2079 2080 2081 -1 2082 2083 2084 2085 -1 2086 2087 2088 2089 -1 2090 2091 2092 2093 -1 2094 2095 2096 2097 -1 2098 2099 2100 2101 -1 2102 2103 2104 2105 -1 2106 2107 2108 2109 -1 2110 2111 2112 2113 -1 2114 2115 2116 2117 -1 2118 2119 2120 2121 -1 2122 2123 2124 2125 -1 2126 2127 2128 2129 -1 2130 2131 2132 2133 -1 2134 2135 2136 2137 -1 2138 2139 2140 2141 -1 2142 2143 2144 2145 -1 2146 2147 2148 2149 -1 2150 2151 2152 2153 -1 2154 2155 2156 2157 -1 2158 2159 2160 2161 -1 2162 2163 2164 2165 -1 2166 2167 2168 2169 -1 2170 2171 2172 2173 -1 2174 2175 2176 2177 -1 2178 2179 2180 2181 -1 2182 2183 2184 2185 -1 2186 2187 2188 2189 -1 2190 2191 2192 2193 -1 2194 2195 2196 2197 -1 2198 2199 2200 2201 -1 2202 2203 2204 2205 -1 2206 2207 2208 2209 -1 2210 2211 2212 2213 -1 2214 2215 2216 2217 -1 2218 2219 2220 2221 -1 2222 2223 2224 2225 -1 2226 2227 2228 2229 -1 2230 2231 2232 2233 -1 2234 2235 2236 2237 -1 2238 2239 2240 2241 -1 2242 2243 2244 2245 -1 2246 2247 2248 2249 -1 2250 2251 2252 2253 -1 2254 2255 2256 2257 -1 2258 2259 2260 2261 -1 2262 2263 2264 2265 -1 2266 2267 2268 2269 -1 2270 2271 2272 2273 -1 2274 2275 2276 2277 -1 2278 2279 2280 2281 -1 2282 2283 2284 2285 -1 2286 2287 2288 2289 -1 2290 2291 2292 2293 -1 2294 2295 2296 2297 -1 2298 2299 2300 2301 -1 2302 2303 2304 2305 -1 2306 2307 2308 2309 -1 2310 2311 2312 2313 -1 2314 2315 2316 2317 -1 2318 2319 2320 2321 -1 2322 2323 2324 2325 -1 2326 2327 2328 2329 -1 2330 2331 2332 2333 -1 2334 2335 2336 2337 -1 2338 2339 2340 2341 -1 2342 2343 2344 2345 -1 2346 2347 2348 2349 -1 2350 2351 2352 2353 -1 2354 2355 2356 2357 -1 2358 2359 2360 2361 -1 2362 2363 2364 2365 -1 2366 2367 2368 2369 -1 2370 2371 2372 2373 -1 2374 2375 2376 2377 -1 2378 2379 2380 2381 -1 2382 2383 2384 2385 -1 2386 2387 2388 2389 -1 2390 2391 2392 2393 -1 2394 2395 2396 2397 -1 2398 2399 2400 2401 -1 2402 2403 2404 2405 -1 2406 2407 2408 2409 -1 2410 2411 2412 2413 -1 2414 2415 2416 2417 -1 2418 2419 2420 2421 -1 2422 2423 2424 2425 -1 2426 2427 2428 2429 -1 2430 2431 2432 2433 -1 2434 2435 2436 2437 -1 2438 2439 2440 2441 -1 2442 2443 2444 2445 -1 2446 2447 2448 2449 -1 2450 2451 2452 2453 -1 2454 2455 2456 2457 -1 2458 2459 2460 2461 -1 2462 2463 2464 2465 -1 2466 2467 2468 2469 -1 2470 2471 2472 2473 -1 2474 2475 2476 2477 -1 2478 2479 2480 2481 -1 2482 2483 2484 2485 -1 2486 2487 2488 2489 -1 2490 2491 2492 2493 -1 2494 2495 2496 2497 -1 2498 2499 2500 2501 -1 2502 2503 2504 2505 -1 2506 2507 2508 2509 -1 2510 2511 2512 2513 -1 2514 2515 2516 2517 -1 2518 2519 2520 2521 -1 2522 2523 2524 2525 -1 2526 2527 2528 2529 -1 2530 2531 2532 2533 -1 2534 2535 2536 2537 -1 2538 2539 2540 2541 -1 2542 2543 2544 2545 -1 2546 2547 2548 2549 -1 2550 2551 2552 2553 -1 2554 2555 2556 2557 -1 "
										                coordIndex="5 59 389 373 -1 80 60 4 11 -1 107 129 507 485 -1 40 102 16 0 -1 483 487 109 105 -1 10 3 373 376 -1 43 41 375 380 -1 381 45 43 380 -1 110 104 131 137 -1 389 388 415 416 -1 118 117 144 145 -1 144 143 170 171 -1 116 115 142 143 -1 115 114 141 142 -1 114 113 140 141 -1 383 382 408 409 -1 410 384 383 409 -1 139 138 165 166 -1 62 42 44 64 -1 14 8 42 62 -1 78 58 60 80 -1 76 56 58 78 -1 74 54 56 76 -1 72 52 54 74 -1 70 50 52 72 -1 68 48 50 70 -1 66 46 48 68 -1 64 44 46 66 -1 390 61 63 -1 391 390 63 65 -1 471 460 433 444 -1 398 77 79 399 -1 155 154 127 128 -1 181 180 153 154 -1 180 179 152 153 -1 152 151 124 125 -1 178 177 150 151 -1 123 122 500 501 -1 392 391 65 -1 20 82 84 22 -1 1 18 82 20 -1 38 100 102 40 -1 36 98 100 38 -1 34 96 98 36 -1 32 94 96 34 -1 29 91 93 31 -1 26 88 90 28 -1 24 86 88 26 -1 22 84 86 24 -1 146 130 103 119 -1 133 156 129 107 -1 136 132 105 109 -1 0 16 680 676 -1 164 165 138 137 -1 380 375 401 -1 407 381 380 401 -1 199 200 173 172 -1 388 387 414 415 -1 55 53 385 386 -1 387 57 55 386 -1 386 385 411 412 -1 413 387 386 412 -1 412 411 438 439 -1 411 385 384 410 -1 193 194 167 166 -1 409 408 435 436 -1 148 147 120 121 -1 147 135 108 120 -1 237 236 209 210 -1 424 425 452 451 -1 73 75 397 396 -1 395 396 423 422 -1 69 71 395 394 -1 447 448 475 474 -1 204 203 176 177 -1 176 175 148 149 -1 186 191 164 159 -1 225 226 199 198 -1 117 116 143 144 -1 196 197 170 169 -1 168 169 142 141 -1 167 168 141 140 -1 112 111 138 139 -1 182 181 154 155 -1 126 127 154 153 -1 125 126 153 152 -1 179 178 151 152 -1 123 124 151 150 -1 173 157 130 146 -1 269 291 264 242 -1 163 158 132 136 -1 106 103 130 134 -1 111 110 137 138 -1 119 118 145 146 -1 113 112 139 140 -1 202 201 174 175 -1 774 763 352 363 -1 128 129 156 155 -1 122 123 150 149 -1 121 122 149 148 -1 251 252 225 224 -1 192 193 166 165 -1 208 207 180 181 -1 288 287 260 261 -1 286 285 258 259 -1 134 130 157 161 -1 191 192 165 164 -1 146 145 172 173 -1 140 139 166 167 -1 155 156 183 182 -1 149 150 177 176 -1 230 229 202 203 -1 137 131 159 164 -1 145 144 171 172 -1 143 142 169 170 -1 195 196 169 168 -1 767 768 357 356 -1 209 208 181 182 -1 206 205 178 179 -1 200 184 157 173 -1 156 133 160 183 -1 189 185 158 163 -1 147 148 175 174 -1 135 147 174 162 -1 161 157 184 188 -1 280 281 254 253 -1 220 221 194 193 -1 182 183 210 209 -1 231 230 203 204 -1 266 272 245 240 -1 172 171 198 199 -1 250 251 224 223 -1 183 160 187 210 -1 256 255 228 229 -1 162 174 201 190 -1 171 170 197 198 -1 273 274 247 246 -1 235 234 207 208 -1 179 180 207 206 -1 177 178 205 204 -1 218 219 192 191 -1 175 176 203 202 -1 276 277 250 249 -1 168 167 194 195 -1 236 235 208 209 -1 233 232 205 206 -1 227 211 184 200 -1 736 732 758 762 -1 188 184 211 215 -1 291 290 263 264 -1 306 307 280 279 -1 210 187 214 237 -1 190 201 228 217 -1 198 197 224 225 -1 206 207 234 233 -1 204 205 232 231 -1 257 256 229 230 -1 195 194 221 222 -1 200 199 226 227 -1 739 740 767 766 -1 723 722 641 642 -1 191 186 213 218 -1 197 196 223 224 -1 201 202 229 228 -1 193 192 219 220 -1 262 261 234 235 -1 245 246 219 218 -1 196 195 222 223 -1 290 289 262 263 -1 260 259 232 233 -1 254 238 211 227 -1 185 189 216 212 -1 215 211 238 241 -1 237 214 242 264 -1 217 228 255 244 -1 305 306 279 278 -1 233 234 261 260 -1 231 232 259 258 -1 222 221 248 249 -1 227 226 253 254 -1 218 213 240 245 -1 331 332 305 304 -1 775 774 363 364 -1 220 219 246 247 -1 223 222 249 250 -1 212 216 243 239 -1 236 237 264 263 -1 226 225 252 253 -1 284 283 256 257 -1 221 220 247 248 -1 230 231 258 257 -1 289 288 261 262 -1 272 273 246 245 -1 235 236 263 262 -1 287 286 259 260 -1 308 292 265 281 -1 241 238 265 268 -1 295 318 291 269 -1 244 255 282 271 -1 315 314 287 288 -1 340 339 312 313 -1 249 248 275 276 -1 334 335 308 307 -1 320 326 299 294 -1 327 328 301 300 -1 303 304 277 276 -1 239 243 270 267 -1 756 755 782 783 -1 253 252 279 280 -1 248 247 274 275 -1 257 258 285 284 -1 344 343 316 317 -1 252 251 278 279 -1 251 250 277 278 -1 255 256 283 282 -1 311 310 283 284 -1 316 315 288 289 -1 299 300 273 272 -1 314 313 286 287 -1 238 254 281 265 -1 268 265 292 296 -1 271 282 309 298 -1 276 275 302 303 -1 267 270 297 293 -1 663 664 745 744 -1 275 274 301 302 -1 284 285 312 311 -1 332 333 306 305 -1 278 277 304 305 -1 282 283 310 309 -1 335 319 292 308 -1 733 756 783 761 -1 342 341 314 315 -1 285 286 313 312 -1 281 280 307 308 -1 272 266 294 299 -1 274 273 300 301 -1 330 331 304 303 -1 290 291 318 317 -1 289 290 317 316 -1 338 337 310 311 -1 343 342 315 316 -1 326 327 300 299 -1 341 340 313 314 -1 296 292 319 323 -1 298 309 336 325 -1 303 302 329 330 -1 293 297 324 321 -1 302 301 328 329 -1 311 312 339 338 -1 358 359 332 331 -1 309 310 337 336 -1 778 777 366 367 -1 772 773 362 361 -1 759 764 353 348 -1 354 355 328 327 -1 317 318 345 344 -1 755 754 781 782 -1 307 306 333 334 -1 359 360 333 332 -1 362 346 319 335 -1 318 295 322 345 -1 753 752 779 780 -1 660 661 742 741 -1 749 748 775 776 -1 754 753 780 781 -1 737 738 765 764 -1 368 367 340 341 -1 323 319 346 349 -1 325 336 363 352 -1 330 329 356 357 -1 321 324 351 347 -1 329 328 355 356 -1 338 339 366 365 -1 336 337 364 363 -1 344 345 372 371 -1 334 333 360 361 -1 345 322 350 372 -1 30 33 689 688 -1 339 340 367 366 -1 335 334 361 362 -1 326 320 348 353 -1 738 739 766 765 -1 343 344 371 370 -1 662 663 744 743 -1 746 730 757 773 -1 341 342 369 368 -1 331 330 357 358 -1 337 338 365 364 -1 342 343 370 369 -1 327 326 353 354 -1 779 778 367 368 -1 760 757 730 734 -1 720 708 628 639 -1 686 687 714 713 -1 365 366 777 776 -1 640 639 666 667 -1 772 771 744 745 -1 625 648 675 653 -1 751 750 777 778 -1 745 746 773 772 -1 651 656 737 731 -1 769 768 741 742 -1 673 672 753 754 -1 656 657 738 737 -1 359 358 769 770 -1 355 354 765 766 -1 771 770 743 744 -1 752 751 778 779 -1 734 730 649 652 -1 709 705 624 627 -1 749 750 669 668 -1 35 37 691 690 -1 743 742 661 662 -1 684 685 712 711 -1 763 774 747 735 -1 741 740 659 660 -1 658 659 740 739 -1 747 748 667 666 -1 702 701 728 729 -1 756 733 653 675 -1 643 642 669 670 -1 637 638 665 664 -1 647 646 673 674 -1 726 725 644 645 -1 641 640 667 668 -1 683 684 711 710 -1 638 622 649 665 -1 644 643 670 671 -1 652 649 622 626 -1 696 695 722 723 -1 714 715 634 633 -1 662 661 634 635 -1 693 681 708 720 -1 633 632 713 714 -1 83 81 693 694 -1 679 702 729 706 -1 637 636 717 718 -1 739 738 657 658 -1 716 717 636 635 -1 685 686 713 712 -1 674 675 648 647 -1 724 723 642 643 -1 718 719 638 637 -1 677 683 710 704 -1 99 97 700 701 -1 695 694 721 722 -1 727 726 645 646 -1 692 676 703 719 -1 698 697 724 725 -1 497 481 454 470 -1 79 9 377 399 -1 7 13 379 374 -1 454 458 431 427 -1 407 408 382 381 -1 59 57 387 388 -1 389 59 388 -1 47 45 381 382 -1 383 49 47 382 -1 445 444 417 418 -1 12 61 390 378 -1 426 425 398 399 -1 65 67 393 392 -1 446 445 418 419 -1 41 6 375 -1 440 441 414 413 -1 53 51 384 385 -1 51 49 383 384 -1 75 77 398 397 -1 451 450 423 424 -1 71 73 396 395 -1 422 421 394 395 -1 67 69 394 393 -1 399 377 404 426 -1 374 379 406 402 -1 442 443 416 415 -1 463 464 437 436 -1 378 390 417 405 -1 392 393 420 419 -1 455 461 434 429 -1 441 442 415 414 -1 439 440 413 412 -1 113 114 492 491 -1 397 398 425 424 -1 126 125 503 504 -1 393 394 421 420 -1 373 389 416 400 -1 376 373 400 403 -1 434 435 408 407 -1 390 391 418 417 -1 453 452 425 426 -1 391 392 419 418 -1 414 387 413 -1 396 397 424 423 -1 449 448 421 422 -1 426 404 430 453 -1 402 406 432 428 -1 405 417 444 433 -1 419 420 447 446 -1 492 493 466 465 -1 489 490 463 462 -1 479 478 451 452 -1 420 421 448 447 -1 400 416 443 427 -1 403 400 427 431 -1 121 120 498 499 -1 122 121 499 500 -1 467 468 441 440 -1 478 477 450 451 -1 496 497 470 469 -1 410 409 436 437 -1 407 401 429 434 -1 468 469 442 441 -1 466 467 440 439 -1 411 410 437 438 -1 422 423 450 449 -1 461 462 435 434 -1 480 479 452 453 -1 476 475 448 449 -1 453 430 457 480 -1 428 432 459 456 -1 498 486 460 471 -1 446 447 474 473 -1 502 501 474 475 -1 427 443 470 454 -1 481 484 458 454 -1 490 491 464 463 -1 104 110 488 482 -1 438 437 464 465 -1 449 450 477 476 -1 439 438 465 466 -1 436 435 462 463 -1 128 127 505 506 -1 444 445 472 471 -1 445 446 473 472 -1 494 495 468 467 -1 505 504 477 478 -1 443 442 469 470 -1 117 118 496 495 -1 493 494 467 466 -1 488 489 462 461 -1 507 506 479 480 -1 503 502 475 476 -1 480 457 485 507 -1 456 459 487 483 -1 473 474 501 500 -1 119 103 481 497 -1 465 464 491 492 -1 476 477 504 503 -1 114 115 493 492 -1 111 112 490 489 -1 471 472 499 498 -1 472 473 500 499 -1 118 119 497 496 -1 120 108 486 498 -1 124 123 501 502 -1 103 106 484 481 -1 112 113 491 490 -1 461 455 482 488 -1 478 479 506 505 -1 116 117 495 494 -1 127 126 504 505 -1 469 468 495 496 -1 115 116 494 493 -1 110 111 489 488 -1 129 128 506 507 -1 125 124 502 503 -1 542 553 548 540 -1 553 554 549 548 -1 565 566 567 564 -1 593 582 581 592 -1 568 569 565 564 -1 578 587 572 566 -1 566 572 573 567 -1 597 596 575 582 -1 575 596 584 569 -1 596 597 586 584 -1 574 575 569 568 -1 583 597 582 593 -1 577 578 566 565 -1 597 583 570 586 -1 573 572 580 579 -1 585 571 587 578 -1 515 595 583 593 -1 572 587 576 580 -1 526 515 593 592 -1 587 571 591 576 -1 582 575 574 581 -1 570 583 595 590 -1 569 584 577 565 -1 584 585 578 577 -1 598 564 567 599 -1 617 592 581 611 -1 568 564 598 600 -1 609 599 605 616 -1 599 567 573 605 -1 621 611 606 620 -1 606 600 613 620 -1 620 613 615 621 -1 574 568 600 606 -1 612 617 611 621 -1 608 598 599 609 -1 621 615 603 612 -1 573 579 610 605 -1 614 609 616 604 -1 602 617 612 619 -1 605 610 607 616 -1 526 592 617 602 -1 616 607 560 604 -1 611 581 574 606 -1 603 559 619 612 -1 600 598 608 613 -1 613 608 609 614 -1 509 508 511 510 -1 537 536 529 530 -1 512 508 509 513 -1 524 510 518 535 -1 510 511 519 518 -1 539 530 521 538 -1 521 513 532 538 -1 538 532 534 539 -1 520 512 513 521 -1 531 537 530 539 -1 523 509 510 524 -1 539 534 516 531 -1 519 527 528 518 -1 533 524 535 517 -1 514 537 531 594 -1 518 528 522 535 -1 525 536 537 514 -1 535 522 589 517 -1 530 529 520 521 -1 516 588 594 531 -1 513 509 523 532 -1 532 523 524 533 -1 540 541 511 508 -1 561 551 529 536 -1 512 542 540 508 -1 549 556 545 541 -1 541 545 519 511 -1 563 562 546 551 -1 546 562 553 542 -1 562 563 555 553 -1 520 546 542 512 -1 552 563 551 561 -1 548 549 541 540 -1 563 552 543 555 -1 519 545 550 527 -1 554 544 556 549 -1 601 618 552 561 -1 545 556 547 550 -1 525 601 561 536 -1 556 544 558 547 -1 551 546 520 529 -1 543 552 618 557 -1 626 622 703 707 -1 635 634 715 716 -1 25 27 687 686 -1 682 678 705 709 -1 95 92 698 699 -1 27 30 688 687 -1 639 640 721 720 -1 689 690 717 716 -1 697 696 723 724 -1 691 692 719 718 -1 2 19 683 677 -1 646 647 728 727 -1 640 641 722 721 -1 700 699 726 727 -1 735 747 666 655 -1 631 632 659 658 -1 704 710 629 623 -1 754 755 674 673 -1 646 645 672 673 -1 730 746 665 649 -1 751 752 671 670 -1 660 659 632 633 -1 732 736 654 650 -1 664 663 636 637 -1 711 712 631 630 -1 671 672 645 644 -1 629 630 657 656 -1 668 669 642 641 -1 655 666 639 628 -1 719 703 622 638 -1 725 724 643 644 -1 650 654 627 624 -1 661 660 633 634 -1 706 729 648 625 -1 663 662 635 636 -1 712 713 632 631 -1 656 651 623 629 -1 658 657 630 631 -1 729 728 647 648 -1 710 711 630 629 -1 748 749 668 667 -1 755 756 675 674 -1 750 751 670 669 -1 746 745 664 665 -1 752 753 672 671 -1 707 703 676 680 -1 716 715 688 689 -1 718 717 690 691 -1 21 23 685 684 -1 101 99 701 702 -1 19 21 684 683 -1 87 85 695 696 -1 720 721 694 693 -1 15 101 702 679 -1 23 25 686 685 -1 727 728 701 700 -1 85 83 694 695 -1 39 0 676 692 -1 18 1 678 682 -1 725 726 699 698 -1 715 714 687 688 -1 81 17 681 693 -1 33 35 690 689 -1 89 87 696 697 -1 37 39 692 691 -1 97 95 699 700 -1 92 89 697 698 -1 764 759 731 737 -1 776 777 750 749 -1 770 769 742 743 -1 768 767 740 741 -1 774 775 748 747 -1 356 355 766 767 -1 371 372 783 782 -1 372 350 761 783 -1 370 371 782 781 -1 368 369 780 779 -1 364 365 776 775 -1 369 370 781 780 -1 354 353 764 765 -1 346 362 773 757 -1 349 346 757 760 -1 347 351 762 758 -1 361 360 771 772 -1 358 357 768 769 -1 360 359 770 771 -1 "
										                >
											<Coordinate DEF="coords_ME_paper"
											            point="4.250727 4.463027 0.191211 3.841881 4.463027 0.450531 3.841881 4.463027 0.450531 -2.228141 4.463032 -0.244979 -2.228141 4.463032 -0.244979 -2.228141 4.463032 -0.244979 -2.299486 4.463032 0.331602 -2.299486 4.463032 0.331602 -2.299486 4.463032 0.331602 -2.226498 -4.479331 -0.244978 -2.226498 -4.479331 -0.244978 -2.226498 -4.479331 -0.244978 -2.297915 -4.479331 0.331605 -2.297915 -4.479331 0.331605 -2.297915 -4.479331 0.331605 4.250725 -4.479336 0.191212 4.250725 -4.479336 0.191212 3.841880 -4.479336 0.450532 3.841880 -4.479336 0.450532 3.879612 4.463027 0.428388 3.879612 4.463027 0.428388 3.917230 4.463027 0.405959 3.917230 4.463027 0.405959 3.954735 4.463027 0.383243 3.954735 4.463027 0.383243 3.992128 4.463027 0.360242 3.992128 4.463027 0.360242 4.029408 4.463027 0.336954 4.029408 4.463027 0.336954 4.029408 4.463027 0.336954 4.066576 4.463027 0.313379 4.066576 4.463027 0.313379 4.066576 4.463027 0.313379 4.103631 4.463027 0.289518 4.103631 4.463027 0.289518 4.140574 4.463027 0.265371 4.140574 4.463027 0.265371 4.177404 4.463027 0.240937 4.177404 4.463027 0.240937 4.214122 4.463027 0.216218 4.214122 4.463027 0.216218 -2.288069 4.463032 0.279322 -2.288069 4.463032 0.279322 -2.276979 4.463032 0.227054 -2.276979 4.463032 0.227054 -2.266556 4.463032 0.174776 -2.266556 4.463032 0.174776 -2.257125 4.463032 0.122467 -2.257125 4.463032 0.122467 -2.248952 4.463032 0.070112 -2.248952 4.463032 0.070112 -2.242206 4.463032 0.017700 -2.242206 4.463032 0.017700 -2.236938 4.463032 -0.034767 -2.236938 4.463032 -0.034767 -2.233081 4.463032 -0.087282 -2.233081 4.463032 -0.087282 -2.230478 4.463032 -0.139834 -2.230478 4.463032 -0.139834 -2.228911 4.463032 -0.192405 -2.228911 4.463032 -0.192405 -2.286484 -4.479331 0.279325 -2.286484 -4.479331 0.279325 -2.275385 -4.479331 0.227057 -2.275385 -4.479331 0.227057 -2.264956 -4.479331 0.174778 -2.264956 -4.479331 0.174778 -2.255520 -4.479331 0.122469 -2.255520 -4.479331 0.122469 -2.247344 -4.479331 0.070113 -2.247344 -4.479331 0.070113 -2.240594 -4.479331 0.017701 -2.240594 -4.479331 0.017701 -2.235322 -4.479331 -0.034766 -2.235322 -4.479331 -0.034766 -2.231459 -4.479331 -0.087282 -2.231459 -4.479331 -0.087282 -2.228850 -4.479331 -0.139833 -2.228850 -4.479331 -0.139833 -2.227275 -4.479331 -0.192404 -2.227275 -4.479331 -0.192404 3.879611 -4.479336 0.428389 3.879611 -4.479336 0.428389 3.917229 -4.479336 0.405960 3.917229 -4.479336 0.405960 3.954734 -4.479336 0.383244 3.954734 -4.479336 0.383244 3.992127 -4.479336 0.360243 3.992127 -4.479336 0.360243 4.029408 -4.479336 0.336955 4.029408 -4.479336 0.336955 4.029408 -4.479336 0.336955 4.066575 -4.479336 0.313380 4.066575 -4.479336 0.313380 4.066575 -4.479336 0.313380 4.103631 -4.479336 0.289519 4.103631 -4.479336 0.289519 4.140573 -4.479336 0.265372 4.140573 -4.479336 0.265372 4.177403 -4.479336 0.240938 4.177403 -4.479336 0.240938 4.214120 -4.479336 0.216218 4.214120 -4.479336 0.216218 0.978316 4.463030 -0.230979 0.973198 4.463030 0.350422 0.973198 4.463030 0.350422 0.978314 -4.479332 -0.230973 0.978314 -4.479332 -0.230973 0.973197 -4.479332 0.350428 0.973197 -4.479332 0.350428 0.973664 4.463030 0.297567 0.974129 4.463030 0.244713 0.974594 4.463030 0.191858 0.975059 4.463030 0.139004 0.975524 4.463030 0.086149 0.975989 4.463030 0.033295 0.976454 4.463030 -0.019560 0.976919 4.463030 -0.072414 0.977385 4.463030 -0.125269 0.977850 4.463030 -0.178124 0.973662 -4.479332 0.297573 0.974127 -4.479332 0.244719 0.974592 -4.479332 0.191864 0.975057 -4.479332 0.139010 0.975522 -4.479332 0.086155 0.975987 -4.479332 0.033300 0.976452 -4.479332 -0.019554 0.976918 -4.479332 -0.072409 0.977383 -4.479332 -0.125263 0.977849 -4.479332 -0.178118 1.238758 4.463030 -0.226709 1.233642 4.463030 0.354691 1.233642 4.463030 0.354691 1.238756 -4.479332 -0.226703 1.238756 -4.479332 -0.226703 1.233640 -4.479332 0.354697 1.233640 -4.479332 0.354697 1.234107 4.463030 0.301836 1.234572 4.463030 0.248982 1.235037 4.463030 0.196127 1.235502 4.463030 0.143272 1.235967 4.463030 0.090418 1.236432 4.463030 0.037563 1.236897 4.463030 -0.015291 1.237363 4.463030 -0.068146 1.237828 4.463030 -0.121000 1.238293 4.463030 -0.173855 1.234105 -4.479332 0.301842 1.234570 -4.479332 0.248987 1.235035 -4.479332 0.196133 1.235500 -4.479332 0.143278 1.235965 -4.479332 0.090424 1.236430 -4.479332 0.037569 1.236896 -4.479332 -0.015285 1.237361 -4.479332 -0.068140 1.237826 -4.479332 -0.120994 1.238291 -4.479332 -0.173849 1.499201 4.463030 -0.222440 1.494085 4.463030 0.358959 1.494085 4.463030 0.358959 1.499200 -4.479332 -0.222435 1.499200 -4.479332 -0.222435 1.494083 -4.479332 0.358965 1.494083 -4.479332 0.358965 1.494550 4.463030 0.306105 1.495015 4.463030 0.253250 1.495480 4.463030 0.200396 1.495945 4.463030 0.147541 1.496410 4.463030 0.094687 1.496875 4.463030 0.041832 1.497341 4.463030 -0.011022 1.497806 4.463030 -0.063877 1.498271 4.463030 -0.116731 1.498736 4.463030 -0.169586 1.494548 -4.479332 0.306111 1.495013 -4.479332 0.253256 1.495478 -4.479332 0.200402 1.495943 -4.479332 0.147547 1.496409 -4.479332 0.094693 1.496873 -4.479332 0.041838 1.497339 -4.479332 -0.011016 1.497804 -4.479332 -0.063871 1.498269 -4.479332 -0.116725 1.498734 -4.479332 -0.169580 1.759645 4.463030 -0.218172 1.754528 4.463030 0.363228 1.754528 4.463030 0.363228 1.759643 -4.479332 -0.218166 1.759643 -4.479332 -0.218166 1.754526 -4.479332 0.363234 1.754526 -4.479332 0.363234 1.754993 4.463030 0.310374 1.755459 4.463030 0.257519 1.755924 4.463030 0.204665 1.756389 4.463030 0.151810 1.756854 4.463030 0.098956 1.757319 4.463030 0.046101 1.757784 4.463030 -0.006754 1.758249 4.463030 -0.059608 1.758714 4.463030 -0.112463 1.759180 4.463030 -0.165317 1.754992 -4.479332 0.310380 1.755457 -4.479332 0.257525 1.755922 -4.479332 0.204670 1.756387 -4.479332 0.151816 1.756852 -4.479332 0.098961 1.757317 -4.479332 0.046107 1.757782 -4.479332 -0.006748 1.758247 -4.479332 -0.059602 1.758713 -4.479332 -0.112457 1.759178 -4.479332 -0.165311 2.009321 4.463030 -0.230443 2.029480 4.463030 0.350483 2.029480 4.463030 0.350483 2.009320 -4.479333 -0.230437 2.009320 -4.479333 -0.230437 2.029479 -4.479333 0.350489 2.029479 -4.479333 0.350489 2.027647 4.463030 0.297671 2.025815 4.463030 0.244860 2.023982 4.463030 0.192048 2.022150 4.463030 0.139237 2.020317 4.463030 0.086426 2.018484 4.463030 0.033614 2.016652 4.463030 -0.019197 2.014819 4.463030 -0.072009 2.012986 4.463030 -0.124820 2.011154 4.463030 -0.177631 2.027646 -4.479333 0.297677 2.025814 -4.479333 0.244866 2.023981 -4.479333 0.192054 2.022148 -4.479333 0.139243 2.020316 -4.479333 0.086432 2.018483 -4.479333 0.033620 2.016650 -4.479333 -0.019191 2.014818 -4.479333 -0.072002 2.012985 -4.479333 -0.124814 2.011152 -4.479333 -0.177625 2.269529 4.463030 -0.244488 2.289688 4.463030 0.336437 2.289688 4.463030 0.336437 2.269527 -4.479333 -0.244482 2.269527 -4.479333 -0.244482 2.289686 -4.479333 0.336443 2.289686 -4.479333 0.336443 2.287855 4.463030 0.283625 2.286023 4.463030 0.230814 2.284190 4.463030 0.178003 2.282357 4.463030 0.125191 2.280524 4.463030 0.072380 2.278692 4.463030 0.019568 2.276859 4.463030 -0.033243 2.275027 4.463030 -0.086054 2.273194 4.463030 -0.138866 2.271361 4.463030 -0.191677 2.287854 -4.479333 0.283631 2.286021 -4.479333 0.230820 2.284188 -4.479333 0.178009 2.282356 -4.479333 0.125197 2.280523 -4.479333 0.072386 2.278690 -4.479333 0.019574 2.276858 -4.479333 -0.033237 2.275025 -4.479333 -0.086048 2.273192 -4.479333 -0.138860 2.271360 -4.479333 -0.191671 2.529736 4.463030 -0.258534 2.549895 4.463030 0.322391 2.549895 4.463030 0.322391 2.529735 -4.479333 -0.258528 2.529735 -4.479333 -0.258528 2.549894 -4.479333 0.322397 2.549894 -4.479333 0.322397 2.548063 4.463030 0.269580 2.546230 4.463030 0.216768 2.544397 4.463030 0.163957 2.542565 4.463030 0.111145 2.540732 4.463030 0.058334 2.538899 4.463030 0.005523 2.537067 4.463030 -0.047289 2.535234 4.463030 -0.100100 2.533401 4.463030 -0.152912 2.531569 4.463030 -0.205723 2.548061 -4.479333 0.269585 2.546228 -4.479333 0.216774 2.544396 -4.479333 0.163963 2.542563 -4.479333 0.111151 2.540730 -4.479333 0.058340 2.538898 -4.479333 0.005529 2.537065 -4.479333 -0.047283 2.535233 -4.479333 -0.100094 2.533400 -4.479333 -0.152905 2.531567 -4.479333 -0.205717 2.789944 4.463030 -0.272580 2.810103 4.463030 0.308345 2.810103 4.463030 0.308345 2.789942 -4.479333 -0.272574 2.789942 -4.479333 -0.272574 2.810101 -4.479333 0.308351 2.810101 -4.479333 0.308351 2.808270 4.463030 0.255534 2.806437 4.463030 0.202722 2.804605 4.463030 0.149911 2.802772 4.463030 0.097100 2.800940 4.463030 0.044288 2.799107 4.463030 -0.008523 2.797274 4.463030 -0.061335 2.795442 4.463030 -0.114146 2.793609 4.463030 -0.166957 2.791776 4.463030 -0.219769 2.808269 -4.479333 0.255540 2.806436 -4.479333 0.202728 2.804603 -4.479333 0.149917 2.802771 -4.479333 0.097106 2.800938 -4.479333 0.044294 2.799105 -4.479333 -0.008517 2.797272 -4.479333 -0.061329 2.795440 -4.479333 -0.114140 2.793607 -4.479333 -0.166951 2.791775 -4.479333 -0.219763 3.050151 4.463029 -0.286626 3.070310 4.463030 0.294299 3.070310 4.463030 0.294299 3.050149 -4.479333 -0.286620 3.050149 -4.479333 -0.286620 3.070309 -4.479333 0.294305 3.070309 -4.479333 0.294305 3.068478 4.463030 0.241488 3.066645 4.463030 0.188676 3.064812 4.463030 0.135865 3.062980 4.463030 0.083054 3.061147 4.463030 0.030242 3.059314 4.463029 -0.022569 3.057482 4.463029 -0.075381 3.055649 4.463029 -0.128192 3.053816 4.463029 -0.181003 3.051984 4.463029 -0.233815 3.068476 -4.479333 0.241494 3.066643 -4.479333 0.188682 3.064811 -4.479333 0.135871 3.062978 -4.479333 0.083060 3.061145 -4.479333 0.030248 3.059312 -4.479333 -0.022563 3.057480 -4.479333 -0.075374 3.055647 -4.479333 -0.128186 3.053814 -4.479333 -0.180997 3.051982 -4.479333 -0.233808 3.310359 4.463029 -0.300672 3.330518 4.463030 0.280253 3.330518 4.463030 0.280253 3.310357 -4.479333 -0.300666 3.310357 -4.479333 -0.300666 3.330516 -4.479333 0.280259 3.330516 -4.479333 0.280259 3.328685 4.463030 0.227442 3.326852 4.463030 0.174631 3.325020 4.463030 0.121819 3.323187 4.463029 0.069008 3.321354 4.463029 0.016197 3.319521 4.463029 -0.036615 3.317689 4.463029 -0.089426 3.315856 4.463029 -0.142238 3.314023 4.463029 -0.195049 3.312191 4.463029 -0.247860 3.328683 -4.479333 0.227448 3.326851 -4.479333 0.174637 3.325018 -4.479333 0.121825 3.323185 -4.479333 0.069014 3.321352 -4.479333 0.016203 3.319520 -4.479333 -0.036609 3.317688 -4.479333 -0.089420 3.315855 -4.479333 -0.142232 3.314022 -4.479333 -0.195043 3.312190 -4.479333 -0.247854 -1.428174 4.463031 -0.246463 -1.469887 4.463032 0.331650 -1.469887 4.463032 0.331650 -1.426871 -4.479331 -0.246454 -1.426871 -4.479331 -0.246454 -1.468604 -4.479331 0.331663 -1.468604 -4.479331 0.331663 -1.463177 4.463032 0.279270 -1.456508 4.463032 0.226895 -1.450168 4.463032 0.174505 -1.444439 4.463032 0.122079 -1.439548 4.463032 0.069598 -1.435631 4.463032 0.017054 -1.432713 4.463032 -0.035557 -1.430708 4.463031 -0.088229 -1.429440 4.463031 -0.140949 -1.428677 4.463031 -0.193700 -1.461883 -4.479331 0.279282 -1.455207 -4.479331 0.226908 -1.448863 -4.479331 0.174518 -1.443130 -4.479331 0.122091 -1.438237 -4.479331 0.069610 -1.434319 -4.479331 0.017065 -1.431402 -4.479331 -0.035547 -1.429398 -4.479331 -0.088219 -1.428131 -4.479331 -0.140939 -1.427370 -4.479331 -0.193690 -0.919224 4.463031 -0.248203 -0.939334 4.463032 0.331506 -0.939334 4.463032 0.331506 -0.918314 -4.479331 -0.248195 -0.918314 -4.479331 -0.248195 -0.938459 -4.479331 0.331515 -0.938459 -4.479331 0.331515 -0.937438 4.463032 0.278789 -0.935491 4.463032 0.226086 -0.933525 4.463032 0.173388 -0.931571 4.463031 0.120692 -0.929657 4.463031 0.067995 -0.927795 4.463031 0.015295 -0.925995 4.463031 -0.037407 -0.924251 4.463031 -0.090111 -0.922550 4.463031 -0.142816 -0.920874 4.463031 -0.195512 -0.936557 -4.479331 0.278797 -0.934604 -4.479331 0.226094 -0.932634 -4.479331 0.173396 -0.930677 -4.479331 0.120700 -0.928759 -4.479331 0.068002 -0.926895 -4.479331 0.015302 -0.925091 -4.479331 -0.037400 -0.923343 -4.479331 -0.090104 -0.921640 -4.479331 -0.142808 -0.919962 -4.479331 -0.195504 -0.401257 4.463031 -0.249089 -0.408436 4.463031 0.331594 -0.408436 4.463031 0.331594 -0.400731 -4.479331 -0.249082 -0.400731 -4.479331 -0.249082 -0.407938 -4.479331 0.331600 -0.407938 -4.479331 0.331600 -0.407730 4.463031 0.278795 -0.407019 4.463031 0.225999 -0.406308 4.463031 0.173205 -0.405604 4.463031 0.120414 -0.404912 4.463031 0.067624 -0.404237 4.463031 0.014835 -0.403581 4.463031 -0.037952 -0.402952 4.463031 -0.090738 -0.402351 4.463031 -0.143524 -0.401784 4.463031 -0.196307 -0.407226 -4.479331 0.278802 -0.406510 -4.479331 0.226006 -0.405796 -4.479331 0.173212 -0.405087 -4.479331 0.120420 -0.404393 -4.479331 0.067630 -0.403715 -4.479331 0.014842 -0.403057 -4.479331 -0.037946 -0.402426 -4.479331 -0.090732 -0.401825 -4.479331 -0.143517 -0.401258 -4.479331 -0.196300 0.118198 4.463030 -0.245036 0.110277 4.463030 0.336012 0.110277 4.463030 0.336012 0.118440 -4.479332 -0.245026 0.118440 -4.479332 -0.245026 0.110500 -4.479332 0.336022 0.110500 -4.479332 0.336022 0.111000 4.463030 0.283183 0.111724 4.463030 0.230355 0.112451 4.463030 0.177528 0.113178 4.463030 0.124701 0.113904 4.463030 0.071874 0.114631 4.463030 0.019044 0.115355 4.463030 -0.033778 0.116076 4.463030 -0.086593 0.116790 4.463030 -0.139408 0.117498 4.463030 -0.192222 0.111227 -4.479332 0.283193 0.111955 -4.479332 0.230365 0.112684 -4.479332 0.177538 0.113412 -4.479332 0.124711 0.114142 -4.479332 0.071884 0.114870 -4.479332 0.019054 0.115596 -4.479332 -0.033768 0.116317 -4.479332 -0.086583 0.117033 -4.479332 -0.139398 0.117741 -4.479332 -0.192212 0.636066 4.463030 -0.236536 0.630654 4.463030 0.344830 0.630654 4.463030 0.344830 0.636132 -4.479332 -0.236529 0.636132 -4.479332 -0.236529 0.630711 -4.479332 0.344837 0.630711 -4.479332 0.344837 0.631173 4.463030 0.291982 0.631688 4.463030 0.239134 0.632196 4.463030 0.186283 0.632698 4.463030 0.133433 0.633192 4.463030 0.080582 0.633681 4.463030 0.027729 0.634167 4.463030 -0.025123 0.634649 4.463030 -0.077976 0.635126 4.463030 -0.130829 0.635598 4.463030 -0.183682 0.631231 -4.479332 0.291989 0.631748 -4.479332 0.239141 0.632258 -4.479332 0.186290 0.632761 -4.479332 0.133440 0.633255 -4.479332 0.080588 0.633746 -4.479332 0.027736 0.634232 -4.479332 -0.025116 0.634714 -4.479332 -0.077969 0.635191 -4.479332 -0.130822 0.635664 -4.479332 -0.183675 4.068088 -4.486057 0.374090 3.893372 -4.486057 0.484885 3.893372 -4.440514 0.484885 4.068088 -4.440514 0.374090 4.060664 -4.505695 0.355208 3.889584 -4.505715 0.458691 3.888319 -0.008316 0.449964 3.888319 -0.008316 0.449964 3.833827 -4.376041 0.501407 3.833827 -4.376041 0.501407 3.893372 -4.376041 0.484885 4.068088 -4.376041 0.374090 4.049609 -4.486057 0.327086 3.885034 -4.486057 0.427272 3.833376 -2.368343 0.519493 3.833376 -4.486057 0.519493 3.833376 -4.440514 0.519493 4.057585 -0.008316 0.347372 4.057585 -0.008316 0.347372 4.068088 -2.368343 0.374090 3.893373 -2.368343 0.484885 4.049609 -4.440514 0.327086 3.885034 -4.440514 0.427272 3.834279 -4.376041 0.483321 3.834052 -4.505693 0.492403 3.833993 -4.440514 0.494763 3.833993 -4.440514 0.494763 3.833375 -4.376041 0.519493 4.057584 -4.376041 0.347372 3.888318 -4.376041 0.449964 3.834866 -4.486057 0.459818 3.834866 -4.440514 0.459818 4.242788 -4.486057 0.263260 4.242788 -4.440514 0.263260 4.228580 -4.505715 0.243674 4.288963 -4.376041 0.212727 4.288963 -4.376041 0.212727 4.242788 -4.376041 0.263259 4.211541 -4.486057 0.220177 4.300617 -2.368343 0.223135 4.300617 -4.486057 0.223135 4.300617 -4.440514 0.223135 4.242789 -2.368343 0.263259 4.211541 -4.440514 0.220177 4.277309 -4.376041 0.202319 4.283161 -4.505693 0.207545 4.284682 -4.440514 0.208903 4.284682 -4.440514 0.208903 4.300616 -4.376041 0.223135 4.288964 -0.008316 0.212727 4.288964 -0.008316 0.212727 4.288964 -0.008316 0.212727 4.288964 -0.008316 0.212727 4.223848 -4.376041 0.237146 4.262165 -4.486057 0.188793 4.262165 -4.440514 0.188793 4.068089 4.469425 0.374089 3.893373 4.469425 0.484884 3.893373 4.423882 0.484884 4.068089 4.423882 0.374089 4.060666 4.489063 0.355208 3.889585 4.489083 0.458690 3.833829 4.359409 0.501407 3.833829 4.359409 0.501407 3.893373 4.359409 0.484885 4.068089 4.359409 0.374090 4.049610 4.469425 0.327085 3.885035 4.469425 0.427272 3.833376 -0.008316 0.519493 3.833377 4.469425 0.519492 3.833377 4.423882 0.519492 4.068088 -0.008316 0.374090 3.893373 -0.008316 0.484885 4.049610 4.423882 0.327085 3.885035 4.423882 0.427272 3.834280 4.359409 0.483321 3.834054 4.489062 0.492402 3.833994 4.423882 0.494762 3.833994 4.423882 0.494762 3.833377 4.359409 0.519493 3.833828 -0.008316 0.501407 3.833828 -0.008316 0.501407 3.833828 -0.008316 0.501407 3.833828 -0.008316 0.501407 4.057585 4.359409 0.347372 3.888319 4.359409 0.449964 3.834280 -0.008316 0.483321 3.834280 -0.008316 0.483321 3.834867 4.469425 0.459817 3.834867 4.423882 0.459817 4.242790 4.469425 0.263259 4.242790 4.423882 0.263259 4.228581 4.489083 0.243674 4.223849 -0.008316 0.237146 4.223849 -0.008316 0.237146 4.288965 4.359409 0.212727 4.288965 4.359409 0.212727 4.242790 4.359409 0.263259 4.211543 4.469425 0.220177 4.300617 -0.008316 0.223135 4.300618 4.469425 0.223134 4.300618 4.423882 0.223134 4.242789 -0.008316 0.263259 4.211543 4.423882 0.220177 4.277311 4.359409 0.202319 4.283163 4.489062 0.207545 4.284683 4.423882 0.208903 4.284683 4.423882 0.208903 4.300617 4.359409 0.223134 4.223850 4.359409 0.237146 4.277310 -0.008316 0.202319 4.277310 -0.008316 0.202319 4.262166 4.469425 0.188792 4.262166 4.423882 0.188792 4.146237 4.463027 -0.057215 3.815714 4.463027 0.279374 3.815714 4.463027 0.279374 4.146236 -4.479335 -0.057214 4.146236 -4.479335 -0.057214 3.815713 -4.479335 0.279375 3.815713 -4.479335 0.279375 3.845762 4.463027 0.248775 3.875809 4.463027 0.218176 3.905857 4.463027 0.187577 3.935905 4.463027 0.156978 3.965952 4.463027 0.126379 3.995999 4.463027 0.095780 4.026047 4.463027 0.065181 4.056095 4.463027 0.034582 4.086143 4.463027 0.003983 4.116189 4.463027 -0.026616 3.845760 -4.479335 0.248776 3.875808 -4.479335 0.218177 3.905855 -4.479335 0.187578 3.935903 -4.479335 0.156979 3.965950 -4.479335 0.126380 3.995998 -4.479335 0.095781 4.026046 -4.479335 0.065182 4.056093 -4.479335 0.034583 4.086141 -4.479335 0.003984 4.116188 -4.479335 -0.026615 4.006850 4.463029 -0.201539 3.794230 4.463028 0.246713 3.794230 4.463028 0.246713 4.006848 -4.479334 -0.201536 4.006848 -4.479334 -0.201536 3.794229 -4.479334 0.246716 3.794229 -4.479334 0.246716 3.820297 4.463029 0.216843 3.838952 4.463029 0.175005 3.857608 4.463029 0.133167 3.876263 4.463029 0.091329 3.894918 4.463029 0.049490 3.913573 4.463029 0.007652 3.932229 4.463029 -0.034186 3.950884 4.463029 -0.076025 3.969539 4.463029 -0.117863 3.988194 4.463029 -0.159701 3.820295 -4.479334 0.216846 3.838951 -4.479334 0.175008 3.857606 -4.479334 0.133170 3.876261 -4.479334 0.091332 3.894917 -4.479334 0.049494 3.913572 -4.479334 0.007655 3.932227 -4.479334 -0.034183 3.950882 -4.479334 -0.076021 3.969537 -4.479334 -0.117860 3.988193 -4.479334 -0.159698 4.239490 4.463027 0.162626 3.830644 4.463027 0.421945 3.830644 4.463027 0.421945 4.239488 -4.479336 0.162626 4.239488 -4.479336 0.162626 3.830642 -4.479336 0.421946 3.830642 -4.479336 0.421946 3.868259 4.463027 0.399510 3.905786 4.463027 0.376848 3.943222 4.463027 0.353957 3.980569 4.463027 0.330839 4.017826 4.463027 0.307492 4.054994 4.463027 0.283917 4.092072 4.463027 0.260115 4.129061 4.463027 0.236085 4.165960 4.463027 0.211826 4.202769 4.463027 0.187340 3.868258 -4.479336 0.399511 3.905784 -4.479336 0.376849 3.943221 -4.479336 0.353958 3.980568 -4.479336 0.330839 4.017825 -4.479336 0.307493 4.054993 -4.479336 0.283918 4.092071 -4.479336 0.260116 4.129060 -4.479336 0.236085 4.165958 -4.479336 0.211827 4.202767 -4.479336 0.187341 4.206381 4.463027 0.065202 3.828865 4.463027 0.355429 3.828865 4.463027 0.355429 4.206379 -4.479335 0.065203 4.206379 -4.479335 0.065203 3.828863 -4.479335 0.355430 3.828863 -4.479335 0.355430 3.863364 4.463027 0.329423 3.897827 4.463027 0.303340 3.932255 4.463027 0.277182 3.966646 4.463027 0.250949 4.001002 4.463027 0.224640 4.035322 4.463027 0.198256 4.069606 4.463027 0.171796 4.103853 4.463027 0.145261 4.138065 4.463027 0.118650 4.172241 4.463027 0.091964 3.863362 -4.479335 0.329423 3.897826 -4.479335 0.303341 3.932253 -4.479335 0.277183 3.966645 -4.479335 0.250950 4.001000 -4.479335 0.224641 4.035320 -4.479335 0.198257 4.069604 -4.479335 0.171797 4.103852 -4.479335 0.145262 4.138064 -4.479335 0.118651 4.172239 -4.479335 0.091965 3.758586 4.463030 -0.278130 3.663030 4.463030 0.290268 3.663030 4.463030 0.290268 3.758584 -4.479333 -0.278125 3.758584 -4.479333 -0.278125 3.663028 -4.479333 0.290273 3.663028 -4.479333 0.290273 3.671717 4.463030 0.238596 3.680404 4.463030 0.186923 3.689091 4.463030 0.135251 3.697778 4.463030 0.083578 3.706465 4.463030 0.031905 3.715152 4.463030 -0.019767 3.723838 4.463030 -0.071440 3.732525 4.463030 -0.123112 3.741212 4.463030 -0.174785 3.749899 4.463030 -0.226458 3.671715 -4.479333 0.238601 3.680402 -4.479333 0.186928 3.689089 -4.479333 0.135255 3.697776 -4.479333 0.083583 3.706463 -4.479333 0.031910 3.715150 -4.479333 -0.019762 3.723837 -4.479333 -0.071435 3.732524 -4.479333 -0.123108 3.741211 -4.479333 -0.174780 3.749898 -4.479333 -0.226453 3.442280 4.463029 -0.307793 3.462439 4.463030 0.273132 3.462439 4.463030 0.273132 3.442278 -4.479333 -0.307787 3.442278 -4.479333 -0.307787 3.462438 -4.479333 0.273138 3.462438 -4.479333 0.273138 3.460606 4.463030 0.220321 3.458774 4.463030 0.167510 3.456941 4.463029 0.114698 3.455108 4.463029 0.061887 3.453276 4.463029 0.009076 3.451443 4.463029 -0.043736 3.449610 4.463029 -0.096547 3.447778 4.463029 -0.149359 3.445945 4.463029 -0.202170 3.444112 4.463029 -0.254981 3.460605 -4.479333 0.220327 3.458772 -4.479333 0.167516 3.456940 -4.479333 0.114704 3.455107 -4.479333 0.061893 3.453274 -4.479333 0.009082 3.451442 -4.479333 -0.043730 3.449609 -4.479333 -0.096541 3.447776 -4.479333 -0.149353 3.445944 -4.479333 -0.202164 3.444111 -4.479333 -0.254975 "
											            />
											<TextureCoordinate point="-0.0077 1.0095 -0.0104 1.0117 -0.1381 1.0117 -0.1355 1.0095 -0.6725 1.0128 -0.2293 1.0128 -0.2293 1.0110 -0.6725 1.0110 -0.4941 1.0101 -0.4968 1.0122 -0.4459 1.0122 -0.4432 1.0101 -0.9854 1.0095 -0.9854 1.0338 -0.9821 1.0338 -0.9821 1.0095 0.6679 0.8684 0.3453 0.8684 0.3453 0.8539 0.6679 0.8539 0.3453 0.9956 0.6685 0.9956 0.6685 0.9586 0.3453 0.9586 -0.0126 1.0294 -0.0104 1.0316 -0.1355 1.0338 -0.1381 1.0316 -0.1401 1.0294 -0.0142 1.0272 -0.0126 1.0294 -0.1381 1.0316 -0.5003 1.0316 -0.4976 1.0338 -0.5364 1.0338 -0.5392 1.0316 -0.1381 1.0117 -0.1401 1.0139 -0.2179 1.0139 -0.2158 1.0117 -0.5026 1.0139 -0.5043 1.0161 -0.5432 1.0161 -0.5415 1.0139 -0.5432 1.0161 -0.5443 1.0184 -0.5832 1.0184 -0.5821 1.0161 -0.5054 1.0184 -0.5059 1.0206 -0.5449 1.0206 -0.5443 1.0184 -0.5059 1.0206 -0.5059 1.0228 -0.5449 1.0228 -0.5449 1.0206 -0.5059 1.0228 -0.5054 1.0250 -0.5443 1.0250 -0.5449 1.0228 -0.1427 1.0250 -0.1417 1.0272 -0.2179 1.0294 -0.2195 1.0272 -0.2205 1.0250 -0.1432 1.0228 -0.1427 1.0250 -0.2195 1.0272 -0.5432 1.0272 -0.5415 1.0294 -0.5804 1.0294 -0.5821 1.0272 -0.6725 1.0292 -0.2293 1.0292 -0.2293 1.0274 -0.6725 1.0274 -0.6725 1.0310 -0.2293 1.0310 -0.2293 1.0292 -0.6725 1.0292 -0.6725 1.0146 -0.2293 1.0146 -0.2293 1.0128 -0.6725 1.0128 -0.6725 1.0165 -0.2293 1.0165 -0.2293 1.0146 -0.6725 1.0146 -0.6725 1.0183 -0.2293 1.0183 -0.2293 1.0165 -0.6725 1.0165 -0.6725 1.0201 -0.2293 1.0201 -0.2293 1.0183 -0.6725 1.0183 -0.6725 1.0219 -0.2293 1.0219 -0.2293 1.0201 -0.6725 1.0201 -0.6725 1.0237 -0.2293 1.0237 -0.2293 1.0219 -0.6725 1.0219 -0.6725 1.0255 -0.2293 1.0255 -0.2293 1.0237 -0.6725 1.0237 -0.6725 1.0274 -0.2293 1.0274 -0.2293 1.0255 -0.6725 1.0255 -0.1372 1.0314 -0.0104 1.0314 -0.0126 1.0292 -0.1392 1.0292 -0.1372 1.0314 -0.0126 1.0292 -0.0142 1.0271 -0.3687 1.0314 -0.3660 1.0335 -0.2889 1.0335 -0.2915 1.0314 -0.1392 1.0144 -0.0126 1.0144 -0.0104 1.0122 -0.1372 1.0122 -0.5377 1.0144 -0.5393 1.0165 -0.5007 1.0165 -0.4990 1.0144 -0.5780 1.0165 -0.5791 1.0186 -0.5405 1.0186 -0.5393 1.0165 -0.5791 1.0186 -0.5797 1.0207 -0.5410 1.0207 -0.5405 1.0186 -0.5410 1.0207 -0.5410 1.0229 -0.5024 1.0229 -0.5024 1.0207 -0.5797 1.0229 -0.5791 1.0250 -0.5405 1.0250 -0.5410 1.0229 -0.5018 1.0250 -0.5007 1.0271 -0.4498 1.0271 -0.4508 1.0250 -0.1407 1.0271 -0.1392 1.0292 -0.0142 1.0271 0.6679 0.7157 0.3453 0.7157 0.3453 0.7149 0.6679 0.7149 0.6679 0.7166 0.3453 0.7166 0.3453 0.7157 0.6679 0.7157 -0.9880 1.0095 -0.9880 1.0338 -0.9854 1.0338 -0.9854 1.0095 -0.9900 1.0095 -0.9900 1.0338 -0.9880 1.0338 -0.9880 1.0095 -0.9913 1.0095 -0.9913 1.0338 -0.9900 1.0338 -0.9900 1.0095 -0.9920 1.0095 -0.9920 1.0338 -0.9913 1.0338 -0.9913 1.0095 -0.9251 1.0396 -0.9879 1.0396 -0.9879 1.0453 -0.9251 1.0453 0.6679 0.7140 0.3453 0.7140 0.3453 0.7138 0.6679 0.7138 0.6679 0.7144 0.3453 0.7144 0.3453 0.7140 0.6679 0.7140 0.6679 0.7149 0.3453 0.7149 0.3453 0.7144 0.6679 0.7144 -0.5392 1.0117 -0.5364 1.0095 -0.4976 1.0095 -0.5003 1.0117 -0.5326 1.0101 -0.5354 1.0122 -0.4968 1.0122 -0.4941 1.0101 0.3453 0.8429 0.6679 0.8429 0.6679 0.8539 0.3453 0.8539 0.6685 0.7138 0.3453 0.7138 0.3453 0.7149 0.6685 0.7149 -0.5781 1.0316 -0.5804 1.0294 -0.5415 1.0294 -0.5392 1.0316 -0.1381 1.0316 -0.1355 1.0338 -0.2132 1.0338 -0.2158 1.0316 -0.1401 1.0294 -0.1381 1.0316 -0.2132 1.0338 -0.6193 1.0139 -0.6170 1.0117 -0.5781 1.0117 -0.5804 1.0139 -0.1401 1.0139 -0.1417 1.0161 -0.2195 1.0161 -0.2179 1.0139 -0.0142 1.0161 -0.0153 1.0184 -0.1432 1.0206 -0.1427 1.0184 -0.1417 1.0161 -0.0126 1.0139 -0.0142 1.0161 -0.1427 1.0184 -0.1427 1.0184 -0.1432 1.0206 -0.2210 1.0228 -0.2210 1.0206 -0.2205 1.0184 -0.1417 1.0161 -0.1427 1.0184 -0.2210 1.0206 -0.2210 1.0206 -0.2210 1.0228 -0.2989 1.0228 -0.2989 1.0206 -0.2210 1.0228 -0.1432 1.0206 -0.1432 1.0228 -0.2205 1.0250 -0.6210 1.0272 -0.6221 1.0250 -0.5832 1.0250 -0.5821 1.0272 -0.2195 1.0272 -0.2179 1.0294 -0.2957 1.0294 -0.2973 1.0272 -0.5377 1.0292 -0.5354 1.0314 -0.4968 1.0314 -0.4990 1.0292 -0.5354 1.0314 -0.5326 1.0335 -0.4941 1.0335 -0.4968 1.0314 -0.6512 1.0122 -0.6535 1.0144 -0.6149 1.0144 -0.6126 1.0122 -0.2180 1.0165 -0.2164 1.0144 -0.2936 1.0144 -0.2952 1.0165 -0.0153 1.0186 -0.0142 1.0165 -0.1407 1.0165 -0.1417 1.0186 -0.1422 1.0207 -0.1417 1.0186 -0.2190 1.0186 -0.2195 1.0207 -0.0158 1.0229 -0.0158 1.0207 -0.1422 1.0207 -0.1422 1.0229 -0.2963 1.0250 -0.2968 1.0229 -0.3741 1.0229 -0.3736 1.0250 -0.6177 1.0250 -0.6166 1.0271 -0.5780 1.0271 -0.5791 1.0250 -0.5780 1.0271 -0.5763 1.0292 -0.5377 1.0292 -0.5393 1.0271 -0.6141 1.0338 -0.6170 1.0316 -0.5781 1.0316 -0.5753 1.0338 -0.6599 1.0161 -0.6582 1.0139 -0.6193 1.0139 -0.6210 1.0161 -0.5043 1.0161 -0.5054 1.0184 -0.5443 1.0184 -0.5432 1.0161 -0.6227 1.0206 -0.6221 1.0184 -0.5832 1.0184 -0.5838 1.0206 -0.5838 1.0228 -0.5838 1.0206 -0.5449 1.0206 -0.5449 1.0228 -0.5832 1.0250 -0.5838 1.0228 -0.5449 1.0228 -0.5443 1.0250 -0.5043 1.0272 -0.5026 1.0294 -0.5415 1.0294 -0.5432 1.0272 -0.5763 1.0144 -0.5780 1.0165 -0.5393 1.0165 -0.5377 1.0144 -0.5018 1.0186 -0.5007 1.0165 -0.5393 1.0165 -0.5405 1.0186 -0.5024 1.0207 -0.5018 1.0186 -0.5405 1.0186 -0.5410 1.0207 -0.5797 1.0207 -0.5797 1.0229 -0.5410 1.0229 -0.5410 1.0207 -0.5018 1.0250 -0.5024 1.0229 -0.5410 1.0229 -0.5405 1.0250 -0.5781 1.0117 -0.5753 1.0095 -0.5364 1.0095 -0.5392 1.0117 -0.7255 1.0101 -0.7284 1.0122 -0.6898 1.0122 -0.6869 1.0101 0.3453 0.8319 0.6679 0.8319 0.6679 0.8429 0.3453 0.8429 0.3453 0.8539 0.6685 0.8539 0.6685 0.8427 0.3453 0.8427 -0.5026 1.0294 -0.5003 1.0316 -0.5392 1.0316 -0.5415 1.0294 -0.5003 1.0117 -0.5026 1.0139 -0.5415 1.0139 -0.5392 1.0117 -0.5054 1.0250 -0.5043 1.0272 -0.5432 1.0272 -0.5443 1.0250 -0.6149 1.0292 -0.6126 1.0314 -0.5740 1.0314 -0.5763 1.0292 -0.8637 1.0314 -0.8607 1.0335 -0.8412 1.0335 -0.8442 1.0314 -0.4990 1.0144 -0.4968 1.0122 -0.5354 1.0122 -0.5377 1.0144 -0.5007 1.0271 -0.5018 1.0250 -0.5405 1.0250 -0.5393 1.0271 -0.4990 1.0292 -0.5007 1.0271 -0.5393 1.0271 -0.5377 1.0292 -0.7000 1.0184 -0.6988 1.0161 -0.6599 1.0161 -0.6611 1.0184 -0.6193 1.0294 -0.6210 1.0272 -0.5821 1.0272 -0.5804 1.0294 -0.6166 1.0165 -0.6177 1.0186 -0.5791 1.0186 -0.5780 1.0165 -0.7337 1.0186 -0.7342 1.0207 -0.6956 1.0207 -0.6950 1.0186 -0.7342 1.0229 -0.7337 1.0250 -0.6950 1.0250 -0.6956 1.0229 0.3453 0.8427 0.6685 0.8427 0.6685 0.8315 0.3453 0.8315 -0.6170 1.0316 -0.6193 1.0294 -0.5804 1.0294 -0.5781 1.0316 -0.5392 1.0117 -0.5415 1.0139 -0.5804 1.0139 -0.5781 1.0117 -0.5443 1.0250 -0.5432 1.0272 -0.5821 1.0272 -0.5832 1.0250 -0.5377 1.0144 -0.5354 1.0122 -0.5740 1.0122 -0.5763 1.0144 -0.5393 1.0271 -0.5405 1.0250 -0.5791 1.0250 -0.5780 1.0271 -0.6552 1.0271 -0.6535 1.0292 -0.6149 1.0292 -0.6166 1.0271 -0.5392 1.0316 -0.5364 1.0338 -0.5753 1.0338 -0.5781 1.0316 -0.5415 1.0139 -0.5432 1.0161 -0.5821 1.0161 -0.5804 1.0139 -0.5443 1.0184 -0.5449 1.0206 -0.5838 1.0206 -0.5832 1.0184 -0.6227 1.0228 -0.6227 1.0206 -0.5838 1.0206 -0.5838 1.0228 -0.8754 1.0250 -0.8760 1.0228 -0.8563 1.0228 -0.8556 1.0250 -0.6149 1.0144 -0.6166 1.0165 -0.5780 1.0165 -0.5763 1.0144 -0.6183 1.0207 -0.6183 1.0229 -0.5797 1.0229 -0.5797 1.0207 -0.6170 1.0117 -0.6141 1.0095 -0.5753 1.0095 -0.5781 1.0117 -0.5354 1.0122 -0.5326 1.0101 -0.5712 1.0101 -0.5740 1.0122 0.3453 0.8209 0.6679 0.8209 0.6679 0.8319 0.3453 0.8319 -0.5354 1.0314 -0.5377 1.0292 -0.5763 1.0292 -0.5740 1.0314 -0.5326 1.0335 -0.5354 1.0314 -0.5740 1.0314 -0.5712 1.0335 0.3453 0.8315 0.6685 0.8315 0.6685 0.8202 0.3453 0.8202 -0.7359 1.0139 -0.7336 1.0117 -0.6947 1.0117 -0.6971 1.0139 -0.6599 1.0272 -0.6611 1.0250 -0.6221 1.0250 -0.6210 1.0272 -0.5763 1.0144 -0.5740 1.0122 -0.6126 1.0122 -0.6149 1.0144 -0.6564 1.0250 -0.6552 1.0271 -0.6166 1.0271 -0.6177 1.0250 -0.7306 1.0338 -0.7336 1.0316 -0.6947 1.0316 -0.6918 1.0338 -0.5804 1.0139 -0.5821 1.0161 -0.6210 1.0161 -0.6193 1.0139 -0.7006 1.0206 -0.7000 1.0184 -0.6611 1.0184 -0.6616 1.0206 -0.5740 1.0122 -0.5712 1.0101 -0.6098 1.0101 -0.6126 1.0122 -0.6921 1.0292 -0.6898 1.0314 -0.6512 1.0314 -0.6535 1.0292 -0.5712 1.0335 -0.5740 1.0314 -0.6126 1.0314 -0.6098 1.0335 -0.5821 1.0161 -0.5832 1.0184 -0.6221 1.0184 -0.6210 1.0161 -0.7359 1.0294 -0.7377 1.0272 -0.6988 1.0272 -0.6971 1.0294 -0.6552 1.0165 -0.6564 1.0186 -0.6177 1.0186 -0.6166 1.0165 -0.5797 1.0207 -0.5791 1.0186 -0.6177 1.0186 -0.6183 1.0207 -0.5791 1.0250 -0.5797 1.0229 -0.6183 1.0229 -0.6177 1.0250 -0.6558 1.0316 -0.6582 1.0294 -0.6193 1.0294 -0.6170 1.0316 -0.5763 1.0292 -0.5780 1.0271 -0.6166 1.0271 -0.6149 1.0292 -0.7395 1.0228 -0.7395 1.0206 -0.7006 1.0206 -0.7006 1.0228 -0.5838 1.0228 -0.5832 1.0250 -0.6221 1.0250 -0.6227 1.0228 -0.6535 1.0144 -0.6552 1.0165 -0.6166 1.0165 -0.6149 1.0144 -0.6570 1.0207 -0.6570 1.0229 -0.6183 1.0229 -0.6183 1.0207 -0.6558 1.0117 -0.6529 1.0095 -0.6141 1.0095 -0.6170 1.0117 0.3453 0.7377 0.6679 0.7377 0.6679 0.7493 0.3453 0.7493 0.3453 0.8202 0.6685 0.8202 0.6685 0.8090 0.3453 0.8090 -0.7284 1.0122 -0.7307 1.0144 -0.6921 1.0144 -0.6898 1.0122 -0.7766 1.0161 -0.7748 1.0139 -0.7359 1.0139 -0.7377 1.0161 -0.6126 1.0122 -0.6098 1.0101 -0.6483 1.0101 -0.6512 1.0122 -0.6098 1.0335 -0.6126 1.0314 -0.6512 1.0314 -0.6483 1.0335 -0.6210 1.0161 -0.6221 1.0184 -0.6611 1.0184 -0.6599 1.0161 -0.6183 1.0207 -0.6177 1.0186 -0.6564 1.0186 -0.6570 1.0207 -0.6177 1.0250 -0.6183 1.0229 -0.6570 1.0229 -0.6564 1.0250 -0.6939 1.0271 -0.6921 1.0292 -0.6535 1.0292 -0.6552 1.0271 -0.6227 1.0228 -0.6221 1.0250 -0.6611 1.0250 -0.6616 1.0228 -0.6170 1.0117 -0.6193 1.0139 -0.6582 1.0139 -0.6558 1.0117 -0.9149 1.0272 -0.9161 1.0250 -0.8754 1.0250 -0.8742 1.0272 -0.9709 1.0250 -0.9696 1.0271 -0.9560 1.0271 -0.9573 1.0250 -0.6170 1.0316 -0.6141 1.0338 -0.6529 1.0338 -0.6558 1.0316 -0.6221 1.0184 -0.6227 1.0206 -0.6616 1.0206 -0.6611 1.0184 -0.6126 1.0314 -0.6149 1.0292 -0.6535 1.0292 -0.6512 1.0314 -0.6210 1.0272 -0.6193 1.0294 -0.6582 1.0294 -0.6599 1.0272 -0.6939 1.0165 -0.6950 1.0186 -0.6564 1.0186 -0.6552 1.0165 -0.6947 1.0316 -0.6971 1.0294 -0.6582 1.0294 -0.6558 1.0316 -0.6227 1.0206 -0.6227 1.0228 -0.6616 1.0228 -0.6616 1.0206 -0.7307 1.0144 -0.7325 1.0165 -0.6939 1.0165 -0.6921 1.0144 -0.6956 1.0207 -0.6956 1.0229 -0.6570 1.0229 -0.6570 1.0207 -0.6947 1.0117 -0.6918 1.0095 -0.6529 1.0095 -0.6558 1.0117 0.6679 0.8209 0.3453 0.8209 0.3453 0.8099 0.6679 0.8099 0.3453 0.8090 0.6685 0.8090 0.6685 0.7978 0.3453 0.7978 -0.6512 1.0122 -0.6483 1.0101 -0.6869 1.0101 -0.6898 1.0122 -0.6483 1.0335 -0.6512 1.0314 -0.6898 1.0314 -0.6869 1.0335 -0.7778 1.0184 -0.7766 1.0161 -0.7377 1.0161 -0.7389 1.0184 -0.6570 1.0207 -0.6564 1.0186 -0.6950 1.0186 -0.6956 1.0207 -0.6564 1.0250 -0.6570 1.0229 -0.6956 1.0229 -0.6950 1.0250 -0.6616 1.0228 -0.6611 1.0250 -0.7000 1.0250 -0.7006 1.0228 -0.6558 1.0117 -0.6582 1.0139 -0.6971 1.0139 -0.6947 1.0117 -0.6558 1.0316 -0.6529 1.0338 -0.6918 1.0338 -0.6947 1.0316 -0.8173 1.0206 -0.8167 1.0184 -0.7778 1.0184 -0.7784 1.0206 -0.8662 1.0292 -0.8637 1.0314 -0.8442 1.0314 -0.8466 1.0292 -0.6599 1.0272 -0.6582 1.0294 -0.6971 1.0294 -0.6988 1.0272 -0.6616 1.0206 -0.6616 1.0228 -0.7006 1.0228 -0.7006 1.0206 0.6679 0.8099 0.3453 0.8099 0.3453 0.7989 0.6679 0.7989 -0.6535 1.0144 -0.6512 1.0122 -0.6898 1.0122 -0.6921 1.0144 -0.6582 1.0139 -0.6599 1.0161 -0.6988 1.0161 -0.6971 1.0139 -0.7325 1.0271 -0.7307 1.0292 -0.6921 1.0292 -0.6939 1.0271 -0.6611 1.0250 -0.6599 1.0272 -0.6988 1.0272 -0.7000 1.0250 -0.6552 1.0271 -0.6564 1.0250 -0.6950 1.0250 -0.6939 1.0271 -0.7325 1.0165 -0.7337 1.0186 -0.6950 1.0186 -0.6939 1.0165 -0.7336 1.0316 -0.7359 1.0294 -0.6971 1.0294 -0.6947 1.0316 -0.6552 1.0165 -0.6535 1.0144 -0.6921 1.0144 -0.6939 1.0165 -0.7342 1.0207 -0.7342 1.0229 -0.6956 1.0229 -0.6956 1.0207 -0.7725 1.0117 -0.7695 1.0095 -0.7306 1.0095 -0.7336 1.0117 0.3453 0.7978 0.6685 0.7978 0.6685 0.7865 0.3453 0.7865 -0.7640 1.0101 -0.7670 1.0122 -0.7284 1.0122 -0.7255 1.0101 -0.6869 1.0335 -0.6898 1.0314 -0.7284 1.0314 -0.7255 1.0335 -0.7723 1.0186 -0.7729 1.0207 -0.7342 1.0207 -0.7337 1.0186 -0.8115 1.0229 -0.8109 1.0250 -0.7723 1.0250 -0.7729 1.0229 -0.7006 1.0228 -0.7000 1.0250 -0.7389 1.0250 -0.7395 1.0228 -0.8137 1.0139 -0.8113 1.0117 -0.7725 1.0117 -0.7748 1.0139 -0.8083 1.0338 -0.8113 1.0316 -0.7725 1.0316 -0.7695 1.0338 -0.8137 1.0294 -0.8155 1.0272 -0.7766 1.0272 -0.7748 1.0294 -0.7784 1.0228 -0.7784 1.0206 -0.7395 1.0206 -0.7395 1.0228 0.6679 0.7989 0.3453 0.7989 0.3453 0.7879 0.6679 0.7879 -0.9041 1.0122 -0.9065 1.0144 -0.8662 1.0144 -0.8637 1.0122 -0.6971 1.0139 -0.6988 1.0161 -0.7377 1.0161 -0.7359 1.0139 -0.7000 1.0250 -0.6988 1.0272 -0.7377 1.0272 -0.7389 1.0250 -0.6939 1.0271 -0.6950 1.0250 -0.7337 1.0250 -0.7325 1.0271 -0.8080 1.0144 -0.8098 1.0165 -0.7711 1.0165 -0.7694 1.0144 -0.6988 1.0161 -0.7000 1.0184 -0.7389 1.0184 -0.7377 1.0161 -0.7000 1.0184 -0.7006 1.0206 -0.7395 1.0206 -0.7389 1.0184 -0.6898 1.0314 -0.6921 1.0292 -0.7307 1.0292 -0.7284 1.0314 -0.7711 1.0271 -0.7694 1.0292 -0.7307 1.0292 -0.7325 1.0271 -0.7711 1.0165 -0.7723 1.0186 -0.7337 1.0186 -0.7325 1.0165 -0.7725 1.0316 -0.7748 1.0294 -0.7359 1.0294 -0.7336 1.0316 -0.7729 1.0207 -0.7729 1.0229 -0.7342 1.0229 -0.7342 1.0207 -0.6918 1.0095 -0.6947 1.0117 -0.7336 1.0117 -0.7306 1.0095 0.3453 0.7865 0.6685 0.7865 0.6685 0.7753 0.3453 0.7753 -0.7255 1.0335 -0.7284 1.0314 -0.7670 1.0314 -0.7640 1.0335 -0.7395 1.0228 -0.7389 1.0250 -0.7778 1.0250 -0.7784 1.0228 0.6679 0.7879 0.3453 0.7879 0.3453 0.7769 0.6679 0.7769 -0.9440 1.0161 -0.9421 1.0139 -0.9130 1.0139 -0.9149 1.0161 -0.7389 1.0250 -0.7377 1.0272 -0.7766 1.0272 -0.7778 1.0250 -0.7325 1.0271 -0.7337 1.0250 -0.7723 1.0250 -0.7711 1.0271 -0.8167 1.0184 -0.8155 1.0161 -0.7766 1.0161 -0.7778 1.0184 -0.7389 1.0184 -0.7395 1.0206 -0.7784 1.0206 -0.7778 1.0184 -0.7284 1.0314 -0.7307 1.0292 -0.7694 1.0292 -0.7670 1.0314 -0.8113 1.0117 -0.8083 1.0095 -0.7695 1.0095 -0.7725 1.0117 -0.9011 1.0101 -0.9041 1.0122 -0.8637 1.0122 -0.8607 1.0101 -0.8109 1.0186 -0.8115 1.0207 -0.7729 1.0207 -0.7723 1.0186 -0.7337 1.0250 -0.7342 1.0229 -0.7729 1.0229 -0.7723 1.0250 -0.7336 1.0117 -0.7359 1.0139 -0.7748 1.0139 -0.7725 1.0117 -0.7336 1.0316 -0.7306 1.0338 -0.7695 1.0338 -0.7725 1.0316 -0.7377 1.0272 -0.7359 1.0294 -0.7748 1.0294 -0.7766 1.0272 -0.8173 1.0228 -0.8173 1.0206 -0.7784 1.0206 -0.7784 1.0228 -0.7307 1.0144 -0.7284 1.0122 -0.7670 1.0122 -0.7694 1.0144 -0.7325 1.0165 -0.7307 1.0144 -0.7694 1.0144 -0.7711 1.0165 -0.8098 1.0271 -0.8080 1.0292 -0.7694 1.0292 -0.7711 1.0271 -0.8098 1.0165 -0.8109 1.0186 -0.7723 1.0186 -0.7711 1.0165 -0.8113 1.0316 -0.8137 1.0294 -0.7748 1.0294 -0.7725 1.0316 -0.8115 1.0207 -0.8115 1.0229 -0.7729 1.0229 -0.7729 1.0207 0.3453 0.7753 0.6685 0.7753 0.6685 0.7641 0.3453 0.7641 -0.7640 1.0335 -0.7670 1.0314 -0.8056 1.0314 -0.8026 1.0335 -0.7784 1.0228 -0.7778 1.0250 -0.8167 1.0250 -0.8173 1.0228 0.6679 0.7769 0.3453 0.7769 0.3453 0.7658 0.6679 0.7658 -0.7778 1.0250 -0.7766 1.0272 -0.8155 1.0272 -0.8167 1.0250 -0.7711 1.0271 -0.7723 1.0250 -0.8109 1.0250 -0.8098 1.0271 -0.8563 1.0206 -0.8556 1.0184 -0.8167 1.0184 -0.8173 1.0206 -0.7670 1.0314 -0.7694 1.0292 -0.8080 1.0292 -0.8056 1.0314 -0.8698 1.0229 -0.8692 1.0250 -0.8496 1.0250 -0.8502 1.0229 -0.8723 1.0139 -0.8699 1.0117 -0.8502 1.0117 -0.8526 1.0139 -0.8669 1.0338 -0.8699 1.0316 -0.8502 1.0316 -0.8472 1.0338 -0.8526 1.0294 -0.8544 1.0272 -0.8155 1.0272 -0.8137 1.0294 -0.7694 1.0144 -0.7670 1.0122 -0.8056 1.0122 -0.8080 1.0144 -0.9065 1.0144 -0.9084 1.0165 -0.8680 1.0165 -0.8662 1.0144 -0.7748 1.0139 -0.7766 1.0161 -0.8155 1.0161 -0.8137 1.0139 -0.8556 1.0184 -0.8544 1.0161 -0.8155 1.0161 -0.8167 1.0184 -0.8502 1.0117 -0.8472 1.0095 -0.8083 1.0095 -0.8113 1.0117 -0.7670 1.0122 -0.7640 1.0101 -0.8026 1.0101 -0.8056 1.0122 -0.9096 1.0186 -0.9102 1.0207 -0.8698 1.0207 -0.8692 1.0186 -0.9458 1.0228 -0.9458 1.0206 -0.9167 1.0206 -0.9167 1.0228 -0.9084 1.0271 -0.9065 1.0292 -0.8662 1.0292 -0.8680 1.0271 -0.9084 1.0165 -0.9096 1.0186 -0.8692 1.0186 -0.8680 1.0165 -0.9106 1.0316 -0.9130 1.0294 -0.8723 1.0294 -0.8699 1.0316 -0.8502 1.0207 -0.8502 1.0229 -0.8115 1.0229 -0.8115 1.0207 0.3453 0.7641 0.6685 0.7641 0.6685 0.7528 0.3453 0.7528 -0.8026 1.0335 -0.8056 1.0314 -0.8442 1.0314 -0.8412 1.0335 -0.8173 1.0228 -0.8167 1.0250 -0.8556 1.0250 -0.8563 1.0228 0.6679 0.7658 0.3453 0.7658 0.3453 0.7548 0.6679 0.7548 -0.8167 1.0250 -0.8155 1.0272 -0.8544 1.0272 -0.8556 1.0250 -0.8098 1.0271 -0.8109 1.0250 -0.8496 1.0250 -0.8484 1.0271 -0.8056 1.0314 -0.8080 1.0292 -0.8466 1.0292 -0.8442 1.0314 -0.8080 1.0144 -0.8056 1.0122 -0.8442 1.0122 -0.8466 1.0144 -0.8137 1.0139 -0.8155 1.0161 -0.8544 1.0161 -0.8526 1.0139 -0.8056 1.0122 -0.8026 1.0101 -0.8412 1.0101 -0.8442 1.0122 -0.9920 1.0206 -0.9913 1.0184 -0.9875 1.0184 -0.9881 1.0206 -0.8109 1.0250 -0.8115 1.0229 -0.8502 1.0229 -0.8496 1.0250 -0.8113 1.0117 -0.8137 1.0139 -0.8526 1.0139 -0.8502 1.0117 -0.8113 1.0316 -0.8083 1.0338 -0.8472 1.0338 -0.8502 1.0316 -0.9130 1.0294 -0.9149 1.0272 -0.8742 1.0272 -0.8723 1.0294 -0.8098 1.0165 -0.8080 1.0144 -0.8466 1.0144 -0.8484 1.0165 -0.9452 1.0184 -0.9440 1.0161 -0.9149 1.0161 -0.9161 1.0184 -0.9106 1.0117 -0.9075 1.0095 -0.8669 1.0095 -0.8699 1.0117 -0.8115 1.0207 -0.8109 1.0186 -0.8496 1.0186 -0.8502 1.0207 -0.8173 1.0206 -0.8173 1.0228 -0.8563 1.0228 -0.8563 1.0206 -0.8080 1.0292 -0.8098 1.0271 -0.8484 1.0271 -0.8466 1.0292 -0.8109 1.0186 -0.8098 1.0165 -0.8484 1.0165 -0.8496 1.0186 -0.8137 1.0294 -0.8113 1.0316 -0.8502 1.0316 -0.8526 1.0294 -0.8698 1.0207 -0.8698 1.0229 -0.8502 1.0229 -0.8502 1.0207 0.3453 0.7471 0.6685 0.7471 0.6685 0.7354 0.3453 0.7354 -0.9652 1.0314 -0.9621 1.0335 -0.9486 1.0335 -0.9517 1.0314 -0.9875 1.0250 -0.9881 1.0228 -0.9784 1.0228 -0.9778 1.0250 -0.8484 1.0271 -0.8496 1.0250 -0.8692 1.0250 -0.8680 1.0271 -0.9542 1.0292 -0.9517 1.0314 -0.9330 1.0314 -0.9354 1.0292 -0.8723 1.0139 -0.8742 1.0161 -0.9149 1.0161 -0.9130 1.0139 -0.9486 1.0101 -0.9517 1.0122 -0.9330 1.0122 -0.9299 1.0101 -0.9102 1.0229 -0.9096 1.0250 -0.8692 1.0250 -0.8698 1.0229 -0.9130 1.0139 -0.9106 1.0117 -0.8699 1.0117 -0.8723 1.0139 -0.9366 1.0338 -0.9396 1.0316 -0.9106 1.0316 -0.9075 1.0338 -0.8760 1.0206 -0.8760 1.0228 -0.9167 1.0228 -0.9167 1.0206 -0.9373 1.0165 -0.9385 1.0186 -0.9096 1.0186 -0.9084 1.0165 -0.9396 1.0316 -0.9421 1.0294 -0.9130 1.0294 -0.9106 1.0316 -0.8556 1.0184 -0.8563 1.0206 -0.8760 1.0206 -0.8754 1.0184 -0.8544 1.0272 -0.8526 1.0294 -0.8723 1.0294 -0.8742 1.0272 -0.8742 1.0161 -0.8754 1.0184 -0.9161 1.0184 -0.9149 1.0161 -0.9102 1.0207 -0.9102 1.0229 -0.8698 1.0229 -0.8698 1.0207 0.3453 0.7354 0.6685 0.7354 0.6685 0.7270 0.3453 0.7270 0.3453 0.7203 0.6679 0.7203 0.6679 0.7242 0.3453 0.7242 -0.9084 1.0271 -0.9096 1.0250 -0.9385 1.0250 -0.9373 1.0271 -0.9900 1.0161 -0.9880 1.0139 -0.9842 1.0139 -0.9862 1.0161 -0.9161 1.0184 -0.9167 1.0206 -0.9458 1.0206 -0.9452 1.0184 -0.9842 1.0294 -0.9862 1.0272 -0.9765 1.0272 -0.9747 1.0294 -0.8607 1.0335 -0.8637 1.0314 -0.9041 1.0314 -0.9011 1.0335 -0.9167 1.0228 -0.9161 1.0250 -0.9452 1.0250 -0.9458 1.0228 -0.9440 1.0272 -0.9452 1.0250 -0.9161 1.0250 -0.9149 1.0272 -0.9041 1.0314 -0.9065 1.0292 -0.9354 1.0292 -0.9330 1.0314 -0.9746 1.0122 -0.9772 1.0144 -0.9677 1.0144 -0.9652 1.0122 -0.9041 1.0122 -0.9011 1.0101 -0.9299 1.0101 -0.9330 1.0122 -0.9579 1.0229 -0.9573 1.0250 -0.9385 1.0250 -0.9391 1.0229 -0.9610 1.0139 -0.9585 1.0117 -0.9396 1.0117 -0.9421 1.0139 -0.9542 1.0144 -0.9560 1.0165 -0.9373 1.0165 -0.9354 1.0144 -0.9709 1.0186 -0.9715 1.0207 -0.9579 1.0207 -0.9573 1.0186 -0.9560 1.0271 -0.9542 1.0292 -0.9354 1.0292 -0.9373 1.0271 -0.9816 1.0316 -0.9842 1.0294 -0.9747 1.0294 -0.9721 1.0316 -0.9585 1.0117 -0.9554 1.0095 -0.9366 1.0095 -0.9396 1.0117 -0.9579 1.0207 -0.9579 1.0229 -0.9391 1.0229 -0.9391 1.0207 0.3453 0.7270 0.6685 0.7270 0.6685 0.7215 0.3453 0.7215 -0.9805 1.0250 -0.9792 1.0271 -0.9696 1.0271 -0.9709 1.0250 -0.9784 1.0228 -0.9784 1.0206 -0.9647 1.0206 -0.9647 1.0228 -0.9452 1.0184 -0.9458 1.0206 -0.9647 1.0206 -0.9641 1.0184 -0.9746 1.0314 -0.9714 1.0335 -0.9621 1.0335 -0.9652 1.0314 -0.9647 1.0228 -0.9641 1.0250 -0.9778 1.0250 -0.9784 1.0228 -0.9810 1.0292 -0.9784 1.0314 -0.9746 1.0314 -0.9772 1.0292 -0.9714 1.0101 -0.9746 1.0122 -0.9652 1.0122 -0.9621 1.0101 -0.9610 1.0139 -0.9629 1.0161 -0.9765 1.0161 -0.9747 1.0139 -0.9149 1.0272 -0.9130 1.0294 -0.9421 1.0294 -0.9440 1.0272 -0.9778 1.0184 -0.9765 1.0161 -0.9629 1.0161 -0.9641 1.0184 -0.9862 1.0272 -0.9875 1.0250 -0.9778 1.0250 -0.9765 1.0272 -0.9354 1.0144 -0.9330 1.0122 -0.9517 1.0122 -0.9542 1.0144 -0.9715 1.0229 -0.9709 1.0250 -0.9573 1.0250 -0.9579 1.0229 -0.9747 1.0139 -0.9721 1.0117 -0.9585 1.0117 -0.9610 1.0139 -0.9783 1.0338 -0.9816 1.0316 -0.9721 1.0316 -0.9690 1.0338 -0.9810 1.0144 -0.9830 1.0165 -0.9792 1.0165 -0.9772 1.0144 -0.9792 1.0271 -0.9772 1.0292 -0.9677 1.0292 -0.9696 1.0271 -0.9696 1.0165 -0.9709 1.0186 -0.9573 1.0186 -0.9560 1.0165 -0.9816 1.0117 -0.9783 1.0095 -0.9690 1.0095 -0.9721 1.0117 -0.9811 1.0207 -0.9811 1.0229 -0.9715 1.0229 -0.9715 1.0207 -0.4491 1.0117 -0.4463 1.0095 -0.3686 1.0095 -0.3713 1.0117 -0.0104 1.0122 -0.0077 1.0101 -0.1346 1.0101 -0.1372 1.0122 0.6679 0.9927 0.3453 0.9927 0.3453 0.9565 0.6679 0.9565 0.6685 0.8912 0.3453 0.8912 0.3453 0.9137 0.6685 0.9137 -0.2158 1.0316 -0.2179 1.0294 -0.1417 1.0272 -0.1401 1.0294 -0.0104 1.0117 -0.0126 1.0139 -0.1417 1.0161 -0.1401 1.0139 -0.1381 1.0117 -0.0104 1.0117 -0.1401 1.0139 -0.0153 1.0250 -0.0142 1.0272 -0.1401 1.0294 -0.1417 1.0272 -0.1427 1.0250 -0.0159 1.0228 -0.0153 1.0250 -0.1417 1.0272 -0.2936 1.0292 -0.2915 1.0314 -0.2144 1.0314 -0.2164 1.0292 -0.0077 1.0335 -0.0104 1.0314 -0.1372 1.0314 -0.1346 1.0335 -0.2144 1.0122 -0.2164 1.0144 -0.1392 1.0144 -0.1372 1.0122 -0.0142 1.0271 -0.0153 1.0250 -0.1417 1.0250 -0.1407 1.0271 -0.2952 1.0271 -0.2936 1.0292 -0.2164 1.0292 -0.2180 1.0271 -0.0104 1.0316 -0.0077 1.0338 -0.1355 1.0338 -0.2984 1.0184 -0.2973 1.0161 -0.2195 1.0161 -0.2205 1.0184 -0.0153 1.0184 -0.0159 1.0206 -0.1432 1.0228 -0.1432 1.0206 -0.0159 1.0206 -0.0159 1.0228 -0.1427 1.0250 -0.1432 1.0228 -0.0142 1.0165 -0.0126 1.0144 -0.1392 1.0144 -0.1407 1.0165 -0.2952 1.0165 -0.2963 1.0186 -0.2190 1.0186 -0.2180 1.0165 -0.0158 1.0207 -0.0153 1.0186 -0.1417 1.0186 -0.1422 1.0207 -0.2195 1.0207 -0.2195 1.0229 -0.1422 1.0229 -0.1422 1.0207 -0.0153 1.0250 -0.0158 1.0229 -0.1422 1.0229 -0.1417 1.0250 -0.1372 1.0122 -0.1346 1.0101 -0.2118 1.0101 -0.2144 1.0122 0.6679 0.9565 0.3453 0.9565 0.3453 0.9344 0.6679 0.9344 -0.2957 1.0139 -0.2936 1.0117 -0.2158 1.0117 -0.2179 1.0139 -0.3751 1.0272 -0.3762 1.0250 -0.2984 1.0250 -0.2973 1.0272 -0.1346 1.0335 -0.1372 1.0314 -0.2144 1.0314 -0.2118 1.0335 -0.1407 1.0271 -0.1417 1.0250 -0.2190 1.0250 -0.2180 1.0271 -0.3686 1.0338 -0.3713 1.0316 -0.2936 1.0316 -0.2909 1.0338 -0.2973 1.0161 -0.2957 1.0139 -0.2179 1.0139 -0.2195 1.0161 -0.2989 1.0206 -0.2984 1.0184 -0.2205 1.0184 -0.2210 1.0206 -0.5054 1.0250 -0.5059 1.0228 -0.4546 1.0228 -0.4540 1.0250 -0.1407 1.0165 -0.1392 1.0144 -0.2164 1.0144 -0.2180 1.0165 -0.5018 1.0186 -0.5024 1.0207 -0.4514 1.0207 -0.4508 1.0186 -0.1417 1.0250 -0.1422 1.0229 -0.2195 1.0229 -0.2190 1.0250 -0.1355 1.0095 -0.1381 1.0117 -0.2158 1.0117 -0.2132 1.0095 0.3453 0.9586 0.6685 0.9586 0.6685 0.9362 0.3453 0.9362 -0.2936 1.0316 -0.2957 1.0294 -0.2179 1.0294 -0.2158 1.0316 -0.1372 1.0314 -0.1392 1.0292 -0.2164 1.0292 -0.2144 1.0314 -0.2915 1.0122 -0.2936 1.0144 -0.2164 1.0144 -0.2144 1.0122 -0.1392 1.0292 -0.1407 1.0271 -0.2180 1.0271 -0.2164 1.0292 -0.2195 1.0161 -0.1417 1.0161 -0.2205 1.0184 -0.1417 1.0186 -0.1407 1.0165 -0.2180 1.0165 -0.2190 1.0186 -0.2968 1.0207 -0.2968 1.0229 -0.2195 1.0229 -0.2195 1.0207 -0.2144 1.0122 -0.2118 1.0101 -0.2889 1.0101 -0.2915 1.0122 0.6679 0.9344 0.3453 0.9344 0.3453 0.9124 0.6679 0.9124 -0.2118 1.0335 -0.2144 1.0314 -0.2915 1.0314 -0.2889 1.0335 -0.2180 1.0271 -0.2190 1.0250 -0.2963 1.0250 -0.2952 1.0271 -0.4546 1.0228 -0.4546 1.0206 -0.3767 1.0206 -0.3767 1.0228 -0.4513 1.0294 -0.4529 1.0272 -0.3751 1.0272 -0.3735 1.0294 -0.3709 1.0144 -0.3725 1.0165 -0.2952 1.0165 -0.2936 1.0144 -0.2190 1.0250 -0.2195 1.0229 -0.2968 1.0229 -0.2963 1.0250 -0.2132 1.0095 -0.2158 1.0117 -0.2936 1.0117 -0.2909 1.0095 0.3453 0.9362 0.6685 0.9362 0.6685 0.9137 0.3453 0.9137 -0.4990 1.0292 -0.4968 1.0314 -0.4459 1.0314 -0.4481 1.0292 -0.5007 1.0271 -0.4990 1.0292 -0.4481 1.0292 -0.4498 1.0271 -0.3762 1.0184 -0.3751 1.0161 -0.2973 1.0161 -0.2984 1.0184 -0.3725 1.0165 -0.3736 1.0186 -0.2963 1.0186 -0.2952 1.0165 -0.4513 1.0139 -0.4491 1.0117 -0.3713 1.0117 -0.3735 1.0139 -0.2205 1.0250 -0.2195 1.0272 -0.2973 1.0272 -0.2984 1.0250 -0.2158 1.0316 -0.2132 1.0338 -0.2909 1.0338 -0.2936 1.0316 -0.3751 1.0161 -0.3735 1.0139 -0.2957 1.0139 -0.2973 1.0161 -0.3767 1.0206 -0.3762 1.0184 -0.2984 1.0184 -0.2989 1.0206 -0.2210 1.0228 -0.2205 1.0250 -0.2984 1.0250 -0.2989 1.0228 -0.2195 1.0207 -0.2190 1.0186 -0.2963 1.0186 -0.2968 1.0207 -0.3713 1.0316 -0.3735 1.0294 -0.2957 1.0294 -0.2936 1.0316 -0.3687 1.0122 -0.3709 1.0144 -0.2936 1.0144 -0.2915 1.0122 -0.3741 1.0207 -0.3741 1.0229 -0.2968 1.0229 -0.2968 1.0207 -0.2915 1.0122 -0.2889 1.0101 -0.3660 1.0101 -0.3687 1.0122 0.6679 0.9124 0.3453 0.9124 0.3453 0.8904 0.6679 0.8904 -0.4459 1.0314 -0.4432 1.0335 -0.3660 1.0335 -0.3687 1.0314 -0.2952 1.0271 -0.2963 1.0250 -0.3736 1.0250 -0.3725 1.0271 -0.4514 1.0229 -0.4508 1.0250 -0.3736 1.0250 -0.3741 1.0229 -0.2909 1.0095 -0.2936 1.0117 -0.3713 1.0117 -0.3686 1.0095 0.6685 0.8688 0.3453 0.8688 0.3453 0.8912 0.6685 0.8912 -0.4529 1.0272 -0.4540 1.0250 -0.3762 1.0250 -0.3751 1.0272 -0.4976 1.0338 -0.5003 1.0316 -0.4491 1.0316 -0.4463 1.0338 -0.2989 1.0228 -0.2984 1.0250 -0.3762 1.0250 -0.3767 1.0228 -0.2968 1.0207 -0.2963 1.0186 -0.3736 1.0186 -0.3741 1.0207 -0.2989 1.0206 -0.2989 1.0228 -0.3767 1.0228 -0.3767 1.0206 -0.2973 1.0272 -0.2957 1.0294 -0.3735 1.0294 -0.3751 1.0272 -0.4990 1.0144 -0.5007 1.0165 -0.4498 1.0165 -0.4481 1.0144 -0.2915 1.0314 -0.2936 1.0292 -0.3709 1.0292 -0.3687 1.0314 -0.2936 1.0292 -0.2952 1.0271 -0.3725 1.0271 -0.3709 1.0292 -0.4540 1.0184 -0.4529 1.0161 -0.3751 1.0161 -0.3762 1.0184 -0.4498 1.0165 -0.4508 1.0186 -0.3736 1.0186 -0.3725 1.0165 -0.2936 1.0117 -0.2957 1.0139 -0.3735 1.0139 -0.3713 1.0117 -0.5043 1.0161 -0.5026 1.0139 -0.4513 1.0139 -0.4529 1.0161 -0.4546 1.0206 -0.4540 1.0184 -0.3762 1.0184 -0.3767 1.0206 -0.4491 1.0316 -0.4513 1.0294 -0.3735 1.0294 -0.3713 1.0316 -0.4459 1.0122 -0.4481 1.0144 -0.3709 1.0144 -0.3687 1.0122 -0.4514 1.0207 -0.4514 1.0229 -0.3741 1.0229 -0.3741 1.0207 -0.3687 1.0122 -0.3660 1.0101 -0.4432 1.0101 -0.4459 1.0122 0.6679 0.8904 0.3453 0.8904 0.3453 0.8684 0.6679 0.8684 -0.3725 1.0271 -0.3736 1.0250 -0.4508 1.0250 -0.4498 1.0271 -0.5003 1.0117 -0.4976 1.0095 -0.4463 1.0095 -0.4491 1.0117 -0.3767 1.0228 -0.3762 1.0250 -0.4540 1.0250 -0.4546 1.0228 -0.3741 1.0207 -0.3736 1.0186 -0.4508 1.0186 -0.4514 1.0207 -0.5059 1.0228 -0.5059 1.0206 -0.4546 1.0206 -0.4546 1.0228 -0.5026 1.0294 -0.5043 1.0272 -0.4529 1.0272 -0.4513 1.0294 -0.3687 1.0314 -0.3709 1.0292 -0.4481 1.0292 -0.4459 1.0314 -0.3709 1.0292 -0.3725 1.0271 -0.4498 1.0271 -0.4481 1.0292 -0.5026 1.0139 -0.5003 1.0117 -0.4491 1.0117 -0.4513 1.0139 -0.4968 1.0314 -0.4941 1.0335 -0.4432 1.0335 -0.4459 1.0314 -0.5024 1.0229 -0.5018 1.0250 -0.4508 1.0250 -0.4514 1.0229 0.6685 0.8539 0.3453 0.8539 0.3453 0.8688 0.6685 0.8688 -0.5043 1.0272 -0.5054 1.0250 -0.4540 1.0250 -0.4529 1.0272 -0.3713 1.0316 -0.3686 1.0338 -0.4463 1.0338 -0.4491 1.0316 -0.3725 1.0165 -0.3709 1.0144 -0.4481 1.0144 -0.4498 1.0165 -0.5054 1.0184 -0.5043 1.0161 -0.4529 1.0161 -0.4540 1.0184 -0.5007 1.0165 -0.5018 1.0186 -0.4508 1.0186 -0.4498 1.0165 -0.3735 1.0139 -0.3751 1.0161 -0.4529 1.0161 -0.4513 1.0139 -0.5059 1.0206 -0.5054 1.0184 -0.4540 1.0184 -0.4546 1.0206 -0.5003 1.0316 -0.5026 1.0294 -0.4513 1.0294 -0.4491 1.0316 -0.4968 1.0122 -0.4990 1.0144 -0.4481 1.0144 -0.4459 1.0122 -0.5024 1.0207 -0.5024 1.0229 -0.4514 1.0229 -0.4514 1.0207 -0.9837 1.0149 -0.9838 1.0103 -0.9835 1.0106 -0.9833 1.0149 -0.9838 1.0103 -0.9830 1.0095 -0.9829 1.0103 -0.9835 1.0106 -0.9747 1.0288 -0.9718 1.0289 -0.9716 1.0226 -0.9746 1.0226 -0.9867 1.0289 -0.9821 1.0289 -0.9823 1.0226 -0.9870 1.0226 -0.9767 1.0226 -0.9767 1.0289 -0.9747 1.0288 -0.9746 1.0226 -0.9728 1.0332 -0.9684 1.0335 -0.9676 1.0290 -0.9718 1.0289 -0.9718 1.0289 -0.9676 1.0290 -0.9674 1.0225 -0.9716 1.0226 -0.9817 1.0329 -0.9793 1.0327 -0.9790 1.0289 -0.9821 1.0289 -0.9790 1.0289 -0.9793 1.0327 -0.9774 1.0330 -0.9767 1.0289 -0.9793 1.0327 -0.9817 1.0329 -0.9816 1.0338 -0.9774 1.0330 -0.9791 1.0226 -0.9790 1.0289 -0.9767 1.0289 -0.9767 1.0226 -0.9860 1.0331 -0.9817 1.0329 -0.9821 1.0289 -0.9867 1.0289 -0.9756 1.0329 -0.9728 1.0332 -0.9718 1.0289 -0.9747 1.0288 -0.9817 1.0329 -0.9860 1.0331 -0.9861 1.0336 -0.9816 1.0338 -0.9674 1.0225 -0.9676 1.0290 -0.9624 1.0291 -0.9623 1.0225 -0.9732 1.0340 -0.9686 1.0341 -0.9684 1.0335 -0.9728 1.0332 -0.9918 1.0290 -0.9911 1.0333 -0.9860 1.0331 -0.9867 1.0289 -0.9676 1.0290 -0.9684 1.0335 -0.9631 1.0338 -0.9624 1.0291 -0.9922 1.0226 -0.9918 1.0290 -0.9867 1.0289 -0.9870 1.0226 -0.9684 1.0335 -0.9686 1.0341 -0.9631 1.0344 -0.9631 1.0338 -0.9821 1.0289 -0.9790 1.0289 -0.9791 1.0226 -0.9823 1.0226 -0.9861 1.0336 -0.9860 1.0331 -0.9911 1.0333 -0.9910 1.0338 -0.9767 1.0289 -0.9774 1.0330 -0.9756 1.0329 -0.9747 1.0288 -0.9774 1.0330 -0.9732 1.0340 -0.9728 1.0332 -0.9756 1.0329 -0.9748 1.0163 -0.9746 1.0226 -0.9716 1.0226 -0.9720 1.0163 -0.9869 1.0162 -0.9870 1.0226 -0.9823 1.0226 -0.9822 1.0162 -0.9767 1.0226 -0.9746 1.0226 -0.9748 1.0163 -0.9768 1.0163 -0.9728 1.0121 -0.9720 1.0163 -0.9678 1.0161 -0.9686 1.0118 -0.9720 1.0163 -0.9716 1.0226 -0.9674 1.0225 -0.9678 1.0161 -0.9817 1.0122 -0.9822 1.0162 -0.9791 1.0162 -0.9792 1.0124 -0.9791 1.0162 -0.9768 1.0163 -0.9773 1.0121 -0.9792 1.0124 -0.9792 1.0124 -0.9773 1.0121 -0.9815 1.0112 -0.9817 1.0122 -0.9791 1.0226 -0.9767 1.0226 -0.9768 1.0163 -0.9791 1.0162 -0.9861 1.0119 -0.9869 1.0162 -0.9822 1.0162 -0.9817 1.0122 -0.9755 1.0123 -0.9748 1.0163 -0.9720 1.0163 -0.9728 1.0121 -0.9817 1.0122 -0.9815 1.0112 -0.9861 1.0113 -0.9861 1.0119 -0.9674 1.0225 -0.9623 1.0225 -0.9628 1.0160 -0.9678 1.0161 -0.9731 1.0113 -0.9728 1.0121 -0.9686 1.0118 -0.9687 1.0113 -0.9921 1.0161 -0.9869 1.0162 -0.9861 1.0119 -0.9915 1.0116 -0.9678 1.0161 -0.9628 1.0160 -0.9635 1.0116 -0.9686 1.0118 -0.9922 1.0226 -0.9870 1.0226 -0.9869 1.0162 -0.9921 1.0161 -0.9686 1.0118 -0.9635 1.0116 -0.9636 1.0111 -0.9687 1.0113 -0.9822 1.0162 -0.9823 1.0226 -0.9791 1.0226 -0.9791 1.0162 -0.9861 1.0113 -0.9915 1.0110 -0.9915 1.0116 -0.9861 1.0119 -0.9768 1.0163 -0.9748 1.0163 -0.9755 1.0123 -0.9773 1.0121 -0.9773 1.0121 -0.9755 1.0123 -0.9728 1.0121 -0.9731 1.0113 -0.9833 1.0286 -0.9833 1.0218 -0.9827 1.0218 -0.9827 1.0287 -0.9857 1.0287 -0.9858 1.0218 -0.9848 1.0218 -0.9848 1.0287 -0.9837 1.0218 -0.9833 1.0218 -0.9833 1.0286 -0.9837 1.0287 -0.9829 1.0334 -0.9827 1.0287 -0.9819 1.0288 -0.9820 1.0337 -0.9827 1.0287 -0.9827 1.0218 -0.9818 1.0217 -0.9819 1.0288 -0.9847 1.0330 -0.9848 1.0287 -0.9842 1.0287 -0.9842 1.0329 -0.9842 1.0287 -0.9837 1.0287 -0.9839 1.0332 -0.9842 1.0329 -0.9842 1.0329 -0.9839 1.0332 -0.9847 1.0340 -0.9847 1.0330 -0.9842 1.0218 -0.9837 1.0218 -0.9837 1.0287 -0.9842 1.0287 -0.9856 1.0333 -0.9857 1.0287 -0.9848 1.0287 -0.9847 1.0330 -0.9835 1.0331 -0.9833 1.0286 -0.9827 1.0287 -0.9829 1.0334 -0.9847 1.0330 -0.9847 1.0340 -0.9856 1.0339 -0.9856 1.0333 -0.9818 1.0217 -0.9808 1.0217 -0.9808 1.0289 -0.9819 1.0288 -0.9830 1.0342 -0.9829 1.0334 -0.9820 1.0337 -0.9821 1.0344 -0.9867 1.0288 -0.9857 1.0287 -0.9856 1.0333 -0.9866 1.0335 -0.9819 1.0288 -0.9808 1.0289 -0.9810 1.0340 -0.9820 1.0337 -0.9868 1.0218 -0.9858 1.0218 -0.9857 1.0287 -0.9867 1.0288 -0.9820 1.0337 -0.9810 1.0340 -0.9810 1.0347 -0.9821 1.0344 -0.9848 1.0287 -0.9848 1.0218 -0.9842 1.0218 -0.9842 1.0287 -0.9856 1.0339 -0.9866 1.0340 -0.9866 1.0335 -0.9856 1.0333 -0.9837 1.0287 -0.9833 1.0286 -0.9835 1.0331 -0.9839 1.0332 -0.9839 1.0332 -0.9835 1.0331 -0.9829 1.0334 -0.9830 1.0342 -0.9833 1.0149 -0.9828 1.0149 -0.9827 1.0218 -0.9833 1.0218 -0.9857 1.0148 -0.9848 1.0148 -0.9848 1.0218 -0.9858 1.0218 -0.9837 1.0218 -0.9837 1.0149 -0.9833 1.0149 -0.9833 1.0218 -0.9829 1.0103 -0.9821 1.0100 -0.9819 1.0148 -0.9828 1.0149 -0.9828 1.0149 -0.9819 1.0148 -0.9818 1.0217 -0.9827 1.0218 -0.9847 1.0104 -0.9842 1.0106 -0.9842 1.0148 -0.9848 1.0148 -0.9842 1.0148 -0.9842 1.0106 -0.9838 1.0103 -0.9837 1.0149 -0.9842 1.0106 -0.9847 1.0104 -0.9847 1.0094 -0.9838 1.0103 -0.9842 1.0218 -0.9842 1.0148 -0.9837 1.0149 -0.9837 1.0218 -0.9856 1.0101 -0.9847 1.0104 -0.9848 1.0148 -0.9857 1.0148 -0.9835 1.0106 -0.9829 1.0103 -0.9828 1.0149 -0.9833 1.0149 -0.9847 1.0104 -0.9856 1.0101 -0.9856 1.0094 -0.9847 1.0094 -0.9818 1.0217 -0.9819 1.0148 -0.9809 1.0146 -0.9808 1.0217 -0.9830 1.0095 -0.9821 1.0095 -0.9821 1.0100 -0.9829 1.0103 -0.9868 1.0147 -0.9867 1.0098 -0.9856 1.0101 -0.9857 1.0148 -0.9819 1.0148 -0.9821 1.0100 -0.9811 1.0098 -0.9809 1.0146 -0.9868 1.0218 -0.9868 1.0147 -0.9857 1.0148 -0.9858 1.0218 -0.9821 1.0100 -0.9821 1.0095 -0.9811 1.0092 -0.9811 1.0098 -0.9848 1.0148 -0.9842 1.0148 -0.9842 1.0218 -0.9848 1.0218 -0.9856 1.0094 -0.9856 1.0101 -0.9867 1.0098 -0.9867 1.0091 0.3453 0.7215 0.6685 0.7215 0.6685 0.7176 0.3453 0.7176 -0.9641 1.0184 -0.9647 1.0206 -0.9784 1.0206 -0.9778 1.0184 -0.9913 1.0250 -0.9920 1.0228 -0.9881 1.0228 -0.9875 1.0250 0.3453 0.7177 0.6679 0.7177 0.6679 0.7203 0.3453 0.7203 -0.9843 1.0186 -0.9850 1.0207 -0.9811 1.0207 -0.9805 1.0186 -0.9920 1.0228 -0.9920 1.0206 -0.9881 1.0206 -0.9881 1.0228 -0.9517 1.0314 -0.9542 1.0292 -0.9677 1.0292 -0.9652 1.0314 -0.9875 1.0184 -0.9862 1.0161 -0.9765 1.0161 -0.9778 1.0184 -0.9811 1.0229 -0.9805 1.0250 -0.9709 1.0250 -0.9715 1.0229 -0.9842 1.0139 -0.9816 1.0117 -0.9721 1.0117 -0.9747 1.0139 -0.9821 1.0338 -0.9854 1.0316 -0.9816 1.0316 -0.9783 1.0338 -0.9560 1.0165 -0.9542 1.0144 -0.9677 1.0144 -0.9696 1.0165 -0.9542 1.0292 -0.9560 1.0271 -0.9696 1.0271 -0.9677 1.0292 -0.9792 1.0165 -0.9805 1.0186 -0.9709 1.0186 -0.9696 1.0165 -0.9011 1.0335 -0.9041 1.0314 -0.9330 1.0314 -0.9299 1.0335 -0.9629 1.0272 -0.9641 1.0250 -0.9452 1.0250 -0.9440 1.0272 -0.9690 1.0338 -0.9721 1.0316 -0.9585 1.0316 -0.9554 1.0338 -0.9084 1.0165 -0.9065 1.0144 -0.9354 1.0144 -0.9373 1.0165 -0.9560 1.0165 -0.9573 1.0186 -0.9385 1.0186 -0.9373 1.0165 -0.9075 1.0095 -0.9106 1.0117 -0.9396 1.0117 -0.9366 1.0095 -0.9102 1.0229 -0.9102 1.0207 -0.9391 1.0207 -0.9391 1.0229 -0.9458 1.0228 -0.9452 1.0250 -0.9641 1.0250 -0.9647 1.0228 0.6679 0.7377 0.3453 0.7377 0.3453 0.7295 0.6679 0.7295 -0.9421 1.0139 -0.9440 1.0161 -0.9629 1.0161 -0.9610 1.0139 -0.9747 1.0294 -0.9765 1.0272 -0.9629 1.0272 -0.9610 1.0294 -0.9391 1.0207 -0.9385 1.0186 -0.9573 1.0186 -0.9579 1.0207 -0.9585 1.0316 -0.9610 1.0294 -0.9421 1.0294 -0.9396 1.0316 -0.9373 1.0271 -0.9385 1.0250 -0.9573 1.0250 -0.9560 1.0271 -0.9299 1.0335 -0.9330 1.0314 -0.9517 1.0314 -0.9486 1.0335 -0.9721 1.0117 -0.9690 1.0095 -0.9554 1.0095 -0.9585 1.0117 -0.9715 1.0207 -0.9715 1.0229 -0.9579 1.0229 -0.9579 1.0207 0.6679 0.7295 0.3453 0.7295 0.3453 0.7242 0.6679 0.7242 -0.9458 1.0206 -0.9458 1.0228 -0.9647 1.0228 -0.9647 1.0206 -0.9621 1.0101 -0.9652 1.0122 -0.9517 1.0122 -0.9486 1.0101 -0.9440 1.0161 -0.9452 1.0184 -0.9641 1.0184 -0.9629 1.0161 -0.9765 1.0272 -0.9778 1.0250 -0.9641 1.0250 -0.9629 1.0272 -0.9396 1.0316 -0.9366 1.0338 -0.9554 1.0338 -0.9585 1.0316 -0.9440 1.0272 -0.9421 1.0294 -0.9610 1.0294 -0.9629 1.0272 -0.9652 1.0122 -0.9677 1.0144 -0.9542 1.0144 -0.9517 1.0122 -0.9721 1.0316 -0.9747 1.0294 -0.9610 1.0294 -0.9585 1.0316 -0.9065 1.0292 -0.9084 1.0271 -0.9373 1.0271 -0.9354 1.0292 -0.9065 1.0144 -0.9041 1.0122 -0.9330 1.0122 -0.9354 1.0144 -0.9096 1.0250 -0.9102 1.0229 -0.9391 1.0229 -0.9385 1.0250 -0.9106 1.0117 -0.9130 1.0139 -0.9421 1.0139 -0.9396 1.0117 -0.9102 1.0207 -0.9096 1.0186 -0.9385 1.0186 -0.9391 1.0207 0.3453 0.7176 0.6685 0.7176 0.6685 0.7149 0.3453 0.7149 -0.9778 1.0184 -0.9784 1.0206 -0.9881 1.0206 -0.9875 1.0184 -0.9747 1.0139 -0.9765 1.0161 -0.9862 1.0161 -0.9842 1.0139 -0.9880 1.0294 -0.9900 1.0272 -0.9862 1.0272 -0.9842 1.0294 -0.9784 1.0122 -0.9810 1.0144 -0.9772 1.0144 -0.9746 1.0122 -0.9854 1.0316 -0.9880 1.0294 -0.9842 1.0294 -0.9816 1.0316 -0.9843 1.0250 -0.9830 1.0271 -0.9792 1.0271 -0.9805 1.0250 -0.9652 1.0314 -0.9677 1.0292 -0.9772 1.0292 -0.9746 1.0314 -0.9751 1.0101 -0.9784 1.0122 -0.9746 1.0122 -0.9714 1.0101 -0.9900 1.0272 -0.9913 1.0250 -0.9875 1.0250 -0.9862 1.0272 -0.9696 1.0165 -0.9677 1.0144 -0.9772 1.0144 -0.9792 1.0165 -0.9830 1.0271 -0.9810 1.0292 -0.9772 1.0292 -0.9792 1.0271 -0.9854 1.0117 -0.9821 1.0095 -0.9783 1.0095 -0.9816 1.0117 0.3453 0.7166 0.6679 0.7166 0.6679 0.7177 0.3453 0.7177 -0.9715 1.0207 -0.9709 1.0186 -0.9805 1.0186 -0.9811 1.0207 -0.9784 1.0206 -0.9784 1.0228 -0.9881 1.0228 -0.9881 1.0206 -0.9784 1.0314 -0.9751 1.0335 -0.9714 1.0335 -0.9746 1.0314 -0.9913 1.0184 -0.9900 1.0161 -0.9862 1.0161 -0.9875 1.0184 -0.9850 1.0229 -0.9843 1.0250 -0.9805 1.0250 -0.9811 1.0229 -0.9880 1.0139 -0.9854 1.0117 -0.9816 1.0117 -0.9842 1.0139 -0.9830 1.0165 -0.9843 1.0186 -0.9805 1.0186 -0.9792 1.0165 -0.9850 1.0207 -0.9850 1.0229 -0.9811 1.0229 -0.9811 1.0207 -0.8699 1.0316 -0.8669 1.0338 -0.9075 1.0338 -0.9106 1.0316 -0.8680 1.0271 -0.8692 1.0250 -0.9096 1.0250 -0.9084 1.0271 -0.8754 1.0184 -0.8760 1.0206 -0.9167 1.0206 -0.9161 1.0184 -0.8760 1.0228 -0.8754 1.0250 -0.9161 1.0250 -0.9167 1.0228 -0.8637 1.0314 -0.8662 1.0292 -0.9065 1.0292 -0.9041 1.0314 -0.8556 1.0250 -0.8544 1.0272 -0.8742 1.0272 -0.8754 1.0250 -0.8466 1.0144 -0.8442 1.0122 -0.8637 1.0122 -0.8662 1.0144 -0.8442 1.0122 -0.8412 1.0101 -0.8607 1.0101 -0.8637 1.0122 -0.8484 1.0165 -0.8466 1.0144 -0.8662 1.0144 -0.8680 1.0165 -0.8502 1.0207 -0.8496 1.0186 -0.8692 1.0186 -0.8698 1.0207 -0.8466 1.0292 -0.8484 1.0271 -0.8680 1.0271 -0.8662 1.0292 -0.8496 1.0186 -0.8484 1.0165 -0.8680 1.0165 -0.8692 1.0186 -0.8526 1.0294 -0.8502 1.0316 -0.8699 1.0316 -0.8723 1.0294 -0.8472 1.0095 -0.8502 1.0117 -0.8699 1.0117 -0.8669 1.0095 0.3453 0.7528 0.6685 0.7528 0.6685 0.7471 0.3453 0.7471 0.6679 0.7548 0.3453 0.7548 0.3453 0.7493 0.6679 0.7493 -0.8526 1.0139 -0.8544 1.0161 -0.8742 1.0161 -0.8723 1.0139 -0.8563 1.0206 -0.8563 1.0228 -0.8760 1.0228 -0.8760 1.0206 -0.8544 1.0161 -0.8556 1.0184 -0.8754 1.0184 -0.8742 1.0161 " />
										</IndexedFaceSet>
									</Shape>
								</Group>
							</Transform>
						</Transform>
						<Transform DEF="paper003_TRANSFORM"
						           translation="-0.105862 0.000000 -0.007182"
						           scale="1.000000 1.000000 1.000000"
						           rotation="0.000000 0.000000 -0.000000 0.000000"
						           >
							<Transform DEF="paper003_ifs_TRANSFORM"
							           translation="-0.000002 0.000000 -0.000000"
							           scale="1.000000 1.000000 1.000000"
							           rotation="0.000000 0.000000 -0.000000 0.000000"
							           >
								<Group DEF="group_ME_paper_000">
									<Shape>
										<Appearance USE='app'>
											<Material USE="MA_Max_MaterialID_0" />
										</Appearance>
										<IndexedFaceSet solid="false"
										                creaseAngle="0.0"
										                texCoordIndex="0 1 2 3 -1 4 5 6 7 -1 8 9 10 11 -1 12 13 14 15 -1 16 17 18 19 -1 20 21 22 23 -1 24 25 26 27 -1 28 29 30 31 -1 32 33 34 35 -1 36 37 38 39 -1 40 41 42 43 -1 44 45 46 47 -1 48 49 50 51 -1 52 53 54 55 -1 56 57 58 59 -1 60 61 62 63 -1 64 65 66 67 -1 68 69 70 71 -1 72 73 74 75 -1 76 77 78 79 -1 80 81 82 83 -1 84 85 86 87 -1 88 89 90 91 -1 92 93 94 95 -1 96 97 98 99 -1 100 101 102 103 -1 104 105 106 107 -1 108 109 110 111 -1 112 113 114 -1 115 116 117 118 -1 119 120 121 122 -1 123 124 125 126 -1 127 128 129 130 -1 131 132 133 134 -1 135 136 137 138 -1 139 140 141 142 -1 143 144 145 146 -1 147 148 149 150 -1 151 152 153 -1 154 155 156 157 -1 158 159 160 161 -1 162 163 164 165 -1 166 167 168 169 -1 170 171 172 173 -1 174 175 176 177 -1 178 179 180 181 -1 182 183 184 185 -1 186 187 188 189 -1 190 191 192 193 -1 194 195 196 197 -1 198 199 200 201 -1 202 203 204 205 -1 206 207 208 209 -1 210 211 212 213 -1 214 215 216 -1 217 218 219 220 -1 221 222 223 224 -1 225 226 227 228 -1 229 230 231 232 -1 233 234 235 236 -1 237 238 239 240 -1 241 242 243 244 -1 245 246 247 248 -1 249 250 251 252 -1 253 254 255 256 -1 257 258 259 260 -1 261 262 263 264 -1 265 266 267 268 -1 269 270 271 272 -1 273 274 275 276 -1 277 278 279 280 -1 281 282 283 284 -1 285 286 287 288 -1 289 290 291 292 -1 293 294 295 296 -1 297 298 299 300 -1 301 302 303 304 -1 305 306 307 308 -1 309 310 311 312 -1 313 314 315 316 -1 317 318 319 320 -1 321 322 323 324 -1 325 326 327 328 -1 329 330 331 332 -1 333 334 335 336 -1 337 338 339 340 -1 341 342 343 344 -1 345 346 347 348 -1 349 350 351 352 -1 353 354 355 356 -1 357 358 359 360 -1 361 362 363 364 -1 365 366 367 368 -1 369 370 371 372 -1 373 374 375 376 -1 377 378 379 380 -1 381 382 383 384 -1 385 386 387 388 -1 389 390 391 392 -1 393 394 395 396 -1 397 398 399 400 -1 401 402 403 404 -1 405 406 407 408 -1 409 410 411 412 -1 413 414 415 416 -1 417 418 419 420 -1 421 422 423 424 -1 425 426 427 428 -1 429 430 431 432 -1 433 434 435 436 -1 437 438 439 440 -1 441 442 443 444 -1 445 446 447 448 -1 449 450 451 452 -1 453 454 455 456 -1 457 458 459 460 -1 461 462 463 464 -1 465 466 467 468 -1 469 470 471 472 -1 473 474 475 476 -1 477 478 479 480 -1 481 482 483 484 -1 485 486 487 488 -1 489 490 491 492 -1 493 494 495 496 -1 497 498 499 500 -1 501 502 503 504 -1 505 506 507 508 -1 509 510 511 512 -1 513 514 515 516 -1 517 518 519 520 -1 521 522 523 524 -1 525 526 527 528 -1 529 530 531 532 -1 533 534 535 536 -1 537 538 539 540 -1 541 542 543 544 -1 545 546 547 548 -1 549 550 551 552 -1 553 554 555 556 -1 557 558 559 560 -1 561 562 563 564 -1 565 566 567 568 -1 569 570 571 572 -1 573 574 575 576 -1 577 578 579 580 -1 581 582 583 584 -1 585 586 587 588 -1 589 590 591 592 -1 593 594 595 596 -1 597 598 599 600 -1 601 602 603 604 -1 605 606 607 608 -1 609 610 611 612 -1 613 614 615 616 -1 617 618 619 620 -1 621 622 623 624 -1 625 626 627 628 -1 629 630 631 632 -1 633 634 635 636 -1 637 638 639 640 -1 641 642 643 644 -1 645 646 647 648 -1 649 650 651 652 -1 653 654 655 656 -1 657 658 659 660 -1 661 662 663 664 -1 665 666 667 668 -1 669 670 671 672 -1 673 674 675 676 -1 677 678 679 680 -1 681 682 683 684 -1 685 686 687 688 -1 689 690 691 692 -1 693 694 695 696 -1 697 698 699 700 -1 701 702 703 704 -1 705 706 707 708 -1 709 710 711 712 -1 713 714 715 716 -1 717 718 719 720 -1 721 722 723 724 -1 725 726 727 728 -1 729 730 731 732 -1 733 734 735 736 -1 737 738 739 740 -1 741 742 743 744 -1 745 746 747 748 -1 749 750 751 752 -1 753 754 755 756 -1 757 758 759 760 -1 761 762 763 764 -1 765 766 767 768 -1 769 770 771 772 -1 773 774 775 776 -1 777 778 779 780 -1 781 782 783 784 -1 785 786 787 788 -1 789 790 791 792 -1 793 794 795 796 -1 797 798 799 800 -1 801 802 803 804 -1 805 806 807 808 -1 809 810 811 812 -1 813 814 815 816 -1 817 818 819 820 -1 821 822 823 824 -1 825 826 827 828 -1 829 830 831 832 -1 833 834 835 836 -1 837 838 839 840 -1 841 842 843 844 -1 845 846 847 848 -1 849 850 851 852 -1 853 854 855 856 -1 857 858 859 860 -1 861 862 863 864 -1 865 866 867 868 -1 869 870 871 872 -1 873 874 875 876 -1 877 878 879 880 -1 881 882 883 884 -1 885 886 887 888 -1 889 890 891 892 -1 893 894 895 896 -1 897 898 899 900 -1 901 902 903 904 -1 905 906 907 908 -1 909 910 911 912 -1 913 914 915 916 -1 917 918 919 920 -1 921 922 923 924 -1 925 926 927 928 -1 929 930 931 932 -1 933 934 935 936 -1 937 938 939 940 -1 941 942 943 944 -1 945 946 947 948 -1 949 950 951 952 -1 953 954 955 956 -1 957 958 959 960 -1 961 962 963 964 -1 965 966 967 968 -1 969 970 971 972 -1 973 974 975 976 -1 977 978 979 980 -1 981 982 983 984 -1 985 986 987 988 -1 989 990 991 992 -1 993 994 995 996 -1 997 998 999 1000 -1 1001 1002 1003 1004 -1 1005 1006 1007 1008 -1 1009 1010 1011 1012 -1 1013 1014 1015 1016 -1 1017 1018 1019 1020 -1 1021 1022 1023 1024 -1 1025 1026 1027 1028 -1 1029 1030 1031 1032 -1 1033 1034 1035 1036 -1 1037 1038 1039 1040 -1 1041 1042 1043 1044 -1 1045 1046 1047 1048 -1 1049 1050 1051 1052 -1 1053 1054 1055 1056 -1 1057 1058 1059 1060 -1 1061 1062 1063 1064 -1 1065 1066 1067 1068 -1 1069 1070 1071 1072 -1 1073 1074 1075 1076 -1 1077 1078 1079 1080 -1 1081 1082 1083 1084 -1 1085 1086 1087 1088 -1 1089 1090 1091 1092 -1 1093 1094 1095 1096 -1 1097 1098 1099 1100 -1 1101 1102 1103 1104 -1 1105 1106 1107 1108 -1 1109 1110 1111 1112 -1 1113 1114 1115 1116 -1 1117 1118 1119 1120 -1 1121 1122 1123 1124 -1 1125 1126 1127 1128 -1 1129 1130 1131 1132 -1 1133 1134 1135 1136 -1 1137 1138 1139 1140 -1 1141 1142 1143 1144 -1 1145 1146 1147 1148 -1 1149 1150 1151 1152 -1 1153 1154 1155 1156 -1 1157 1158 1159 1160 -1 1161 1162 1163 1164 -1 1165 1166 1167 1168 -1 1169 1170 1171 1172 -1 1173 1174 1175 1176 -1 1177 1178 1179 1180 -1 1181 1182 1183 1184 -1 1185 1186 1187 1188 -1 1189 1190 1191 1192 -1 1193 1194 1195 1196 -1 1197 1198 1199 1200 -1 1201 1202 1203 1204 -1 1205 1206 1207 1208 -1 1209 1210 1211 1212 -1 1213 1214 1215 1216 -1 1217 1218 1219 1220 -1 1221 1222 1223 1224 -1 1225 1226 1227 1228 -1 1229 1230 1231 1232 -1 1233 1234 1235 1236 -1 1237 1238 1239 1240 -1 1241 1242 1243 1244 -1 1245 1246 1247 1248 -1 1249 1250 1251 1252 -1 1253 1254 1255 1256 -1 1257 1258 1259 1260 -1 1261 1262 1263 1264 -1 1265 1266 1267 1268 -1 1269 1270 1271 1272 -1 1273 1274 1275 1276 -1 1277 1278 1279 1280 -1 1281 1282 1283 1284 -1 1285 1286 1287 1288 -1 1289 1290 1291 1292 -1 1293 1294 1295 1296 -1 1297 1298 1299 1300 -1 1301 1302 1303 1304 -1 1305 1306 1307 1308 -1 1309 1310 1311 1312 -1 1313 1314 1315 1316 -1 1317 1318 1319 1320 -1 1321 1322 1323 1324 -1 1325 1326 1327 1328 -1 1329 1330 1331 1332 -1 1333 1334 1335 1336 -1 1337 1338 1339 1340 -1 1341 1342 1343 1344 -1 1345 1346 1347 1348 -1 1349 1350 1351 1352 -1 1353 1354 1355 1356 -1 1357 1358 1359 1360 -1 1361 1362 1363 1364 -1 1365 1366 1367 1368 -1 1369 1370 1371 1372 -1 1373 1374 1375 1376 -1 1377 1378 1379 1380 -1 1381 1382 1383 1384 -1 1385 1386 1387 1388 -1 1389 1390 1391 1392 -1 1393 1394 1395 1396 -1 1397 1398 1399 1400 -1 1401 1402 1403 1404 -1 1405 1406 1407 1408 -1 1409 1410 1411 1412 -1 1413 1414 1415 1416 -1 1417 1418 1419 1420 -1 1421 1422 1423 1424 -1 1425 1426 1427 1428 -1 1429 1430 1431 1432 -1 1433 1434 1435 1436 -1 1437 1438 1439 1440 -1 1441 1442 1443 1444 -1 1445 1446 1447 1448 -1 1449 1450 1451 1452 -1 1453 1454 1455 1456 -1 1457 1458 1459 1460 -1 1461 1462 1463 1464 -1 1465 1466 1467 1468 -1 1469 1470 1471 1472 -1 1473 1474 1475 1476 -1 1477 1478 1479 -1 1480 1481 1482 1483 -1 1484 1485 1486 1487 -1 1488 1489 1490 1491 -1 1492 1493 1494 1495 -1 1496 1497 1498 1499 -1 1500 1501 1502 1503 -1 1504 1505 1506 1507 -1 1508 1509 1510 -1 1511 1512 1513 1514 -1 1515 1516 1517 1518 -1 1519 1520 1521 1522 -1 1523 1524 1525 1526 -1 1527 1528 1529 1530 -1 1531 1532 1533 1534 -1 1535 1536 1537 1538 -1 1539 1540 1541 1542 -1 1543 1544 1545 1546 -1 1547 1548 1549 1550 -1 1551 1552 1553 1554 -1 1555 1556 1557 1558 -1 1559 1560 1561 1562 -1 1563 1564 1565 1566 -1 1567 1568 1569 1570 -1 1571 1572 1573 1574 -1 1575 1576 1577 1578 -1 1579 1580 1581 1582 -1 1583 1584 1585 1586 -1 1587 1588 1589 1590 -1 1591 1592 1593 1594 -1 1595 1596 1597 1598 -1 1599 1600 1601 1602 -1 1603 1604 1605 1606 -1 1607 1608 1609 1610 -1 1611 1612 1613 1614 -1 1615 1616 1617 1618 -1 1619 1620 1621 -1 1622 1623 1624 1625 -1 1626 1627 1628 1629 -1 1630 1631 1632 1633 -1 1634 1635 1636 1637 -1 1638 1639 1640 1641 -1 1642 1643 1644 1645 -1 1646 1647 1648 1649 -1 1650 1651 1652 1653 -1 1654 1655 1656 1657 -1 1658 1659 1660 1661 -1 1662 1663 1664 1665 -1 1666 1667 1668 1669 -1 1670 1671 1672 1673 -1 1674 1675 1676 1677 -1 1678 1679 1680 1681 -1 1682 1683 1684 1685 -1 1686 1687 1688 1689 -1 1690 1691 1692 1693 -1 1694 1695 1696 1697 -1 1698 1699 1700 1701 -1 1702 1703 1704 1705 -1 1706 1707 1708 1709 -1 1710 1711 1712 1713 -1 1714 1715 1716 1717 -1 1718 1719 1720 1721 -1 1722 1723 1724 1725 -1 1726 1727 1728 1729 -1 1730 1731 1732 1733 -1 1734 1735 1736 1737 -1 1738 1739 1740 1741 -1 1742 1743 1744 1745 -1 1746 1747 1748 1749 -1 1750 1751 1752 1753 -1 1754 1755 1756 1757 -1 1758 1759 1760 1761 -1 1762 1763 1764 1765 -1 1766 1767 1768 1769 -1 1770 1771 1772 1773 -1 1774 1775 1776 1777 -1 1778 1779 1780 1781 -1 1782 1783 1784 1785 -1 1786 1787 1788 1789 -1 1790 1791 1792 1793 -1 1794 1795 1796 1797 -1 1798 1799 1800 1801 -1 1802 1803 1804 1805 -1 1806 1807 1808 1809 -1 1810 1811 1812 1813 -1 1814 1815 1816 1817 -1 1818 1819 1820 1821 -1 1822 1823 1824 1825 -1 1826 1827 1828 1829 -1 1830 1831 1832 1833 -1 1834 1835 1836 1837 -1 1838 1839 1840 1841 -1 1842 1843 1844 1845 -1 1846 1847 1848 1849 -1 1850 1851 1852 1853 -1 1854 1855 1856 1857 -1 1858 1859 1860 1861 -1 1862 1863 1864 1865 -1 1866 1867 1868 1869 -1 1870 1871 1872 1873 -1 1874 1875 1876 1877 -1 1878 1879 1880 1881 -1 1882 1883 1884 1885 -1 1886 1887 1888 1889 -1 1890 1891 1892 1893 -1 1894 1895 1896 1897 -1 1898 1899 1900 1901 -1 1902 1903 1904 1905 -1 1906 1907 1908 1909 -1 1910 1911 1912 1913 -1 1914 1915 1916 1917 -1 1918 1919 1920 1921 -1 1922 1923 1924 1925 -1 1926 1927 1928 1929 -1 1930 1931 1932 1933 -1 1934 1935 1936 1937 -1 1938 1939 1940 1941 -1 1942 1943 1944 1945 -1 1946 1947 1948 1949 -1 1950 1951 1952 1953 -1 1954 1955 1956 1957 -1 1958 1959 1960 1961 -1 1962 1963 1964 1965 -1 1966 1967 1968 1969 -1 1970 1971 1972 1973 -1 1974 1975 1976 1977 -1 1978 1979 1980 1981 -1 1982 1983 1984 1985 -1 1986 1987 1988 1989 -1 1990 1991 1992 1993 -1 1994 1995 1996 1997 -1 1998 1999 2000 2001 -1 2002 2003 2004 2005 -1 2006 2007 2008 2009 -1 2010 2011 2012 2013 -1 2014 2015 2016 2017 -1 2018 2019 2020 2021 -1 2022 2023 2024 2025 -1 2026 2027 2028 2029 -1 2030 2031 2032 2033 -1 2034 2035 2036 2037 -1 2038 2039 2040 2041 -1 2042 2043 2044 2045 -1 2046 2047 2048 2049 -1 2050 2051 2052 2053 -1 2054 2055 2056 2057 -1 2058 2059 2060 2061 -1 2062 2063 2064 2065 -1 2066 2067 2068 2069 -1 2070 2071 2072 2073 -1 2074 2075 2076 2077 -1 2078 2079 2080 2081 -1 2082 2083 2084 2085 -1 2086 2087 2088 2089 -1 2090 2091 2092 2093 -1 2094 2095 2096 2097 -1 2098 2099 2100 2101 -1 2102 2103 2104 2105 -1 2106 2107 2108 2109 -1 2110 2111 2112 2113 -1 2114 2115 2116 2117 -1 2118 2119 2120 2121 -1 2122 2123 2124 2125 -1 2126 2127 2128 2129 -1 2130 2131 2132 2133 -1 2134 2135 2136 2137 -1 2138 2139 2140 2141 -1 2142 2143 2144 2145 -1 2146 2147 2148 2149 -1 2150 2151 2152 2153 -1 2154 2155 2156 2157 -1 2158 2159 2160 2161 -1 2162 2163 2164 2165 -1 2166 2167 2168 2169 -1 2170 2171 2172 2173 -1 2174 2175 2176 2177 -1 2178 2179 2180 2181 -1 2182 2183 2184 2185 -1 2186 2187 2188 2189 -1 2190 2191 2192 2193 -1 2194 2195 2196 2197 -1 2198 2199 2200 2201 -1 2202 2203 2204 2205 -1 2206 2207 2208 2209 -1 2210 2211 2212 2213 -1 2214 2215 2216 2217 -1 2218 2219 2220 2221 -1 2222 2223 2224 2225 -1 2226 2227 2228 2229 -1 2230 2231 2232 2233 -1 2234 2235 2236 2237 -1 2238 2239 2240 2241 -1 2242 2243 2244 2245 -1 2246 2247 2248 2249 -1 2250 2251 2252 2253 -1 2254 2255 2256 2257 -1 2258 2259 2260 2261 -1 2262 2263 2264 2265 -1 2266 2267 2268 2269 -1 2270 2271 2272 2273 -1 2274 2275 2276 2277 -1 2278 2279 2280 2281 -1 2282 2283 2284 2285 -1 2286 2287 2288 2289 -1 2290 2291 2292 2293 -1 2294 2295 2296 2297 -1 2298 2299 2300 2301 -1 2302 2303 2304 2305 -1 2306 2307 2308 2309 -1 2310 2311 2312 2313 -1 2314 2315 2316 2317 -1 2318 2319 2320 2321 -1 2322 2323 2324 2325 -1 2326 2327 2328 2329 -1 2330 2331 2332 2333 -1 2334 2335 2336 2337 -1 2338 2339 2340 2341 -1 2342 2343 2344 2345 -1 2346 2347 2348 2349 -1 2350 2351 2352 2353 -1 2354 2355 2356 2357 -1 2358 2359 2360 2361 -1 2362 2363 2364 2365 -1 2366 2367 2368 2369 -1 2370 2371 2372 2373 -1 2374 2375 2376 2377 -1 2378 2379 2380 2381 -1 2382 2383 2384 2385 -1 2386 2387 2388 2389 -1 2390 2391 2392 2393 -1 2394 2395 2396 2397 -1 2398 2399 2400 2401 -1 2402 2403 2404 2405 -1 2406 2407 2408 2409 -1 2410 2411 2412 2413 -1 2414 2415 2416 2417 -1 2418 2419 2420 2421 -1 2422 2423 2424 2425 -1 2426 2427 2428 2429 -1 2430 2431 2432 2433 -1 2434 2435 2436 2437 -1 2438 2439 2440 2441 -1 2442 2443 2444 2445 -1 2446 2447 2448 2449 -1 2450 2451 2452 2453 -1 2454 2455 2456 2457 -1 2458 2459 2460 2461 -1 2462 2463 2464 2465 -1 2466 2467 2468 2469 -1 2470 2471 2472 2473 -1 2474 2475 2476 2477 -1 2478 2479 2480 2481 -1 2482 2483 2484 2485 -1 2486 2487 2488 2489 -1 2490 2491 2492 2493 -1 2494 2495 2496 2497 -1 2498 2499 2500 2501 -1 2502 2503 2504 2505 -1 2506 2507 2508 2509 -1 2510 2511 2512 2513 -1 2514 2515 2516 2517 -1 2518 2519 2520 2521 -1 2522 2523 2524 2525 -1 2526 2527 2528 2529 -1 2530 2531 2532 2533 -1 2534 2535 2536 2537 -1 2538 2539 2540 2541 -1 2542 2543 2544 2545 -1 2546 2547 2548 2549 -1 2550 2551 2552 2553 -1 2554 2555 2556 2557 -1 2558 2559 2560 2561 -1 2562 2563 2564 2565 -1 2566 2567 2568 2569 -1 2570 2571 2572 2573 -1 2574 2575 2576 2577 -1 2578 2579 2580 2581 -1 2582 2583 2584 2585 -1 2586 2587 2588 2589 -1 2590 2591 2592 2593 -1 2594 2595 2596 2597 -1 2598 2599 2600 2601 -1 2602 2603 2604 2605 -1 2606 2607 2608 2609 -1 2610 2611 2612 2613 -1 2614 2615 2616 2617 -1 2618 2619 2620 2621 -1 2622 2623 2624 2625 -1 2626 2627 2628 2629 -1 2630 2631 2632 2633 -1 2634 2635 2636 2637 -1 2638 2639 2640 2641 -1 2642 2643 2644 2645 -1 2646 2647 2648 2649 -1 2650 2651 2652 2653 -1 2654 2655 2656 2657 -1 2658 2659 2660 2661 -1 2662 2663 2664 2665 -1 2666 2667 2668 2669 -1 2670 2671 2672 2673 -1 2674 2675 2676 2677 -1 2678 2679 2680 2681 -1 2682 2683 2684 2685 -1 2686 2687 2688 2689 -1 2690 2691 2692 2693 -1 2694 2695 2696 2697 -1 2698 2699 2700 2701 -1 2702 2703 2704 2705 -1 2706 2707 2708 2709 -1 2710 2711 2712 2713 -1 2714 2715 2716 2717 -1 2718 2719 2720 2721 -1 2722 2723 2724 2725 -1 2726 2727 2728 2729 -1 2730 2731 2732 2733 -1 2734 2735 2736 2737 -1 2738 2739 2740 2741 -1 2742 2743 2744 2745 -1 2746 2747 2748 2749 -1 "
										                coordIndex="5 59 470 454 -1 80 60 4 11 -1 107 129 588 566 -1 40 102 16 0 -1 564 568 109 105 -1 10 3 454 457 -1 43 41 456 461 -1 462 45 43 461 -1 110 104 131 137 -1 470 469 496 497 -1 118 117 144 145 -1 144 143 170 171 -1 116 115 142 143 -1 115 114 141 142 -1 114 113 140 141 -1 464 463 489 490 -1 491 465 464 490 -1 139 138 165 166 -1 62 42 44 64 -1 14 8 42 62 -1 78 58 60 80 -1 76 56 58 78 -1 74 54 56 76 -1 72 52 54 74 -1 70 50 52 72 -1 68 48 50 70 -1 66 46 48 68 -1 64 44 46 66 -1 471 61 63 -1 472 471 63 65 -1 552 541 514 525 -1 479 77 79 480 -1 155 154 127 128 -1 181 180 153 154 -1 180 179 152 153 -1 152 151 124 125 -1 178 177 150 151 -1 123 122 581 582 -1 473 472 65 -1 20 82 84 22 -1 1 18 82 20 -1 38 100 102 40 -1 36 98 100 38 -1 34 96 98 36 -1 32 94 96 34 -1 29 91 93 31 -1 26 88 90 28 -1 24 86 88 26 -1 22 84 86 24 -1 146 130 103 119 -1 133 156 129 107 -1 136 132 105 109 -1 0 16 761 757 -1 164 165 138 137 -1 461 456 482 -1 488 462 461 482 -1 199 200 173 172 -1 469 468 495 496 -1 55 53 466 467 -1 468 57 55 467 -1 467 466 492 493 -1 494 468 467 493 -1 493 492 519 520 -1 492 466 465 491 -1 193 194 167 166 -1 490 489 516 517 -1 148 147 120 121 -1 147 135 108 120 -1 237 236 209 210 -1 505 506 533 532 -1 73 75 478 477 -1 476 477 504 503 -1 69 71 476 475 -1 528 529 556 555 -1 204 203 176 177 -1 176 175 148 149 -1 186 191 164 159 -1 225 226 199 198 -1 117 116 143 144 -1 196 197 170 169 -1 168 169 142 141 -1 167 168 141 140 -1 112 111 138 139 -1 182 181 154 155 -1 126 127 154 153 -1 125 126 153 152 -1 179 178 151 152 -1 123 124 151 150 -1 173 157 130 146 -1 269 291 264 242 -1 163 158 132 136 -1 106 103 130 134 -1 111 110 137 138 -1 119 118 145 146 -1 113 112 139 140 -1 202 201 174 175 -1 828 817 352 363 -1 128 129 156 155 -1 122 123 150 149 -1 121 122 149 148 -1 251 252 225 224 -1 192 193 166 165 -1 208 207 180 181 -1 288 287 260 261 -1 286 285 258 259 -1 134 130 157 161 -1 191 192 165 164 -1 146 145 172 173 -1 140 139 166 167 -1 155 156 183 182 -1 149 150 177 176 -1 230 229 202 203 -1 137 131 159 164 -1 145 144 171 172 -1 143 142 169 170 -1 195 196 169 168 -1 821 822 357 356 -1 209 208 181 182 -1 206 205 178 179 -1 200 184 157 173 -1 156 133 160 183 -1 189 185 158 163 -1 147 148 175 174 -1 135 147 174 162 -1 161 157 184 188 -1 280 281 254 253 -1 220 221 194 193 -1 182 183 210 209 -1 231 230 203 204 -1 266 272 245 240 -1 172 171 198 199 -1 250 251 224 223 -1 183 160 187 210 -1 256 255 228 229 -1 162 174 201 190 -1 171 170 197 198 -1 273 274 247 246 -1 235 234 207 208 -1 179 180 207 206 -1 177 178 205 204 -1 218 219 192 191 -1 175 176 203 202 -1 276 277 250 249 -1 168 167 194 195 -1 236 235 208 209 -1 233 232 205 206 -1 227 211 184 200 -1 790 786 375 379 -1 188 184 211 215 -1 291 290 263 264 -1 306 307 280 279 -1 210 187 214 237 -1 190 201 228 217 -1 198 197 224 225 -1 206 207 234 233 -1 204 205 232 231 -1 257 256 229 230 -1 195 194 221 222 -1 200 199 226 227 -1 382 383 821 820 -1 447 446 749 750 -1 191 186 213 218 -1 197 196 223 224 -1 201 202 229 228 -1 193 192 219 220 -1 262 261 234 235 -1 245 246 219 218 -1 196 195 222 223 -1 290 289 262 263 -1 260 259 232 233 -1 254 238 211 227 -1 185 189 216 212 -1 215 211 238 241 -1 237 214 242 264 -1 217 228 255 244 -1 305 306 279 278 -1 233 234 261 260 -1 231 232 259 258 -1 222 221 248 249 -1 227 226 253 254 -1 218 213 240 245 -1 331 332 305 304 -1 829 828 363 364 -1 220 219 246 247 -1 223 222 249 250 -1 212 216 243 239 -1 236 237 264 263 -1 226 225 252 253 -1 284 283 256 257 -1 221 220 247 248 -1 230 231 258 257 -1 289 288 261 262 -1 272 273 246 245 -1 235 236 263 262 -1 287 286 259 260 -1 308 292 265 281 -1 241 238 265 268 -1 295 318 291 269 -1 244 255 282 271 -1 315 314 287 288 -1 340 339 312 313 -1 249 248 275 276 -1 334 335 308 307 -1 320 326 299 294 -1 327 328 301 300 -1 303 304 277 276 -1 239 243 270 267 -1 399 398 836 837 -1 253 252 279 280 -1 248 247 274 275 -1 257 258 285 284 -1 344 343 316 317 -1 252 251 278 279 -1 251 250 277 278 -1 255 256 283 282 -1 311 310 283 284 -1 316 315 288 289 -1 299 300 273 272 -1 314 313 286 287 -1 238 254 281 265 -1 268 265 292 296 -1 271 282 309 298 -1 276 275 302 303 -1 267 270 297 293 -1 414 415 799 798 -1 275 274 301 302 -1 284 285 312 311 -1 332 333 306 305 -1 278 277 304 305 -1 282 283 310 309 -1 335 319 292 308 -1 376 399 837 815 -1 342 341 314 315 -1 285 286 313 312 -1 281 280 307 308 -1 272 266 294 299 -1 274 273 300 301 -1 330 331 304 303 -1 290 291 318 317 -1 289 290 317 316 -1 338 337 310 311 -1 343 342 315 316 -1 326 327 300 299 -1 341 340 313 314 -1 296 292 319 323 -1 298 309 336 325 -1 303 302 329 330 -1 293 297 324 321 -1 302 301 328 329 -1 311 312 339 338 -1 358 359 332 331 -1 309 310 337 336 -1 832 831 366 367 -1 826 827 362 361 -1 813 818 353 348 -1 354 355 328 327 -1 317 318 345 344 -1 398 397 835 836 -1 307 306 333 334 -1 359 360 333 332 -1 362 346 319 335 -1 318 295 322 345 -1 396 395 833 834 -1 741 742 412 411 -1 392 391 829 830 -1 397 396 834 835 -1 380 381 819 818 -1 368 367 340 341 -1 323 319 346 349 -1 325 336 363 352 -1 330 329 356 357 -1 321 324 351 347 -1 329 328 355 356 -1 338 339 366 365 -1 336 337 364 363 -1 344 345 372 371 -1 334 333 360 361 -1 345 322 350 372 -1 30 33 770 769 -1 339 340 367 366 -1 335 334 361 362 -1 326 320 348 353 -1 792 793 382 381 -1 343 344 371 370 -1 413 414 798 797 -1 389 373 811 827 -1 341 342 369 368 -1 331 330 357 358 -1 337 338 365 364 -1 342 343 370 369 -1 327 326 353 354 -1 833 832 367 368 -1 814 811 373 377 -1 444 432 736 747 -1 713 714 438 437 -1 812 816 379 375 -1 793 794 383 382 -1 365 366 831 830 -1 748 747 417 418 -1 810 809 398 399 -1 826 825 387 388 -1 734 756 426 403 -1 805 804 393 394 -1 799 800 389 388 -1 402 407 791 785 -1 809 808 397 398 -1 807 806 395 396 -1 823 822 384 385 -1 803 802 391 392 -1 424 423 807 808 -1 407 408 792 791 -1 359 358 823 824 -1 355 354 819 820 -1 825 824 386 387 -1 800 784 373 389 -1 806 805 394 395 -1 788 784 400 404 -1 708 704 429 433 -1 803 804 420 419 -1 35 37 772 771 -1 796 795 411 412 -1 797 796 412 413 -1 765 766 712 711 -1 743 744 414 413 -1 378 390 801 789 -1 795 794 410 411 -1 739 740 410 409 -1 801 802 418 417 -1 783 782 728 729 -1 810 787 403 426 -1 448 447 750 751 -1 442 443 746 745 -1 732 737 407 402 -1 452 451 754 755 -1 726 725 449 450 -1 749 748 418 419 -1 754 753 423 424 -1 764 765 711 710 -1 443 427 730 746 -1 449 448 751 752 -1 733 730 427 431 -1 777 776 722 723 -1 714 715 439 438 -1 413 412 742 743 -1 720 709 432 444 -1 741 740 437 438 -1 83 81 774 775 -1 760 783 729 707 -1 731 735 433 429 -1 745 744 441 442 -1 409 408 738 739 -1 716 717 441 440 -1 766 767 713 712 -1 425 426 756 755 -1 724 723 447 448 -1 718 719 443 442 -1 705 710 434 428 -1 99 97 781 782 -1 752 753 450 449 -1 776 775 721 722 -1 727 726 450 451 -1 408 407 737 738 -1 773 757 703 719 -1 725 724 448 449 -1 578 562 535 551 -1 79 9 458 480 -1 7 13 460 455 -1 535 539 512 508 -1 488 489 463 462 -1 59 57 468 469 -1 470 59 469 -1 47 45 462 463 -1 464 49 47 463 -1 526 525 498 499 -1 12 61 471 459 -1 507 506 479 480 -1 65 67 474 473 -1 527 526 499 500 -1 41 6 456 -1 521 522 495 494 -1 53 51 465 466 -1 51 49 464 465 -1 75 77 479 478 -1 532 531 504 505 -1 71 73 477 476 -1 503 502 475 476 -1 67 69 475 474 -1 480 458 485 507 -1 455 460 487 483 -1 523 524 497 496 -1 544 545 518 517 -1 459 471 498 486 -1 473 474 501 500 -1 536 542 515 510 -1 522 523 496 495 -1 520 521 494 493 -1 113 114 573 572 -1 478 479 506 505 -1 126 125 584 585 -1 474 475 502 501 -1 454 470 497 481 -1 457 454 481 484 -1 515 516 489 488 -1 471 472 499 498 -1 534 533 506 507 -1 472 473 500 499 -1 495 468 494 -1 477 478 505 504 -1 530 529 502 503 -1 507 485 511 534 -1 483 487 513 509 -1 486 498 525 514 -1 500 501 528 527 -1 573 574 547 546 -1 570 571 544 543 -1 560 559 532 533 -1 501 502 529 528 -1 481 497 524 508 -1 484 481 508 512 -1 121 120 579 580 -1 122 121 580 581 -1 548 549 522 521 -1 559 558 531 532 -1 577 578 551 550 -1 491 490 517 518 -1 488 482 510 515 -1 549 550 523 522 -1 547 548 521 520 -1 492 491 518 519 -1 503 504 531 530 -1 542 543 516 515 -1 561 560 533 534 -1 557 556 529 530 -1 534 511 538 561 -1 509 513 540 537 -1 579 567 541 552 -1 527 528 555 554 -1 583 582 555 556 -1 508 524 551 535 -1 562 565 539 535 -1 571 572 545 544 -1 104 110 569 563 -1 519 518 545 546 -1 530 531 558 557 -1 520 519 546 547 -1 517 516 543 544 -1 128 127 586 587 -1 525 526 553 552 -1 526 527 554 553 -1 575 576 549 548 -1 586 585 558 559 -1 524 523 550 551 -1 117 118 577 576 -1 574 575 548 547 -1 569 570 543 542 -1 588 587 560 561 -1 584 583 556 557 -1 561 538 566 588 -1 537 540 568 564 -1 554 555 582 581 -1 119 103 562 578 -1 546 545 572 573 -1 557 558 585 584 -1 114 115 574 573 -1 111 112 571 570 -1 552 553 580 579 -1 553 554 581 580 -1 118 119 578 577 -1 120 108 567 579 -1 124 123 582 583 -1 103 106 565 562 -1 112 113 572 571 -1 542 536 563 569 -1 559 560 587 586 -1 116 117 576 575 -1 127 126 585 586 -1 550 549 576 577 -1 115 116 575 574 -1 110 111 570 569 -1 129 128 587 588 -1 125 124 583 584 -1 623 634 629 621 -1 634 635 630 629 -1 646 647 648 645 -1 674 663 662 673 -1 649 650 646 645 -1 659 668 653 647 -1 647 653 654 648 -1 678 677 656 663 -1 656 677 665 650 -1 677 678 667 665 -1 655 656 650 649 -1 664 678 663 674 -1 658 659 647 646 -1 678 664 651 667 -1 654 653 661 660 -1 666 652 668 659 -1 596 676 664 674 -1 653 668 657 661 -1 607 596 674 673 -1 668 652 672 657 -1 663 656 655 662 -1 651 664 676 671 -1 650 665 658 646 -1 665 666 659 658 -1 679 645 648 680 -1 698 673 662 692 -1 649 645 679 681 -1 690 680 686 697 -1 680 648 654 686 -1 702 692 687 701 -1 687 681 694 701 -1 701 694 696 702 -1 655 649 681 687 -1 693 698 692 702 -1 689 679 680 690 -1 702 696 684 693 -1 654 660 691 686 -1 695 690 697 685 -1 683 698 693 700 -1 686 691 688 697 -1 607 673 698 683 -1 697 688 641 685 -1 692 662 655 687 -1 684 640 700 693 -1 681 679 689 694 -1 694 689 690 695 -1 590 589 592 591 -1 618 617 610 611 -1 593 589 590 594 -1 605 591 599 616 -1 591 592 600 599 -1 620 611 602 619 -1 602 594 613 619 -1 619 613 615 620 -1 601 593 594 602 -1 612 618 611 620 -1 604 590 591 605 -1 620 615 597 612 -1 600 608 609 599 -1 614 605 616 598 -1 595 618 612 675 -1 599 609 603 616 -1 606 617 618 595 -1 616 603 670 598 -1 611 610 601 602 -1 597 669 675 612 -1 594 590 604 613 -1 613 604 605 614 -1 621 622 592 589 -1 642 632 610 617 -1 593 623 621 589 -1 630 637 626 622 -1 622 626 600 592 -1 644 643 627 632 -1 627 643 634 623 -1 643 644 636 634 -1 601 627 623 593 -1 633 644 632 642 -1 629 630 622 621 -1 644 633 624 636 -1 600 626 631 608 -1 635 625 637 630 -1 682 699 633 642 -1 626 637 628 631 -1 606 682 642 617 -1 637 625 639 628 -1 632 627 601 610 -1 624 633 699 638 -1 431 427 703 706 -1 440 439 715 716 -1 25 27 768 767 -1 763 759 704 708 -1 442 441 717 718 -1 436 435 711 712 -1 452 453 729 728 -1 95 92 779 780 -1 435 434 710 711 -1 446 447 723 722 -1 27 30 769 768 -1 774 762 709 720 -1 444 445 721 720 -1 453 430 707 729 -1 770 771 717 716 -1 437 436 712 713 -1 778 777 723 724 -1 772 773 719 718 -1 2 19 764 758 -1 451 452 728 727 -1 445 446 722 721 -1 781 780 726 727 -1 427 443 719 703 -1 779 778 724 725 -1 419 420 750 749 -1 438 439 742 741 -1 405 417 747 736 -1 445 444 747 748 -1 430 453 756 734 -1 440 441 744 743 -1 436 437 740 739 -1 420 421 751 750 -1 416 415 745 746 -1 428 434 737 732 -1 424 425 755 754 -1 446 445 748 749 -1 451 450 753 754 -1 400 416 746 730 -1 421 422 752 751 -1 404 400 730 733 -1 439 440 743 742 -1 411 410 740 741 -1 401 406 735 731 -1 415 414 744 745 -1 435 436 739 738 -1 453 452 755 756 -1 422 423 753 752 -1 434 435 738 737 -1 706 703 757 761 -1 716 715 769 770 -1 718 717 771 772 -1 21 23 766 765 -1 101 99 782 783 -1 19 21 765 764 -1 87 85 776 777 -1 720 721 775 774 -1 15 101 783 760 -1 23 25 767 766 -1 727 728 782 781 -1 85 83 775 776 -1 39 0 757 773 -1 714 713 767 768 -1 18 1 759 763 -1 725 726 780 779 -1 715 714 768 769 -1 81 17 762 774 -1 33 35 771 770 -1 89 87 777 778 -1 37 39 773 772 -1 710 705 758 764 -1 97 95 780 781 -1 92 89 778 779 -1 406 401 786 790 -1 388 387 798 799 -1 408 409 793 792 -1 387 386 797 798 -1 409 410 794 793 -1 426 425 809 810 -1 421 420 804 805 -1 415 416 800 799 -1 380 374 785 791 -1 425 424 808 809 -1 423 422 806 807 -1 419 418 802 803 -1 396 397 808 807 -1 381 380 791 792 -1 416 400 784 800 -1 422 421 805 806 -1 377 373 784 788 -1 392 393 804 803 -1 385 384 795 796 -1 386 385 796 797 -1 417 405 789 801 -1 384 383 794 795 -1 390 391 802 801 -1 399 376 787 810 -1 390 378 817 828 -1 383 384 822 821 -1 356 355 820 821 -1 391 390 828 829 -1 371 372 837 836 -1 372 350 815 837 -1 394 393 831 832 -1 388 389 827 826 -1 374 380 818 813 -1 370 371 836 835 -1 368 369 834 833 -1 364 365 830 829 -1 369 370 835 834 -1 354 353 818 819 -1 346 362 827 811 -1 395 394 832 833 -1 349 346 811 814 -1 347 351 816 812 -1 393 392 830 831 -1 361 360 825 826 -1 358 357 822 823 -1 385 386 824 823 -1 381 382 820 819 -1 360 359 824 825 -1 "
										                >
											<Coordinate DEF="coords_ME_paper_000"
											            point="4.254526 4.463026 0.177844 4.662848 4.463026 0.439367 4.662848 4.463026 0.439367 10.356955 4.463029 0.543555 10.356955 4.463029 0.543555 10.356955 4.463029 0.543555 10.389588 4.463028 -0.038800 10.389588 4.463028 -0.038800 10.389588 4.463028 -0.038800 10.355321 -4.479335 0.543746 10.355321 -4.479335 0.543746 10.355321 -4.479335 0.543746 10.388027 -4.479335 -0.038618 10.388027 -4.479335 -0.038618 10.388027 -4.479335 -0.038618 4.254522 -4.479338 0.177842 4.254522 -4.479338 0.177842 4.662844 -4.479339 0.439365 4.662844 -4.479339 0.439365 4.626294 4.463026 0.414163 4.626294 4.463026 0.414163 4.589626 4.463026 0.389246 4.589626 4.463026 0.389246 4.552846 4.463026 0.364614 4.552846 4.463026 0.364614 4.515952 4.463026 0.340267 4.515952 4.463026 0.340267 4.478945 4.463026 0.316207 4.478945 4.463026 0.316207 4.478945 4.463026 0.316207 4.441824 4.463026 0.292432 4.441824 4.463026 0.292432 4.441824 4.463026 0.292432 4.404591 4.463026 0.268943 4.404591 4.463026 0.268943 4.367245 4.463026 0.245740 4.367245 4.463026 0.245740 4.329784 4.463026 0.222822 4.329784 4.463026 0.222822 4.292212 4.463026 0.200190 4.292212 4.463026 0.200190 10.381700 4.463029 0.014548 10.381700 4.463029 0.014548 10.374137 4.463029 0.067847 10.374137 4.463029 0.067847 10.367238 4.463029 0.121084 10.367238 4.463029 0.121084 10.361330 4.463029 0.174242 10.361330 4.463029 0.174242 10.356678 4.463029 0.227308 10.356678 4.463029 0.227308 10.353452 4.463029 0.280273 10.353452 4.463029 0.280273 10.351702 4.463029 0.333131 10.351702 4.463029 0.333131 10.351362 4.463029 0.385882 10.351362 4.463029 0.385882 10.352272 4.463029 0.438530 10.352272 4.463029 0.438530 10.354216 4.463029 0.491085 10.354216 4.463029 0.491085 10.380125 -4.479335 0.014731 10.380125 -4.479335 0.014731 10.372552 -4.479335 0.068032 10.372552 -4.479335 0.068032 10.365648 -4.479335 0.121269 10.365648 -4.479335 0.121269 10.359735 -4.479335 0.174428 10.359735 -4.479335 0.174428 10.355081 -4.479335 0.227495 10.355081 -4.479335 0.227495 10.351851 -4.479335 0.280461 10.351851 -4.479335 0.280461 10.350096 -4.479335 0.333319 10.350096 -4.479335 0.333319 10.349750 -4.479335 0.386071 10.349750 -4.479335 0.386071 10.350654 -4.479335 0.438720 10.350654 -4.479335 0.438720 10.352591 -4.479335 0.491275 10.352591 -4.479335 0.491275 4.626289 -4.479339 0.414162 4.626289 -4.479339 0.414162 4.589622 -4.479339 0.389244 4.589622 -4.479339 0.389244 4.552841 -4.479339 0.364612 4.552841 -4.479339 0.364612 4.515947 -4.479339 0.340266 4.515947 -4.479339 0.340266 4.478940 -4.479339 0.316205 4.478940 -4.479339 0.316205 4.478940 -4.479339 0.316205 4.441820 -4.479339 0.292430 4.441820 -4.479339 0.292430 4.441820 -4.479339 0.292430 4.404587 -4.479339 0.268941 4.404587 -4.479339 0.268941 4.367240 -4.479339 0.245738 4.367240 -4.479339 0.245738 4.329781 -4.479338 0.222820 4.329781 -4.479338 0.222820 4.292208 -4.479338 0.200189 4.292208 -4.479338 0.200189 7.161323 4.463028 0.884982 7.126828 4.463028 0.305194 7.126828 4.463028 0.305194 7.161328 -4.479336 0.884987 7.161328 -4.479336 0.884987 7.126834 -4.479336 0.305199 7.126834 -4.479336 0.305199 7.129964 4.463028 0.357902 7.133100 4.463028 0.410610 7.136236 4.463028 0.463318 7.139372 4.463028 0.516026 7.142508 4.463028 0.568733 7.145644 4.463028 0.621441 7.148779 4.463028 0.674149 7.151916 4.463028 0.726857 7.155051 4.463028 0.779565 7.158187 4.463028 0.832274 7.129970 -4.479336 0.357907 7.133106 -4.479336 0.410615 7.136242 -4.479336 0.463323 7.139378 -4.479336 0.516031 7.142513 -4.479336 0.568739 7.145649 -4.479336 0.621447 7.148785 -4.479336 0.674154 7.151921 -4.479336 0.726862 7.155056 -4.479336 0.779570 7.158192 -4.479336 0.832279 6.903395 4.463028 0.896429 6.862593 4.463027 0.317574 6.862593 4.463027 0.317574 6.903400 -4.479336 0.896434 6.903400 -4.479336 0.896434 6.862598 -4.479337 0.317579 6.862598 -4.479337 0.317579 6.866302 4.463027 0.370197 6.870011 4.463028 0.422820 6.873721 4.463028 0.475444 6.877430 4.463028 0.528067 6.881139 4.463028 0.580690 6.884848 4.463028 0.633313 6.888557 4.463028 0.685936 6.892267 4.463028 0.738559 6.895976 4.463028 0.791182 6.899685 4.463028 0.843805 6.866308 -4.479337 0.370202 6.870017 -4.479336 0.422826 6.873726 -4.479336 0.475449 6.877435 -4.479336 0.528072 6.881145 -4.479336 0.580695 6.884854 -4.479336 0.633318 6.888563 -4.479336 0.685941 6.892273 -4.479336 0.738564 6.895982 -4.479336 0.791188 6.899692 -4.479336 0.843811 6.644788 4.463027 0.924504 6.602244 4.463027 0.345900 6.602244 4.463027 0.345900 6.644794 -4.479337 0.924509 6.644794 -4.479337 0.924509 6.602249 -4.479337 0.345905 6.602249 -4.479337 0.345905 6.606111 4.463027 0.398500 6.609979 4.463027 0.451101 6.613847 4.463027 0.503701 6.617714 4.463027 0.556301 6.621582 4.463027 0.608902 6.625450 4.463027 0.661502 6.629318 4.463027 0.714103 6.633185 4.463027 0.766703 6.637053 4.463027 0.819303 6.640921 4.463027 0.871904 6.606117 -4.479337 0.398505 6.609985 -4.479337 0.451106 6.613853 -4.479337 0.503706 6.617720 -4.479337 0.556306 6.621589 -4.479337 0.608907 6.625456 -4.479337 0.661507 6.629323 -4.479337 0.714108 6.633191 -4.479337 0.766708 6.637059 -4.479337 0.819308 6.640926 -4.479337 0.871909 6.385603 4.463027 0.955331 6.343059 4.463027 0.376727 6.343059 4.463027 0.376727 6.385609 -4.479337 0.955336 6.385609 -4.479337 0.955336 6.343065 -4.479337 0.376732 6.343065 -4.479337 0.376732 6.346926 4.463027 0.429327 6.350794 4.463027 0.481927 6.354662 4.463027 0.534528 6.358529 4.463027 0.587128 6.362397 4.463027 0.639729 6.366265 4.463027 0.692329 6.370132 4.463027 0.744929 6.374000 4.463027 0.797530 6.377868 4.463027 0.850130 6.381735 4.463027 0.902731 6.346932 -4.479337 0.429332 6.350800 -4.479337 0.481932 6.354668 -4.479337 0.534533 6.358536 -4.479337 0.587133 6.362403 -4.479337 0.639734 6.366270 -4.479337 0.692334 6.370138 -4.479337 0.744935 6.374006 -4.479337 0.797535 6.377873 -4.479337 0.850135 6.381742 -4.479337 0.902736 6.135565 4.463028 0.996518 6.075597 4.463027 0.420416 6.075597 4.463027 0.420416 6.135571 -4.479337 0.996523 6.135571 -4.479337 0.996523 6.075603 -4.479337 0.420421 6.075603 -4.479337 0.420421 6.081048 4.463027 0.472789 6.086500 4.463027 0.525162 6.091951 4.463027 0.577535 6.097404 4.463028 0.629908 6.102855 4.463028 0.682281 6.108306 4.463028 0.734654 6.113758 4.463028 0.787027 6.119209 4.463028 0.839399 6.124661 4.463028 0.891772 6.130113 4.463028 0.944145 6.081055 -4.479337 0.472794 6.086506 -4.479337 0.525167 6.091957 -4.479337 0.577540 6.097409 -4.479337 0.629913 6.102861 -4.479337 0.682286 6.108313 -4.479337 0.734658 6.113764 -4.479337 0.787031 6.119216 -4.479337 0.839404 6.124668 -4.479337 0.891777 6.130119 -4.479337 0.944150 5.880581 4.463027 1.046865 5.815385 4.463027 0.471514 5.815385 4.463027 0.471514 5.880587 -4.479337 1.046870 5.880587 -4.479337 1.046870 5.815392 -4.479337 0.471519 5.815392 -4.479337 0.471519 5.821312 4.463027 0.523819 5.827239 4.463027 0.576123 5.833166 4.463027 0.628428 5.839093 4.463027 0.680733 5.845019 4.463027 0.733037 5.850946 4.463027 0.785342 5.856873 4.463027 0.837647 5.862800 4.463027 0.889951 5.868727 4.463027 0.942256 5.874653 4.463027 0.994561 5.821318 -4.479337 0.523823 5.827245 -4.479337 0.576128 5.833172 -4.479337 0.628433 5.839099 -4.479337 0.680737 5.845026 -4.479337 0.733042 5.850953 -4.479337 0.785347 5.856880 -4.479337 0.837651 5.862807 -4.479337 0.889956 5.868733 -4.479337 0.942261 5.874660 -4.479337 0.994566 5.625130 4.463027 1.101226 5.556450 4.463027 0.526375 5.556450 4.463027 0.526375 5.625136 -4.479337 1.101231 5.625136 -4.479337 1.101231 5.556457 -4.479337 0.526380 5.556457 -4.479337 0.526380 5.562694 4.463027 0.578634 5.568938 4.463027 0.630893 5.575181 4.463027 0.683153 5.581425 4.463027 0.735412 5.587668 4.463027 0.787671 5.593912 4.463027 0.839930 5.600156 4.463027 0.892190 5.606400 4.463027 0.944449 5.612643 4.463027 0.996708 5.618886 4.463027 1.048967 5.562700 -4.479337 0.578639 5.568944 -4.479337 0.630898 5.575188 -4.479337 0.683157 5.581431 -4.479337 0.735417 5.587675 -4.479337 0.787676 5.593918 -4.479337 0.839935 5.600162 -4.479337 0.892194 5.606406 -4.479337 0.944453 5.612649 -4.479337 0.996713 5.618893 -4.479337 1.048972 5.367626 4.463027 1.150990 5.298947 4.463027 0.576139 5.298947 4.463027 0.576139 5.367633 -4.479337 1.150995 5.367633 -4.479337 1.150995 5.298953 -4.479337 0.576144 5.298953 -4.479337 0.576144 5.305190 4.463027 0.628398 5.311434 4.463027 0.680657 5.317677 4.463027 0.732917 5.323921 4.463027 0.785176 5.330165 4.463027 0.837435 5.336409 4.463027 0.889694 5.342652 4.463027 0.941953 5.348896 4.463027 0.994213 5.355139 4.463027 1.046472 5.361382 4.463027 1.098731 5.305197 -4.479337 0.628403 5.311440 -4.479337 0.680662 5.317684 -4.479337 0.732921 5.323927 -4.479337 0.785181 5.330171 -4.479337 0.837440 5.336415 -4.479337 0.889699 5.342659 -4.479337 0.941958 5.348902 -4.479337 0.994217 5.355145 -4.479337 1.046477 5.361389 -4.479337 1.098736 5.110123 4.463027 1.200754 5.041443 4.463027 0.625903 5.041443 4.463027 0.625903 5.110129 -4.479337 1.200759 5.110129 -4.479337 1.200759 5.041449 -4.479337 0.625908 5.041449 -4.479337 0.625908 5.047687 4.463027 0.678162 5.053930 4.463027 0.730422 5.060174 4.463027 0.782681 5.066418 4.463027 0.834940 5.072661 4.463027 0.887199 5.078905 4.463027 0.939458 5.085148 4.463027 0.991717 5.091392 4.463027 1.043977 5.097636 4.463027 1.096236 5.103879 4.463027 1.148495 5.047693 -4.479337 0.678167 5.053936 -4.479337 0.730426 5.060180 -4.479337 0.782685 5.066423 -4.479337 0.834944 5.072667 -4.479337 0.887204 5.078911 -4.479337 0.939463 5.085155 -4.479337 0.991722 5.091398 -4.479337 1.043981 5.097642 -4.479337 1.096241 5.103886 -4.479337 1.148500 4.852619 4.463027 1.250518 4.783939 4.463026 0.675667 4.783939 4.463026 0.675667 4.852625 -4.479337 1.250523 4.852625 -4.479337 1.250523 4.783946 -4.479338 0.675672 4.783946 -4.479338 0.675672 4.790183 4.463027 0.727926 4.796427 4.463027 0.780185 4.802670 4.463027 0.832444 4.808914 4.463027 0.884704 4.815157 4.463027 0.936963 4.821401 4.463027 0.989222 4.827645 4.463027 1.041481 4.833889 4.463027 1.093740 4.840132 4.463027 1.146000 4.846375 4.463027 1.198259 4.790189 -4.479337 0.727931 4.796432 -4.479337 0.780190 4.802676 -4.479337 0.832449 4.808920 -4.479337 0.884708 4.815164 -4.479337 0.936968 4.821407 -4.479337 0.989227 4.827651 -4.479337 1.041486 4.833895 -4.479337 1.093745 4.840138 -4.479337 1.146004 4.846382 -4.479337 1.198264 4.544721 4.463027 1.275537 4.570241 4.463027 0.760425 4.570241 4.463027 0.760425 4.544725 -4.479337 1.275542 4.544725 -4.479337 1.275542 4.570246 -4.479338 0.760430 4.570246 -4.479338 0.760430 4.567922 4.463027 0.807253 4.565601 4.463027 0.854082 4.563282 4.463027 0.900910 4.560962 4.463027 0.947738 4.558641 4.463027 0.994567 4.556321 4.463027 1.041395 4.554001 4.463027 1.088224 4.551682 4.463027 1.135052 4.549361 4.463027 1.181880 4.547041 4.463027 1.228709 4.567925 -4.479338 0.807258 4.565606 -4.479338 0.854086 4.563286 -4.479338 0.900915 4.560966 -4.479338 0.947743 4.558645 -4.479338 0.994572 4.556325 -4.479338 1.041400 4.554006 -4.479338 1.088228 4.551685 -4.479338 1.135057 4.549366 -4.479338 1.181885 4.547045 -4.479338 1.228714 4.221441 4.463027 0.937835 4.525423 4.463026 0.688362 4.525423 4.463026 0.688362 4.221440 -4.479338 0.937839 4.221440 -4.479338 0.937839 4.525423 -4.479338 0.688366 4.525423 -4.479338 0.688366 4.497788 4.463026 0.711041 4.470154 4.463026 0.733721 4.442519 4.463026 0.756400 4.414884 4.463026 0.779079 4.387249 4.463026 0.801759 4.359614 4.463026 0.824438 4.331980 4.463026 0.847118 4.304345 4.463026 0.869797 4.276710 4.463026 0.892476 4.249075 4.463026 0.915156 4.497788 -4.479338 0.711045 4.470153 -4.479338 0.733724 4.442518 -4.479338 0.756404 4.414884 -4.479338 0.779083 4.387249 -4.479338 0.801763 4.359614 -4.479338 0.824442 4.331979 -4.479338 0.847121 4.304344 -4.479338 0.869801 4.276710 -4.479338 0.892480 4.249074 -4.479338 0.915160 4.199155 4.463026 0.317684 4.607477 4.463026 0.579207 4.607477 4.463026 0.579207 4.199151 -4.479338 0.317683 4.199151 -4.479338 0.317683 4.607473 -4.479339 0.579206 4.607473 -4.479339 0.579206 4.570357 4.463026 0.555432 4.533237 4.463026 0.531657 4.496117 4.463026 0.507883 4.458997 4.463026 0.484108 4.421876 4.463026 0.460333 4.384756 4.463026 0.436558 4.347636 4.463026 0.412783 4.310515 4.463026 0.389009 4.273396 4.463026 0.365234 4.236276 4.463026 0.341459 4.570353 -4.479339 0.555431 4.533233 -4.479339 0.531656 4.496113 -4.479339 0.507882 4.458992 -4.479339 0.484107 4.421872 -4.479339 0.460332 4.384752 -4.479339 0.436557 4.347631 -4.479338 0.412782 4.310512 -4.479338 0.389007 4.273391 -4.479338 0.365233 4.236271 -4.479338 0.341458 9.560085 4.463029 0.633027 9.563096 4.463028 0.052405 9.563096 4.463028 0.052405 9.558790 -4.479335 0.633173 9.558790 -4.479335 0.633173 9.561821 -4.479335 0.052545 9.561821 -4.479335 0.052545 9.559904 4.463028 0.105335 9.556751 4.463028 0.158254 9.553928 4.463028 0.211153 9.551718 4.463028 0.264021 9.550343 4.463028 0.316851 9.549944 4.463028 0.369637 9.550545 4.463028 0.422380 9.552059 4.463029 0.475083 9.554310 4.463029 0.527753 9.557068 4.463029 0.580398 9.558619 -4.479335 0.105476 9.555459 -4.479335 0.158396 9.552631 -4.479335 0.211296 9.550415 -4.479335 0.264165 9.549040 -4.479335 0.316995 9.548641 -4.479335 0.369782 9.549242 -4.479335 0.422526 9.550758 -4.479335 0.475229 9.553011 -4.479335 0.527899 9.555770 -4.479335 0.580544 9.052886 4.463028 0.692169 9.034930 4.463028 0.112306 9.034930 4.463028 0.112306 9.051982 -4.479336 0.692271 9.051982 -4.479336 0.692271 9.034062 -4.479336 0.112403 9.034062 -4.479336 0.112403 9.036496 4.463028 0.165044 9.038010 4.463028 0.217774 9.039505 4.463028 0.270500 9.041011 4.463028 0.323225 9.042557 4.463028 0.375945 9.044157 4.463028 0.428662 9.045818 4.463028 0.481375 9.047533 4.463028 0.534085 9.049293 4.463028 0.586790 9.051077 4.463028 0.639483 9.035622 -4.479336 0.165142 9.037130 -4.479336 0.217873 9.038620 -4.479336 0.270600 9.040124 -4.479336 0.323325 9.041666 -4.479336 0.376046 9.043262 -4.479336 0.428764 9.044920 -4.479336 0.481477 9.046633 -4.479336 0.534187 9.048389 -4.479336 0.586892 9.050171 -4.479336 0.639585 8.536356 4.463028 0.749783 8.506447 4.463028 0.170269 8.506447 4.463028 0.170269 8.535837 -4.479336 0.749843 8.535837 -4.479336 0.749843 8.505955 -4.479336 0.170326 8.505955 -4.479336 0.170326 8.509113 4.463028 0.222967 8.511775 4.463028 0.275663 8.514437 4.463028 0.328356 8.517105 4.463028 0.381047 8.519785 4.463028 0.433735 8.522480 4.463028 0.486420 8.525196 4.463028 0.539101 8.527939 4.463028 0.591779 8.530709 4.463028 0.644452 8.533514 4.463028 0.697120 8.508615 -4.479336 0.223025 8.511271 -4.479336 0.275721 8.513928 -4.479336 0.328415 8.516594 -4.479336 0.381106 8.519270 -4.479336 0.433794 8.521963 -4.479336 0.486479 8.524677 -4.479336 0.539161 8.527418 -4.479336 0.591839 8.530189 -4.479336 0.644512 8.532993 -4.479336 0.697180 8.019623 4.463028 0.803116 7.986954 4.463028 0.223460 7.986954 4.463028 0.223460 8.019385 -4.479336 0.803145 8.019385 -4.479336 0.803145 7.986735 -4.479336 0.223487 7.986735 -4.479336 0.223487 7.989922 4.463028 0.276162 7.992887 4.463028 0.328864 7.995851 4.463028 0.381566 7.998815 4.463028 0.434267 8.001778 4.463028 0.486968 8.004744 4.463028 0.539672 8.007708 4.463028 0.592368 8.010676 4.463028 0.645057 8.013652 4.463028 0.697744 8.016634 4.463028 0.750431 7.989698 -4.479336 0.276189 7.992661 -4.479336 0.328892 7.995623 -4.479336 0.381593 7.998584 -4.479336 0.434295 8.001545 -4.479336 0.486996 8.004509 -4.479336 0.539700 8.007473 -4.479336 0.592397 8.010441 -4.479336 0.645085 8.013414 -4.479336 0.697773 8.016396 -4.479336 0.750460 7.502839 4.463028 0.852800 7.468310 4.463028 0.273048 7.468310 4.463028 0.273048 7.502777 -4.479336 0.852812 7.502777 -4.479336 0.852812 7.468257 -4.479336 0.273059 7.468257 -4.479336 0.273059 7.471422 4.463028 0.325752 7.474537 4.463028 0.378457 7.477661 4.463028 0.431162 7.480790 4.463028 0.483867 7.483927 4.463028 0.536572 7.487069 4.463028 0.589277 7.490214 4.463028 0.641982 7.493363 4.463028 0.694687 7.496517 4.463028 0.747392 7.499676 4.463028 0.800096 7.471368 -4.479336 0.325763 7.474482 -4.479336 0.378468 7.477603 -4.479336 0.431174 7.480731 -4.479336 0.483878 7.483868 -4.479336 0.536584 7.487009 -4.479336 0.589289 7.490153 -4.479336 0.641994 7.493301 -4.479336 0.694699 7.496456 -4.479336 0.747403 7.499614 -4.479336 0.800108 4.479194 -4.486060 0.254619 4.653671 -4.486060 0.366391 4.653671 -4.440516 0.366391 4.479194 -4.440516 0.254619 4.471733 -4.505698 0.273461 4.639424 -4.505718 0.385900 4.634682 -0.008318 0.392403 4.634682 -0.008318 0.392403 4.699744 -4.376044 0.417173 4.699744 -4.376044 0.417173 4.653671 -4.376044 0.366391 4.479194 -4.376044 0.254619 4.460621 -4.486060 0.301524 4.622338 -4.486060 0.409305 4.711419 -2.368346 0.406828 4.711419 -4.486060 0.406827 4.711419 -4.440516 0.406827 4.468639 -0.008318 0.281281 4.468639 -0.008318 0.281281 4.479195 -2.368345 0.254619 4.653672 -2.368346 0.366391 4.460621 -4.440516 0.301524 4.622338 -4.440516 0.409305 4.688070 -4.376044 0.427518 4.693933 -4.505696 0.422323 4.695457 -4.440516 0.420973 4.695457 -4.440516 0.420973 4.711419 -4.376044 0.406828 4.468637 -4.376044 0.281280 4.634679 -4.376044 0.392403 4.672899 -4.486060 0.440962 4.672899 -4.440516 0.440962 4.304702 -4.486059 0.142882 4.304702 -4.440516 0.142882 4.300861 -4.505718 0.169056 4.245191 -4.376044 0.126039 4.245191 -4.376044 0.126039 4.304702 -4.376044 0.142883 4.296248 -4.486059 0.200450 4.244776 -2.368345 0.107951 4.244775 -4.486059 0.107951 4.244775 -4.440516 0.107951 4.304703 -2.368345 0.142883 4.296248 -4.440516 0.200450 4.245606 -4.376044 0.144128 4.245398 -4.505696 0.135044 4.245343 -4.440516 0.132684 4.245343 -4.440516 0.132684 4.244775 -4.376044 0.107951 4.245193 -0.008318 0.126040 4.245193 -0.008318 0.126040 4.245193 -0.008318 0.126040 4.245193 -0.008318 0.126040 4.299578 -4.376044 0.177776 4.246146 -4.486059 0.167635 4.246146 -4.440516 0.167635 4.479198 4.469424 0.254620 4.653676 4.469424 0.366392 4.653676 4.423881 0.366392 4.479198 4.423881 0.254620 4.471737 4.489062 0.273462 4.639428 4.489082 0.385902 4.699749 4.359408 0.417174 4.699749 4.359408 0.417174 4.653676 4.359408 0.366392 4.479198 4.359408 0.254620 4.460626 4.469424 0.301525 4.622343 4.469424 0.409306 4.711421 -0.008318 0.406828 4.711423 4.469424 0.406829 4.711423 4.423881 0.406829 4.479196 -0.008318 0.254619 4.653674 -0.008318 0.366392 4.460626 4.423881 0.301525 4.622343 4.423881 0.409306 4.688075 4.359408 0.427519 4.693937 4.489060 0.422325 4.695460 4.423881 0.420975 4.695460 4.423881 0.420975 4.711423 4.359408 0.406829 4.699747 -0.008318 0.417173 4.699747 -0.008318 0.417173 4.699747 -0.008318 0.417173 4.699747 -0.008318 0.417173 4.468641 4.359408 0.281281 4.634684 4.359408 0.392404 4.688072 -0.008318 0.427518 4.688072 -0.008318 0.427518 4.672903 4.469424 0.440964 4.672903 4.423881 0.440964 4.304706 4.469424 0.142884 4.304706 4.423882 0.142884 4.300865 4.489083 0.169058 4.299580 -0.008318 0.177777 4.299580 -0.008318 0.177777 4.245195 4.359409 0.126040 4.245195 4.359409 0.126040 4.304707 4.359409 0.142884 4.296253 4.469424 0.200452 4.244777 -0.008318 0.107952 4.244780 4.469424 0.107953 4.244780 4.423882 0.107953 4.304704 -0.008318 0.142883 4.296253 4.423882 0.200452 4.245610 4.359409 0.144128 4.245402 4.489061 0.135046 4.245347 4.423882 0.132686 4.245347 4.423882 0.132686 4.244780 4.359409 0.107952 4.299582 4.359409 0.177777 4.245608 -0.008318 0.144128 4.245608 -0.008318 0.144128 4.246150 4.469424 0.167636 4.246150 4.423882 0.167636 4.229573 4.463026 0.240864 4.637896 4.463026 0.502388 4.637896 4.463026 0.502388 4.229568 -4.479338 0.240863 4.229568 -4.479338 0.240863 4.637891 -4.479339 0.502386 4.637891 -4.479339 0.502386 4.601086 4.463026 0.477828 4.564214 4.463026 0.453425 4.527280 4.463026 0.429179 4.490284 4.463026 0.405090 4.453226 4.463026 0.381159 4.416106 4.463026 0.357384 4.378924 4.463026 0.333766 4.341679 4.463026 0.310305 4.304372 4.463026 0.287001 4.267004 4.463026 0.263854 4.601081 -4.479339 0.477826 4.564210 -4.479339 0.453424 4.527276 -4.479339 0.429178 4.490280 -4.479339 0.405089 4.453222 -4.479339 0.381157 4.416101 -4.479339 0.357382 4.378919 -4.479339 0.333765 4.341675 -4.479338 0.310304 4.304368 -4.479338 0.287000 4.266999 -4.479338 0.263853 4.148551 4.463026 0.578162 4.553941 4.463026 0.624114 4.553941 4.463026 0.624114 4.148547 -4.479338 0.578164 4.148547 -4.479338 0.578164 4.553937 -4.479338 0.624115 4.553937 -4.479338 0.624115 4.517012 4.463026 0.617447 4.480083 4.463026 0.610780 4.443153 4.463026 0.604113 4.406224 4.463026 0.597447 4.369799 4.463026 0.588835 4.332924 4.463026 0.587056 4.296049 4.463026 0.585277 4.259174 4.463026 0.583499 4.222300 4.463026 0.581720 4.185425 4.463026 0.579941 4.517008 -4.479338 0.617448 4.480079 -4.479338 0.610781 4.443150 -4.479338 0.604114 4.406220 -4.479338 0.597448 4.369796 -4.479338 0.588837 4.332921 -4.479338 0.587058 4.296046 -4.479338 0.585279 4.259171 -4.479338 0.583500 4.222297 -4.479338 0.581721 4.185422 -4.479338 0.579943 4.243232 4.463026 0.206369 4.651554 4.463026 0.467892 4.651554 4.463026 0.467892 4.243227 -4.479338 0.206368 4.243227 -4.479338 0.206368 4.651549 -4.479339 0.467891 4.651549 -4.479339 0.467891 4.614884 4.463026 0.442980 4.578124 4.463026 0.418295 4.541274 4.463026 0.393838 4.504334 4.463026 0.369608 4.467303 4.463026 0.345606 4.430183 4.463026 0.321831 4.392973 4.463026 0.298284 4.355673 4.463026 0.274964 4.318283 4.463026 0.251871 4.280802 4.463026 0.229007 4.614880 -4.479339 0.442979 4.578120 -4.479339 0.418294 4.541270 -4.479339 0.393836 4.504330 -4.479339 0.369607 4.467299 -4.479339 0.345604 4.430179 -4.479339 0.321830 4.392969 -4.479339 0.298282 4.355669 -4.479338 0.274962 4.318278 -4.479338 0.251870 4.280797 -4.479338 0.229005 4.354840 4.463027 1.155964 4.545211 4.463027 0.745395 4.545211 4.463027 0.745395 4.354842 -4.479338 1.155970 4.354842 -4.479338 1.155970 4.545213 -4.479338 0.745400 4.545213 -4.479338 0.745400 4.527905 4.463027 0.782720 4.510598 4.463027 0.820044 4.493291 4.463027 0.857369 4.475985 4.463027 0.894693 4.458679 4.463027 0.932018 4.441372 4.463027 0.969342 4.424066 4.463027 1.006667 4.406759 4.463027 1.043991 4.389453 4.463027 1.081316 4.372147 4.463027 1.118640 4.527906 -4.479338 0.782724 4.510600 -4.479338 0.820049 4.493293 -4.479338 0.857373 4.475987 -4.479338 0.894698 4.458680 -4.479338 0.932023 4.441374 -4.479338 0.969347 4.424067 -4.479338 1.006672 4.406761 -4.479338 1.043996 4.389455 -4.479338 1.081321 4.372149 -4.479338 1.118645 4.722068 4.463027 1.275748 4.653389 4.463026 0.700896 4.653389 4.463026 0.700896 4.722075 -4.479337 1.275752 4.722075 -4.479337 1.275752 4.653395 -4.479338 0.700901 4.653395 -4.479338 0.700901 4.659632 4.463026 0.753156 4.665876 4.463026 0.805415 4.672120 4.463026 0.857674 4.678363 4.463026 0.909933 4.684607 4.463026 0.962192 4.690850 4.463027 1.014452 4.697094 4.463027 1.066711 4.703338 4.463027 1.118970 4.709581 4.463027 1.171229 4.715825 4.463027 1.223488 4.659638 -4.479338 0.753160 4.665882 -4.479338 0.805420 4.672125 -4.479338 0.857679 4.678369 -4.479338 0.909938 4.684613 -4.479338 0.962197 4.690856 -4.479337 1.014457 4.697100 -4.479337 1.066716 4.703343 -4.479337 1.118975 4.709587 -4.479337 1.171234 4.715831 -4.479337 1.223493 "
											            />
											<TextureCoordinate point="0.9543 0.0099 0.9517 0.0121 0.8337 0.0121 0.8361 0.0099 0.3398 0.0132 0.7494 0.0132 0.7494 0.0114 0.3398 0.0114 0.4347 0.0107 0.4323 0.0128 0.4759 0.0128 0.4782 0.0107 0.0506 0.0099 0.0506 0.0341 0.0537 0.0341 0.0537 0.0099 0.4807 0.0402 0.4807 0.4259 0.4645 0.4259 0.4645 0.0402 0.0078 0.4322 0.3301 0.4322 0.3301 0.4692 0.0078 0.4692 0.9497 0.0297 0.9517 0.0319 0.8361 0.0341 0.8337 0.0319 0.8318 0.0297 0.9482 0.0275 0.9497 0.0297 0.8337 0.0319 0.4989 0.0319 0.5015 0.0341 0.4656 0.0341 0.4630 0.0319 0.8337 0.0121 0.8318 0.0143 0.7599 0.0143 0.7618 0.0121 0.4968 0.0143 0.4953 0.0165 0.4593 0.0165 0.4609 0.0143 0.4593 0.0165 0.4583 0.0187 0.4223 0.0187 0.4234 0.0165 0.4943 0.0187 0.4937 0.0209 0.4578 0.0209 0.4583 0.0187 0.4937 0.0209 0.4937 0.0231 0.4578 0.0231 0.4578 0.0209 0.4937 0.0231 0.4943 0.0253 0.4583 0.0253 0.4578 0.0231 0.8295 0.0253 0.8304 0.0275 0.7599 0.0297 0.7585 0.0275 0.7575 0.0253 0.8290 0.0231 0.8295 0.0253 0.7585 0.0275 0.4593 0.0275 0.4609 0.0297 0.4249 0.0297 0.4234 0.0275 0.3398 0.0295 0.7494 0.0295 0.7494 0.0276 0.3398 0.0276 0.3398 0.0313 0.7494 0.0313 0.7494 0.0295 0.3398 0.0295 0.3398 0.0150 0.7494 0.0150 0.7494 0.0132 0.3398 0.0132 0.3398 0.0168 0.7494 0.0168 0.7494 0.0150 0.3398 0.0150 0.3398 0.0186 0.7494 0.0186 0.7494 0.0168 0.3398 0.0168 0.3398 0.0204 0.7494 0.0204 0.7494 0.0186 0.3398 0.0186 0.3398 0.0222 0.7494 0.0222 0.7494 0.0204 0.3398 0.0204 0.3398 0.0240 0.7494 0.0240 0.7494 0.0222 0.3398 0.0222 0.3398 0.0258 0.7494 0.0258 0.7494 0.0240 0.3398 0.0240 0.3398 0.0276 0.7494 0.0276 0.7494 0.0258 0.3398 0.0258 0.7404 0.0317 0.8490 0.0317 0.8471 0.0296 0.7386 0.0296 0.7404 0.0317 0.8471 0.0296 0.8457 0.0275 0.5420 0.0317 0.5443 0.0338 0.6104 0.0338 0.6081 0.0317 0.7386 0.0149 0.8471 0.0149 0.8490 0.0128 0.7404 0.0128 0.3973 0.0149 0.3959 0.0170 0.4290 0.0170 0.4304 0.0149 0.3628 0.0170 0.3618 0.0191 0.3949 0.0191 0.3959 0.0170 0.3618 0.0191 0.3613 0.0212 0.3944 0.0212 0.3949 0.0191 0.3944 0.0212 0.3944 0.0233 0.4276 0.0233 0.4276 0.0212 0.3613 0.0233 0.3618 0.0254 0.3949 0.0254 0.3944 0.0233 0.4280 0.0254 0.4290 0.0275 0.4726 0.0275 0.4717 0.0254 0.7373 0.0275 0.7386 0.0296 0.8457 0.0275 0.0121 0.0193 0.5609 0.0193 0.5609 0.0206 0.0121 0.0206 0.0121 0.0177 0.5609 0.0177 0.5609 0.0193 0.0121 0.0193 0.0482 0.0099 0.0482 0.0341 0.0506 0.0341 0.0506 0.0099 0.0464 0.0099 0.0464 0.0341 0.0482 0.0341 0.0482 0.0099 0.0451 0.0099 0.0451 0.0341 0.0464 0.0341 0.0464 0.0099 0.0445 0.0099 0.0445 0.0341 0.0451 0.0341 0.0451 0.0099 0.0216 0.0535 0.0844 0.0535 0.0844 0.0478 0.0216 0.0478 0.0121 0.0222 0.5609 0.0222 0.5609 0.0225 0.0121 0.0225 0.0121 0.0216 0.5609 0.0216 0.5609 0.0222 0.0121 0.0222 0.0121 0.0206 0.5609 0.0206 0.5609 0.0216 0.0121 0.0216 0.4630 0.0121 0.4656 0.0099 0.5015 0.0099 0.4989 0.0121 0.4016 0.0107 0.3992 0.0128 0.4323 0.0128 0.4347 0.0107 0.4521 0.4259 0.4521 0.0402 0.4645 0.0402 0.4645 0.4259 0.3301 0.7145 0.0078 0.7145 0.0078 0.7134 0.3301 0.7134 0.4270 0.0319 0.4249 0.0297 0.4609 0.0297 0.4630 0.0319 0.8337 0.0319 0.8361 0.0341 0.7643 0.0341 0.7618 0.0319 0.8318 0.0297 0.8337 0.0319 0.7643 0.0341 0.3890 0.0143 0.3911 0.0121 0.4270 0.0121 0.4249 0.0143 0.8318 0.0143 0.8304 0.0165 0.7585 0.0165 0.7599 0.0143 0.9482 0.0165 0.9472 0.0187 0.8290 0.0209 0.8295 0.0187 0.8304 0.0165 0.9497 0.0143 0.9482 0.0165 0.8295 0.0187 0.8295 0.0187 0.8290 0.0209 0.7570 0.0231 0.7570 0.0209 0.7575 0.0187 0.8304 0.0165 0.8295 0.0187 0.7570 0.0209 0.7570 0.0209 0.7570 0.0231 0.6851 0.0231 0.6851 0.0209 0.7570 0.0231 0.8290 0.0209 0.8290 0.0231 0.7575 0.0253 0.3874 0.0275 0.3863 0.0253 0.4223 0.0253 0.4234 0.0275 0.7585 0.0275 0.7599 0.0297 0.6880 0.0297 0.6866 0.0275 0.3973 0.0296 0.3992 0.0317 0.4323 0.0317 0.4304 0.0296 0.3992 0.0317 0.4016 0.0338 0.4347 0.0338 0.4323 0.0317 0.3001 0.0128 0.2981 0.0149 0.3312 0.0149 0.3331 0.0128 0.6712 0.0170 0.6725 0.0149 0.6063 0.0149 0.6050 0.0170 0.8448 0.0191 0.8457 0.0170 0.7373 0.0170 0.7365 0.0191 0.7360 0.0212 0.7365 0.0191 0.6703 0.0191 0.6698 0.0212 0.8443 0.0233 0.8443 0.0212 0.7360 0.0212 0.7360 0.0233 0.6041 0.0254 0.6036 0.0233 0.5374 0.0233 0.5379 0.0254 0.3287 0.0254 0.3297 0.0275 0.3628 0.0275 0.3618 0.0254 0.3628 0.0275 0.3642 0.0296 0.3973 0.0296 0.3959 0.0275 0.3938 0.0341 0.3911 0.0319 0.4270 0.0319 0.4297 0.0341 0.3514 0.0165 0.3531 0.0143 0.3890 0.0143 0.3874 0.0165 0.4953 0.0165 0.4943 0.0187 0.4583 0.0187 0.4593 0.0165 0.3858 0.0209 0.3863 0.0187 0.4223 0.0187 0.4218 0.0209 0.4218 0.0231 0.4218 0.0209 0.4578 0.0209 0.4578 0.0231 0.4223 0.0253 0.4218 0.0231 0.4578 0.0231 0.4583 0.0253 0.4953 0.0275 0.4968 0.0297 0.4609 0.0297 0.4593 0.0275 0.3642 0.0149 0.3628 0.0170 0.3959 0.0170 0.3973 0.0149 0.4280 0.0191 0.4290 0.0170 0.3959 0.0170 0.3949 0.0191 0.4276 0.0212 0.4280 0.0191 0.3949 0.0191 0.3944 0.0212 0.3613 0.0212 0.3613 0.0233 0.3944 0.0233 0.3944 0.0212 0.4280 0.0254 0.4276 0.0233 0.3944 0.0233 0.3949 0.0254 0.4270 0.0121 0.4297 0.0099 0.4656 0.0099 0.4630 0.0121 0.2365 0.0107 0.2340 0.0128 0.2670 0.0128 0.2695 0.0107 0.4397 0.4259 0.4397 0.0402 0.4521 0.0402 0.4521 0.4259 0.0078 0.5741 0.3301 0.5741 0.3301 0.5854 0.0078 0.5854 0.4968 0.0297 0.4989 0.0319 0.4630 0.0319 0.4609 0.0297 0.4989 0.0121 0.4968 0.0143 0.4609 0.0143 0.4630 0.0121 0.4943 0.0253 0.4953 0.0275 0.4593 0.0275 0.4583 0.0253 0.3312 0.0296 0.3331 0.0317 0.3662 0.0317 0.3642 0.0296 0.1180 0.0317 0.1206 0.0338 0.1374 0.0338 0.1348 0.0317 0.4304 0.0149 0.4323 0.0128 0.3992 0.0128 0.3973 0.0149 0.4290 0.0275 0.4280 0.0254 0.3949 0.0254 0.3959 0.0275 0.4304 0.0296 0.4290 0.0275 0.3959 0.0275 0.3973 0.0296 0.3144 0.0187 0.3155 0.0165 0.3514 0.0165 0.3504 0.0187 0.3890 0.0297 0.3874 0.0275 0.4234 0.0275 0.4249 0.0297 0.3297 0.0170 0.3287 0.0191 0.3618 0.0191 0.3628 0.0170 0.2294 0.0191 0.2289 0.0212 0.2620 0.0212 0.2625 0.0191 0.2289 0.0233 0.2294 0.0254 0.2625 0.0254 0.2620 0.0233 0.0078 0.5854 0.3301 0.5854 0.3301 0.5966 0.0078 0.5966 0.3911 0.0319 0.3890 0.0297 0.4249 0.0297 0.4270 0.0319 0.4630 0.0121 0.4609 0.0143 0.4249 0.0143 0.4270 0.0121 0.4583 0.0253 0.4593 0.0275 0.4234 0.0275 0.4223 0.0253 0.3973 0.0149 0.3992 0.0128 0.3662 0.0128 0.3642 0.0149 0.3959 0.0275 0.3949 0.0254 0.3618 0.0254 0.3628 0.0275 0.2966 0.0275 0.2981 0.0296 0.3312 0.0296 0.3297 0.0275 0.4630 0.0319 0.4656 0.0341 0.4297 0.0341 0.4270 0.0319 0.4609 0.0143 0.4593 0.0165 0.4234 0.0165 0.4249 0.0143 0.4583 0.0187 0.4578 0.0209 0.4218 0.0209 0.4223 0.0187 0.3858 0.0231 0.3858 0.0209 0.4218 0.0209 0.4218 0.0231 0.1523 0.0253 0.1517 0.0231 0.1700 0.0231 0.1705 0.0253 0.3312 0.0149 0.3297 0.0170 0.3628 0.0170 0.3642 0.0149 0.3282 0.0212 0.3282 0.0233 0.3613 0.0233 0.3613 0.0212 0.3911 0.0121 0.3938 0.0099 0.4297 0.0099 0.4270 0.0121 0.3992 0.0128 0.4016 0.0107 0.3686 0.0107 0.3662 0.0128 0.4273 0.4259 0.4273 0.0402 0.4397 0.0402 0.4397 0.4259 0.3992 0.0317 0.3973 0.0296 0.3642 0.0296 0.3662 0.0317 0.4016 0.0338 0.3992 0.0317 0.3662 0.0317 0.3686 0.0338 0.0078 0.5966 0.3301 0.5966 0.3301 0.6079 0.0078 0.6079 0.2812 0.0143 0.2833 0.0121 0.3193 0.0121 0.3171 0.0143 0.3514 0.0275 0.3504 0.0253 0.3863 0.0253 0.3874 0.0275 0.3642 0.0149 0.3662 0.0128 0.3331 0.0128 0.3312 0.0149 0.2956 0.0254 0.2966 0.0275 0.3297 0.0275 0.3287 0.0254 0.2861 0.0341 0.2833 0.0319 0.3193 0.0319 0.3220 0.0341 0.4249 0.0143 0.4234 0.0165 0.3874 0.0165 0.3890 0.0143 0.3139 0.0209 0.3144 0.0187 0.3504 0.0187 0.3498 0.0209 0.3662 0.0128 0.3686 0.0107 0.3356 0.0107 0.3331 0.0128 0.2650 0.0296 0.2670 0.0317 0.3001 0.0317 0.2981 0.0296 0.3686 0.0338 0.3662 0.0317 0.3331 0.0317 0.3356 0.0338 0.4234 0.0165 0.4223 0.0187 0.3863 0.0187 0.3874 0.0165 0.2812 0.0297 0.2795 0.0275 0.3155 0.0275 0.3171 0.0297 0.2966 0.0170 0.2956 0.0191 0.3287 0.0191 0.3297 0.0170 0.3613 0.0212 0.3618 0.0191 0.3287 0.0191 0.3282 0.0212 0.3618 0.0254 0.3613 0.0233 0.3282 0.0233 0.3287 0.0254 0.3552 0.0319 0.3531 0.0297 0.3890 0.0297 0.3911 0.0319 0.3642 0.0296 0.3628 0.0275 0.3297 0.0275 0.3312 0.0296 0.2779 0.0231 0.2779 0.0209 0.3139 0.0209 0.3139 0.0231 0.4218 0.0231 0.4223 0.0253 0.3863 0.0253 0.3858 0.0231 0.2981 0.0149 0.2966 0.0170 0.3297 0.0170 0.3312 0.0149 0.2951 0.0212 0.2951 0.0233 0.3282 0.0233 0.3282 0.0212 0.3552 0.0121 0.3579 0.0099 0.3938 0.0099 0.3911 0.0121 0.3339 0.4259 0.3339 0.0402 0.3407 0.0402 0.3407 0.4259 0.0078 0.6079 0.3301 0.6079 0.3301 0.6191 0.0078 0.6191 0.2340 0.0128 0.2319 0.0149 0.2650 0.0149 0.2670 0.0128 0.2436 0.0165 0.2452 0.0143 0.2812 0.0143 0.2795 0.0165 0.3331 0.0128 0.3356 0.0107 0.3025 0.0107 0.3001 0.0128 0.3356 0.0338 0.3331 0.0317 0.3001 0.0317 0.3025 0.0338 0.3874 0.0165 0.3863 0.0187 0.3504 0.0187 0.3514 0.0165 0.3282 0.0212 0.3287 0.0191 0.2956 0.0191 0.2951 0.0212 0.3287 0.0254 0.3282 0.0233 0.2951 0.0233 0.2956 0.0254 0.2635 0.0275 0.2650 0.0296 0.2981 0.0296 0.2966 0.0275 0.3858 0.0231 0.3863 0.0253 0.3504 0.0253 0.3498 0.0231 0.3911 0.0121 0.3890 0.0143 0.3531 0.0143 0.3552 0.0121 0.1357 0.0275 0.1346 0.0253 0.1523 0.0253 0.1534 0.0275 0.0309 0.0254 0.0319 0.0275 0.0473 0.0275 0.0462 0.0254 0.3911 0.0319 0.3938 0.0341 0.3579 0.0341 0.3552 0.0319 0.3863 0.0187 0.3858 0.0209 0.3498 0.0209 0.3504 0.0187 0.3331 0.0317 0.3312 0.0296 0.2981 0.0296 0.3001 0.0317 0.3874 0.0275 0.3890 0.0297 0.3531 0.0297 0.3514 0.0275 0.2635 0.0170 0.2625 0.0191 0.2956 0.0191 0.2966 0.0170 0.3193 0.0319 0.3171 0.0297 0.3531 0.0297 0.3552 0.0319 0.3858 0.0209 0.3858 0.0231 0.3498 0.0231 0.3498 0.0209 0.2319 0.0149 0.2304 0.0170 0.2635 0.0170 0.2650 0.0149 0.2620 0.0212 0.2620 0.0233 0.2951 0.0233 0.2951 0.0212 0.3193 0.0121 0.3220 0.0099 0.3579 0.0099 0.3552 0.0121 0.4273 0.0402 0.4273 0.4259 0.4150 0.4259 0.4150 0.0402 0.0078 0.6191 0.3301 0.6191 0.3301 0.6304 0.0078 0.6304 0.3001 0.0128 0.3025 0.0107 0.2695 0.0107 0.2670 0.0128 0.3025 0.0338 0.3001 0.0317 0.2670 0.0317 0.2695 0.0338 0.2425 0.0187 0.2436 0.0165 0.2795 0.0165 0.2784 0.0187 0.2951 0.0212 0.2956 0.0191 0.2625 0.0191 0.2620 0.0212 0.2956 0.0254 0.2951 0.0233 0.2620 0.0233 0.2625 0.0254 0.3498 0.0231 0.3504 0.0253 0.3144 0.0253 0.3139 0.0231 0.3552 0.0121 0.3531 0.0143 0.3171 0.0143 0.3193 0.0121 0.3552 0.0319 0.3579 0.0341 0.3220 0.0341 0.3193 0.0319 0.2059 0.0209 0.2065 0.0187 0.2425 0.0187 0.2419 0.0209 0.1159 0.0296 0.1180 0.0317 0.1348 0.0317 0.1327 0.0296 0.3514 0.0275 0.3531 0.0297 0.3171 0.0297 0.3155 0.0275 0.3498 0.0209 0.3498 0.0231 0.3139 0.0231 0.3139 0.0209 0.4150 0.0402 0.4150 0.4259 0.4026 0.4259 0.4026 0.0402 0.2981 0.0149 0.3001 0.0128 0.2670 0.0128 0.2650 0.0149 0.3531 0.0143 0.3514 0.0165 0.3155 0.0165 0.3171 0.0143 0.2304 0.0275 0.2319 0.0296 0.2650 0.0296 0.2635 0.0275 0.3504 0.0253 0.3514 0.0275 0.3155 0.0275 0.3144 0.0253 0.2966 0.0275 0.2956 0.0254 0.2625 0.0254 0.2635 0.0275 0.2304 0.0170 0.2294 0.0191 0.2625 0.0191 0.2635 0.0170 0.2833 0.0319 0.2812 0.0297 0.3171 0.0297 0.3193 0.0319 0.2966 0.0170 0.2981 0.0149 0.2650 0.0149 0.2635 0.0170 0.2289 0.0212 0.2289 0.0233 0.2620 0.0233 0.2620 0.0212 0.2474 0.0121 0.2502 0.0099 0.2861 0.0099 0.2833 0.0121 0.0078 0.6304 0.3301 0.6304 0.3301 0.6416 0.0078 0.6416 0.2034 0.0107 0.2009 0.0128 0.2340 0.0128 0.2365 0.0107 0.2695 0.0338 0.2670 0.0317 0.2340 0.0317 0.2365 0.0338 0.1963 0.0191 0.1958 0.0212 0.2289 0.0212 0.2294 0.0191 0.1627 0.0233 0.1632 0.0254 0.1963 0.0254 0.1958 0.0233 0.3139 0.0231 0.3144 0.0253 0.2784 0.0253 0.2779 0.0231 0.2093 0.0143 0.2115 0.0121 0.2474 0.0121 0.2452 0.0143 0.2143 0.0341 0.2115 0.0319 0.2474 0.0319 0.2502 0.0341 0.2093 0.0297 0.2076 0.0275 0.2436 0.0275 0.2452 0.0297 0.2419 0.0231 0.2419 0.0209 0.2779 0.0209 0.2779 0.0231 0.4026 0.0402 0.4026 0.4259 0.3902 0.4259 0.3902 0.0402 0.1017 0.0128 0.0996 0.0149 0.1159 0.0149 0.1180 0.0128 0.3171 0.0143 0.3155 0.0165 0.2795 0.0165 0.2812 0.0143 0.3144 0.0253 0.3155 0.0275 0.2795 0.0275 0.2784 0.0253 0.2635 0.0275 0.2625 0.0254 0.2294 0.0254 0.2304 0.0275 0.1658 0.0149 0.1643 0.0170 0.1974 0.0170 0.1989 0.0149 0.3155 0.0165 0.3144 0.0187 0.2784 0.0187 0.2795 0.0165 0.3144 0.0187 0.3139 0.0209 0.2779 0.0209 0.2784 0.0187 0.2670 0.0317 0.2650 0.0296 0.2319 0.0296 0.2340 0.0317 0.1974 0.0275 0.1989 0.0296 0.2319 0.0296 0.2304 0.0275 0.1974 0.0170 0.1963 0.0191 0.2294 0.0191 0.2304 0.0170 0.2474 0.0319 0.2452 0.0297 0.2812 0.0297 0.2833 0.0319 0.1958 0.0212 0.1958 0.0233 0.2289 0.0233 0.2289 0.0212 0.3220 0.0099 0.3193 0.0121 0.2833 0.0121 0.2861 0.0099 0.0078 0.6416 0.3301 0.6416 0.3301 0.6529 0.0078 0.6529 0.2365 0.0338 0.2340 0.0317 0.2009 0.0317 0.2034 0.0338 0.2779 0.0231 0.2784 0.0253 0.2425 0.0253 0.2419 0.0231 0.3902 0.0402 0.3902 0.4259 0.3778 0.4259 0.3778 0.0402 0.0997 0.0165 0.1014 0.0143 0.1175 0.0143 0.1158 0.0165 0.2784 0.0253 0.2795 0.0275 0.2436 0.0275 0.2425 0.0253 0.2304 0.0275 0.2294 0.0254 0.1963 0.0254 0.1974 0.0275 0.2065 0.0187 0.2076 0.0165 0.2436 0.0165 0.2425 0.0187 0.2784 0.0187 0.2779 0.0209 0.2419 0.0209 0.2425 0.0187 0.2340 0.0317 0.2319 0.0296 0.1989 0.0296 0.2009 0.0317 0.2115 0.0121 0.2143 0.0099 0.2502 0.0099 0.2474 0.0121 0.1043 0.0107 0.1017 0.0128 0.1180 0.0128 0.1206 0.0107 0.1632 0.0191 0.1627 0.0212 0.1958 0.0212 0.1963 0.0191 0.2294 0.0254 0.2289 0.0233 0.1958 0.0233 0.1963 0.0254 0.2833 0.0121 0.2812 0.0143 0.2452 0.0143 0.2474 0.0121 0.2833 0.0319 0.2861 0.0341 0.2502 0.0341 0.2474 0.0319 0.2795 0.0275 0.2812 0.0297 0.2452 0.0297 0.2436 0.0275 0.2059 0.0231 0.2059 0.0209 0.2419 0.0209 0.2419 0.0231 0.2319 0.0149 0.2340 0.0128 0.2009 0.0128 0.1989 0.0149 0.2304 0.0170 0.2319 0.0149 0.1989 0.0149 0.1974 0.0170 0.1643 0.0275 0.1658 0.0296 0.1989 0.0296 0.1974 0.0275 0.1643 0.0170 0.1632 0.0191 0.1963 0.0191 0.1974 0.0170 0.2115 0.0319 0.2093 0.0297 0.2452 0.0297 0.2474 0.0319 0.1627 0.0212 0.1627 0.0233 0.1958 0.0233 0.1958 0.0212 0.0078 0.6529 0.3301 0.6529 0.3301 0.6641 0.0078 0.6641 0.2034 0.0338 0.2009 0.0317 0.1678 0.0317 0.1704 0.0338 0.2419 0.0231 0.2425 0.0253 0.2065 0.0253 0.2059 0.0231 0.3778 0.0402 0.3778 0.4259 0.3655 0.4259 0.3655 0.0402 0.2425 0.0253 0.2436 0.0275 0.2076 0.0275 0.2065 0.0253 0.1974 0.0275 0.1963 0.0254 0.1632 0.0254 0.1643 0.0275 0.1700 0.0209 0.1705 0.0187 0.2065 0.0187 0.2059 0.0209 0.2009 0.0317 0.1989 0.0296 0.1658 0.0296 0.1678 0.0317 0.1128 0.0233 0.1134 0.0254 0.1301 0.0254 0.1296 0.0233 0.1551 0.0143 0.1573 0.0121 0.1756 0.0121 0.1733 0.0143 0.1602 0.0341 0.1573 0.0319 0.1756 0.0319 0.1784 0.0341 0.1733 0.0297 0.1716 0.0275 0.2076 0.0275 0.2093 0.0297 0.1989 0.0149 0.2009 0.0128 0.1678 0.0128 0.1658 0.0149 0.0996 0.0149 0.0981 0.0170 0.1144 0.0170 0.1159 0.0149 0.2452 0.0143 0.2436 0.0165 0.2076 0.0165 0.2093 0.0143 0.1705 0.0187 0.1716 0.0165 0.2076 0.0165 0.2065 0.0187 0.1756 0.0121 0.1784 0.0099 0.2143 0.0099 0.2115 0.0121 0.2009 0.0128 0.2034 0.0107 0.1704 0.0107 0.1678 0.0128 0.0970 0.0191 0.0965 0.0212 0.1128 0.0212 0.1134 0.0191 0.0787 0.0231 0.0787 0.0209 0.0980 0.0209 0.0980 0.0231 0.0981 0.0275 0.0996 0.0296 0.1159 0.0296 0.1144 0.0275 0.0981 0.0170 0.0970 0.0191 0.1134 0.0191 0.1144 0.0170 0.1396 0.0319 0.1374 0.0297 0.1551 0.0297 0.1573 0.0319 0.1296 0.0212 0.1296 0.0233 0.1627 0.0233 0.1627 0.0212 0.0078 0.6641 0.3301 0.6641 0.3301 0.6754 0.0078 0.6754 0.1704 0.0338 0.1678 0.0317 0.1348 0.0317 0.1374 0.0338 0.2059 0.0231 0.2065 0.0253 0.1705 0.0253 0.1700 0.0231 0.3655 0.0402 0.3655 0.4259 0.3531 0.4259 0.3531 0.0402 0.2065 0.0253 0.2076 0.0275 0.1716 0.0275 0.1705 0.0253 0.1643 0.0275 0.1632 0.0254 0.1301 0.0254 0.1312 0.0275 0.1678 0.0317 0.1658 0.0296 0.1327 0.0296 0.1348 0.0317 0.1658 0.0149 0.1678 0.0128 0.1348 0.0128 0.1327 0.0149 0.2093 0.0143 0.2076 0.0165 0.1716 0.0165 0.1733 0.0143 0.1678 0.0128 0.1704 0.0107 0.1374 0.0107 0.1348 0.0128 0.0445 0.0209 0.0451 0.0187 0.0487 0.0187 0.0481 0.0209 0.1632 0.0254 0.1627 0.0233 0.1296 0.0233 0.1301 0.0254 0.2115 0.0121 0.2093 0.0143 0.1733 0.0143 0.1756 0.0121 0.2115 0.0319 0.2143 0.0341 0.1784 0.0341 0.1756 0.0319 0.1175 0.0297 0.1158 0.0275 0.1357 0.0275 0.1374 0.0297 0.1643 0.0170 0.1658 0.0149 0.1327 0.0149 0.1312 0.0170 0.0986 0.0187 0.0997 0.0165 0.1158 0.0165 0.1147 0.0187 0.1396 0.0121 0.1425 0.0099 0.1602 0.0099 0.1573 0.0121 0.1627 0.0212 0.1632 0.0191 0.1301 0.0191 0.1296 0.0212 0.2059 0.0209 0.2059 0.0231 0.1700 0.0231 0.1700 0.0209 0.1658 0.0296 0.1643 0.0275 0.1312 0.0275 0.1327 0.0296 0.1632 0.0191 0.1643 0.0170 0.1312 0.0170 0.1301 0.0191 0.2093 0.0297 0.2115 0.0319 0.1756 0.0319 0.1733 0.0297 0.1128 0.0212 0.1128 0.0233 0.1296 0.0233 0.1296 0.0212 0.0078 0.6811 0.3301 0.6811 0.3301 0.6866 0.0078 0.6866 0.0356 0.0317 0.0382 0.0338 0.0536 0.0338 0.0509 0.0317 0.0530 0.0253 0.0524 0.0231 0.0620 0.0231 0.0626 0.0253 0.3468 0.0402 0.3468 0.4259 0.3407 0.4259 0.3407 0.0402 0.1158 0.0275 0.1147 0.0253 0.1346 0.0253 0.1357 0.0275 0.1312 0.0275 0.1301 0.0254 0.1134 0.0254 0.1144 0.0275 0.0488 0.0296 0.0509 0.0317 0.0687 0.0317 0.0666 0.0296 0.0834 0.0128 0.0814 0.0149 0.0996 0.0149 0.1017 0.0128 0.1551 0.0143 0.1534 0.0165 0.1357 0.0165 0.1374 0.0143 0.0536 0.0107 0.0509 0.0128 0.0687 0.0128 0.0713 0.0107 0.0782 0.0233 0.0787 0.0254 0.0970 0.0254 0.0965 0.0233 0.1175 0.0143 0.1198 0.0121 0.1396 0.0121 0.1374 0.0143 0.1066 0.0341 0.1037 0.0319 0.1198 0.0319 0.1226 0.0341 0.0814 0.0149 0.0798 0.0170 0.0981 0.0170 0.0996 0.0149 0.0787 0.0191 0.0782 0.0212 0.0965 0.0212 0.0970 0.0191 0.1517 0.0209 0.1517 0.0231 0.1340 0.0231 0.1340 0.0209 0.0798 0.0275 0.0814 0.0296 0.0996 0.0296 0.0981 0.0275 0.0650 0.0170 0.0640 0.0191 0.0787 0.0191 0.0798 0.0170 0.1037 0.0319 0.1014 0.0297 0.1175 0.0297 0.1198 0.0319 0.1705 0.0187 0.1700 0.0209 0.1517 0.0209 0.1523 0.0187 0.1716 0.0275 0.1733 0.0297 0.1551 0.0297 0.1534 0.0275 0.1534 0.0165 0.1523 0.0187 0.1346 0.0187 0.1357 0.0165 0.1198 0.0121 0.1226 0.0099 0.1425 0.0099 0.1396 0.0121 0.0782 0.0212 0.0782 0.0233 0.0965 0.0233 0.0965 0.0212 0.0078 0.6929 0.3301 0.6929 0.3301 0.6979 0.0078 0.6979 0.3127 0.4259 0.3127 0.0402 0.3160 0.0402 0.3160 0.4259 0.0798 0.0275 0.0787 0.0254 0.0640 0.0254 0.0650 0.0275 0.0464 0.0165 0.0482 0.0143 0.0517 0.0143 0.0499 0.0165 0.1141 0.0209 0.1141 0.0231 0.0980 0.0231 0.0980 0.0209 0.1147 0.0187 0.1141 0.0209 0.0980 0.0209 0.0986 0.0187 0.0517 0.0297 0.0499 0.0275 0.0542 0.0275 0.0560 0.0297 0.0793 0.0187 0.0804 0.0165 0.0997 0.0165 0.0986 0.0187 0.1043 0.0338 0.1017 0.0317 0.0834 0.0317 0.0860 0.0338 0.1141 0.0231 0.1147 0.0253 0.0986 0.0253 0.0980 0.0231 0.0804 0.0275 0.0793 0.0253 0.0986 0.0253 0.0997 0.0275 0.0834 0.0317 0.0814 0.0296 0.0666 0.0296 0.0687 0.0317 0.0230 0.0128 0.0208 0.0149 0.0247 0.0149 0.0269 0.0128 0.0834 0.0128 0.0860 0.0107 0.0713 0.0107 0.0687 0.0128 0.0303 0.0233 0.0309 0.0254 0.0462 0.0254 0.0457 0.0233 0.0655 0.0143 0.0678 0.0121 0.0844 0.0121 0.0822 0.0143 0.0873 0.0341 0.0844 0.0319 0.1037 0.0319 0.1066 0.0341 0.0335 0.0149 0.0319 0.0170 0.0473 0.0170 0.0488 0.0149 0.0220 0.0191 0.0215 0.0212 0.0303 0.0212 0.0309 0.0191 0.0473 0.0275 0.0488 0.0296 0.0666 0.0296 0.0650 0.0275 0.0473 0.0170 0.0462 0.0191 0.0640 0.0191 0.0650 0.0170 0.0541 0.0319 0.0517 0.0297 0.0560 0.0297 0.0584 0.0319 0.0678 0.0121 0.0707 0.0099 0.0873 0.0099 0.0844 0.0121 0.0303 0.0212 0.0303 0.0233 0.0457 0.0233 0.0457 0.0212 0.0078 0.7039 0.3301 0.7039 0.3301 0.7091 0.0078 0.7091 0.0180 0.0254 0.0192 0.0275 0.0231 0.0275 0.0220 0.0254 0.0524 0.0231 0.0524 0.0209 0.0620 0.0209 0.0620 0.0231 0.0986 0.0187 0.0980 0.0209 0.0787 0.0209 0.0793 0.0187 0.0269 0.0317 0.0297 0.0338 0.0382 0.0338 0.0356 0.0317 0.0787 0.0231 0.0793 0.0253 0.0626 0.0253 0.0620 0.0231 0.0176 0.0296 0.0198 0.0317 0.0230 0.0317 0.0208 0.0296 0.0258 0.0107 0.0230 0.0128 0.0269 0.0128 0.0297 0.0107 0.3217 0.0402 0.3217 0.4259 0.3160 0.4259 0.3160 0.0402 0.0822 0.0143 0.0804 0.0165 0.0638 0.0165 0.0655 0.0143 0.0997 0.0275 0.1014 0.0297 0.0822 0.0297 0.0804 0.0275 0.0530 0.0187 0.0542 0.0165 0.0638 0.0165 0.0626 0.0187 0.0499 0.0275 0.0487 0.0253 0.0530 0.0253 0.0542 0.0275 0.0666 0.0149 0.0687 0.0128 0.0509 0.0128 0.0488 0.0149 0.0215 0.0233 0.0220 0.0254 0.0309 0.0254 0.0303 0.0233 0.0560 0.0143 0.0584 0.0121 0.0678 0.0121 0.0655 0.0143 0.0613 0.0341 0.0584 0.0319 0.0678 0.0319 0.0707 0.0341 0.0176 0.0149 0.0159 0.0170 0.0192 0.0170 0.0208 0.0149 0.0457 0.0212 0.0462 0.0191 0.0309 0.0191 0.0303 0.0212 0.0192 0.0275 0.0208 0.0296 0.0247 0.0296 0.0231 0.0275 0.0231 0.0170 0.0220 0.0191 0.0309 0.0191 0.0319 0.0170 0.1014 0.0297 0.1037 0.0319 0.0844 0.0319 0.0822 0.0297 0.0541 0.0121 0.0571 0.0099 0.0613 0.0099 0.0584 0.0121 0.0215 0.0212 0.0215 0.0233 0.0303 0.0233 0.0303 0.0212 0.5463 0.0121 0.5488 0.0099 0.6206 0.0099 0.6181 0.0121 0.8490 0.0128 0.8513 0.0107 0.7425 0.0107 0.7404 0.0128 0.6201 0.0402 0.6201 0.4259 0.5807 0.4259 0.5807 0.0402 0.3301 0.5367 0.0078 0.5367 0.0078 0.5142 0.3301 0.5142 0.7618 0.0319 0.7599 0.0297 0.8304 0.0275 0.8318 0.0297 0.9517 0.0121 0.9497 0.0143 0.8304 0.0165 0.8318 0.0143 0.8337 0.0121 0.9517 0.0121 0.8318 0.0143 0.9472 0.0253 0.9482 0.0275 0.8318 0.0297 0.8304 0.0275 0.8295 0.0253 0.9466 0.0231 0.9472 0.0253 0.8304 0.0275 0.6063 0.0296 0.6081 0.0317 0.6743 0.0317 0.6725 0.0296 0.8513 0.0338 0.8490 0.0317 0.7404 0.0317 0.7425 0.0338 0.6743 0.0128 0.6725 0.0149 0.7386 0.0149 0.7404 0.0128 0.8457 0.0275 0.8448 0.0254 0.7365 0.0254 0.7373 0.0275 0.6050 0.0275 0.6063 0.0296 0.6725 0.0296 0.6712 0.0275 0.9517 0.0319 0.9543 0.0341 0.8361 0.0341 0.6856 0.0187 0.6866 0.0165 0.7585 0.0165 0.7575 0.0187 0.9472 0.0187 0.9466 0.0209 0.8290 0.0231 0.8290 0.0209 0.9466 0.0209 0.9466 0.0231 0.8295 0.0253 0.8290 0.0231 0.8457 0.0170 0.8471 0.0149 0.7386 0.0149 0.7373 0.0170 0.6050 0.0170 0.6041 0.0191 0.6703 0.0191 0.6712 0.0170 0.8443 0.0212 0.8448 0.0191 0.7365 0.0191 0.7360 0.0212 0.6698 0.0212 0.6698 0.0233 0.7360 0.0233 0.7360 0.0212 0.8448 0.0254 0.8443 0.0233 0.7360 0.0233 0.7365 0.0254 0.7404 0.0128 0.7425 0.0107 0.6765 0.0107 0.6743 0.0128 0.5807 0.0402 0.5807 0.4259 0.5555 0.4259 0.5555 0.0402 0.6880 0.0143 0.6900 0.0121 0.7618 0.0121 0.7599 0.0143 0.6146 0.0275 0.6136 0.0253 0.6856 0.0253 0.6866 0.0275 0.7425 0.0338 0.7404 0.0317 0.6743 0.0317 0.6765 0.0338 0.7373 0.0275 0.7365 0.0254 0.6703 0.0254 0.6712 0.0275 0.6206 0.0341 0.6181 0.0319 0.6900 0.0319 0.6924 0.0341 0.6866 0.0165 0.6880 0.0143 0.7599 0.0143 0.7585 0.0165 0.6851 0.0209 0.6856 0.0187 0.7575 0.0187 0.7570 0.0209 0.4943 0.0253 0.4937 0.0231 0.5412 0.0231 0.5417 0.0253 0.7373 0.0170 0.7386 0.0149 0.6725 0.0149 0.6712 0.0170 0.4280 0.0191 0.4276 0.0212 0.4712 0.0212 0.4717 0.0191 0.7365 0.0254 0.7360 0.0233 0.6698 0.0233 0.6703 0.0254 0.8361 0.0099 0.8337 0.0121 0.7618 0.0121 0.7643 0.0099 0.0078 0.4692 0.3301 0.4692 0.3301 0.4917 0.0078 0.4917 0.6900 0.0319 0.6880 0.0297 0.7599 0.0297 0.7618 0.0319 0.7404 0.0317 0.7386 0.0296 0.6725 0.0296 0.6743 0.0317 0.6081 0.0128 0.6063 0.0149 0.6725 0.0149 0.6743 0.0128 0.7386 0.0296 0.7373 0.0275 0.6712 0.0275 0.6725 0.0296 0.7585 0.0165 0.8304 0.0165 0.7575 0.0187 0.7365 0.0191 0.7373 0.0170 0.6712 0.0170 0.6703 0.0191 0.6036 0.0212 0.6036 0.0233 0.6698 0.0233 0.6698 0.0212 0.6743 0.0128 0.6765 0.0107 0.6104 0.0107 0.6081 0.0128 0.5555 0.0402 0.5555 0.4259 0.5303 0.4259 0.5303 0.0402 0.6765 0.0338 0.6743 0.0317 0.6081 0.0317 0.6104 0.0338 0.6712 0.0275 0.6703 0.0254 0.6041 0.0254 0.6050 0.0275 0.5412 0.0231 0.5412 0.0209 0.6131 0.0209 0.6131 0.0231 0.5443 0.0297 0.5427 0.0275 0.6146 0.0275 0.6161 0.0297 0.5402 0.0149 0.5388 0.0170 0.6050 0.0170 0.6063 0.0149 0.6703 0.0254 0.6698 0.0233 0.6036 0.0233 0.6041 0.0254 0.7643 0.0099 0.7618 0.0121 0.6900 0.0121 0.6924 0.0099 0.0078 0.4917 0.3301 0.4917 0.3301 0.5142 0.0078 0.5142 0.4304 0.0296 0.4323 0.0317 0.4759 0.0317 0.4740 0.0296 0.4290 0.0275 0.4304 0.0296 0.4740 0.0296 0.4726 0.0275 0.6136 0.0187 0.6146 0.0165 0.6866 0.0165 0.6856 0.0187 0.5388 0.0170 0.5379 0.0191 0.6041 0.0191 0.6050 0.0170 0.5443 0.0143 0.5463 0.0121 0.6181 0.0121 0.6161 0.0143 0.7575 0.0253 0.7585 0.0275 0.6866 0.0275 0.6856 0.0253 0.7618 0.0319 0.7643 0.0341 0.6924 0.0341 0.6900 0.0319 0.6146 0.0165 0.6161 0.0143 0.6880 0.0143 0.6866 0.0165 0.6131 0.0209 0.6136 0.0187 0.6856 0.0187 0.6851 0.0209 0.7570 0.0231 0.7575 0.0253 0.6856 0.0253 0.6851 0.0231 0.6698 0.0212 0.6703 0.0191 0.6041 0.0191 0.6036 0.0212 0.6181 0.0319 0.6161 0.0297 0.6880 0.0297 0.6900 0.0319 0.5420 0.0128 0.5402 0.0149 0.6063 0.0149 0.6081 0.0128 0.5374 0.0212 0.5374 0.0233 0.6036 0.0233 0.6036 0.0212 0.6081 0.0128 0.6104 0.0107 0.5443 0.0107 0.5420 0.0128 0.5303 0.0402 0.5303 0.4259 0.5054 0.4259 0.5055 0.0402 0.4759 0.0317 0.4782 0.0338 0.5443 0.0338 0.5420 0.0317 0.6050 0.0275 0.6041 0.0254 0.5379 0.0254 0.5388 0.0275 0.4712 0.0233 0.4717 0.0254 0.5379 0.0254 0.5374 0.0233 0.6924 0.0099 0.6900 0.0121 0.6181 0.0121 0.6206 0.0099 0.3301 0.5593 0.0078 0.5593 0.0078 0.5367 0.3301 0.5367 0.5427 0.0275 0.5417 0.0253 0.6136 0.0253 0.6146 0.0275 0.5015 0.0341 0.4989 0.0319 0.5463 0.0319 0.5488 0.0341 0.6851 0.0231 0.6856 0.0253 0.6136 0.0253 0.6131 0.0231 0.6036 0.0212 0.6041 0.0191 0.5379 0.0191 0.5374 0.0212 0.6851 0.0209 0.6851 0.0231 0.6131 0.0231 0.6131 0.0209 0.6866 0.0275 0.6880 0.0297 0.6161 0.0297 0.6146 0.0275 0.4304 0.0149 0.4290 0.0170 0.4726 0.0170 0.4740 0.0149 0.6081 0.0317 0.6063 0.0296 0.5402 0.0296 0.5420 0.0317 0.6063 0.0296 0.6050 0.0275 0.5388 0.0275 0.5402 0.0296 0.5417 0.0187 0.5427 0.0165 0.6146 0.0165 0.6136 0.0187 0.4726 0.0170 0.4717 0.0191 0.5379 0.0191 0.5388 0.0170 0.6900 0.0121 0.6880 0.0143 0.6161 0.0143 0.6181 0.0121 0.4953 0.0165 0.4968 0.0143 0.5443 0.0143 0.5427 0.0165 0.5412 0.0209 0.5417 0.0187 0.6136 0.0187 0.6131 0.0209 0.5463 0.0319 0.5443 0.0297 0.6161 0.0297 0.6181 0.0319 0.4759 0.0128 0.4740 0.0149 0.5402 0.0149 0.5420 0.0128 0.4712 0.0212 0.4712 0.0233 0.5374 0.0233 0.5374 0.0212 0.5420 0.0128 0.5443 0.0107 0.4782 0.0107 0.4759 0.0128 0.5055 0.0402 0.5054 0.4259 0.4807 0.4259 0.4807 0.0402 0.5388 0.0275 0.5379 0.0254 0.4717 0.0254 0.4726 0.0275 0.4989 0.0121 0.5015 0.0099 0.5488 0.0099 0.5463 0.0121 0.6131 0.0231 0.6136 0.0253 0.5417 0.0253 0.5412 0.0231 0.5374 0.0212 0.5379 0.0191 0.4717 0.0191 0.4712 0.0212 0.4937 0.0231 0.4937 0.0209 0.5412 0.0209 0.5412 0.0231 0.4968 0.0297 0.4953 0.0275 0.5427 0.0275 0.5443 0.0297 0.5420 0.0317 0.5402 0.0296 0.4740 0.0296 0.4759 0.0317 0.5402 0.0296 0.5388 0.0275 0.4726 0.0275 0.4740 0.0296 0.4968 0.0143 0.4989 0.0121 0.5463 0.0121 0.5443 0.0143 0.4323 0.0317 0.4347 0.0338 0.4782 0.0338 0.4759 0.0317 0.4276 0.0233 0.4280 0.0254 0.4717 0.0254 0.4712 0.0233 0.3301 0.5741 0.0078 0.5741 0.0078 0.5593 0.3301 0.5593 0.4953 0.0275 0.4943 0.0253 0.5417 0.0253 0.5427 0.0275 0.6181 0.0319 0.6206 0.0341 0.5488 0.0341 0.5463 0.0319 0.5388 0.0170 0.5402 0.0149 0.4740 0.0149 0.4726 0.0170 0.4943 0.0187 0.4953 0.0165 0.5427 0.0165 0.5417 0.0187 0.4290 0.0170 0.4280 0.0191 0.4717 0.0191 0.4726 0.0170 0.6161 0.0143 0.6146 0.0165 0.5427 0.0165 0.5443 0.0143 0.4937 0.0209 0.4943 0.0187 0.5417 0.0187 0.5412 0.0209 0.4989 0.0319 0.4968 0.0297 0.5443 0.0297 0.5463 0.0319 0.4323 0.0128 0.4304 0.0149 0.4740 0.0149 0.4759 0.0128 0.4276 0.0212 0.4276 0.0233 0.4712 0.0233 0.4712 0.0212 0.0522 0.0152 0.0521 0.0107 0.0524 0.0109 0.0525 0.0153 0.0521 0.0107 0.0528 0.0099 0.0529 0.0106 0.0524 0.0109 0.0230 0.0292 0.0255 0.0292 0.0256 0.0230 0.0231 0.0230 0.0127 0.0293 0.0166 0.0292 0.0165 0.0230 0.0125 0.0230 0.0213 0.0230 0.0213 0.0292 0.0230 0.0292 0.0231 0.0230 0.0246 0.0335 0.0284 0.0338 0.0291 0.0293 0.0255 0.0292 0.0255 0.0292 0.0291 0.0293 0.0292 0.0229 0.0256 0.0230 0.0170 0.0331 0.0191 0.0330 0.0193 0.0292 0.0166 0.0292 0.0193 0.0292 0.0191 0.0330 0.0206 0.0333 0.0213 0.0292 0.0191 0.0330 0.0170 0.0331 0.0170 0.0341 0.0206 0.0333 0.0192 0.0230 0.0193 0.0292 0.0213 0.0292 0.0213 0.0230 0.0133 0.0334 0.0170 0.0331 0.0166 0.0292 0.0127 0.0293 0.0223 0.0332 0.0246 0.0335 0.0255 0.0292 0.0230 0.0292 0.0170 0.0331 0.0133 0.0334 0.0133 0.0339 0.0170 0.0341 0.0292 0.0229 0.0291 0.0293 0.0335 0.0295 0.0336 0.0229 0.0243 0.0342 0.0282 0.0344 0.0284 0.0338 0.0246 0.0335 0.0084 0.0294 0.0089 0.0335 0.0133 0.0334 0.0127 0.0293 0.0291 0.0293 0.0284 0.0338 0.0330 0.0340 0.0335 0.0295 0.0080 0.0230 0.0084 0.0294 0.0127 0.0293 0.0125 0.0230 0.0284 0.0338 0.0282 0.0344 0.0329 0.0347 0.0330 0.0340 0.0166 0.0292 0.0193 0.0292 0.0192 0.0230 0.0165 0.0230 0.0133 0.0339 0.0133 0.0334 0.0089 0.0335 0.0090 0.0340 0.0213 0.0292 0.0206 0.0333 0.0223 0.0332 0.0230 0.0292 0.0206 0.0333 0.0243 0.0342 0.0246 0.0335 0.0223 0.0332 0.0229 0.0168 0.0231 0.0230 0.0256 0.0230 0.0253 0.0167 0.0125 0.0167 0.0125 0.0230 0.0165 0.0230 0.0165 0.0167 0.0213 0.0230 0.0231 0.0230 0.0229 0.0168 0.0212 0.0168 0.0246 0.0126 0.0253 0.0167 0.0289 0.0166 0.0282 0.0124 0.0253 0.0167 0.0256 0.0230 0.0292 0.0229 0.0289 0.0166 0.0170 0.0127 0.0165 0.0167 0.0192 0.0167 0.0191 0.0129 0.0192 0.0167 0.0212 0.0168 0.0207 0.0126 0.0191 0.0129 0.0191 0.0129 0.0207 0.0126 0.0172 0.0118 0.0170 0.0127 0.0192 0.0230 0.0213 0.0230 0.0212 0.0168 0.0192 0.0167 0.0132 0.0124 0.0125 0.0167 0.0165 0.0167 0.0170 0.0127 0.0223 0.0128 0.0229 0.0168 0.0253 0.0167 0.0246 0.0126 0.0170 0.0127 0.0172 0.0118 0.0132 0.0118 0.0132 0.0124 0.0292 0.0229 0.0336 0.0229 0.0332 0.0165 0.0289 0.0166 0.0244 0.0119 0.0246 0.0126 0.0282 0.0124 0.0282 0.0118 0.0080 0.0166 0.0125 0.0167 0.0132 0.0124 0.0086 0.0122 0.0289 0.0166 0.0332 0.0165 0.0325 0.0122 0.0282 0.0124 0.0080 0.0230 0.0125 0.0230 0.0125 0.0167 0.0080 0.0166 0.0282 0.0124 0.0325 0.0122 0.0325 0.0117 0.0282 0.0118 0.0165 0.0167 0.0165 0.0230 0.0192 0.0230 0.0192 0.0167 0.0132 0.0118 0.0086 0.0116 0.0086 0.0122 0.0132 0.0124 0.0212 0.0168 0.0229 0.0168 0.0223 0.0128 0.0207 0.0126 0.0207 0.0126 0.0223 0.0128 0.0246 0.0126 0.0244 0.0119 0.0526 0.0289 0.0526 0.0221 0.0531 0.0221 0.0531 0.0290 0.0503 0.0290 0.0503 0.0221 0.0511 0.0221 0.0512 0.0290 0.0522 0.0221 0.0526 0.0221 0.0526 0.0289 0.0522 0.0289 0.0529 0.0337 0.0531 0.0290 0.0539 0.0291 0.0537 0.0340 0.0531 0.0290 0.0531 0.0221 0.0539 0.0221 0.0539 0.0291 0.0513 0.0333 0.0512 0.0290 0.0518 0.0290 0.0517 0.0332 0.0518 0.0290 0.0522 0.0289 0.0520 0.0335 0.0517 0.0332 0.0517 0.0332 0.0520 0.0335 0.0513 0.0343 0.0513 0.0333 0.0517 0.0221 0.0522 0.0221 0.0522 0.0289 0.0518 0.0290 0.0505 0.0335 0.0503 0.0290 0.0512 0.0290 0.0513 0.0333 0.0524 0.0333 0.0526 0.0289 0.0531 0.0290 0.0529 0.0337 0.0513 0.0333 0.0513 0.0343 0.0504 0.0341 0.0505 0.0335 0.0539 0.0221 0.0548 0.0220 0.0548 0.0292 0.0539 0.0291 0.0528 0.0345 0.0529 0.0337 0.0537 0.0340 0.0537 0.0346 0.0494 0.0291 0.0503 0.0290 0.0505 0.0335 0.0495 0.0337 0.0539 0.0291 0.0548 0.0292 0.0547 0.0343 0.0537 0.0340 0.0493 0.0221 0.0503 0.0221 0.0503 0.0290 0.0494 0.0291 0.0537 0.0340 0.0547 0.0343 0.0547 0.0350 0.0537 0.0346 0.0512 0.0290 0.0511 0.0221 0.0517 0.0221 0.0518 0.0290 0.0504 0.0341 0.0495 0.0343 0.0495 0.0337 0.0505 0.0335 0.0522 0.0289 0.0526 0.0289 0.0524 0.0333 0.0520 0.0335 0.0520 0.0335 0.0524 0.0333 0.0529 0.0337 0.0528 0.0345 0.0525 0.0153 0.0531 0.0152 0.0531 0.0221 0.0526 0.0221 0.0503 0.0151 0.0512 0.0152 0.0511 0.0221 0.0503 0.0221 0.0522 0.0221 0.0522 0.0152 0.0525 0.0153 0.0526 0.0221 0.0529 0.0106 0.0537 0.0104 0.0538 0.0151 0.0531 0.0152 0.0531 0.0152 0.0538 0.0151 0.0539 0.0221 0.0531 0.0221 0.0513 0.0108 0.0517 0.0110 0.0517 0.0152 0.0512 0.0152 0.0517 0.0152 0.0517 0.0110 0.0521 0.0107 0.0522 0.0152 0.0517 0.0110 0.0513 0.0108 0.0513 0.0097 0.0521 0.0107 0.0517 0.0221 0.0517 0.0152 0.0522 0.0152 0.0522 0.0221 0.0504 0.0104 0.0513 0.0108 0.0512 0.0152 0.0503 0.0151 0.0524 0.0109 0.0529 0.0106 0.0531 0.0152 0.0525 0.0153 0.0513 0.0108 0.0504 0.0104 0.0504 0.0098 0.0513 0.0097 0.0539 0.0221 0.0538 0.0151 0.0548 0.0149 0.0548 0.0220 0.0528 0.0099 0.0537 0.0098 0.0537 0.0104 0.0529 0.0106 0.0493 0.0150 0.0494 0.0102 0.0504 0.0104 0.0503 0.0151 0.0538 0.0151 0.0537 0.0104 0.0546 0.0102 0.0548 0.0149 0.0493 0.0221 0.0493 0.0150 0.0503 0.0151 0.0503 0.0221 0.0537 0.0104 0.0537 0.0098 0.0546 0.0096 0.0546 0.0102 0.0512 0.0152 0.0517 0.0152 0.0517 0.0221 0.0511 0.0221 0.0504 0.0098 0.0504 0.0104 0.0494 0.0102 0.0494 0.0095 0.0078 0.7091 0.3301 0.7091 0.3301 0.7121 0.0078 0.7121 0.0626 0.0187 0.0620 0.0209 0.0524 0.0209 0.0530 0.0187 0.0451 0.0253 0.0445 0.0231 0.0481 0.0231 0.0487 0.0253 0.3113 0.4259 0.3113 0.0402 0.3127 0.0402 0.3127 0.4259 0.0655 0.0143 0.0638 0.0165 0.0542 0.0165 0.0560 0.0143 0.0638 0.0275 0.0655 0.0297 0.0560 0.0297 0.0542 0.0275 0.0335 0.0149 0.0356 0.0128 0.0269 0.0128 0.0247 0.0149 0.0148 0.0191 0.0142 0.0212 0.0175 0.0212 0.0180 0.0191 0.0655 0.0297 0.0678 0.0319 0.0584 0.0319 0.0560 0.0297 0.0319 0.0275 0.0309 0.0254 0.0220 0.0254 0.0231 0.0275 0.0445 0.0231 0.0445 0.0209 0.0481 0.0209 0.0481 0.0231 0.0230 0.0317 0.0258 0.0338 0.0297 0.0338 0.0269 0.0317 0.0356 0.0317 0.0335 0.0296 0.0247 0.0296 0.0269 0.0317 0.0356 0.0128 0.0382 0.0107 0.0297 0.0107 0.0269 0.0128 0.0487 0.0187 0.0499 0.0165 0.0542 0.0165 0.0530 0.0187 0.0626 0.0253 0.0638 0.0275 0.0542 0.0275 0.0530 0.0253 0.0175 0.0233 0.0180 0.0254 0.0220 0.0254 0.0215 0.0233 0.0517 0.0143 0.0541 0.0121 0.0584 0.0121 0.0560 0.0143 0.0537 0.0341 0.0506 0.0319 0.0541 0.0319 0.0571 0.0341 0.0319 0.0170 0.0335 0.0149 0.0247 0.0149 0.0231 0.0170 0.0335 0.0296 0.0319 0.0275 0.0231 0.0275 0.0247 0.0296 0.0192 0.0170 0.0180 0.0191 0.0220 0.0191 0.0231 0.0170 0.0707 0.0099 0.0678 0.0121 0.0584 0.0121 0.0613 0.0099 0.0175 0.0212 0.0175 0.0233 0.0215 0.0233 0.0215 0.0212 0.0650 0.0275 0.0640 0.0254 0.0462 0.0254 0.0473 0.0275 0.0620 0.0231 0.0620 0.0209 0.0787 0.0209 0.0787 0.0231 0.0713 0.0338 0.0687 0.0317 0.0509 0.0317 0.0536 0.0338 0.0335 0.0296 0.0356 0.0317 0.0509 0.0317 0.0488 0.0296 0.0382 0.0107 0.0356 0.0128 0.0509 0.0128 0.0536 0.0107 0.0626 0.0187 0.0638 0.0165 0.0804 0.0165 0.0793 0.0187 0.0638 0.0275 0.0626 0.0253 0.0793 0.0253 0.0804 0.0275 0.0640 0.0254 0.0634 0.0233 0.0457 0.0233 0.0462 0.0254 0.1037 0.0121 0.1014 0.0143 0.0822 0.0143 0.0844 0.0121 0.0707 0.0341 0.0678 0.0319 0.0844 0.0319 0.0873 0.0341 0.0650 0.0170 0.0666 0.0149 0.0488 0.0149 0.0473 0.0170 0.0319 0.0275 0.0335 0.0296 0.0488 0.0296 0.0473 0.0275 0.0319 0.0170 0.0309 0.0191 0.0462 0.0191 0.0473 0.0170 0.1066 0.0099 0.1037 0.0121 0.0844 0.0121 0.0873 0.0099 0.0634 0.0233 0.0634 0.0212 0.0457 0.0212 0.0457 0.0233 0.0078 0.6979 0.3301 0.6979 0.3301 0.7039 0.0078 0.7039 0.0620 0.0209 0.0626 0.0187 0.0793 0.0187 0.0787 0.0209 0.0980 0.0231 0.0986 0.0253 0.0793 0.0253 0.0787 0.0231 0.3283 0.0402 0.3283 0.4259 0.3217 0.4259 0.3217 0.0402 0.1014 0.0143 0.0997 0.0165 0.0804 0.0165 0.0822 0.0143 0.0655 0.0297 0.0638 0.0275 0.0804 0.0275 0.0822 0.0297 0.0356 0.0128 0.0335 0.0149 0.0488 0.0149 0.0509 0.0128 0.0634 0.0212 0.0640 0.0191 0.0462 0.0191 0.0457 0.0212 0.0678 0.0319 0.0655 0.0297 0.0822 0.0297 0.0844 0.0319 0.0078 0.7121 0.3301 0.7121 0.3301 0.7134 0.0078 0.7134 0.0530 0.0187 0.0524 0.0209 0.0481 0.0209 0.0487 0.0187 0.0560 0.0143 0.0542 0.0165 0.0499 0.0165 0.0517 0.0143 0.0482 0.0297 0.0464 0.0275 0.0499 0.0275 0.0517 0.0297 0.0198 0.0128 0.0176 0.0149 0.0208 0.0149 0.0230 0.0128 0.0506 0.0319 0.0482 0.0297 0.0517 0.0297 0.0541 0.0319 0.0148 0.0254 0.0159 0.0275 0.0192 0.0275 0.0180 0.0254 0.0269 0.0317 0.0247 0.0296 0.0208 0.0296 0.0230 0.0317 0.0226 0.0107 0.0198 0.0128 0.0230 0.0128 0.0258 0.0107 0.0464 0.0275 0.0451 0.0253 0.0487 0.0253 0.0499 0.0275 0.0231 0.0170 0.0247 0.0149 0.0208 0.0149 0.0192 0.0170 0.0159 0.0275 0.0176 0.0296 0.0208 0.0296 0.0192 0.0275 0.0506 0.0121 0.0537 0.0099 0.0571 0.0099 0.0541 0.0121 0.0524 0.0231 0.0530 0.0253 0.0487 0.0253 0.0481 0.0231 0.3101 0.4259 0.3101 0.0402 0.3113 0.0402 0.3113 0.4259 0.0215 0.0212 0.0220 0.0191 0.0180 0.0191 0.0175 0.0212 0.0524 0.0209 0.0524 0.0231 0.0481 0.0231 0.0481 0.0209 0.0198 0.0317 0.0226 0.0338 0.0258 0.0338 0.0230 0.0317 0.0451 0.0187 0.0464 0.0165 0.0499 0.0165 0.0487 0.0187 0.0142 0.0233 0.0148 0.0254 0.0180 0.0254 0.0175 0.0233 0.0482 0.0143 0.0506 0.0121 0.0541 0.0121 0.0517 0.0143 0.0584 0.0319 0.0613 0.0341 0.0571 0.0341 0.0541 0.0319 0.0159 0.0170 0.0148 0.0191 0.0180 0.0191 0.0192 0.0170 0.0142 0.0212 0.0142 0.0233 0.0175 0.0233 0.0175 0.0212 0.3283 0.4259 0.3283 0.0402 0.3339 0.0402 0.3339 0.4259 0.1374 0.0143 0.1357 0.0165 0.1158 0.0165 0.1175 0.0143 0.1014 0.0297 0.0997 0.0275 0.1158 0.0275 0.1175 0.0297 0.1357 0.0165 0.1346 0.0187 0.1147 0.0187 0.1158 0.0165 0.0997 0.0275 0.0986 0.0253 0.1147 0.0253 0.1158 0.0275 0.0687 0.0128 0.0666 0.0149 0.0814 0.0149 0.0834 0.0128 0.0634 0.0233 0.0640 0.0254 0.0787 0.0254 0.0782 0.0233 0.1014 0.0143 0.1037 0.0121 0.1198 0.0121 0.1175 0.0143 0.1396 0.0319 0.1425 0.0341 0.1226 0.0341 0.1198 0.0319 0.0666 0.0149 0.0650 0.0170 0.0798 0.0170 0.0814 0.0149 0.0640 0.0191 0.0634 0.0212 0.0782 0.0212 0.0787 0.0191 0.0650 0.0275 0.0666 0.0296 0.0814 0.0296 0.0798 0.0275 0.0970 0.0191 0.0981 0.0170 0.0798 0.0170 0.0787 0.0191 0.1374 0.0297 0.1396 0.0319 0.1198 0.0319 0.1175 0.0297 0.1037 0.0121 0.1066 0.0099 0.1226 0.0099 0.1198 0.0121 0.0634 0.0212 0.0634 0.0233 0.0782 0.0233 0.0782 0.0212 0.0078 0.6866 0.3301 0.6866 0.3301 0.6929 0.0078 0.6929 0.0981 0.0275 0.0970 0.0254 0.0787 0.0254 0.0798 0.0275 0.1340 0.0209 0.1340 0.0231 0.1141 0.0231 0.1141 0.0209 0.1346 0.0187 0.1340 0.0209 0.1141 0.0209 0.1147 0.0187 0.0687 0.0317 0.0713 0.0338 0.0860 0.0338 0.0834 0.0317 0.1340 0.0231 0.1346 0.0253 0.1147 0.0253 0.1141 0.0231 0.1017 0.0317 0.0996 0.0296 0.0814 0.0296 0.0834 0.0317 0.1017 0.0128 0.1043 0.0107 0.0860 0.0107 0.0834 0.0128 0.1017 0.0317 0.1043 0.0338 0.1206 0.0338 0.1180 0.0317 0.1346 0.0253 0.1340 0.0231 0.1517 0.0231 0.1523 0.0253 0.1705 0.0253 0.1716 0.0275 0.1534 0.0275 0.1523 0.0253 0.0996 0.0296 0.1017 0.0317 0.1180 0.0317 0.1159 0.0296 0.1327 0.0149 0.1348 0.0128 0.1180 0.0128 0.1159 0.0149 0.1348 0.0128 0.1374 0.0107 0.1206 0.0107 0.1180 0.0128 0.0965 0.0233 0.0970 0.0254 0.1134 0.0254 0.1128 0.0233 0.1374 0.0143 0.1396 0.0121 0.1573 0.0121 0.1551 0.0143 0.1425 0.0341 0.1396 0.0319 0.1573 0.0319 0.1602 0.0341 0.1312 0.0170 0.1327 0.0149 0.1159 0.0149 0.1144 0.0170 0.1296 0.0212 0.1301 0.0191 0.1134 0.0191 0.1128 0.0212 0.1327 0.0296 0.1312 0.0275 0.1144 0.0275 0.1159 0.0296 0.1301 0.0191 0.1312 0.0170 0.1144 0.0170 0.1134 0.0191 0.1733 0.0297 0.1756 0.0319 0.1573 0.0319 0.1551 0.0297 0.1784 0.0099 0.1756 0.0121 0.1573 0.0121 0.1602 0.0099 0.0965 0.0212 0.0965 0.0233 0.1128 0.0233 0.1128 0.0212 0.0078 0.6754 0.3301 0.6754 0.3301 0.6811 0.0078 0.6811 0.3531 0.0402 0.3531 0.4259 0.3468 0.4259 0.3468 0.0402 0.0970 0.0254 0.0981 0.0275 0.1144 0.0275 0.1134 0.0254 0.1733 0.0143 0.1716 0.0165 0.1534 0.0165 0.1551 0.0143 0.1700 0.0209 0.1700 0.0231 0.1517 0.0231 0.1517 0.0209 0.1340 0.0209 0.1346 0.0187 0.1523 0.0187 0.1517 0.0209 0.1374 0.0297 0.1357 0.0275 0.1534 0.0275 0.1551 0.0297 0.1716 0.0165 0.1705 0.0187 0.1523 0.0187 0.1534 0.0165 " />
										</IndexedFaceSet>
									</Shape>
								</Group>
							</Transform>
						</Transform>
					</Transform>
				</Transform>
			</Transform>
		</Transform>
		<Transform DEF="Bone002_TRANSFORM"
		           translation="-75.633957 2.609061 13.708843"
		           scale="1.000000 1.000000 1.000000"
		           rotation="0.950430 0.219867 0.219865 1.621614"
		           >
			<Transform DEF="Bone002_ifs_TRANSFORM"
			           translation="-0.000003 -0.000001 -0.000007"
			           scale="1.000000 1.000000 1.000000"
			           rotation="-0.000000 0.000000 0.000000 0.000000"
			           >
				<Group DEF="group_ME_Bone002_001">
					<Shape>
						<Appearance>
							<Material DEF="MA_Max_MaterialID_0_001"
							          diffuseColor="0.800 0.800 0.800"
							          specularColor="0.401 0.401 0.401"
							          emissiveColor="0.000 0.000 0.000"
							          ambientIntensity="0.000"
							          shininess="0.500"
							          transparency="0.0"
							          />
									  <ImageTexture url='"All Pages - Gaming - Flip Once.png"'></ImageTexture>
						</Appearance>
						<IndexedFaceSet solid="false"
						                creaseAngle="0.5236"
						                coordIndex="4 7 5 -1 6 5 7 -1 "
						                >
							<Coordinate DEF="coords_ME_Bone002_001"
							            point="0.060000 -0.000000 -0.120000 0.060000 -0.000000 0.120000 0.060000 -0.000000 0.120000 0.060000 -0.000000 -0.120000 3.090472 -0.000000 -0.012000 3.090472 -0.000000 0.012000 3.090472 -0.000000 0.012000 3.090472 -0.000000 -0.012000 0.000000 -0.000000 0.000000 "
							            />
						</IndexedFaceSet>
					</Shape>
					<Shape>
						<Appearance>
							<Material DEF="MA_Max_MaterialID_1"
							          diffuseColor="0.800 0.800 0.800"
							          specularColor="0.401 0.401 0.401"
							          emissiveColor="0.000 0.000 0.000"
							          ambientIntensity="0.000"
							          shininess="0.500"
							          transparency="0.0"
							          />
						</Appearance>
						<IndexedFaceSet solid="false"
						                creaseAngle="0.5236"
						                coordIndex="1 5 2 -1 6 2 5 -1 "
						                >
							<Coordinate USE="coords_ME_Bone002_001" />
						</IndexedFaceSet>
					</Shape>
					<Shape>
						<Appearance>
							<Material DEF="MA_Max_MaterialID_2"
							          diffuseColor="0.800 0.800 0.800"
							          specularColor="0.401 0.401 0.401"
							          emissiveColor="0.000 0.000 0.000"
							          ambientIntensity="0.000"
							          shininess="0.500"
							          transparency="0.0"
							          />
						</Appearance>
						<IndexedFaceSet solid="false"
						                creaseAngle="0.5236"
						                coordIndex="0 4 1 -1 5 1 4 -1 "
						                >
							<Coordinate USE="coords_ME_Bone002_001" />
						</IndexedFaceSet>
					</Shape>
					<Shape>
						<Appearance>
							<Material DEF="MA_Max_MaterialID_3"
							          diffuseColor="0.800 0.800 0.800"
							          specularColor="0.401 0.401 0.401"
							          emissiveColor="0.000 0.000 0.000"
							          ambientIntensity="0.000"
							          shininess="0.500"
							          transparency="0.0"
							          />
						</Appearance>
						<IndexedFaceSet solid="false"
						                creaseAngle="0.5236"
						                coordIndex="7 3 6 -1 2 6 3 -1 "
						                >
							<Coordinate USE="coords_ME_Bone002_001" />
						</IndexedFaceSet>
					</Shape>
					<Shape>
						<Appearance>
							<Material DEF="MA_Max_MaterialID_4"
							          diffuseColor="0.800 0.800 0.800"
							          specularColor="0.401 0.401 0.401"
							          emissiveColor="0.000 0.000 0.000"
							          ambientIntensity="0.000"
							          shininess="0.500"
							          transparency="0.0"
							          />
						</Appearance>
						<IndexedFaceSet solid="false"
						                creaseAngle="0.5236"
						                coordIndex="4 0 7 -1 3 7 0 -1 "
						                >
							<Coordinate USE="coords_ME_Bone002_001" />
						</IndexedFaceSet>
					</Shape>
					<Shape>
						<Appearance>
							<Material DEF="MA_Max_MaterialID_5"
							          diffuseColor="0.800 0.800 0.800"
							          specularColor="0.401 0.401 0.401"
							          emissiveColor="0.000 0.000 0.000"
							          ambientIntensity="0.000"
							          shininess="0.500"
							          transparency="0.0"
							          />
						</Appearance>
						<IndexedFaceSet solid="false"
						                creaseAngle="0.5236"
						                coordIndex="8 0 1 -1 8 1 2 -1 8 2 3 -1 8 3 0 -1 "
						                >
							<Coordinate USE="coords_ME_Bone002_001" />
						</IndexedFaceSet>
					</Shape>
				</Group>
			</Transform>
			<Transform DEF="Bone003_001_TRANSFORM"
			           translation="3.090483 0.000004 -0.000008"
			           scale="1.000000 1.000000 1.000000"
			           rotation="-0.000003 -1.000000 -0.000001 0.537793"
			           >
				<Transform DEF="Bone003_TRANSFORM"
				           translation="0.000009 -0.000000 -0.000000"
				           scale="1.000000 1.000000 1.000000"
				           rotation="0.000000 0.000000 0.000000 0.000000"
				           >
					<Transform DEF="Bone003_ifs_TRANSFORM"
					           translation="0.000009 0.000000 -0.000000"
					           scale="1.000000 1.000000 1.000000"
					           rotation="0.000000 0.000000 0.000000 0.000000"
					           >
						<Group DEF="group_ME_Bone003_001">
							<Shape>
								<Appearance>
									<Material USE="MA_Max_MaterialID_0_001" />
								</Appearance>
								<IndexedFaceSet solid="false"
								                creaseAngle="0.5236"
								                coordIndex="4 7 5 -1 6 5 7 -1 "
								                >
									<Coordinate DEF="coords_ME_Bone003_001"
									            point="0.217500 -0.300000 -0.135000 0.217500 -0.300000 0.135000 0.217500 0.300000 0.135000 0.217500 0.300000 -0.135000 21.589735 -0.030000 -0.013500 21.589735 -0.030000 0.013500 21.589735 0.030000 0.013500 21.589735 0.030000 -0.013500 0.000000 -0.000000 0.000000 "
									            />
								</IndexedFaceSet>
							</Shape>
							<Shape>
								<Appearance>
									<Material USE="MA_Max_MaterialID_1" />
								</Appearance>
								<IndexedFaceSet solid="false"
								                creaseAngle="0.5236"
								                coordIndex="1 5 2 -1 6 2 5 -1 "
								                >
									<Coordinate USE="coords_ME_Bone003_001" />
								</IndexedFaceSet>
							</Shape>
							<Shape>
								<Appearance>
									<Material USE="MA_Max_MaterialID_2" />
								</Appearance>
								<IndexedFaceSet solid="false"
								                creaseAngle="0.5236"
								                coordIndex="0 4 1 -1 5 1 4 -1 "
								                >
									<Coordinate USE="coords_ME_Bone003_001" />
								</IndexedFaceSet>
							</Shape>
							<Shape>
								<Appearance>
									<Material USE="MA_Max_MaterialID_3" />
								</Appearance>
								<IndexedFaceSet solid="false"
								                creaseAngle="0.5236"
								                coordIndex="7 3 6 -1 2 6 3 -1 "
								                >
									<Coordinate USE="coords_ME_Bone003_001" />
								</IndexedFaceSet>
							</Shape>
							<Shape>
								<Appearance>
									<Material USE="MA_Max_MaterialID_4" />
								</Appearance>
								<IndexedFaceSet solid="false"
								                creaseAngle="0.5236"
								                coordIndex="4 0 7 -1 3 7 0 -1 "
								                >
									<Coordinate USE="coords_ME_Bone003_001" />
								</IndexedFaceSet>
							</Shape>
							<Shape>
								<Appearance>
									<Material USE="MA_Max_MaterialID_5" />
								</Appearance>
								<IndexedFaceSet solid="false"
								                creaseAngle="0.5236"
								                coordIndex="8 0 1 -1 8 1 2 -1 8 2 3 -1 8 3 0 -1 "
								                >
									<Coordinate USE="coords_ME_Bone003_001" />
								</IndexedFaceSet>
							</Shape>
						</Group>
					</Transform>
				</Transform>
			</Transform>
			<Transform DEF="Bone005_001_TRANSFORM"
			           translation="2.292093 -4.160999 0.360235"
			           scale="1.000000 1.000000 1.000000"
			           rotation="-0.000001 1.000000 0.000001 1.605933"
			           >
				<Transform DEF="Bone005_TRANSFORM"
				           translation="-0.000002 -0.000001 0.000000"
				           scale="0.999956 1.000000 1.000000"
				           rotation="-0.000000 -0.000000 0.000000 0.000000"
				           >
					<Transform DEF="Bone005_ifs_TRANSFORM"
					           translation="0.000001 -0.000001 -0.000003"
					           scale="1.000000 1.000000 1.000000"
					           rotation="-0.000000 0.000000 0.000000 0.000000"
					           >
						<Group DEF="group_ME_Bone005_001">
							<Shape>
								<Appearance>
									<Material USE="MA_Max_MaterialID_0_001" />
								</Appearance>
								<IndexedFaceSet solid="false"
								                creaseAngle="0.5236"
								                coordIndex="4 7 5 -1 6 5 7 -1 "
								                >
									<Coordinate DEF="coords_ME_Bone005_001"
									            point="0.334750 -0.440000 -0.229500 0.334750 -0.440000 0.229500 0.334750 0.440000 0.229500 0.334750 0.440000 -0.229500 0.958798 -0.044000 -0.022950 0.958798 -0.044000 0.022950 0.958798 0.044000 0.022950 0.958798 0.044000 -0.022950 0.000000 -0.000000 0.000000 "
									            />
								</IndexedFaceSet>
							</Shape>
							<Shape>
								<Appearance>
									<Material USE="MA_Max_MaterialID_1" />
								</Appearance>
								<IndexedFaceSet solid="false"
								                creaseAngle="0.5236"
								                coordIndex="1 5 2 -1 6 2 5 -1 "
								                >
									<Coordinate USE="coords_ME_Bone005_001" />
								</IndexedFaceSet>
							</Shape>
							<Shape>
								<Appearance>
									<Material USE="MA_Max_MaterialID_2" />
								</Appearance>
								<IndexedFaceSet solid="false"
								                creaseAngle="0.5236"
								                coordIndex="0 4 1 -1 5 1 4 -1 "
								                >
									<Coordinate USE="coords_ME_Bone005_001" />
								</IndexedFaceSet>
							</Shape>
							<Shape>
								<Appearance>
									<Material USE="MA_Max_MaterialID_3" />
								</Appearance>
								<IndexedFaceSet solid="false"
								                creaseAngle="0.5236"
								                coordIndex="7 3 6 -1 2 6 3 -1 "
								                >
									<Coordinate USE="coords_ME_Bone005_001" />
								</IndexedFaceSet>
							</Shape>
							<Shape>
								<Appearance>
									<Material USE="MA_Max_MaterialID_4" />
								</Appearance>
								<IndexedFaceSet solid="false"
								                creaseAngle="0.5236"
								                coordIndex="4 0 7 -1 3 7 0 -1 "
								                >
									<Coordinate USE="coords_ME_Bone005_001" />
								</IndexedFaceSet>
							</Shape>
							<Shape>
								<Appearance>
									<Material USE="MA_Max_MaterialID_5" />
								</Appearance>
								<IndexedFaceSet solid="false"
								                creaseAngle="0.5236"
								                coordIndex="8 0 1 -1 8 1 2 -1 8 2 3 -1 8 3 0 -1 "
								                >
									<Coordinate USE="coords_ME_Bone005_001" />
								</IndexedFaceSet>
							</Shape>
						</Group>
					</Transform>
				</Transform>
				<Transform DEF="Bone006_001_TRANSFORM"
				           translation="0.958756 -0.000004 -0.000021"
				           scale="1.000000 1.000000 1.000000"
				           rotation="-0.000000 -1.000000 -0.000000 0.986453"
				           >
					<Transform DEF="Bone006_TRANSFORM"
					           translation="-0.000004 0.000000 0.000001"
					           scale="0.999996 1.000000 1.000001"
					           rotation="-0.000000 -0.000000 -0.000000 0.000000"
					           >
						<Transform DEF="Bone006_ifs_TRANSFORM"
						           translation="-0.000001 0.000000 -0.000005"
						           scale="1.000000 1.000000 1.000000"
						           rotation="-0.000000 -0.000000 0.000000 0.000000"
						           >
							<Group DEF="group_ME_Bone006_001">
								<Shape>
									<Appearance>
										<Material USE="MA_Max_MaterialID_0_001" />
									</Appearance>
									<IndexedFaceSet solid="false"
									                creaseAngle="0.5236"
									                coordIndex="4 7 5 -1 6 5 7 -1 "
									                >
										<Coordinate DEF="coords_ME_Bone006_001"
										            point="0.314500 -0.440000 -0.189000 0.314500 -0.440000 0.189000 0.314500 0.440000 0.189000 0.314500 0.440000 -0.189000 1.266571 -0.044000 -0.018900 1.266571 -0.044000 0.018900 1.266571 0.044000 0.018900 1.266571 0.044000 -0.018900 0.000000 -0.000000 0.000000 "
										            />
									</IndexedFaceSet>
								</Shape>
								<Shape>
									<Appearance>
										<Material USE="MA_Max_MaterialID_1" />
									</Appearance>
									<IndexedFaceSet solid="false"
									                creaseAngle="0.5236"
									                coordIndex="1 5 2 -1 6 2 5 -1 "
									                >
										<Coordinate USE="coords_ME_Bone006_001" />
									</IndexedFaceSet>
								</Shape>
								<Shape>
									<Appearance>
										<Material USE="MA_Max_MaterialID_2" />
									</Appearance>
									<IndexedFaceSet solid="false"
									                creaseAngle="0.5236"
									                coordIndex="0 4 1 -1 5 1 4 -1 "
									                >
										<Coordinate USE="coords_ME_Bone006_001" />
									</IndexedFaceSet>
								</Shape>
								<Shape>
									<Appearance>
										<Material USE="MA_Max_MaterialID_3" />
									</Appearance>
									<IndexedFaceSet solid="false"
									                creaseAngle="0.5236"
									                coordIndex="7 3 6 -1 2 6 3 -1 "
									                >
										<Coordinate USE="coords_ME_Bone006_001" />
									</IndexedFaceSet>
								</Shape>
								<Shape>
									<Appearance>
										<Material USE="MA_Max_MaterialID_4" />
									</Appearance>
									<IndexedFaceSet solid="false"
									                creaseAngle="0.5236"
									                coordIndex="4 0 7 -1 3 7 0 -1 "
									                >
										<Coordinate USE="coords_ME_Bone006_001" />
									</IndexedFaceSet>
								</Shape>
								<Shape>
									<Appearance>
										<Material USE="MA_Max_MaterialID_5" />
									</Appearance>
									<IndexedFaceSet solid="false"
									                creaseAngle="0.5236"
									                coordIndex="8 0 1 -1 8 1 2 -1 8 2 3 -1 8 3 0 -1 "
									                >
										<Coordinate USE="coords_ME_Bone006_001" />
									</IndexedFaceSet>
								</Shape>
							</Group>
						</Transform>
					</Transform>
					<Transform DEF="Bone007_001_TRANSFORM"
					           translation="1.266564 0.000000 0.000006"
					           scale="1.000000 1.000000 1.000000"
					           rotation="-0.000000 -1.000000 -0.000000 1.213731"
					           >
						<Transform DEF="Bone007_TRANSFORM"
						           translation="-0.000003 0.000001 0.000001"
						           scale="1.000004 1.000000 1.000001"
						           rotation="0.000000 0.000000 -0.000000 0.000000"
						           >
							<Transform DEF="Bone007_ifs_TRANSFORM"
							           translation="-0.000008 0.000001 0.000000"
							           scale="1.000000 1.000000 1.000000"
							           rotation="0.000000 0.000000 -0.000000 0.000000"
							           >
								<Group DEF="group_ME_Bone007_001">
									<Shape>
										<Appearance>
											<Material USE="MA_Max_MaterialID_0_001" />
										</Appearance>
										<IndexedFaceSet solid="false"
										                creaseAngle="0.5236"
										                coordIndex="4 7 5 -1 6 5 7 -1 "
										                >
											<Coordinate DEF="coords_ME_Bone007_001"
											            point="0.331375 -0.440000 -0.222750 0.331375 -0.440000 0.222750 0.331375 0.440000 0.222750 0.331375 0.440000 -0.222750 6.016237 -0.044000 -0.022275 6.016237 -0.044000 0.022275 6.016237 0.044000 0.022275 6.016237 0.044000 -0.022275 0.000000 -0.000000 0.000000 "
											            />
										</IndexedFaceSet>
									</Shape>
									<Shape>
										<Appearance>
											<Material USE="MA_Max_MaterialID_1" />
										</Appearance>
										<IndexedFaceSet solid="false"
										                creaseAngle="0.5236"
										                coordIndex="1 5 2 -1 6 2 5 -1 "
										                >
											<Coordinate USE="coords_ME_Bone007_001" />
										</IndexedFaceSet>
									</Shape>
									<Shape>
										<Appearance>
											<Material USE="MA_Max_MaterialID_2" />
										</Appearance>
										<IndexedFaceSet solid="false"
										                creaseAngle="0.5236"
										                coordIndex="0 4 1 -1 5 1 4 -1 "
										                >
											<Coordinate USE="coords_ME_Bone007_001" />
										</IndexedFaceSet>
									</Shape>
									<Shape>
										<Appearance>
											<Material USE="MA_Max_MaterialID_3" />
										</Appearance>
										<IndexedFaceSet solid="false"
										                creaseAngle="0.5236"
										                coordIndex="7 3 6 -1 2 6 3 -1 "
										                >
											<Coordinate USE="coords_ME_Bone007_001" />
										</IndexedFaceSet>
									</Shape>
									<Shape>
										<Appearance>
											<Material USE="MA_Max_MaterialID_4" />
										</Appearance>
										<IndexedFaceSet solid="false"
										                creaseAngle="0.5236"
										                coordIndex="4 0 7 -1 3 7 0 -1 "
										                >
											<Coordinate USE="coords_ME_Bone007_001" />
										</IndexedFaceSet>
									</Shape>
									<Shape>
										<Appearance>
											<Material USE="MA_Max_MaterialID_5" />
										</Appearance>
										<IndexedFaceSet solid="false"
										                creaseAngle="0.5236"
										                coordIndex="8 0 1 -1 8 1 2 -1 8 2 3 -1 8 3 0 -1 "
										                >
											<Coordinate USE="coords_ME_Bone007_001" />
										</IndexedFaceSet>
									</Shape>
								</Group>
							</Transform>
						</Transform>
						<Transform DEF="Bone008_001_TRANSFORM"
						           translation="6.016248 0.000001 0.000036"
						           scale="1.000000 1.000000 1.000000"
						           rotation="0.000000 1.000173 -0.000000 0.046478"
						           >
							<Transform DEF="Bone008_TRANSFORM"
							           translation="-0.000001 0.000000 0.000000"
							           scale="1.000023 1.000000 1.000001"
							           rotation="0.000000 0.000000 -0.000000 0.000000"
							           >
								<Transform DEF="Bone008_ifs_TRANSFORM"
								           translation="-0.000007 0.000000 -0.000001"
								           scale="1.000000 1.000000 1.000000"
								           rotation="-0.000000 -0.000000 -0.000000 0.000000"
								           >
									<Group DEF="group_ME_Bone008_001">
										<Shape>
											<Appearance>
												<Material USE="MA_Max_MaterialID_0_001" />
											</Appearance>
											<IndexedFaceSet solid="false"
											                creaseAngle="0.5236"
											                coordIndex="4 7 5 -1 6 5 7 -1 "
											                >
												<Coordinate DEF="coords_ME_Bone008_001"
												            point="0.316625 -0.440000 -0.193250 0.316625 -0.440000 0.193250 0.316625 0.440000 0.193250 0.316625 0.440000 -0.193250 6.418216 -0.044000 -0.019325 6.418216 -0.044000 0.019325 6.418216 0.044000 0.019325 6.418216 0.044000 -0.019325 0.000000 -0.000000 0.000000 "
												            />
											</IndexedFaceSet>
										</Shape>
										<Shape>
											<Appearance>
												<Material USE="MA_Max_MaterialID_1" />
											</Appearance>
											<IndexedFaceSet solid="false"
											                creaseAngle="0.5236"
											                coordIndex="1 5 2 -1 6 2 5 -1 "
											                >
												<Coordinate USE="coords_ME_Bone008_001" />
											</IndexedFaceSet>
										</Shape>
										<Shape>
											<Appearance>
												<Material USE="MA_Max_MaterialID_2" />
											</Appearance>
											<IndexedFaceSet solid="false"
											                creaseAngle="0.5236"
											                coordIndex="0 4 1 -1 5 1 4 -1 "
											                >
												<Coordinate USE="coords_ME_Bone008_001" />
											</IndexedFaceSet>
										</Shape>
										<Shape>
											<Appearance>
												<Material USE="MA_Max_MaterialID_3" />
											</Appearance>
											<IndexedFaceSet solid="false"
											                creaseAngle="0.5236"
											                coordIndex="7 3 6 -1 2 6 3 -1 "
											                >
												<Coordinate USE="coords_ME_Bone008_001" />
											</IndexedFaceSet>
										</Shape>
										<Shape>
											<Appearance>
												<Material USE="MA_Max_MaterialID_4" />
											</Appearance>
											<IndexedFaceSet solid="false"
											                creaseAngle="0.5236"
											                coordIndex="4 0 7 -1 3 7 0 -1 "
											                >
												<Coordinate USE="coords_ME_Bone008_001" />
											</IndexedFaceSet>
										</Shape>
										<Shape>
											<Appearance>
												<Material USE="MA_Max_MaterialID_5" />
											</Appearance>
											<IndexedFaceSet solid="false"
											                creaseAngle="0.5236"
											                coordIndex="8 0 1 -1 8 1 2 -1 8 2 3 -1 8 3 0 -1 "
											                >
												<Coordinate USE="coords_ME_Bone008_001" />
											</IndexedFaceSet>
										</Shape>
									</Group>
								</Transform>
							</Transform>
							<Transform DEF="Bone009_001_TRANSFORM"
							           translation="6.418350 0.000003 -0.000019"
							           scale="1.000000 1.000000 1.000000"
							           rotation="0.000000 -0.982351 -0.000000 0.002392"
							           >
								<Transform DEF="Bone009_TRANSFORM"
								           translation="-0.000002 -0.000000 0.000000"
								           scale="1.000001 1.000000 1.000001"
								           rotation="0.000000 0.000000 -0.000000 0.000000"
								           >
									<Transform DEF="Bone009_ifs_TRANSFORM"
									           translation="-0.000001 -0.000000 -0.000001"
									           scale="1.000000 1.000000 1.000000"
									           rotation="-0.000000 0.000000 0.000000 0.000000"
									           >
										<Group DEF="group_ME_Bone009_001">
											<Shape>
												<Appearance>
													<Material USE="MA_Max_MaterialID_0_001" />
												</Appearance>
												<IndexedFaceSet solid="false"
												                creaseAngle="0.5236"
												                coordIndex="4 7 5 -1 6 5 7 -1 "
												                >
													<Coordinate DEF="coords_ME_Bone009_001"
													            point="0.324625 -0.440000 -0.209250 0.324625 -0.440000 0.209250 0.324625 0.440000 0.209250 0.324625 0.440000 -0.209250 6.821672 -0.044000 -0.020925 6.821672 -0.044000 0.020925 6.821672 0.044000 0.020925 6.821672 0.044000 -0.020925 0.000000 -0.000000 0.000000 "
													            />
												</IndexedFaceSet>
											</Shape>
											<Shape>
												<Appearance>
													<Material USE="MA_Max_MaterialID_1" />
												</Appearance>
												<IndexedFaceSet solid="false"
												                creaseAngle="0.5236"
												                coordIndex="1 5 2 -1 6 2 5 -1 "
												                >
													<Coordinate USE="coords_ME_Bone009_001" />
												</IndexedFaceSet>
											</Shape>
											<Shape>
												<Appearance>
													<Material USE="MA_Max_MaterialID_2" />
												</Appearance>
												<IndexedFaceSet solid="false"
												                creaseAngle="0.5236"
												                coordIndex="0 4 1 -1 5 1 4 -1 "
												                >
													<Coordinate USE="coords_ME_Bone009_001" />
												</IndexedFaceSet>
											</Shape>
											<Shape>
												<Appearance>
													<Material USE="MA_Max_MaterialID_3" />
												</Appearance>
												<IndexedFaceSet solid="false"
												                creaseAngle="0.5236"
												                coordIndex="7 3 6 -1 2 6 3 -1 "
												                >
													<Coordinate USE="coords_ME_Bone009_001" />
												</IndexedFaceSet>
											</Shape>
											<Shape>
												<Appearance>
													<Material USE="MA_Max_MaterialID_4" />
												</Appearance>
												<IndexedFaceSet solid="false"
												                creaseAngle="0.5236"
												                coordIndex="4 0 7 -1 3 7 0 -1 "
												                >
													<Coordinate USE="coords_ME_Bone009_001" />
												</IndexedFaceSet>
											</Shape>
											<Shape>
												<Appearance>
													<Material USE="MA_Max_MaterialID_5" />
												</Appearance>
												<IndexedFaceSet solid="false"
												                creaseAngle="0.5236"
												                coordIndex="8 0 1 -1 8 1 2 -1 8 2 3 -1 8 3 0 -1 "
												                >
													<Coordinate USE="coords_ME_Bone009_001" />
												</IndexedFaceSet>
											</Shape>
										</Group>
									</Transform>
								</Transform>
							</Transform>
						</Transform>
					</Transform>
				</Transform>
			</Transform>
			<Transform DEF="Bone011_001_TRANSFORM"
			           translation="0.887993 -4.161008 0.371964"
			           scale="1.000000 1.000000 1.000000"
			           rotation="-0.000001 1.000000 0.000001 1.605933"
			           >
				<Transform DEF="Bone011_TRANSFORM"
				           translation="0.000001 -0.000000 -0.000002"
				           scale="0.999956 1.000000 1.000000"
				           rotation="-0.000000 -0.000000 0.000000 0.000000"
				           >
					<Transform DEF="Bone011_ifs_TRANSFORM"
					           translation="0.000003 -0.000000 0.000006"
					           scale="1.000000 1.000000 1.000000"
					           rotation="-0.000000 0.000000 0.000000 0.000000"
					           >
						<Group DEF="group_ME_Bone011_001">
							<Shape>
								<Appearance>
									<Material USE="MA_Max_MaterialID_0_001" />
								</Appearance>
								<IndexedFaceSet solid="false"
								                creaseAngle="0.5236"
								                coordIndex="4 7 5 -1 6 5 7 -1 "
								                >
									<Coordinate DEF="coords_ME_Bone011_001"
									            point="0.334750 -0.440000 -0.229500 0.334750 -0.440000 0.229500 0.334750 0.440000 0.229500 0.334750 0.440000 -0.229500 0.958798 -0.044000 -0.022950 0.958798 -0.044000 0.022950 0.958798 0.044000 0.022950 0.958798 0.044000 -0.022950 0.000000 -0.000000 0.000000 "
									            />
								</IndexedFaceSet>
							</Shape>
							<Shape>
								<Appearance>
									<Material USE="MA_Max_MaterialID_1" />
								</Appearance>
								<IndexedFaceSet solid="false"
								                creaseAngle="0.5236"
								                coordIndex="1 5 2 -1 6 2 5 -1 "
								                >
									<Coordinate USE="coords_ME_Bone011_001" />
								</IndexedFaceSet>
							</Shape>
							<Shape>
								<Appearance>
									<Material USE="MA_Max_MaterialID_2" />
								</Appearance>
								<IndexedFaceSet solid="false"
								                creaseAngle="0.5236"
								                coordIndex="0 4 1 -1 5 1 4 -1 "
								                >
									<Coordinate USE="coords_ME_Bone011_001" />
								</IndexedFaceSet>
							</Shape>
							<Shape>
								<Appearance>
									<Material USE="MA_Max_MaterialID_3" />
								</Appearance>
								<IndexedFaceSet solid="false"
								                creaseAngle="0.5236"
								                coordIndex="7 3 6 -1 2 6 3 -1 "
								                >
									<Coordinate USE="coords_ME_Bone011_001" />
								</IndexedFaceSet>
							</Shape>
							<Shape>
								<Appearance>
									<Material USE="MA_Max_MaterialID_4" />
								</Appearance>
								<IndexedFaceSet solid="false"
								                creaseAngle="0.5236"
								                coordIndex="4 0 7 -1 3 7 0 -1 "
								                >
									<Coordinate USE="coords_ME_Bone011_001" />
								</IndexedFaceSet>
							</Shape>
							<Shape>
								<Appearance>
									<Material USE="MA_Max_MaterialID_5" />
								</Appearance>
								<IndexedFaceSet solid="false"
								                creaseAngle="0.5236"
								                coordIndex="8 0 1 -1 8 1 2 -1 8 2 3 -1 8 3 0 -1 "
								                >
									<Coordinate USE="coords_ME_Bone011_001" />
								</IndexedFaceSet>
							</Shape>
						</Group>
					</Transform>
				</Transform>
				<Transform DEF="Bone012_001_TRANSFORM"
				           translation="0.958757 -0.000011 -0.000061"
				           scale="1.000000 1.000000 1.000000"
				           rotation="0.000000 1.000000 0.000000 0.854115"
				           >
					<Transform DEF="Bone012_TRANSFORM"
					           translation="-0.000000 -0.000000 0.000000"
					           scale="1.000000 1.000000 1.000000"
					           rotation="-0.000000 -0.000000 0.000000 0.000000"
					           >
						<Transform DEF="Bone012_ifs_TRANSFORM"
						           translation="-0.000000 -0.000000 0.000001"
						           scale="1.000000 1.000000 1.000000"
						           rotation="-0.000000 0.000000 0.000000 0.000000"
						           >
							<Group DEF="group_ME_Bone012_001">
								<Shape>
									<Appearance>
										<Material USE="MA_Max_MaterialID_0_001" />
									</Appearance>
									<IndexedFaceSet solid="false"
									                creaseAngle="0.5236"
									                coordIndex="4 7 5 -1 6 5 7 -1 "
									                >
										<Coordinate DEF="coords_ME_Bone012_001"
										            point="0.314500 -0.440000 -0.189000 0.314500 -0.440000 0.189000 0.314500 0.440000 0.189000 0.314500 0.440000 -0.189000 1.266571 -0.044000 -0.018900 1.266571 -0.044000 0.018900 1.266571 0.044000 0.018900 1.266571 0.044000 -0.018900 0.000000 -0.000000 0.000000 "
										            />
									</IndexedFaceSet>
								</Shape>
								<Shape>
									<Appearance>
										<Material USE="MA_Max_MaterialID_1" />
									</Appearance>
									<IndexedFaceSet solid="false"
									                creaseAngle="0.5236"
									                coordIndex="1 5 2 -1 6 2 5 -1 "
									                >
										<Coordinate USE="coords_ME_Bone012_001" />
									</IndexedFaceSet>
								</Shape>
								<Shape>
									<Appearance>
										<Material USE="MA_Max_MaterialID_2" />
									</Appearance>
									<IndexedFaceSet solid="false"
									                creaseAngle="0.5236"
									                coordIndex="0 4 1 -1 5 1 4 -1 "
									                >
										<Coordinate USE="coords_ME_Bone012_001" />
									</IndexedFaceSet>
								</Shape>
								<Shape>
									<Appearance>
										<Material USE="MA_Max_MaterialID_3" />
									</Appearance>
									<IndexedFaceSet solid="false"
									                creaseAngle="0.5236"
									                coordIndex="7 3 6 -1 2 6 3 -1 "
									                >
										<Coordinate USE="coords_ME_Bone012_001" />
									</IndexedFaceSet>
								</Shape>
								<Shape>
									<Appearance>
										<Material USE="MA_Max_MaterialID_4" />
									</Appearance>
									<IndexedFaceSet solid="false"
									                creaseAngle="0.5236"
									                coordIndex="4 0 7 -1 3 7 0 -1 "
									                >
										<Coordinate USE="coords_ME_Bone012_001" />
									</IndexedFaceSet>
								</Shape>
								<Shape>
									<Appearance>
										<Material USE="MA_Max_MaterialID_5" />
									</Appearance>
									<IndexedFaceSet solid="false"
									                creaseAngle="0.5236"
									                coordIndex="8 0 1 -1 8 1 2 -1 8 2 3 -1 8 3 0 -1 "
									                >
										<Coordinate USE="coords_ME_Bone012_001" />
									</IndexedFaceSet>
								</Shape>
							</Group>
						</Transform>
					</Transform>
					<Transform DEF="Bone013_001_TRANSFORM"
					           translation="1.266574 -0.000000 -0.000006"
					           scale="1.000000 1.000000 1.000000"
					           rotation="-0.000000 1.000002 0.000000 0.269946"
					           >
						<Transform DEF="Bone013_TRANSFORM"
						           translation="0.000001 -0.000000 -0.000000"
						           scale="1.000005 1.000000 1.000000"
						           rotation="-0.000000 -0.000000 0.000000 0.000000"
						           >
							<Transform DEF="Bone013_ifs_TRANSFORM"
							           translation="-0.000006 -0.000000 -0.000000"
							           scale="1.000000 1.000000 1.000000"
							           rotation="-0.000000 0.000000 0.000000 0.000000"
							           >
								<Group DEF="group_ME_Bone013_001">
									<Shape>
										<Appearance>
											<Material USE="MA_Max_MaterialID_0_001" />
										</Appearance>
										<IndexedFaceSet solid="false"
										                creaseAngle="0.5236"
										                coordIndex="4 7 5 -1 6 5 7 -1 "
										                >
											<Coordinate DEF="coords_ME_Bone013_001"
											            point="0.331375 -0.440000 -0.222750 0.331375 -0.440000 0.222750 0.331375 0.440000 0.222750 0.331375 0.440000 -0.222750 6.016237 -0.044000 -0.022275 6.016237 -0.044000 0.022275 6.016237 0.044000 0.022275 6.016237 0.044000 -0.022275 0.000000 -0.000000 0.000000 "
											            />
										</IndexedFaceSet>
									</Shape>
									<Shape>
										<Appearance>
											<Material USE="MA_Max_MaterialID_1" />
										</Appearance>
										<IndexedFaceSet solid="false"
										                creaseAngle="0.5236"
										                coordIndex="1 5 2 -1 6 2 5 -1 "
										                >
											<Coordinate USE="coords_ME_Bone013_001" />
										</IndexedFaceSet>
									</Shape>
									<Shape>
										<Appearance>
											<Material USE="MA_Max_MaterialID_2" />
										</Appearance>
										<IndexedFaceSet solid="false"
										                creaseAngle="0.5236"
										                coordIndex="0 4 1 -1 5 1 4 -1 "
										                >
											<Coordinate USE="coords_ME_Bone013_001" />
										</IndexedFaceSet>
									</Shape>
									<Shape>
										<Appearance>
											<Material USE="MA_Max_MaterialID_3" />
										</Appearance>
										<IndexedFaceSet solid="false"
										                creaseAngle="0.5236"
										                coordIndex="7 3 6 -1 2 6 3 -1 "
										                >
											<Coordinate USE="coords_ME_Bone013_001" />
										</IndexedFaceSet>
									</Shape>
									<Shape>
										<Appearance>
											<Material USE="MA_Max_MaterialID_4" />
										</Appearance>
										<IndexedFaceSet solid="false"
										                creaseAngle="0.5236"
										                coordIndex="4 0 7 -1 3 7 0 -1 "
										                >
											<Coordinate USE="coords_ME_Bone013_001" />
										</IndexedFaceSet>
									</Shape>
									<Shape>
										<Appearance>
											<Material USE="MA_Max_MaterialID_5" />
										</Appearance>
										<IndexedFaceSet solid="false"
										                creaseAngle="0.5236"
										                coordIndex="8 0 1 -1 8 1 2 -1 8 2 3 -1 8 3 0 -1 "
										                >
											<Coordinate USE="coords_ME_Bone013_001" />
										</IndexedFaceSet>
									</Shape>
								</Group>
							</Transform>
						</Transform>
						<Transform DEF="Bone014_001_TRANSFORM"
						           translation="6.016264 -0.000000 0.000034"
						           scale="1.000000 1.000000 1.000000"
						           rotation="-0.000000 -1.000014 0.000000 0.058669"
						           >
							<Transform DEF="Bone014_TRANSFORM"
							           translation="-0.000001 -0.000000 -0.000000"
							           scale="1.000019 1.000000 1.000000"
							           rotation="-0.000000 0.000000 0.000000 0.000000"
							           >
								<Transform DEF="Bone014_ifs_TRANSFORM"
								           translation="-0.000002 0.000001 -0.000000"
								           scale="1.000000 1.000000 1.000000"
								           rotation="-0.000000 -0.000000 -0.000000 0.000000"
								           >
									<Group DEF="group_ME_Bone014_001">
										<Shape>
											<Appearance>
												<Material USE="MA_Max_MaterialID_0_001" />
											</Appearance>
											<IndexedFaceSet solid="false"
											                creaseAngle="0.5236"
											                coordIndex="4 7 5 -1 6 5 7 -1 "
											                >
												<Coordinate DEF="coords_ME_Bone014_001"
												            point="0.316625 -0.440000 -0.193250 0.316625 -0.440000 0.193250 0.316625 0.440000 0.193250 0.316625 0.440000 -0.193250 6.418216 -0.044000 -0.019325 6.418216 -0.044000 0.019325 6.418216 0.044000 0.019325 6.418216 0.044000 -0.019325 0.000000 -0.000000 0.000000 "
												            />
											</IndexedFaceSet>
										</Shape>
										<Shape>
											<Appearance>
												<Material USE="MA_Max_MaterialID_1" />
											</Appearance>
											<IndexedFaceSet solid="false"
											                creaseAngle="0.5236"
											                coordIndex="1 5 2 -1 6 2 5 -1 "
											                >
												<Coordinate USE="coords_ME_Bone014_001" />
											</IndexedFaceSet>
										</Shape>
										<Shape>
											<Appearance>
												<Material USE="MA_Max_MaterialID_2" />
											</Appearance>
											<IndexedFaceSet solid="false"
											                creaseAngle="0.5236"
											                coordIndex="0 4 1 -1 5 1 4 -1 "
											                >
												<Coordinate USE="coords_ME_Bone014_001" />
											</IndexedFaceSet>
										</Shape>
										<Shape>
											<Appearance>
												<Material USE="MA_Max_MaterialID_3" />
											</Appearance>
											<IndexedFaceSet solid="false"
											                creaseAngle="0.5236"
											                coordIndex="7 3 6 -1 2 6 3 -1 "
											                >
												<Coordinate USE="coords_ME_Bone014_001" />
											</IndexedFaceSet>
										</Shape>
										<Shape>
											<Appearance>
												<Material USE="MA_Max_MaterialID_4" />
											</Appearance>
											<IndexedFaceSet solid="false"
											                creaseAngle="0.5236"
											                coordIndex="4 0 7 -1 3 7 0 -1 "
											                >
												<Coordinate USE="coords_ME_Bone014_001" />
											</IndexedFaceSet>
										</Shape>
										<Shape>
											<Appearance>
												<Material USE="MA_Max_MaterialID_5" />
											</Appearance>
											<IndexedFaceSet solid="false"
											                creaseAngle="0.5236"
											                coordIndex="8 0 1 -1 8 1 2 -1 8 2 3 -1 8 3 0 -1 "
											                >
												<Coordinate USE="coords_ME_Bone014_001" />
											</IndexedFaceSet>
										</Shape>
									</Group>
								</Transform>
							</Transform>
							<Transform DEF="Bone015_001_TRANSFORM"
							           translation="6.418332 -0.000003 -0.000020"
							           scale="1.000000 1.000000 1.000000"
							           rotation="0.000000 1.000142 0.000000 0.033610"
							           >
								<Transform DEF="Bone015_TRANSFORM"
								           translation="0.000003 0.000000 0.000000"
								           scale="1.000000 1.000000 1.000000"
								           rotation="-0.000000 -0.000000 0.000000 0.000000"
								           >
									<Transform DEF="Bone015_ifs_TRANSFORM"
									           translation="0.000003 0.000001 -0.000000"
									           scale="1.000000 1.000000 1.000000"
									           rotation="-0.000000 0.000000 -0.000000 0.000000"
									           >
										<Group DEF="group_ME_Bone015_001">
											<Shape>
												<Appearance>
													<Material USE="MA_Max_MaterialID_0_001" />
												</Appearance>
												<IndexedFaceSet solid="false"
												                creaseAngle="0.5236"
												                coordIndex="4 7 5 -1 6 5 7 -1 "
												                >
													<Coordinate DEF="coords_ME_Bone015_001"
													            point="0.324625 -0.440000 -0.209250 0.324625 -0.440000 0.209250 0.324625 0.440000 0.209250 0.324625 0.440000 -0.209250 6.821672 -0.044000 -0.020925 6.821672 -0.044000 0.020925 6.821672 0.044000 0.020925 6.821672 0.044000 -0.020925 0.000000 -0.000000 0.000000 "
													            />
												</IndexedFaceSet>
											</Shape>
											<Shape>
												<Appearance>
													<Material USE="MA_Max_MaterialID_1" />
												</Appearance>
												<IndexedFaceSet solid="false"
												                creaseAngle="0.5236"
												                coordIndex="1 5 2 -1 6 2 5 -1 "
												                >
													<Coordinate USE="coords_ME_Bone015_001" />
												</IndexedFaceSet>
											</Shape>
											<Shape>
												<Appearance>
													<Material USE="MA_Max_MaterialID_2" />
												</Appearance>
												<IndexedFaceSet solid="false"
												                creaseAngle="0.5236"
												                coordIndex="0 4 1 -1 5 1 4 -1 "
												                >
													<Coordinate USE="coords_ME_Bone015_001" />
												</IndexedFaceSet>
											</Shape>
											<Shape>
												<Appearance>
													<Material USE="MA_Max_MaterialID_3" />
												</Appearance>
												<IndexedFaceSet solid="false"
												                creaseAngle="0.5236"
												                coordIndex="7 3 6 -1 2 6 3 -1 "
												                >
													<Coordinate USE="coords_ME_Bone015_001" />
												</IndexedFaceSet>
											</Shape>
											<Shape>
												<Appearance>
													<Material USE="MA_Max_MaterialID_4" />
												</Appearance>
												<IndexedFaceSet solid="false"
												                creaseAngle="0.5236"
												                coordIndex="4 0 7 -1 3 7 0 -1 "
												                >
													<Coordinate USE="coords_ME_Bone015_001" />
												</IndexedFaceSet>
											</Shape>
											<Shape>
												<Appearance>
													<Material USE="MA_Max_MaterialID_5" />
												</Appearance>
												<IndexedFaceSet solid="false"
												                creaseAngle="0.5236"
												                coordIndex="8 0 1 -1 8 1 2 -1 8 2 3 -1 8 3 0 -1 "
												                >
													<Coordinate USE="coords_ME_Bone015_001" />
												</IndexedFaceSet>
											</Shape>
										</Group>
									</Transform>
								</Transform>
							</Transform>
						</Transform>
					</Transform>
				</Transform>
			</Transform>
		</Transform>
		<Transform DEF="LP_Cover_001_TRANSFORM"
		           translation="-92.670593 3.139014 13.725912"
		           scale="1.000000 1.000000 1.000000"
		           rotation="-0.000000 -0.707107 -0.707107 3.141593"
		           >
			<Transform DEF="LP_Cover_TRANSFORM"
			           translation="-2.465659 -5.629921 0.491906"
			           scale="1.000000 1.000000 1.000000"
			           rotation="0.000000 0.000000 -0.000000 0.000000"
			           >
				<Transform DEF="LP_Cover_ifs_TRANSFORM"
				           translation="0.000001 0.000000 0.000000"
				           scale="1.000000 1.000000 1.000000"
				           rotation="0.000000 0.000000 -0.000000 0.000000"
				           >
					<Group DEF="group_ME_LP_Cover">
						<Shape>
							<Appearance USE='app'>
								<Material USE="MA_Max_MaterialID_0" />
								
							</Appearance>
							<IndexedFaceSet solid="false"
							                creaseAngle="0.0"
							                texCoordIndex="0 1 2 3 -1 4 5 6 7 -1 8 9 10 11 -1 12 13 14 15 -1 16 17 18 19 -1 20 21 22 23 -1 24 25 26 27 -1 28 29 30 31 -1 32 33 34 35 -1 36 37 38 39 -1 40 41 42 43 -1 44 45 46 47 -1 48 49 50 51 -1 52 53 54 55 -1 56 57 58 59 -1 60 61 62 63 -1 64 65 66 67 -1 68 69 70 71 -1 72 73 74 75 -1 76 77 78 79 -1 80 81 82 83 -1 84 85 86 87 -1 88 89 90 91 -1 92 93 94 95 -1 96 97 98 99 -1 100 101 102 103 -1 104 105 106 107 -1 108 109 110 111 -1 112 113 114 115 -1 "
							                coordIndex="43 44 45 46 -1 47 48 41 42 -1 48 49 40 41 -1 49 50 39 40 -1 58 59 30 31 -1 8 9 20 21 -1 38 39 50 51 -1 57 58 31 32 -1 56 57 32 33 -1 55 56 33 34 -1 54 55 34 35 -1 53 54 35 36 -1 52 53 36 37 -1 51 52 37 38 -1 13 14 15 16 -1 11 12 17 18 -1 10 11 18 19 -1 9 10 19 20 -1 21 22 7 8 -1 22 23 6 7 -1 23 24 5 6 -1 24 25 4 5 -1 25 26 3 4 -1 26 27 2 3 -1 27 28 1 2 -1 28 29 0 1 -1 29 30 59 0 -1 46 47 42 43 -1 16 17 12 13 -1 "
							                >
								<Coordinate DEF="coords_ME_LP_Cover"
								            point="-14.893229 -8.707216 -1.693533 -14.760381 -8.707216 -1.702108 -14.588184 -8.707216 -1.621629 -14.449079 -8.707216 -1.435223 -14.549324 -8.707218 -1.187202 -14.500011 -8.707218 -1.143402 -14.431719 -8.707219 -1.135416 -14.328573 -8.707219 -1.110490 -14.242218 -8.707219 -1.117346 -14.058981 -8.707219 -1.192206 -13.923100 -8.707220 -1.230138 -13.818789 -8.707220 -1.243452 -13.730264 -8.707220 -1.244457 7.137154 -8.707229 -1.153082 7.184595 -8.707229 -1.092193 7.184065 -8.707229 -0.970832 7.136086 -8.707229 -0.910361 -13.728843 -8.707220 -1.001725 -13.833123 -8.707220 -0.998377 -13.936887 -8.707220 -0.992930 -14.039617 -8.707219 -0.983286 -14.140798 -8.707219 -0.967343 -14.248451 -8.707219 -0.950455 -14.362270 -8.707219 -0.943332 -14.498831 -8.707218 -0.938810 -14.567241 -8.707218 -0.984327 -14.569918 -8.707216 -1.239481 -14.598480 -8.707216 -1.366055 -14.662164 -8.707216 -1.403103 -14.737597 -8.707216 -1.383113 -17.513361 -8.707214 0.002609 -17.574673 -8.707214 0.050885 -17.583336 -8.707214 0.124051 -17.499336 -8.707214 0.222949 -17.337416 -8.707212 0.366254 -17.349270 -8.707212 0.409975 -17.482132 -8.707212 0.431002 -17.555733 -8.707212 0.444722 -17.626972 -8.707212 0.451236 -17.906952 -8.707212 0.338993 -18.008490 -8.707212 0.320647 -18.111414 -8.707212 0.306395 -18.215031 -8.707212 0.294191 -39.012131 -8.707235 -1.389257 -39.054794 -8.707235 -1.453590 -39.044998 -8.707235 -1.574556 -38.992546 -8.707235 -1.631189 -18.192972 -8.707211 0.052459 -18.104853 -8.707211 0.060989 -18.002052 -8.707211 0.083126 -17.869888 -8.707211 0.132477 -17.586466 -8.707212 0.339479 -17.530392 -8.707212 0.329994 -17.468727 -8.707212 0.297584 -17.423065 -8.707212 0.324674 -17.418510 -8.707212 0.288598 -17.728407 -8.707214 0.201890 -17.793791 -8.707214 -0.021320 -17.754625 -8.707214 -0.207315 -17.667929 -8.707214 -0.308342 -14.900917 -8.656994 -1.743021 -14.738080 -8.656994 -1.753533 -14.543489 -8.656994 -1.662587 -14.392128 -8.656994 -1.459759 -14.522903 -8.656996 -1.233178 -14.473308 -8.656996 -1.189127 -14.419989 -8.656997 -1.194372 -14.325460 -8.656997 -1.171527 -14.251041 -8.656997 -1.177436 -14.071329 -8.656997 -1.250857 -13.930524 -8.656997 -1.290163 -13.821289 -8.656997 -1.304105 -13.730292 -8.656997 -1.305138 7.157181 -8.657006 -1.213675 7.232416 -8.657006 -1.117117 7.231665 -8.657006 -0.945489 7.155582 -8.657006 -0.849594 -13.728424 -8.656997 -0.941042 -13.831638 -8.656997 -0.937728 -13.934246 -8.656997 -0.932342 -14.035025 -8.656997 -0.922880 -14.135044 -8.656997 -0.907121 -14.244453 -8.656997 -0.889958 -14.362701 -8.656997 -0.882557 -14.519125 -8.656996 -0.888680 -14.595123 -8.656996 -0.939247 -14.628803 -8.656994 -1.227778 -14.652148 -8.656994 -1.331233 -14.681135 -8.656994 -1.348096 -14.723310 -8.656994 -1.336920 -17.485027 -8.656992 0.041790 -17.519306 -8.656992 0.068781 -17.523249 -8.656992 0.102084 -17.454594 -8.656992 0.182918 -17.309481 -8.656990 0.374830 -17.322647 -8.656990 0.423402 -17.472111 -8.656990 0.469622 -17.548574 -8.656990 0.483875 -17.620977 -8.656990 0.490496 -17.916664 -8.656990 0.398789 -18.016272 -8.656990 0.380791 -18.118050 -8.656990 0.366698 -18.220608 -8.656990 0.354619 -39.036728 -8.657013 -1.330369 -39.104378 -8.657013 -1.432386 -39.090530 -8.657013 -1.603459 -39.007347 -8.657012 -1.693266 -18.187782 -8.656989 -0.008000 -18.097204 -8.656989 0.000768 -17.989550 -8.656989 0.023950 -17.852600 -8.656989 0.075089 -17.590487 -8.656990 0.299811 -17.542164 -8.656990 0.291637 -17.485651 -8.656989 0.261934 -17.450745 -8.656990 0.315401 -17.446165 -8.656990 0.279120 -17.782246 -8.656992 0.232662 -17.853388 -8.656992 -0.010212 -17.809128 -8.656992 -0.220398 -17.702864 -8.656992 -0.344228 -14.900906 19.969845 -1.743033 -14.738069 19.969845 -1.753544 -14.543477 19.969845 -1.662598 -14.392117 19.969845 -1.459771 -14.522891 19.969845 -1.233180 -14.473295 19.969845 -1.189129 -14.419977 19.969845 -1.194371 -14.325448 19.969845 -1.171527 -14.251029 19.969845 -1.177435 -14.071317 19.969845 -1.250856 -13.930512 19.969845 -1.290162 -13.821277 19.969845 -1.304104 -13.730281 19.969845 -1.305137 7.157192 19.969837 -1.213675 7.232428 19.969837 -1.117117 7.231676 19.969837 -0.945488 7.155594 19.969837 -0.849594 -13.728413 19.969845 -0.941041 -13.831627 19.969845 -0.937727 -13.934235 19.969845 -0.932341 -14.035013 19.969845 -0.922880 -14.135032 19.969845 -0.907121 -14.244442 19.969845 -0.889957 -14.362690 19.969845 -0.882556 -14.519112 19.969845 -0.888682 -14.595111 19.969845 -0.939249 -14.628792 19.969845 -1.227790 -14.652137 19.969845 -1.331244 -14.681124 19.969845 -1.348108 -14.723297 19.969845 -1.336932 -17.485016 19.969849 0.041779 -17.519295 19.969849 0.068770 -17.523237 19.969849 0.102073 -17.454582 19.969849 0.182907 -17.309494 19.969852 0.374854 -17.322660 19.969851 0.423426 -17.472134 19.969852 0.469663 -17.548599 19.969852 0.483917 -17.621002 19.969852 0.490537 -17.916700 19.969852 0.398848 -18.016308 19.969852 0.380850 -18.118088 19.969852 0.366757 -18.220646 19.969852 0.354677 -39.036762 19.969830 -1.330310 -39.104416 19.969830 -1.432327 -39.090569 19.969830 -1.603400 -39.007385 19.969830 -1.693207 -18.187819 19.969854 -0.007941 -18.097240 19.969854 0.000827 -17.989586 19.969854 0.024009 -17.852634 19.969854 0.075148 -17.590511 19.969852 0.299852 -17.542187 19.969852 0.291678 -17.485676 19.969852 0.261975 -17.450758 19.969852 0.315425 -17.446178 19.969852 0.279143 -17.782234 19.969849 0.232650 -17.853376 19.969849 -0.010224 -17.809116 19.969849 -0.220409 -17.702852 19.969849 -0.344240 -14.893218 20.020069 -1.693544 -14.760369 20.020069 -1.702120 -14.588173 20.020069 -1.621641 -14.449067 20.020069 -1.435235 -14.549313 20.020065 -1.187205 -14.500000 20.020065 -1.143405 -14.431707 20.020065 -1.135416 -14.328562 20.020065 -1.110489 -14.242206 20.020065 -1.117345 -14.058969 20.020065 -1.192205 -13.923088 20.020065 -1.230137 -13.818777 20.020065 -1.243451 -13.730251 20.020065 -1.244456 7.137165 20.020058 -1.153081 7.184607 20.020058 -1.092192 7.184076 20.020058 -0.970832 7.136097 20.020058 -0.910360 -13.728831 20.020065 -1.001724 -13.833111 20.020065 -0.998376 -13.936874 20.020065 -0.992930 -14.039605 20.020065 -0.983285 -14.140785 20.020065 -0.967343 -14.248440 20.020065 -0.950454 -14.362259 20.020065 -0.943331 -14.498818 20.020065 -0.938812 -14.567229 20.020065 -0.984329 -14.569906 20.020069 -1.239493 -14.598469 20.020069 -1.366067 -14.662152 20.020069 -1.403115 -14.737586 20.020069 -1.383125 -17.513348 20.020069 0.002597 -17.574661 20.020069 0.050874 -17.583324 20.020069 0.124039 -17.499325 20.020069 0.222938 -17.337429 20.020073 0.366277 -17.349281 20.020073 0.409999 -17.482157 20.020073 0.431044 -17.555756 20.020073 0.444763 -17.626997 20.020073 0.451277 -17.906990 20.020073 0.339052 -18.008526 20.020073 0.320706 -18.111450 20.020073 0.306454 -18.215067 20.020073 0.294250 -39.012169 20.020050 -1.389198 -39.054829 20.020050 -1.453531 -39.045036 20.020050 -1.574497 -38.992584 20.020050 -1.631130 -18.193008 20.020073 0.052518 -18.104889 20.020073 0.061048 -18.002089 20.020075 0.083185 -17.869926 20.020075 0.132536 -17.586491 20.020073 0.339521 -17.530416 20.020073 0.330036 -17.468752 20.020073 0.297625 -17.423077 20.020073 0.324697 -17.418524 20.020073 0.288622 -17.728395 20.020069 0.201879 -17.793779 20.020069 -0.021332 -17.754614 20.020069 -0.207327 -17.667917 20.020069 -0.308353 "
								            />
								<TextureCoordinate point="0.9872 0.0457 0.9869 0.0460 0.9858 0.0467 0.9852 0.0472 0.6916 0.0454 0.6904 0.0454 0.6901 0.0428 0.6917 0.0427 0.6904 0.0454 0.6889 0.0454 0.6885 0.0430 0.6901 0.0428 0.6889 0.0454 0.6869 0.0454 0.6870 0.0431 0.6885 0.0430 0.6687 0.0458 0.6672 0.0458 0.6691 0.0416 0.6708 0.0425 0.6153 0.0454 0.6126 0.0455 0.6126 0.0433 0.6140 0.0434 0.6855 0.0433 0.6870 0.0431 0.6869 0.0454 0.6842 0.0453 0.6711 0.0455 0.6687 0.0458 0.6708 0.0425 0.6726 0.0430 0.6743 0.0453 0.6711 0.0455 0.6726 0.0430 0.6756 0.0434 0.6788 0.0453 0.6743 0.0453 0.6756 0.0434 0.6797 0.0431 0.6800 0.0453 0.6788 0.0453 0.6797 0.0431 0.6810 0.0432 0.6815 0.0453 0.6800 0.0453 0.6810 0.0432 0.6825 0.0433 0.6830 0.0452 0.6815 0.0453 0.6825 0.0433 0.6840 0.0434 0.6842 0.0453 0.6830 0.0452 0.6840 0.0434 0.6855 0.0433 0.3153 0.0476 0.3147 0.0472 0.3137 0.0465 0.3133 0.0461 0.6091 0.0455 0.6079 0.0455 0.6078 0.0429 0.6095 0.0429 0.6106 0.0455 0.6091 0.0455 0.6095 0.0429 0.6110 0.0431 0.6126 0.0455 0.6106 0.0455 0.6110 0.0431 0.6126 0.0433 0.6140 0.0434 0.6155 0.0435 0.6166 0.0453 0.6153 0.0454 0.6155 0.0435 0.6171 0.0434 0.6181 0.0453 0.6166 0.0453 0.6171 0.0434 0.6187 0.0432 0.6196 0.0454 0.6181 0.0453 0.6187 0.0432 0.6201 0.0431 0.6206 0.0454 0.6196 0.0454 0.6201 0.0431 0.6238 0.0436 0.6253 0.0453 0.6206 0.0454 0.6238 0.0436 0.6271 0.0430 0.6283 0.0457 0.6253 0.0453 0.6271 0.0430 0.6285 0.0429 0.6309 0.0458 0.6283 0.0457 0.6285 0.0429 0.6302 0.0419 0.6323 0.0458 0.6309 0.0458 0.6302 0.0419 0.6691 0.0416 0.6672 0.0458 0.6323 0.0458 0.9852 0.0472 0.6916 0.0454 0.6917 0.0427 0.9872 0.0457 0.3133 0.0461 0.6078 0.0429 0.6079 0.0455 0.3153 0.0476 " />
							</IndexedFaceSet>
						</Shape>
						<Shape>
							<Appearance USE='app'>
								<Material DEF="MA_Max_MaterialID_1_001"
								          diffuseColor="0.800 0.800 0.800"
								          specularColor="0.401 0.401 0.401"
								          emissiveColor="0.000 0.000 0.000"
								          ambientIntensity="0.000"
								          shininess="0.500"
								          transparency="0.0"
								          />
							</Appearance>
							<IndexedFaceSet solid="false"
							                creaseAngle="0.0"
							                texCoordIndex="0 1 2 3 -1 4 5 6 7 -1 8 9 10 11 -1 12 13 14 15 -1 16 17 18 19 -1 20 21 22 23 -1 24 25 26 27 -1 28 29 30 31 -1 32 33 34 35 -1 36 37 38 39 -1 40 41 42 43 -1 44 45 46 47 -1 48 49 50 51 -1 52 53 54 55 -1 56 57 58 59 -1 60 61 62 63 -1 64 65 66 67 -1 68 69 70 71 -1 72 73 74 75 -1 76 77 78 79 -1 80 81 82 83 -1 84 85 86 87 -1 88 89 90 91 -1 92 93 94 95 -1 96 97 98 99 -1 100 101 102 103 -1 104 105 106 107 -1 108 109 110 111 -1 112 113 114 115 -1 "
							                coordIndex="227 226 223 222 -1 197 196 193 192 -1 198 197 192 191 -1 199 198 191 190 -1 200 199 190 189 -1 201 200 189 188 -1 202 201 188 187 -1 203 202 187 186 -1 204 203 186 185 -1 205 204 185 184 -1 206 205 184 183 -1 207 206 183 182 -1 208 207 182 181 -1 209 208 181 180 -1 210 209 180 239 -1 211 210 239 238 -1 212 211 238 237 -1 213 212 237 236 -1 214 213 236 235 -1 215 214 235 234 -1 216 215 234 233 -1 217 216 233 232 -1 218 217 232 231 -1 219 218 231 230 -1 220 219 230 229 -1 221 220 229 228 -1 222 221 228 227 -1 226 225 224 223 -1 196 195 194 193 -1 "
							                >
								<Coordinate USE="coords_ME_LP_Cover" />
								<TextureCoordinate point="0.6923 0.4212 0.9849 0.4191 0.9869 0.4206 0.6924 0.4238 0.6085 0.4240 0.3130 0.4210 0.3150 0.4195 0.6085 0.4214 0.6101 0.4239 0.6085 0.4240 0.6085 0.4214 0.6098 0.4213 0.6117 0.4238 0.6101 0.4239 0.6098 0.4213 0.6113 0.4213 0.6132 0.4236 0.6117 0.4238 0.6113 0.4213 0.6132 0.4213 0.6147 0.4234 0.6132 0.4236 0.6132 0.4213 0.6160 0.4215 0.6161 0.4233 0.6147 0.4234 0.6160 0.4215 0.6172 0.4215 0.6177 0.4234 0.6161 0.4233 0.6172 0.4215 0.6187 0.4214 0.6192 0.4236 0.6177 0.4234 0.6187 0.4214 0.6202 0.4214 0.6205 0.4236 0.6192 0.4236 0.6202 0.4214 0.6213 0.4215 0.6246 0.4233 0.6205 0.4236 0.6213 0.4215 0.6259 0.4215 0.6276 0.4237 0.6246 0.4233 0.6259 0.4215 0.6291 0.4212 0.6294 0.4242 0.6276 0.4237 0.6291 0.4212 0.6315 0.4210 0.6310 0.4251 0.6294 0.4242 0.6315 0.4210 0.6330 0.4209 0.6698 0.4249 0.6310 0.4251 0.6330 0.4209 0.6678 0.4209 0.6714 0.4241 0.6698 0.4249 0.6678 0.4209 0.6694 0.4209 0.6732 0.4236 0.6714 0.4241 0.6694 0.4209 0.6718 0.4211 0.6762 0.4232 0.6732 0.4236 0.6718 0.4211 0.6750 0.4214 0.6803 0.4235 0.6762 0.4232 0.6750 0.4214 0.6795 0.4214 0.6817 0.4235 0.6803 0.4235 0.6795 0.4214 0.6806 0.4213 0.6832 0.4233 0.6817 0.4235 0.6806 0.4213 0.6821 0.4214 0.6847 0.4232 0.6832 0.4233 0.6821 0.4214 0.6837 0.4214 0.6862 0.4233 0.6847 0.4232 0.6837 0.4214 0.6849 0.4213 0.6877 0.4234 0.6862 0.4233 0.6849 0.4213 0.6876 0.4212 0.6892 0.4236 0.6877 0.4234 0.6876 0.4212 0.6896 0.4212 0.6908 0.4238 0.6892 0.4236 0.6896 0.4212 0.6911 0.4212 0.6924 0.4238 0.6908 0.4238 0.6911 0.4212 0.6923 0.4212 0.9849 0.4191 0.9855 0.4195 0.9865 0.4202 0.9869 0.4206 0.3130 0.4210 0.3133 0.4207 0.3143 0.4200 0.3150 0.4195 " />
							</IndexedFaceSet>
						</Shape>
						<Shape>
							<Appearance USE='app'>
								<Material DEF="MA_Max_MaterialID_2_001"
								          diffuseColor="0.800 0.800 0.800"
								          specularColor="0.401 0.401 0.401"
								          emissiveColor="0.000 0.000 0.000"
								          ambientIntensity="0.000"
								          shininess="0.500"
								          transparency="0.0"
								          />
							</Appearance>
							<IndexedFaceSet solid="false"
							                creaseAngle="0.5236"
							                texCoordIndex="0 1 2 3 -1 4 5 6 7 -1 8 9 10 11 -1 12 13 14 15 -1 16 17 18 19 -1 20 21 22 23 -1 24 25 26 27 -1 28 29 30 31 -1 32 33 34 35 -1 36 37 38 39 -1 40 41 42 43 -1 44 45 46 47 -1 48 49 50 51 -1 52 53 54 55 -1 56 57 58 59 -1 60 61 62 63 -1 64 65 66 67 -1 68 69 70 71 -1 72 73 74 75 -1 76 77 78 79 -1 80 81 82 83 -1 84 85 86 87 -1 88 89 90 91 -1 92 93 94 95 -1 96 97 98 99 -1 100 101 102 103 -1 104 105 106 107 -1 108 109 110 111 -1 112 113 114 115 -1 116 117 118 119 -1 120 121 122 123 -1 124 125 126 127 -1 128 129 130 131 -1 132 133 134 135 -1 136 137 138 139 -1 140 141 142 143 -1 144 145 146 147 -1 148 149 150 151 -1 152 153 154 155 -1 156 157 158 159 -1 160 161 162 163 -1 164 165 166 167 -1 168 169 170 171 -1 172 173 174 175 -1 176 177 178 179 -1 180 181 182 183 -1 184 185 186 187 -1 188 189 190 191 -1 192 193 194 195 -1 196 197 198 199 -1 200 201 202 203 -1 204 205 206 207 -1 208 209 210 211 -1 212 213 214 215 -1 216 217 218 219 -1 220 221 222 223 -1 224 225 226 227 -1 228 229 230 231 -1 232 233 234 235 -1 236 237 238 239 -1 240 241 242 243 -1 244 245 246 247 -1 248 249 250 251 -1 252 253 254 255 -1 256 257 258 259 -1 260 261 262 263 -1 264 265 266 267 -1 268 269 270 271 -1 272 273 274 275 -1 276 277 278 279 -1 280 281 282 283 -1 284 285 286 287 -1 288 289 290 291 -1 292 293 294 295 -1 296 297 298 299 -1 300 301 302 303 -1 304 305 306 307 -1 308 309 310 311 -1 312 313 314 315 -1 316 317 318 319 -1 320 321 322 323 -1 324 325 326 327 -1 328 329 330 331 -1 332 333 334 335 -1 336 337 338 339 -1 340 341 342 343 -1 344 345 346 347 -1 348 349 350 351 -1 352 353 354 355 -1 356 357 358 359 -1 360 361 362 363 -1 364 365 366 367 -1 368 369 370 371 -1 372 373 374 375 -1 376 377 378 379 -1 380 381 382 383 -1 384 385 386 387 -1 388 389 390 391 -1 392 393 394 395 -1 396 397 398 399 -1 400 401 402 403 -1 404 405 406 407 -1 408 409 410 411 -1 412 413 414 415 -1 416 417 418 419 -1 420 421 422 423 -1 424 425 426 427 -1 428 429 430 431 -1 432 433 434 435 -1 436 437 438 439 -1 440 441 442 443 -1 444 445 446 447 -1 448 449 450 451 -1 452 453 454 455 -1 456 457 458 459 -1 460 461 462 463 -1 464 465 466 467 -1 468 469 470 471 -1 472 473 474 475 -1 476 477 478 479 -1 480 481 482 483 -1 484 485 486 487 -1 488 489 490 491 -1 492 493 494 495 -1 496 497 498 499 -1 500 501 502 503 -1 504 505 506 507 -1 508 509 510 511 -1 512 513 514 515 -1 516 517 518 519 -1 520 521 522 523 -1 524 525 526 527 -1 528 529 530 531 -1 532 533 534 535 -1 536 537 538 539 -1 540 541 542 543 -1 544 545 546 547 -1 548 549 550 551 -1 552 553 554 555 -1 556 557 558 559 -1 560 561 562 563 -1 564 565 566 567 -1 568 569 570 571 -1 572 573 574 575 -1 576 577 578 579 -1 580 581 582 583 -1 584 585 586 587 -1 588 589 590 591 -1 592 593 594 595 -1 596 597 598 599 -1 600 601 602 603 -1 604 605 606 607 -1 608 609 610 611 -1 612 613 614 615 -1 616 617 618 619 -1 620 621 622 623 -1 624 625 626 627 -1 628 629 630 631 -1 632 633 634 635 -1 636 637 638 639 -1 640 641 642 643 -1 644 645 646 647 -1 648 649 650 651 -1 652 653 654 655 -1 656 657 658 659 -1 660 661 662 663 -1 664 665 666 667 -1 668 669 670 671 -1 672 673 674 675 -1 676 677 678 679 -1 680 681 682 683 -1 684 685 686 687 -1 688 689 690 691 -1 692 693 694 695 -1 696 697 698 699 -1 700 701 702 703 -1 704 705 706 707 -1 708 709 710 711 -1 712 713 714 715 -1 716 717 718 719 -1 "
							                coordIndex="0 60 61 1 -1 1 61 62 2 -1 2 62 63 3 -1 3 63 64 4 -1 4 64 65 5 -1 5 65 66 6 -1 6 66 67 7 -1 7 67 68 8 -1 8 68 69 9 -1 9 69 70 10 -1 10 70 71 11 -1 11 71 72 12 -1 12 72 73 13 -1 13 73 74 14 -1 14 74 75 15 -1 15 75 76 16 -1 16 76 77 17 -1 17 77 78 18 -1 18 78 79 19 -1 19 79 80 20 -1 20 80 81 21 -1 21 81 82 22 -1 22 82 83 23 -1 23 83 84 24 -1 24 84 85 25 -1 25 85 86 26 -1 26 86 87 27 -1 27 87 88 28 -1 28 88 89 29 -1 29 89 90 30 -1 30 90 91 31 -1 31 91 92 32 -1 32 92 93 33 -1 33 93 94 34 -1 34 94 95 35 -1 35 95 96 36 -1 36 96 97 37 -1 37 97 98 38 -1 38 98 99 39 -1 39 99 100 40 -1 40 100 101 41 -1 41 101 102 42 -1 42 102 103 43 -1 43 103 104 44 -1 44 104 105 45 -1 45 105 106 46 -1 46 106 107 47 -1 47 107 108 48 -1 48 108 109 49 -1 49 109 110 50 -1 50 110 111 51 -1 51 111 112 52 -1 52 112 113 53 -1 53 113 114 54 -1 54 114 115 55 -1 55 115 116 56 -1 56 116 117 57 -1 57 117 118 58 -1 58 118 119 59 -1 59 119 60 0 -1 60 120 121 61 -1 61 121 122 62 -1 62 122 123 63 -1 63 123 124 64 -1 64 124 125 65 -1 65 125 126 66 -1 66 126 127 67 -1 67 127 128 68 -1 68 128 129 69 -1 69 129 130 70 -1 70 130 131 71 -1 71 131 132 72 -1 72 132 133 73 -1 73 133 134 74 -1 74 134 135 75 -1 75 135 136 76 -1 76 136 137 77 -1 77 137 138 78 -1 78 138 139 79 -1 79 139 140 80 -1 80 140 141 81 -1 81 141 142 82 -1 82 142 143 83 -1 83 143 144 84 -1 84 144 145 85 -1 85 145 146 86 -1 86 146 147 87 -1 87 147 148 88 -1 88 148 149 89 -1 89 149 150 90 -1 90 150 151 91 -1 91 151 152 92 -1 92 152 153 93 -1 93 153 154 94 -1 94 154 155 95 -1 95 155 156 96 -1 96 156 157 97 -1 97 157 158 98 -1 98 158 159 99 -1 99 159 160 100 -1 100 160 161 101 -1 101 161 162 102 -1 102 162 163 103 -1 103 163 164 104 -1 104 164 165 105 -1 105 165 166 106 -1 106 166 167 107 -1 107 167 168 108 -1 108 168 169 109 -1 109 169 170 110 -1 110 170 171 111 -1 111 171 172 112 -1 112 172 173 113 -1 113 173 174 114 -1 114 174 175 115 -1 115 175 176 116 -1 116 176 177 117 -1 117 177 178 118 -1 118 178 179 119 -1 119 179 120 60 -1 120 180 181 121 -1 121 181 182 122 -1 122 182 183 123 -1 123 183 184 124 -1 124 184 185 125 -1 125 185 186 126 -1 126 186 187 127 -1 127 187 188 128 -1 128 188 189 129 -1 129 189 190 130 -1 130 190 191 131 -1 131 191 192 132 -1 132 192 193 133 -1 133 193 194 134 -1 134 194 195 135 -1 135 195 196 136 -1 136 196 197 137 -1 137 197 198 138 -1 138 198 199 139 -1 139 199 200 140 -1 140 200 201 141 -1 141 201 202 142 -1 142 202 203 143 -1 143 203 204 144 -1 144 204 205 145 -1 145 205 206 146 -1 146 206 207 147 -1 147 207 208 148 -1 148 208 209 149 -1 149 209 210 150 -1 150 210 211 151 -1 151 211 212 152 -1 152 212 213 153 -1 153 213 214 154 -1 154 214 215 155 -1 155 215 216 156 -1 156 216 217 157 -1 157 217 218 158 -1 158 218 219 159 -1 159 219 220 160 -1 160 220 221 161 -1 161 221 222 162 -1 162 222 223 163 -1 163 223 224 164 -1 164 224 225 165 -1 165 225 226 166 -1 166 226 227 167 -1 167 227 228 168 -1 168 228 229 169 -1 169 229 230 170 -1 170 230 231 171 -1 171 231 232 172 -1 172 232 233 173 -1 173 233 234 174 -1 174 234 235 175 -1 175 235 236 176 -1 176 236 237 177 -1 177 237 238 178 -1 178 238 239 179 -1 179 239 180 120 -1 "
							                >
								<Coordinate USE="coords_ME_LP_Cover" />
								<TextureCoordinate point="0.6323 0.0458 0.6326 0.0467 0.6307 0.0466 0.6309 0.0458 0.6309 0.0458 0.6307 0.0466 0.6280 0.0466 0.6283 0.0457 0.6283 0.0457 0.6280 0.0466 0.6245 0.0465 0.6253 0.0453 0.6253 0.0453 0.6245 0.0465 0.6201 0.0464 0.6206 0.0454 0.6206 0.0454 0.6201 0.0464 0.6191 0.0464 0.6196 0.0454 0.6196 0.0454 0.6191 0.0464 0.6178 0.0464 0.6181 0.0453 0.6181 0.0453 0.6178 0.0464 0.6164 0.0464 0.6166 0.0453 0.6166 0.0453 0.6164 0.0464 0.6154 0.0464 0.6153 0.0454 0.6153 0.0454 0.6154 0.0464 0.6127 0.0464 0.6126 0.0455 0.6126 0.0455 0.6127 0.0464 0.6107 0.0464 0.6106 0.0455 0.6106 0.0455 0.6107 0.0464 0.6092 0.0464 0.6091 0.0455 0.6091 0.0455 0.6092 0.0464 0.6079 0.0464 0.6079 0.0455 0.6079 0.0455 0.6079 0.0464 0.3157 0.0482 0.3153 0.0476 0.3153 0.0476 0.3157 0.0482 0.3147 0.0474 0.3147 0.0472 0.3147 0.0472 0.3147 0.0474 0.3133 0.0464 0.3137 0.0465 0.3137 0.0465 0.3133 0.0464 0.3123 0.0455 0.3133 0.0461 0.3133 0.0461 0.3123 0.0455 0.6078 0.0419 0.6078 0.0429 0.6078 0.0429 0.6078 0.0419 0.6095 0.0420 0.6095 0.0429 0.6095 0.0429 0.6095 0.0420 0.6111 0.0422 0.6110 0.0431 0.6110 0.0431 0.6111 0.0422 0.6126 0.0423 0.6126 0.0433 0.6126 0.0433 0.6126 0.0423 0.6141 0.0425 0.6140 0.0434 0.6140 0.0434 0.6141 0.0425 0.6155 0.0425 0.6155 0.0435 0.6155 0.0435 0.6155 0.0425 0.6171 0.0424 0.6171 0.0434 0.6171 0.0434 0.6171 0.0424 0.6187 0.0422 0.6187 0.0432 0.6187 0.0432 0.6187 0.0422 0.6202 0.0421 0.6201 0.0431 0.6201 0.0431 0.6202 0.0421 0.6241 0.0426 0.6238 0.0436 0.6238 0.0436 0.6241 0.0426 0.6272 0.0420 0.6271 0.0430 0.6271 0.0430 0.6272 0.0420 0.6285 0.0417 0.6285 0.0429 0.6285 0.0429 0.6285 0.0417 0.6302 0.0410 0.6302 0.0419 0.6302 0.0419 0.6302 0.0410 0.6692 0.0407 0.6691 0.0416 0.6691 0.0416 0.6692 0.0407 0.6708 0.0414 0.6708 0.0425 0.6708 0.0425 0.6708 0.0414 0.6722 0.0419 0.6726 0.0430 0.6726 0.0430 0.6722 0.0419 0.6753 0.0424 0.6756 0.0434 0.6756 0.0434 0.6753 0.0424 0.6796 0.0422 0.6797 0.0431 0.6797 0.0431 0.6796 0.0422 0.6810 0.0422 0.6810 0.0432 0.6810 0.0432 0.6810 0.0422 0.6826 0.0424 0.6825 0.0433 0.6825 0.0433 0.6826 0.0424 0.6841 0.0424 0.6840 0.0434 0.6840 0.0434 0.6841 0.0424 0.6855 0.0424 0.6855 0.0433 0.6855 0.0433 0.6855 0.0424 0.6869 0.0422 0.6870 0.0431 0.6870 0.0431 0.6869 0.0422 0.6884 0.0420 0.6885 0.0430 0.6885 0.0430 0.6884 0.0420 0.6900 0.0419 0.6901 0.0428 0.6901 0.0428 0.6900 0.0419 0.6917 0.0418 0.6917 0.0427 0.6917 0.0427 0.6917 0.0418 0.9882 0.0451 0.9872 0.0457 0.9872 0.0457 0.9882 0.0451 0.9871 0.0459 0.9869 0.0460 0.9869 0.0460 0.9871 0.0459 0.9858 0.0470 0.9858 0.0467 0.9858 0.0467 0.9858 0.0470 0.9848 0.0477 0.9852 0.0472 0.9852 0.0472 0.9848 0.0477 0.6916 0.0463 0.6916 0.0454 0.6916 0.0454 0.6916 0.0463 0.6904 0.0463 0.6904 0.0454 0.6904 0.0454 0.6904 0.0463 0.6888 0.0463 0.6889 0.0454 0.6889 0.0454 0.6888 0.0463 0.6868 0.0463 0.6869 0.0454 0.6869 0.0454 0.6868 0.0463 0.6842 0.0463 0.6842 0.0453 0.6842 0.0453 0.6842 0.0463 0.6831 0.0463 0.6830 0.0452 0.6830 0.0452 0.6831 0.0463 0.6818 0.0463 0.6815 0.0453 0.6815 0.0453 0.6818 0.0463 0.6804 0.0463 0.6800 0.0453 0.6800 0.0453 0.6804 0.0463 0.6794 0.0463 0.6788 0.0453 0.6788 0.0453 0.6794 0.0463 0.6750 0.0464 0.6743 0.0453 0.6743 0.0453 0.6750 0.0464 0.6715 0.0465 0.6711 0.0455 0.6711 0.0455 0.6715 0.0465 0.6688 0.0465 0.6687 0.0458 0.6687 0.0458 0.6688 0.0465 0.6670 0.0466 0.6672 0.0458 0.6672 0.0458 0.6670 0.0466 0.6326 0.0467 0.6323 0.0458 0.6326 0.0467 0.6332 0.4201 0.6314 0.4202 0.6307 0.0466 0.6307 0.0466 0.6314 0.4202 0.6286 0.4202 0.6280 0.0466 0.6280 0.0466 0.6286 0.4202 0.6252 0.4203 0.6245 0.0465 0.6245 0.0465 0.6252 0.4203 0.6208 0.4204 0.6201 0.0464 0.6201 0.0464 0.6208 0.4204 0.6198 0.4204 0.6191 0.0464 0.6191 0.0464 0.6198 0.4204 0.6184 0.4204 0.6178 0.0464 0.6178 0.0464 0.6184 0.4204 0.6171 0.4204 0.6164 0.0464 0.6164 0.0464 0.6171 0.4204 0.6160 0.4204 0.6154 0.0464 0.6154 0.0464 0.6160 0.4204 0.6134 0.4204 0.6127 0.0464 0.6127 0.0464 0.6134 0.4204 0.6114 0.4204 0.6107 0.0464 0.6107 0.0464 0.6114 0.4204 0.6098 0.4204 0.6092 0.0464 0.6092 0.0464 0.6098 0.4204 0.6085 0.4204 0.6079 0.0464 0.6079 0.0464 0.6085 0.4204 0.3154 0.4190 0.3157 0.0482 0.3157 0.0482 0.3154 0.4190 0.3144 0.4197 0.3147 0.0474 0.3147 0.0474 0.3144 0.4197 0.3130 0.4208 0.3133 0.0464 0.3133 0.0464 0.3130 0.4208 0.3120 0.4216 0.3123 0.0455 0.2980 0.4277 0.0454 0.4276 0.0455 0.2674 0.2981 0.2675 0.2981 0.2675 0.0455 0.2674 0.0455 0.2666 0.2981 0.2667 0.2981 0.2667 0.0455 0.2666 0.0455 0.2658 0.2981 0.2659 0.2981 0.2659 0.0455 0.2658 0.0455 0.2651 0.2981 0.2651 0.2981 0.2651 0.0455 0.2651 0.0455 0.2643 0.2981 0.2644 0.2981 0.2644 0.0455 0.2643 0.0455 0.2634 0.2981 0.2635 0.2981 0.2635 0.0455 0.2634 0.0455 0.2625 0.2981 0.2626 0.2981 0.2626 0.0455 0.2625 0.0455 0.2616 0.2981 0.2617 0.2981 0.2617 0.0455 0.2616 0.0455 0.2609 0.2981 0.2610 0.2981 0.2610 0.0455 0.2609 0.0455 0.2591 0.2981 0.2592 0.2981 0.2592 0.0455 0.2591 0.0455 0.2583 0.2981 0.2584 0.2981 0.2584 0.0455 0.2583 0.0455 0.2580 0.2981 0.2581 0.2981 0.2581 0.0455 0.2580 0.0455 0.2578 0.2981 0.2579 0.2981 0.2579 0.0455 0.2578 0.0455 0.2392 0.2981 0.2392 0.2981 0.2392 0.0455 0.2392 0.0455 0.2389 0.2981 0.2390 0.2981 0.2390 0.0455 0.2389 0.0455 0.2386 0.2981 0.2387 0.2981 0.2387 0.0455 0.2386 0.0455 0.2378 0.2981 0.2379 0.2981 0.2379 0.0455 0.2378 0.0455 0.2360 0.2981 0.2361 0.2981 0.2361 0.0455 0.2360 0.0455 0.2353 0.2981 0.2354 0.2981 0.2354 0.0455 0.2353 0.0455 0.2344 0.2981 0.2345 0.2981 0.2345 0.0455 0.2344 0.0455 0.2335 0.2981 0.2336 0.2981 0.2336 0.0455 0.2335 0.0455 0.2326 0.2981 0.2327 0.2981 0.2327 0.0455 0.2326 0.0455 0.2319 0.2981 0.2320 0.2981 0.2320 0.0455 0.2319 0.0455 0.2311 0.2981 0.2312 0.2981 0.2312 0.0455 0.2311 0.0455 0.2303 0.2981 0.2304 0.2981 0.2304 0.0455 0.2303 0.0455 0.2295 0.2981 0.2296 0.2981 0.2296 0.0455 0.2295 0.0456 0.0693 0.2982 0.0694 0.9882 0.0451 0.9879 0.4212 0.9869 0.4203 0.9871 0.0459 0.9871 0.0459 0.9869 0.4203 0.9855 0.4193 0.9858 0.0470 0.9858 0.0470 0.9855 0.4193 0.9845 0.4185 0.9848 0.0477 0.9848 0.0477 0.9845 0.4185 0.6923 0.4203 0.6916 0.0463 0.6916 0.0463 0.6923 0.4203 0.6910 0.4203 0.6904 0.0463 0.6904 0.0463 0.6910 0.4203 0.6895 0.4203 0.6888 0.0463 0.6888 0.0463 0.6895 0.4203 0.6875 0.4203 0.6868 0.0463 0.6868 0.0463 0.6875 0.4203 0.6848 0.4203 0.6842 0.0463 0.6842 0.0463 0.6848 0.4203 0.6838 0.4203 0.6831 0.0463 0.6831 0.0463 0.6838 0.4203 0.6824 0.4203 0.6818 0.0463 0.6818 0.0463 0.6824 0.4203 0.6811 0.4203 0.6804 0.0463 0.6804 0.0463 0.6811 0.4203 0.6801 0.4203 0.6794 0.0463 0.6794 0.0463 0.6801 0.4203 0.6757 0.4202 0.6750 0.0464 0.6750 0.0464 0.6757 0.4202 0.6722 0.4202 0.6715 0.0465 0.6715 0.0465 0.6722 0.4202 0.6695 0.4201 0.6688 0.0465 0.6688 0.0465 0.6695 0.4201 0.6676 0.4201 0.6670 0.0466 0.6670 0.0466 0.6676 0.4201 0.6332 0.4201 0.6326 0.0467 0.6332 0.4201 0.6330 0.4209 0.6315 0.4210 0.6314 0.4202 0.6314 0.4202 0.6315 0.4210 0.6291 0.4212 0.6286 0.4202 0.6286 0.4202 0.6291 0.4212 0.6259 0.4215 0.6252 0.4203 0.6252 0.4203 0.6259 0.4215 0.6213 0.4215 0.6208 0.4204 0.6208 0.4204 0.6213 0.4215 0.6202 0.4214 0.6198 0.4204 0.6198 0.4204 0.6202 0.4214 0.6187 0.4214 0.6184 0.4204 0.6184 0.4204 0.6187 0.4214 0.6172 0.4215 0.6171 0.4204 0.6171 0.4204 0.6172 0.4215 0.6160 0.4215 0.6160 0.4204 0.6160 0.4204 0.6160 0.4215 0.6132 0.4213 0.6134 0.4204 0.6134 0.4204 0.6132 0.4213 0.6113 0.4213 0.6114 0.4204 0.6114 0.4204 0.6113 0.4213 0.6098 0.4213 0.6098 0.4204 0.6098 0.4204 0.6098 0.4213 0.6085 0.4214 0.6085 0.4204 0.6085 0.4204 0.6085 0.4214 0.3150 0.4195 0.3154 0.4190 0.3154 0.4190 0.3150 0.4195 0.3143 0.4200 0.3144 0.4197 0.3144 0.4197 0.3143 0.4200 0.3133 0.4207 0.3130 0.4208 0.3130 0.4208 0.3133 0.4207 0.3130 0.4210 0.3120 0.4216 0.3120 0.4216 0.3130 0.4210 0.6085 0.4240 0.6085 0.4249 0.6085 0.4249 0.6085 0.4240 0.6101 0.4239 0.6101 0.4248 0.6101 0.4248 0.6101 0.4239 0.6117 0.4238 0.6118 0.4247 0.6118 0.4247 0.6117 0.4238 0.6132 0.4236 0.6133 0.4245 0.6133 0.4245 0.6132 0.4236 0.6147 0.4234 0.6147 0.4243 0.6147 0.4243 0.6147 0.4234 0.6161 0.4233 0.6161 0.4243 0.6161 0.4243 0.6161 0.4233 0.6177 0.4234 0.6176 0.4243 0.6176 0.4243 0.6177 0.4234 0.6192 0.4236 0.6192 0.4245 0.6192 0.4245 0.6192 0.4236 0.6205 0.4236 0.6206 0.4245 0.6206 0.4245 0.6205 0.4236 0.6246 0.4233 0.6248 0.4243 0.6248 0.4243 0.6246 0.4233 0.6276 0.4237 0.6280 0.4248 0.6280 0.4248 0.6276 0.4237 0.6294 0.4242 0.6294 0.4253 0.6294 0.4253 0.6294 0.4242 0.6310 0.4251 0.6310 0.4260 0.6310 0.4260 0.6310 0.4251 0.6698 0.4249 0.6698 0.4258 0.6698 0.4258 0.6698 0.4249 0.6714 0.4241 0.6716 0.4251 0.6716 0.4251 0.6714 0.4241 0.6732 0.4236 0.6729 0.4247 0.6729 0.4247 0.6732 0.4236 0.6762 0.4232 0.6760 0.4242 0.6760 0.4242 0.6762 0.4232 0.6803 0.4235 0.6802 0.4244 0.6802 0.4244 0.6803 0.4235 0.6817 0.4235 0.6817 0.4244 0.6817 0.4244 0.6817 0.4235 0.6832 0.4233 0.6833 0.4242 0.6833 0.4242 0.6832 0.4233 0.6847 0.4232 0.6847 0.4241 0.6847 0.4241 0.6847 0.4232 0.6862 0.4233 0.6862 0.4242 0.6862 0.4242 0.6862 0.4233 0.6877 0.4234 0.6876 0.4244 0.6876 0.4244 0.6877 0.4234 0.6892 0.4236 0.6891 0.4245 0.6891 0.4245 0.6892 0.4236 0.6908 0.4238 0.6907 0.4247 0.6907 0.4247 0.6908 0.4238 0.6924 0.4238 0.6924 0.4248 0.6924 0.4248 0.6924 0.4238 0.9869 0.4206 0.9879 0.4212 0.9879 0.4212 0.9869 0.4206 0.9865 0.4202 0.9869 0.4203 0.9869 0.4203 0.9865 0.4202 0.9855 0.4195 0.9855 0.4193 0.9855 0.4193 0.9855 0.4195 0.9849 0.4191 0.9845 0.4185 0.9845 0.4185 0.9849 0.4191 0.6923 0.4212 0.6923 0.4203 0.6923 0.4203 0.6923 0.4212 0.6911 0.4212 0.6910 0.4203 0.6910 0.4203 0.6911 0.4212 0.6896 0.4212 0.6895 0.4203 0.6895 0.4203 0.6896 0.4212 0.6876 0.4212 0.6875 0.4203 0.6875 0.4203 0.6876 0.4212 0.6849 0.4213 0.6848 0.4203 0.6848 0.4203 0.6849 0.4213 0.6837 0.4214 0.6838 0.4203 0.6838 0.4203 0.6837 0.4214 0.6821 0.4214 0.6824 0.4203 0.6824 0.4203 0.6821 0.4214 0.6806 0.4213 0.6811 0.4203 0.6811 0.4203 0.6806 0.4213 0.6795 0.4214 0.6801 0.4203 0.6801 0.4203 0.6795 0.4214 0.6750 0.4214 0.6757 0.4202 0.6757 0.4202 0.6750 0.4214 0.6718 0.4211 0.6722 0.4202 0.6722 0.4202 0.6718 0.4211 0.6694 0.4209 0.6695 0.4201 0.6695 0.4201 0.6694 0.4209 0.6678 0.4209 0.6676 0.4201 0.6676 0.4201 0.6678 0.4209 0.6330 0.4209 0.6332 0.4201 " />
							</IndexedFaceSet>
						</Shape>
					</Group>
				</Transform>
			</Transform>
		</Transform>
		<Transform DEF="RightPageFlip_001_TRANSFORM"
		           translation="-74.212151 3.080441 13.751998"
		           scale="-3.300684 -3.135651 -2.595230"
		           rotation="0.561757 0.584991 0.584991 2.117943"
		           >
			<Transform DEF="RightPageFlip_TRANSFORM"
			           translation="-4.251698 -4.463029 -0.192010"
			           scale="1.000000 1.000000 1.000000"
			           rotation="-0.000000 -0.000000 0.000000 0.000000"
			           >
				<Transform DEF="RightPageFlip_ifs_TRANSFORM"
				           translation="0.000000 0.000001 0.000001"
				           scale="1.000000 1.000000 1.000000"
				           rotation="0.000000 0.000000 -0.000000 0.000000"
				           >
					<Group DEF="group_ME_RightPageFlip">
						<Shape>
							<Appearance USE='app'>
								<Material USE="MA_Max_MaterialID_0" />
							</Appearance>
							<IndexedFaceSet solid="false"
							                creaseAngle="0.0"
							                texCoordIndex="0 1 2 -1 3 4 5 -1 6 7 8 -1 9 10 11 -1 12 13 14 -1 15 16 17 -1 18 19 20 -1 21 22 23 -1 24 25 26 -1 27 28 29 -1 30 31 32 -1 33 34 35 -1 36 37 38 -1 39 40 41 -1 42 43 44 -1 45 46 47 -1 48 49 50 -1 51 52 53 -1 54 55 56 -1 57 58 59 -1 60 61 62 -1 63 64 65 -1 66 67 68 -1 69 70 71 -1 72 73 74 -1 75 76 77 -1 78 79 80 -1 81 82 83 -1 84 85 86 -1 87 88 89 -1 90 91 92 -1 93 94 95 -1 96 97 98 -1 99 100 101 -1 102 103 104 -1 105 106 107 -1 108 109 110 -1 111 112 113 -1 114 115 116 -1 117 118 119 -1 120 121 122 -1 123 124 125 -1 126 127 128 -1 129 130 131 -1 132 133 134 -1 135 136 137 -1 138 139 140 -1 141 142 143 -1 144 145 146 -1 147 148 149 -1 150 151 152 -1 153 154 155 -1 156 157 158 -1 159 160 161 -1 162 163 164 -1 165 166 167 -1 168 169 170 -1 171 172 173 -1 174 175 176 -1 177 178 179 -1 180 181 182 -1 183 184 185 -1 186 187 188 -1 189 190 191 -1 192 193 194 -1 195 196 197 -1 198 199 200 -1 201 202 203 -1 204 205 206 -1 207 208 209 -1 210 211 212 -1 213 214 215 -1 216 217 218 -1 219 220 221 -1 222 223 224 -1 225 226 227 -1 228 229 230 -1 231 232 233 -1 234 235 236 -1 237 238 239 -1 240 241 242 -1 243 244 245 -1 246 247 248 -1 249 250 251 -1 252 253 254 -1 255 256 257 -1 258 259 260 -1 261 262 263 -1 264 265 266 -1 267 268 269 -1 270 271 272 -1 273 274 275 -1 276 277 278 -1 279 280 281 -1 282 283 284 -1 285 286 287 -1 288 289 290 -1 291 292 293 -1 294 295 296 -1 297 298 299 -1 300 301 302 -1 303 304 305 -1 306 307 308 -1 309 310 311 -1 312 313 314 -1 315 316 317 -1 318 319 320 -1 321 322 323 -1 324 325 326 -1 327 328 329 -1 330 331 332 -1 333 334 335 -1 336 337 338 -1 339 340 341 -1 342 343 344 -1 345 346 347 -1 348 349 350 -1 351 352 353 -1 354 355 356 -1 357 358 359 -1 360 361 362 -1 363 364 365 -1 366 367 368 -1 369 370 371 -1 372 373 374 -1 375 376 377 -1 378 379 380 -1 381 382 383 -1 384 385 386 -1 387 388 389 -1 390 391 392 -1 393 394 395 -1 396 397 398 -1 399 400 401 -1 402 403 404 -1 405 406 407 -1 408 409 410 -1 411 412 413 -1 414 415 416 -1 417 418 419 -1 420 421 422 -1 423 424 425 -1 426 427 428 -1 429 430 431 -1 432 433 434 -1 435 436 437 -1 438 439 440 -1 441 442 443 -1 444 445 446 -1 447 448 449 -1 450 451 452 -1 453 454 455 -1 456 457 458 -1 459 460 461 -1 462 463 464 -1 465 466 467 -1 468 469 470 -1 471 472 473 -1 474 475 476 -1 477 478 479 -1 480 481 482 -1 483 484 485 -1 486 487 488 -1 489 490 491 -1 492 493 494 -1 495 496 497 -1 498 499 500 -1 501 502 503 -1 504 505 506 -1 507 508 509 -1 510 511 512 -1 513 514 515 -1 516 517 518 -1 519 520 521 -1 522 523 524 -1 525 526 527 -1 528 529 530 -1 531 532 533 -1 534 535 536 -1 537 538 539 -1 "
							                coordIndex="0 4 5 -1 5 1 0 -1 1 5 6 -1 6 2 1 -1 2 6 7 -1 7 3 2 -1 3 7 4 -1 4 0 3 -1 4 8 9 -1 9 5 4 -1 5 9 10 -1 10 6 5 -1 6 10 11 -1 11 7 6 -1 7 11 8 -1 8 4 7 -1 8 12 13 -1 13 9 8 -1 9 13 14 -1 14 10 9 -1 10 14 15 -1 15 11 10 -1 11 15 12 -1 12 8 11 -1 12 16 17 -1 17 13 12 -1 13 17 18 -1 18 14 13 -1 14 18 19 -1 19 15 14 -1 15 19 16 -1 16 12 15 -1 16 20 21 -1 21 17 16 -1 17 21 22 -1 22 18 17 -1 18 22 23 -1 23 19 18 -1 19 23 20 -1 20 16 19 -1 20 24 25 -1 25 21 20 -1 21 25 26 -1 26 22 21 -1 22 26 27 -1 27 23 22 -1 23 27 24 -1 24 20 23 -1 24 28 29 -1 29 25 24 -1 25 29 30 -1 30 26 25 -1 26 30 31 -1 31 27 26 -1 27 31 28 -1 28 24 27 -1 28 32 33 -1 33 29 28 -1 29 33 34 -1 34 30 29 -1 30 34 35 -1 35 31 30 -1 31 35 32 -1 32 28 31 -1 32 36 37 -1 37 33 32 -1 33 37 38 -1 38 34 33 -1 34 38 39 -1 39 35 34 -1 35 39 36 -1 36 32 35 -1 36 40 41 -1 41 37 36 -1 37 41 42 -1 42 38 37 -1 38 42 43 -1 43 39 38 -1 39 43 40 -1 40 36 39 -1 40 44 45 -1 45 41 40 -1 41 45 46 -1 46 42 41 -1 42 46 47 -1 47 43 42 -1 43 47 44 -1 44 40 43 -1 44 48 49 -1 49 45 44 -1 45 49 50 -1 50 46 45 -1 46 50 51 -1 51 47 46 -1 47 51 48 -1 48 44 47 -1 48 52 53 -1 53 49 48 -1 49 53 54 -1 54 50 49 -1 50 54 55 -1 55 51 50 -1 51 55 52 -1 52 48 51 -1 52 56 57 -1 57 53 52 -1 53 57 58 -1 58 54 53 -1 54 58 59 -1 59 55 54 -1 55 59 56 -1 56 52 55 -1 56 60 61 -1 61 57 56 -1 57 61 62 -1 62 58 57 -1 58 62 63 -1 63 59 58 -1 59 63 60 -1 60 56 59 -1 60 64 65 -1 65 61 60 -1 61 65 66 -1 66 62 61 -1 62 66 67 -1 67 63 62 -1 63 67 64 -1 64 60 63 -1 64 68 69 -1 69 65 64 -1 65 69 70 -1 70 66 65 -1 66 70 71 -1 71 67 66 -1 67 71 68 -1 68 64 67 -1 68 72 73 -1 73 69 68 -1 69 73 74 -1 74 70 69 -1 70 74 75 -1 75 71 70 -1 71 75 72 -1 72 68 71 -1 72 76 77 -1 77 73 72 -1 73 77 78 -1 78 74 73 -1 74 78 79 -1 79 75 74 -1 75 79 76 -1 76 72 75 -1 76 80 81 -1 81 77 76 -1 77 81 82 -1 82 78 77 -1 78 82 83 -1 83 79 78 -1 79 83 80 -1 80 76 79 -1 80 84 85 -1 85 81 80 -1 81 85 86 -1 86 82 81 -1 82 86 87 -1 87 83 82 -1 83 87 84 -1 84 80 83 -1 84 88 89 -1 89 85 84 -1 85 89 90 -1 90 86 85 -1 86 90 91 -1 91 87 86 -1 87 91 88 -1 88 84 87 -1 1 2 0 -1 2 3 0 -1 90 89 88 -1 91 90 88 -1 "
							                >
								<Coordinate DEF="coords_ME_RightPageFlip"
								            point="-2.041888 -0.007968 -0.172211 -2.041760 -0.007968 -0.162211 -2.041754 8.934032 -0.162212 -2.041883 8.934032 -0.172211 -1.245124 -0.007969 -0.182416 -1.245234 -0.007969 -0.172413 -1.245233 8.934031 -0.172413 -1.245124 8.934031 -0.182416 -0.738817 -0.007969 -0.164815 -0.739018 -0.007969 -0.154816 -0.739018 8.934031 -0.154816 -0.738817 8.934031 -0.164815 -0.222799 -0.007969 -0.162040 -0.223000 -0.007969 -0.152041 -0.222999 8.934031 -0.152041 -0.222799 8.934031 -0.162040 0.293782 -0.007970 -0.144220 0.293544 -0.007970 -0.134223 0.293544 8.934031 -0.134223 0.293783 8.934031 -0.144220 0.809911 -0.007970 -0.137536 0.809954 -0.007970 -0.127534 0.809955 8.934031 -0.127534 0.809911 8.934031 -0.137536 1.151608 -0.007970 -0.145021 1.151491 -0.007970 -0.135016 1.151492 8.934031 -0.135016 1.151608 8.934031 -0.145021 1.410703 -0.007970 -0.133377 1.409709 -0.007970 -0.123412 1.409710 8.934031 -0.123412 1.410703 8.934031 -0.133377 1.668933 -0.007970 -0.093429 1.667156 -0.007970 -0.083584 1.667156 8.934031 -0.083584 1.668933 8.934031 -0.093429 1.926790 -0.007970 -0.040249 1.924633 -0.007970 -0.030483 1.924633 8.934031 -0.030483 1.926790 8.934031 -0.040249 2.173929 -0.007970 0.017886 2.171725 -0.007970 0.027641 2.171725 8.934031 0.027641 2.173930 8.934031 0.017886 2.428491 -0.007970 0.073008 2.426672 -0.007970 0.082846 2.426672 8.934031 0.082846 2.428491 8.934031 0.073008 2.683637 -0.007970 0.112135 2.682428 -0.007970 0.122066 2.682429 8.934031 0.122066 2.683637 8.934031 0.112135 2.799919 -0.007970 0.122597 2.798999 -0.007970 0.132555 2.799000 8.934031 0.132555 2.799920 8.934031 0.122597 2.943806 -0.007971 0.136205 2.942759 -0.007971 0.146151 2.942760 8.934029 0.146151 2.943807 8.934029 0.136205 3.087648 -0.007971 0.152846 3.086421 -0.007971 0.162771 3.086421 8.934029 0.162771 3.087648 8.934029 0.152846 3.283875 -0.007971 0.178611 3.282119 -0.007971 0.188466 3.282119 8.934029 0.188467 3.283875 8.934029 0.178612 3.446871 -0.007970 0.215358 3.444884 -0.007970 0.225161 3.444884 8.934030 0.225162 3.446871 8.934030 0.215359 3.586894 -0.007971 0.240551 3.584975 -0.007971 0.250366 3.584975 8.934029 0.250366 3.586895 8.934029 0.240551 3.729876 -0.007973 0.270712 3.727872 -0.007973 0.280509 3.727872 8.934028 0.280509 3.729877 8.934028 0.270712 3.931378 -0.007974 0.310616 3.931773 -0.007974 0.320889 3.931773 8.934027 0.320886 3.931378 8.934027 0.310614 4.124681 -0.007974 0.256566 4.128501 -0.007974 0.265881 4.128501 8.934027 0.265881 4.124681 8.934027 0.256565 4.246987 -0.007974 0.188779 4.251833 -0.007974 0.197527 4.251834 8.934027 0.197526 4.246988 8.934027 0.188779 "
								            />
								<TextureCoordinate point="0.2495 0.0597 0.2248 0.0597 0.2248 0.0592 0.2248 0.0592 0.2495 0.0593 0.2495 0.0597 0.3455 0.4317 0.3455 0.4680 0.6686 0.4680 0.6686 0.4680 0.6686 0.4317 0.3455 0.4317 0.2495 0.0593 0.2248 0.0592 0.2248 0.0597 0.2248 0.0597 0.2495 0.0597 0.2495 0.0593 0.3302 0.9952 0.3302 0.9605 0.0077 0.9605 0.0077 0.9605 0.0077 0.9952 0.3302 0.9952 0.2248 0.0597 0.2090 0.0597 0.2090 0.0592 0.2090 0.0592 0.2248 0.0592 0.2248 0.0597 0.3455 0.4680 0.3455 0.4910 0.6686 0.4910 0.6686 0.4910 0.6686 0.4680 0.3455 0.4680 0.2248 0.0592 0.2090 0.0592 0.2090 0.0597 0.2090 0.0597 0.2248 0.0597 0.2248 0.0592 0.3302 0.9605 0.3302 0.9384 0.0077 0.9384 0.0077 0.9384 0.0077 0.9605 0.3302 0.9605 0.2090 0.0597 0.1930 0.0596 0.1930 0.0592 0.1930 0.0592 0.2090 0.0592 0.2090 0.0597 0.3455 0.4910 0.3455 0.5145 0.6686 0.5145 0.6686 0.5145 0.6686 0.4910 0.3455 0.4910 0.2090 0.0592 0.1930 0.0592 0.1930 0.0596 0.1930 0.0596 0.2090 0.0597 0.2090 0.0592 0.3302 0.9384 0.3302 0.9159 0.0077 0.9159 0.0077 0.9159 0.0077 0.9384 0.3302 0.9384 0.1930 0.0596 0.1770 0.0594 0.1770 0.0590 0.1770 0.0590 0.1930 0.0592 0.1930 0.0596 0.3455 0.5145 0.3455 0.5380 0.6686 0.5380 0.6686 0.5380 0.6686 0.5145 0.3455 0.5145 0.1930 0.0592 0.1770 0.0590 0.1770 0.0594 0.1770 0.0594 0.1930 0.0596 0.1930 0.0592 0.3302 0.9159 0.3302 0.8933 0.0077 0.8933 0.0077 0.8933 0.0077 0.9159 0.3302 0.9159 0.1770 0.0594 0.1609 0.0589 0.1610 0.0585 0.1610 0.0585 0.1770 0.0590 0.1770 0.0594 0.3455 0.5380 0.3455 0.5615 0.6686 0.5615 0.6686 0.5615 0.6686 0.5380 0.3455 0.5380 0.1770 0.0590 0.1610 0.0585 0.1609 0.0589 0.1609 0.0589 0.1770 0.0594 0.1770 0.0590 0.3302 0.8933 0.3302 0.8708 0.0077 0.8708 0.0077 0.8708 0.0077 0.8933 0.3302 0.8933 0.1609 0.0589 0.1504 0.0587 0.1504 0.0582 0.1504 0.0582 0.1610 0.0585 0.1609 0.0589 0.3455 0.5615 0.3455 0.5770 0.6686 0.5770 0.6686 0.5770 0.6686 0.5615 0.3455 0.5615 0.1610 0.0585 0.1504 0.0582 0.1504 0.0587 0.1504 0.0587 0.1609 0.0589 0.1610 0.0585 0.3302 0.8708 0.3302 0.8559 0.0077 0.8559 0.0077 0.8559 0.0077 0.8708 0.3302 0.8708 0.1504 0.0587 0.1423 0.0584 0.1423 0.0580 0.1423 0.0580 0.1504 0.0582 0.1504 0.0587 0.3455 0.5770 0.3455 0.5888 0.6686 0.5888 0.6686 0.5888 0.6686 0.5770 0.3455 0.5770 0.1504 0.0582 0.1423 0.0580 0.1423 0.0584 0.1423 0.0584 0.1504 0.0587 0.1504 0.0582 0.3302 0.8559 0.3302 0.8446 0.0077 0.8446 0.0077 0.8446 0.0077 0.8559 0.3302 0.8559 0.1423 0.0584 0.1343 0.0582 0.1343 0.0578 0.1343 0.0578 0.1423 0.0580 0.1423 0.0584 0.3455 0.5888 0.3455 0.6005 0.6686 0.6005 0.6686 0.6005 0.6686 0.5888 0.3455 0.5888 0.1423 0.0580 0.1343 0.0578 0.1343 0.0582 0.1343 0.0582 0.1423 0.0584 0.1423 0.0580 0.3302 0.8446 0.3302 0.8333 0.0077 0.8333 0.0077 0.8333 0.0077 0.8446 0.3302 0.8446 0.1343 0.0582 0.1262 0.0580 0.1262 0.0576 0.1262 0.0576 0.1343 0.0578 0.1343 0.0582 0.3455 0.6005 0.3455 0.6123 0.6686 0.6123 0.6686 0.6123 0.6686 0.6005 0.3455 0.6005 0.1343 0.0578 0.1262 0.0576 0.1262 0.0580 0.1262 0.0580 0.1343 0.0582 0.1343 0.0578 0.3302 0.8333 0.3302 0.8220 0.0077 0.8220 0.0077 0.8220 0.0077 0.8333 0.3302 0.8333 0.1262 0.0580 0.1185 0.0585 0.1185 0.0581 0.1185 0.0581 0.1262 0.0576 0.1262 0.0580 0.3455 0.6123 0.3455 0.6237 0.6686 0.6237 0.6686 0.6237 0.6686 0.6123 0.3455 0.6123 0.1262 0.0576 0.1185 0.0581 0.1185 0.0585 0.1185 0.0585 0.1262 0.0580 0.1262 0.0576 0.3302 0.8220 0.3302 0.8112 0.0077 0.8112 0.0077 0.8112 0.0077 0.8220 0.3302 0.8220 0.1185 0.0585 0.1105 0.0590 0.1104 0.0586 0.1104 0.0586 0.1185 0.0581 0.1185 0.0585 0.3455 0.6237 0.3455 0.6353 0.6686 0.6353 0.6686 0.6353 0.6686 0.6237 0.3455 0.6237 0.1185 0.0581 0.1104 0.0586 0.1105 0.0590 0.1105 0.0590 0.1185 0.0585 0.1185 0.0581 0.3302 0.8112 0.3302 0.7999 0.0077 0.7999 0.0077 0.7999 0.0077 0.8112 0.3302 0.8112 0.1105 0.0590 0.1024 0.0596 0.1024 0.0592 0.1024 0.0592 0.1104 0.0586 0.1105 0.0590 0.3455 0.6353 0.3455 0.6469 0.6686 0.6469 0.6686 0.6469 0.6686 0.6353 0.3455 0.6353 0.1104 0.0586 0.1024 0.0591 0.1024 0.0595 0.1024 0.0595 0.1105 0.0590 0.1104 0.0586 0.3302 0.7999 0.3302 0.7886 0.0077 0.7886 0.0077 0.7886 0.0077 0.7999 0.3302 0.7999 0.1024 0.0596 0.0944 0.0603 0.0943 0.0598 0.0943 0.0598 0.1024 0.0592 0.1024 0.0596 0.3455 0.6469 0.3455 0.6586 0.6686 0.6586 0.6686 0.6586 0.6686 0.6469 0.3455 0.6469 0.1024 0.0591 0.0943 0.0596 0.0944 0.0600 0.0944 0.0600 0.1024 0.0595 0.1024 0.0591 0.3302 0.7886 0.3302 0.7773 0.0077 0.7773 0.0077 0.7773 0.0077 0.7886 0.3302 0.7886 0.0944 0.0603 0.0863 0.0608 0.0863 0.0604 0.0863 0.0604 0.0943 0.0598 0.0944 0.0603 0.3455 0.6586 0.3455 0.6703 0.6686 0.6703 0.6686 0.6703 0.6686 0.6586 0.3455 0.6586 0.0943 0.0596 0.0863 0.0601 0.0863 0.0605 0.0863 0.0605 0.0944 0.0600 0.0943 0.0596 0.3302 0.7773 0.3302 0.7660 0.0077 0.7660 0.0077 0.7660 0.0077 0.7773 0.3302 0.7773 0.0863 0.0608 0.0783 0.0614 0.0782 0.0609 0.0782 0.0609 0.0863 0.0604 0.0863 0.0608 0.3455 0.6703 0.3455 0.6820 0.6686 0.6820 0.6686 0.6820 0.6686 0.6703 0.3455 0.6703 0.0863 0.0601 0.0782 0.0607 0.0783 0.0611 0.0783 0.0611 0.0863 0.0605 0.0863 0.0601 0.3302 0.7660 0.3302 0.7547 0.0077 0.7547 0.0077 0.7547 0.0077 0.7660 0.3302 0.7660 0.0783 0.0614 0.0742 0.0616 0.0742 0.0612 0.0742 0.0612 0.0782 0.0609 0.0783 0.0614 0.3455 0.6820 0.3455 0.6880 0.6686 0.6880 0.6686 0.6880 0.6686 0.6820 0.3455 0.6820 0.0782 0.0607 0.0742 0.0610 0.0742 0.0614 0.0742 0.0614 0.0783 0.0611 0.0782 0.0607 0.3302 0.7547 0.3302 0.7489 0.0077 0.7489 0.0077 0.7489 0.0077 0.7547 0.3302 0.7547 0.0742 0.0616 0.0643 0.0603 0.0644 0.0599 0.0644 0.0599 0.0742 0.0612 0.0742 0.0616 0.3455 0.6880 0.3455 0.6961 0.6686 0.6961 0.6686 0.6961 0.6686 0.6880 0.3455 0.6880 0.0742 0.0610 0.0645 0.0597 0.0644 0.0601 0.0644 0.0601 0.0742 0.0614 0.0742 0.0610 0.3302 0.7489 0.3302 0.7352 0.0077 0.7351 0.0077 0.7351 0.0077 0.7489 0.3302 0.7489 0.0643 0.0603 0.0566 0.0571 0.0568 0.0567 0.0568 0.0567 0.0644 0.0599 0.0643 0.0603 0.3455 0.6961 0.3455 0.7049 0.6686 0.7049 0.6686 0.7049 0.6686 0.6961 0.3455 0.6961 0.0645 0.0597 0.0569 0.0565 0.0567 0.0569 0.0567 0.0569 0.0644 0.0601 0.0645 0.0597 0.3302 0.7352 0.3302 0.7244 0.0077 0.7242 0.0077 0.7242 0.0077 0.7351 0.3302 0.7352 0.0566 0.0571 0.0522 0.0509 0.0525 0.0507 0.0525 0.0507 0.0568 0.0567 0.0566 0.0571 0.3455 0.7049 0.3455 0.7110 0.6686 0.7110 0.6686 0.7110 0.6686 0.7049 0.3455 0.7049 0.0569 0.0565 0.0526 0.0506 0.0524 0.0508 0.0524 0.0508 0.0567 0.0569 0.0569 0.0565 0.3302 0.7244 0.3302 0.7183 0.0077 0.7181 0.0077 0.7181 0.0077 0.7242 0.3302 0.7244 0.0522 0.0509 0.0504 0.0458 0.0506 0.0456 0.0506 0.0456 0.0525 0.0507 0.0522 0.0509 0.3455 0.7110 0.3455 0.7143 0.6686 0.7143 0.6686 0.7143 0.6686 0.7110 0.3455 0.7110 0.0526 0.0506 0.0508 0.0455 0.0505 0.0457 0.0505 0.0457 0.0524 0.0508 0.0526 0.0506 0.3302 0.7183 0.3302 0.7157 0.0077 0.7155 0.0077 0.7155 0.0077 0.7181 0.3302 0.7183 0.0504 0.0458 0.0493 0.0417 0.0496 0.0416 0.0496 0.0416 0.0506 0.0456 0.0504 0.0458 0.3455 0.7143 0.3455 0.7120 0.6686 0.7120 0.6686 0.7120 0.6686 0.7143 0.3455 0.7143 0.0508 0.0455 0.0498 0.0415 0.0495 0.0416 0.0495 0.0416 0.0505 0.0457 0.0508 0.0455 0.3302 0.7157 0.3302 0.7143 0.0077 0.7140 0.0077 0.7140 0.0077 0.7155 0.3302 0.7157 0.0493 0.0417 0.0490 0.0405 0.0493 0.0404 0.0493 0.0404 0.0496 0.0416 0.0493 0.0417 0.3455 0.7120 0.3455 0.7095 0.6686 0.7095 0.6686 0.7095 0.6686 0.7120 0.3455 0.7120 0.0498 0.0415 0.0495 0.0403 0.0492 0.0404 0.0492 0.0404 0.0495 0.0416 0.0498 0.0415 0.3302 0.7143 0.3302 0.7138 0.0077 0.7135 0.0077 0.7135 0.0077 0.7140 0.3302 0.7143 0.2495 0.0593 0.2495 0.0593 0.2495 0.0597 0.2495 0.0593 0.2495 0.0597 0.2495 0.0597 0.0495 0.0403 0.0493 0.0404 0.0490 0.0405 0.0492 0.0404 0.0495 0.0403 0.0490 0.0405 " />
							</IndexedFaceSet>
						</Shape>
					</Group>
				</Transform>
			</Transform>
		</Transform>
	</Scene>
</X3D>