<?xml version="1.0" encoding="UTF-8"?>
<!DOCTYPE X3D PUBLIC "ISO//Web3D//DTD X3D 3.0//EN" "http://www.web3d.org/specifications/x3d-3.0.dtd">
<X3D version="3.0" profile="Immersive" xmlns:xsd="http://www.w3.org/2001/XMLSchema-instance" xsd:noNamespaceSchemaLocation="http://www.web3d.org/specifications/x3d-3.0.xsd">
	<head>
		<meta name="filename" content="Bool Double texture Flipp paper003edgesplit.x3d" />
		<meta name="generator" content="Blender 2.93.7" />
	</head>
	<Scene>
		<NavigationInfo headlight="true"
		                visibilityLimit="0.0"
		                type='"EXAMINE", "ANY"'
		                avatarSize="0.25, 1.75, 0.75"
		                />
		<Background DEF="WO_World"
		            groundColor="0.051 0.051 0.051"
		            skyColor="0.051 0.051 0.051"
		            />
		<Transform DEF="book_TRANSFORM"
		           translation="-92.315819 2.547369 13.725975"
		           scale="3.300685 3.135651 2.595227"
		           rotation="-1.000000 -0.000000 -0.000000 1.570796"
		           >
			<Transform DEF="book_ifs_TRANSFORM"
			           translation="-0.000003 0.000001 0.000000"
			           scale="1.000000 1.000000 1.000000"
			           rotation="0.000000 0.000000 0.000000 0.000000"
			           >
				<Group DEF="group_ME_book_001">
				</Group>
			</Transform>
			<Transform DEF="Subdivisio_TRANSFORM"
			           translation="-0.033071 0.000001 -0.008713"
			           scale="1.000000 1.000000 1.000000"
			           rotation="-0.000000 -0.707107 0.707107 3.141593"
			           >
				<Transform DEF="Subdivisio_ifs_TRANSFORM"
				           translation="-0.000001 0.000000 -0.000000"
				           scale="1.000000 1.000000 1.000000"
				           rotation="0.000000 0.000000 0.000000 0.000000"
				           >
					<Group DEF="group_ME_Subdivisio_001">
					</Group>
				</Transform>
				<Transform DEF="cover_TRANSFORM"
				           translation="-0.093282 -0.170666 -0.000000"
				           scale="0.125000 0.125000 0.125000"
				           rotation="0.000000 -0.000000 0.000000 0.000000"
				           >
					<Transform DEF="cover_ifs_TRANSFORM"
					           translation="0.000005 -0.000001 -0.000001"
					           scale="1.000000 1.000000 1.000000"
					           rotation="-0.000000 -0.000000 -0.000000 0.000000"
					           >
						<Group DEF="group_ME_cover_001">
						</Group>
					</Transform>
				</Transform>
				<Transform DEF="paper_2_po_TRANSFORM"
				           translation="-1.372745 -0.047107 -0.102353"
				           scale="1.000000 1.000000 1.000000"
				           rotation="-0.000000 -0.707107 0.707107 3.141593"
				           >
					<Transform DEF="paper_2_po_ifs_TRANSFORM"
					           translation="-0.000002 0.000000 0.000000"
					           scale="1.000000 1.000000 1.000000"
					           rotation="0.000000 0.000000 -0.000000 0.000000"
					           >
						<Group DEF="group_ME_paper_2_po_001">
						</Group>
					</Transform>
					<Transform DEF="paper_2_ro_TRANSFORM"
					           translation="-0.000002 -0.102245 0.000000"
					           scale="1.000000 1.000000 1.000000"
					           rotation="0.000000 0.000000 -0.000000 0.000000"
					           >
						<Transform DEF="paper_2_ro_ifs_TRANSFORM"
						           translation="-0.000004 0.000000 -0.000000"
						           scale="1.000000 1.000000 1.000000"
						           rotation="0.000000 0.000000 -0.000000 0.000000"
						           >
							<Group DEF="group_ME_paper_2_ro_001">
							</Group>
						</Transform>
						<Transform DEF="paper003_TRANSFORM"
						           translation="-0.105862 0.000000 -0.007182"
						           scale="1.000000 1.000000 1.000000"
						           rotation="0.000000 0.000000 -0.000000 0.000000"
						           >
							<Transform DEF="paper003_ifs_TRANSFORM"
							           translation="-0.000002 0.000000 -0.000000"
							           scale="1.000000 1.000000 1.000000"
							           rotation="0.000000 0.000000 -0.000000 0.000000"
							           >
								<Group DEF="group_ME_paper003_001">
									<Shape>
										<Appearance>
											<Material DEF="MA_Max_MaterialID_0"
											          diffuseColor="0.800 0.800 0.800"
											          specularColor="0.401 0.401 0.401"
											          emissiveColor="0.000 0.000 0.000"
											          ambientIntensity="0.000"
											          shininess="0.500"
											          transparency="0.0"
											          />
										</Appearance>
										<IndexedFaceSet solid="false"
										                creaseAngle="6.5236"
										                texCoordIndex="0 1 2 3 -1 4 5 6 7 -1 8 9 10 11 -1 12 13 14 15 -1 16 17 18 19 -1 20 21 22 23 -1 24 25 26 27 -1 28 29 30 31 -1 32 33 34 35 -1 36 37 38 39 -1 40 41 42 43 -1 44 45 46 47 -1 48 49 50 51 -1 52 53 54 55 -1 56 57 58 59 -1 60 61 62 63 -1 64 65 66 67 -1 68 69 70 71 -1 72 73 74 75 -1 76 77 78 79 -1 80 81 82 83 -1 84 85 86 87 -1 88 89 90 91 -1 92 93 94 95 -1 96 97 98 99 -1 100 101 102 103 -1 104 105 106 107 -1 108 109 110 111 -1 112 113 114 -1 115 116 117 118 -1 119 120 121 122 -1 123 124 125 126 -1 127 128 129 130 -1 131 132 133 134 -1 135 136 137 138 -1 139 140 141 142 -1 143 144 145 146 -1 147 148 149 150 -1 151 152 153 -1 154 155 156 157 -1 158 159 160 161 -1 162 163 164 165 -1 166 167 168 169 -1 170 171 172 173 -1 174 175 176 177 -1 178 179 180 181 -1 182 183 184 185 -1 186 187 188 189 -1 190 191 192 193 -1 194 195 196 197 -1 198 199 200 201 -1 202 203 204 205 -1 206 207 208 209 -1 210 211 212 213 -1 214 215 216 -1 217 218 219 220 -1 221 222 223 224 -1 225 226 227 228 -1 229 230 231 232 -1 233 234 235 236 -1 237 238 239 240 -1 241 242 243 244 -1 245 246 247 248 -1 249 250 251 252 -1 253 254 255 256 -1 257 258 259 260 -1 261 262 263 264 -1 265 266 267 268 -1 269 270 271 272 -1 273 274 275 276 -1 277 278 279 280 -1 281 282 283 284 -1 285 286 287 288 -1 289 290 291 292 -1 293 294 295 296 -1 297 298 299 300 -1 301 302 303 304 -1 305 306 307 308 -1 309 310 311 312 -1 313 314 315 316 -1 317 318 319 320 -1 321 322 323 324 -1 325 326 327 328 -1 329 330 331 332 -1 333 334 335 336 -1 337 338 339 340 -1 341 342 343 344 -1 345 346 347 348 -1 349 350 351 352 -1 353 354 355 356 -1 357 358 359 360 -1 361 362 363 364 -1 365 366 367 368 -1 369 370 371 372 -1 373 374 375 376 -1 377 378 379 380 -1 381 382 383 384 -1 385 386 387 388 -1 389 390 391 392 -1 393 394 395 396 -1 397 398 399 400 -1 401 402 403 404 -1 405 406 407 408 -1 409 410 411 412 -1 413 414 415 416 -1 417 418 419 420 -1 421 422 423 424 -1 425 426 427 428 -1 429 430 431 432 -1 433 434 435 436 -1 437 438 439 440 -1 441 442 443 444 -1 445 446 447 448 -1 449 450 451 452 -1 453 454 455 456 -1 457 458 459 460 -1 461 462 463 464 -1 465 466 467 468 -1 469 470 471 472 -1 473 474 475 476 -1 477 478 479 480 -1 481 482 483 484 -1 485 486 487 488 -1 489 490 491 492 -1 493 494 495 496 -1 497 498 499 500 -1 501 502 503 504 -1 505 506 507 508 -1 509 510 511 512 -1 513 514 515 516 -1 517 518 519 520 -1 521 522 523 524 -1 525 526 527 528 -1 529 530 531 532 -1 533 534 535 536 -1 537 538 539 540 -1 541 542 543 544 -1 545 546 547 548 -1 549 550 551 552 -1 553 554 555 556 -1 557 558 559 560 -1 561 562 563 564 -1 565 566 567 568 -1 569 570 571 572 -1 573 574 575 576 -1 577 578 579 580 -1 581 582 583 584 -1 585 586 587 588 -1 589 590 591 592 -1 593 594 595 596 -1 597 598 599 600 -1 601 602 603 604 -1 605 606 607 608 -1 609 610 611 612 -1 613 614 615 616 -1 617 618 619 620 -1 621 622 623 624 -1 625 626 627 628 -1 629 630 631 632 -1 633 634 635 636 -1 637 638 639 640 -1 641 642 643 644 -1 645 646 647 648 -1 649 650 651 652 -1 653 654 655 656 -1 657 658 659 660 -1 661 662 663 664 -1 665 666 667 668 -1 669 670 671 672 -1 673 674 675 676 -1 677 678 679 680 -1 681 682 683 684 -1 685 686 687 688 -1 689 690 691 692 -1 693 694 695 696 -1 697 698 699 700 -1 701 702 703 704 -1 705 706 707 708 -1 709 710 711 712 -1 713 714 715 716 -1 717 718 719 720 -1 721 722 723 724 -1 725 726 727 728 -1 729 730 731 732 -1 733 734 735 736 -1 737 738 739 740 -1 741 742 743 744 -1 745 746 747 748 -1 749 750 751 752 -1 753 754 755 756 -1 757 758 759 760 -1 761 762 763 764 -1 765 766 767 768 -1 769 770 771 772 -1 773 774 775 776 -1 777 778 779 780 -1 781 782 783 784 -1 785 786 787 788 -1 789 790 791 792 -1 793 794 795 796 -1 797 798 799 800 -1 801 802 803 804 -1 805 806 807 808 -1 809 810 811 812 -1 813 814 815 816 -1 817 818 819 820 -1 821 822 823 824 -1 825 826 827 828 -1 829 830 831 832 -1 833 834 835 836 -1 837 838 839 840 -1 841 842 843 844 -1 845 846 847 848 -1 849 850 851 852 -1 853 854 855 856 -1 857 858 859 860 -1 861 862 863 864 -1 865 866 867 868 -1 869 870 871 872 -1 873 874 875 876 -1 877 878 879 880 -1 881 882 883 884 -1 885 886 887 888 -1 889 890 891 892 -1 893 894 895 896 -1 897 898 899 900 -1 901 902 903 904 -1 905 906 907 908 -1 909 910 911 912 -1 913 914 915 916 -1 917 918 919 920 -1 921 922 923 924 -1 925 926 927 928 -1 929 930 931 932 -1 933 934 935 936 -1 937 938 939 940 -1 941 942 943 944 -1 945 946 947 948 -1 949 950 951 952 -1 953 954 955 956 -1 957 958 959 960 -1 961 962 963 964 -1 965 966 967 968 -1 969 970 971 972 -1 973 974 975 976 -1 977 978 979 980 -1 981 982 983 984 -1 985 986 987 988 -1 989 990 991 992 -1 993 994 995 996 -1 997 998 999 1000 -1 1001 1002 1003 1004 -1 1005 1006 1007 1008 -1 1009 1010 1011 1012 -1 1013 1014 1015 1016 -1 1017 1018 1019 1020 -1 1021 1022 1023 1024 -1 1025 1026 1027 1028 -1 1029 1030 1031 1032 -1 1033 1034 1035 1036 -1 1037 1038 1039 1040 -1 1041 1042 1043 1044 -1 1045 1046 1047 1048 -1 1049 1050 1051 1052 -1 1053 1054 1055 1056 -1 1057 1058 1059 1060 -1 1061 1062 1063 1064 -1 1065 1066 1067 1068 -1 1069 1070 1071 1072 -1 1073 1074 1075 1076 -1 1077 1078 1079 1080 -1 1081 1082 1083 1084 -1 1085 1086 1087 1088 -1 1089 1090 1091 1092 -1 1093 1094 1095 1096 -1 1097 1098 1099 1100 -1 1101 1102 1103 1104 -1 1105 1106 1107 1108 -1 1109 1110 1111 1112 -1 1113 1114 1115 1116 -1 1117 1118 1119 1120 -1 1121 1122 1123 1124 -1 1125 1126 1127 1128 -1 1129 1130 1131 1132 -1 1133 1134 1135 1136 -1 1137 1138 1139 1140 -1 1141 1142 1143 1144 -1 1145 1146 1147 1148 -1 1149 1150 1151 1152 -1 1153 1154 1155 1156 -1 1157 1158 1159 1160 -1 1161 1162 1163 1164 -1 1165 1166 1167 1168 -1 1169 1170 1171 1172 -1 1173 1174 1175 1176 -1 1177 1178 1179 1180 -1 1181 1182 1183 1184 -1 1185 1186 1187 1188 -1 1189 1190 1191 1192 -1 1193 1194 1195 1196 -1 1197 1198 1199 1200 -1 1201 1202 1203 1204 -1 1205 1206 1207 1208 -1 1209 1210 1211 1212 -1 1213 1214 1215 1216 -1 1217 1218 1219 1220 -1 1221 1222 1223 1224 -1 1225 1226 1227 1228 -1 1229 1230 1231 1232 -1 1233 1234 1235 1236 -1 1237 1238 1239 1240 -1 1241 1242 1243 1244 -1 1245 1246 1247 1248 -1 1249 1250 1251 1252 -1 1253 1254 1255 1256 -1 1257 1258 1259 1260 -1 1261 1262 1263 1264 -1 1265 1266 1267 1268 -1 1269 1270 1271 1272 -1 1273 1274 1275 1276 -1 1277 1278 1279 1280 -1 1281 1282 1283 1284 -1 1285 1286 1287 1288 -1 1289 1290 1291 1292 -1 1293 1294 1295 1296 -1 1297 1298 1299 1300 -1 1301 1302 1303 1304 -1 1305 1306 1307 1308 -1 1309 1310 1311 1312 -1 1313 1314 1315 1316 -1 1317 1318 1319 1320 -1 1321 1322 1323 1324 -1 1325 1326 1327 1328 -1 1329 1330 1331 1332 -1 1333 1334 1335 1336 -1 1337 1338 1339 1340 -1 1341 1342 1343 1344 -1 1345 1346 1347 1348 -1 1349 1350 1351 1352 -1 1353 1354 1355 1356 -1 1357 1358 1359 1360 -1 1361 1362 1363 1364 -1 1365 1366 1367 1368 -1 1369 1370 1371 1372 -1 1373 1374 1375 1376 -1 1377 1378 1379 1380 -1 1381 1382 1383 1384 -1 1385 1386 1387 1388 -1 1389 1390 1391 1392 -1 1393 1394 1395 1396 -1 1397 1398 1399 1400 -1 1401 1402 1403 1404 -1 1405 1406 1407 1408 -1 1409 1410 1411 1412 -1 1413 1414 1415 1416 -1 1417 1418 1419 1420 -1 1421 1422 1423 1424 -1 1425 1426 1427 1428 -1 1429 1430 1431 1432 -1 1433 1434 1435 1436 -1 1437 1438 1439 1440 -1 1441 1442 1443 1444 -1 1445 1446 1447 1448 -1 1449 1450 1451 1452 -1 1453 1454 1455 1456 -1 1457 1458 1459 1460 -1 1461 1462 1463 1464 -1 1465 1466 1467 1468 -1 1469 1470 1471 1472 -1 1473 1474 1475 1476 -1 1477 1478 1479 -1 1480 1481 1482 1483 -1 1484 1485 1486 1487 -1 1488 1489 1490 1491 -1 1492 1493 1494 1495 -1 1496 1497 1498 1499 -1 1500 1501 1502 1503 -1 1504 1505 1506 1507 -1 1508 1509 1510 -1 1511 1512 1513 1514 -1 1515 1516 1517 1518 -1 1519 1520 1521 1522 -1 1523 1524 1525 1526 -1 1527 1528 1529 1530 -1 1531 1532 1533 1534 -1 1535 1536 1537 1538 -1 1539 1540 1541 1542 -1 1543 1544 1545 1546 -1 1547 1548 1549 1550 -1 1551 1552 1553 1554 -1 1555 1556 1557 1558 -1 1559 1560 1561 1562 -1 1563 1564 1565 1566 -1 1567 1568 1569 1570 -1 1571 1572 1573 1574 -1 1575 1576 1577 1578 -1 1579 1580 1581 1582 -1 1583 1584 1585 1586 -1 1587 1588 1589 1590 -1 1591 1592 1593 1594 -1 1595 1596 1597 1598 -1 1599 1600 1601 1602 -1 1603 1604 1605 1606 -1 1607 1608 1609 1610 -1 1611 1612 1613 1614 -1 1615 1616 1617 1618 -1 1619 1620 1621 -1 1622 1623 1624 1625 -1 1626 1627 1628 1629 -1 1630 1631 1632 1633 -1 1634 1635 1636 1637 -1 1638 1639 1640 1641 -1 1642 1643 1644 1645 -1 1646 1647 1648 1649 -1 1650 1651 1652 1653 -1 1654 1655 1656 1657 -1 1658 1659 1660 1661 -1 1662 1663 1664 1665 -1 1666 1667 1668 1669 -1 1670 1671 1672 1673 -1 1674 1675 1676 1677 -1 1678 1679 1680 1681 -1 1682 1683 1684 1685 -1 1686 1687 1688 1689 -1 1690 1691 1692 1693 -1 1694 1695 1696 1697 -1 1698 1699 1700 1701 -1 1702 1703 1704 1705 -1 1706 1707 1708 1709 -1 1710 1711 1712 1713 -1 1714 1715 1716 1717 -1 1718 1719 1720 1721 -1 1722 1723 1724 1725 -1 1726 1727 1728 1729 -1 1730 1731 1732 1733 -1 1734 1735 1736 1737 -1 1738 1739 1740 1741 -1 1742 1743 1744 1745 -1 1746 1747 1748 1749 -1 1750 1751 1752 1753 -1 1754 1755 1756 1757 -1 1758 1759 1760 1761 -1 1762 1763 1764 1765 -1 1766 1767 1768 1769 -1 1770 1771 1772 1773 -1 1774 1775 1776 1777 -1 1778 1779 1780 1781 -1 1782 1783 1784 1785 -1 1786 1787 1788 1789 -1 1790 1791 1792 1793 -1 1794 1795 1796 1797 -1 1798 1799 1800 1801 -1 1802 1803 1804 1805 -1 1806 1807 1808 1809 -1 1810 1811 1812 1813 -1 1814 1815 1816 1817 -1 1818 1819 1820 1821 -1 1822 1823 1824 1825 -1 1826 1827 1828 1829 -1 1830 1831 1832 1833 -1 1834 1835 1836 1837 -1 1838 1839 1840 1841 -1 1842 1843 1844 1845 -1 1846 1847 1848 1849 -1 1850 1851 1852 1853 -1 1854 1855 1856 1857 -1 1858 1859 1860 1861 -1 1862 1863 1864 1865 -1 1866 1867 1868 1869 -1 1870 1871 1872 1873 -1 1874 1875 1876 1877 -1 1878 1879 1880 1881 -1 1882 1883 1884 1885 -1 1886 1887 1888 1889 -1 1890 1891 1892 1893 -1 1894 1895 1896 1897 -1 1898 1899 1900 1901 -1 1902 1903 1904 1905 -1 1906 1907 1908 1909 -1 1910 1911 1912 1913 -1 1914 1915 1916 1917 -1 1918 1919 1920 1921 -1 1922 1923 1924 1925 -1 1926 1927 1928 1929 -1 1930 1931 1932 1933 -1 1934 1935 1936 1937 -1 1938 1939 1940 1941 -1 1942 1943 1944 1945 -1 1946 1947 1948 1949 -1 1950 1951 1952 1953 -1 1954 1955 1956 1957 -1 1958 1959 1960 1961 -1 1962 1963 1964 1965 -1 1966 1967 1968 1969 -1 1970 1971 1972 1973 -1 1974 1975 1976 1977 -1 1978 1979 1980 1981 -1 1982 1983 1984 1985 -1 1986 1987 1988 1989 -1 1990 1991 1992 1993 -1 1994 1995 1996 1997 -1 1998 1999 2000 2001 -1 2002 2003 2004 2005 -1 2006 2007 2008 2009 -1 2010 2011 2012 2013 -1 2014 2015 2016 2017 -1 2018 2019 2020 2021 -1 2022 2023 2024 2025 -1 2026 2027 2028 2029 -1 2030 2031 2032 2033 -1 2034 2035 2036 2037 -1 2038 2039 2040 2041 -1 2042 2043 2044 2045 -1 2046 2047 2048 2049 -1 2050 2051 2052 2053 -1 2054 2055 2056 2057 -1 2058 2059 2060 2061 -1 2062 2063 2064 2065 -1 2066 2067 2068 2069 -1 2070 2071 2072 2073 -1 2074 2075 2076 2077 -1 2078 2079 2080 2081 -1 2082 2083 2084 2085 -1 2086 2087 2088 2089 -1 2090 2091 2092 2093 -1 2094 2095 2096 2097 -1 2098 2099 2100 2101 -1 2102 2103 2104 2105 -1 2106 2107 2108 2109 -1 2110 2111 2112 2113 -1 2114 2115 2116 2117 -1 2118 2119 2120 2121 -1 2122 2123 2124 2125 -1 2126 2127 2128 2129 -1 2130 2131 2132 2133 -1 2134 2135 2136 2137 -1 2138 2139 2140 2141 -1 2142 2143 2144 2145 -1 2146 2147 2148 2149 -1 2150 2151 2152 2153 -1 2154 2155 2156 2157 -1 2158 2159 2160 2161 -1 2162 2163 2164 2165 -1 2166 2167 2168 2169 -1 2170 2171 2172 2173 -1 2174 2175 2176 2177 -1 2178 2179 2180 2181 -1 2182 2183 2184 2185 -1 2186 2187 2188 2189 -1 2190 2191 2192 2193 -1 2194 2195 2196 2197 -1 2198 2199 2200 2201 -1 2202 2203 2204 2205 -1 2206 2207 2208 2209 -1 2210 2211 2212 2213 -1 2214 2215 2216 2217 -1 2218 2219 2220 2221 -1 2222 2223 2224 2225 -1 2226 2227 2228 2229 -1 2230 2231 2232 2233 -1 2234 2235 2236 2237 -1 2238 2239 2240 2241 -1 2242 2243 2244 2245 -1 2246 2247 2248 2249 -1 2250 2251 2252 2253 -1 2254 2255 2256 2257 -1 2258 2259 2260 2261 -1 2262 2263 2264 2265 -1 2266 2267 2268 2269 -1 2270 2271 2272 2273 -1 2274 2275 2276 2277 -1 2278 2279 2280 2281 -1 2282 2283 2284 2285 -1 2286 2287 2288 2289 -1 2290 2291 2292 2293 -1 2294 2295 2296 2297 -1 2298 2299 2300 2301 -1 2302 2303 2304 2305 -1 2306 2307 2308 2309 -1 2310 2311 2312 2313 -1 2314 2315 2316 2317 -1 2318 2319 2320 2321 -1 2322 2323 2324 2325 -1 2326 2327 2328 2329 -1 2330 2331 2332 2333 -1 2334 2335 2336 2337 -1 2338 2339 2340 2341 -1 2342 2343 2344 2345 -1 2346 2347 2348 2349 -1 2350 2351 2352 2353 -1 2354 2355 2356 2357 -1 2358 2359 2360 2361 -1 2362 2363 2364 2365 -1 2366 2367 2368 2369 -1 2370 2371 2372 2373 -1 2374 2375 2376 2377 -1 2378 2379 2380 2381 -1 2382 2383 2384 2385 -1 2386 2387 2388 2389 -1 2390 2391 2392 2393 -1 2394 2395 2396 2397 -1 2398 2399 2400 2401 -1 2402 2403 2404 2405 -1 2406 2407 2408 2409 -1 2410 2411 2412 2413 -1 2414 2415 2416 2417 -1 2418 2419 2420 2421 -1 2422 2423 2424 2425 -1 2426 2427 2428 2429 -1 2430 2431 2432 2433 -1 2434 2435 2436 2437 -1 2438 2439 2440 2441 -1 2442 2443 2444 2445 -1 2446 2447 2448 2449 -1 2450 2451 2452 2453 -1 2454 2455 2456 2457 -1 2458 2459 2460 2461 -1 2462 2463 2464 2465 -1 2466 2467 2468 2469 -1 2470 2471 2472 2473 -1 2474 2475 2476 2477 -1 2478 2479 2480 2481 -1 2482 2483 2484 2485 -1 2486 2487 2488 2489 -1 2490 2491 2492 2493 -1 2494 2495 2496 2497 -1 2498 2499 2500 2501 -1 2502 2503 2504 2505 -1 2506 2507 2508 2509 -1 2510 2511 2512 2513 -1 2514 2515 2516 2517 -1 2518 2519 2520 2521 -1 2522 2523 2524 2525 -1 2526 2527 2528 2529 -1 2530 2531 2532 2533 -1 2534 2535 2536 2537 -1 2538 2539 2540 2541 -1 2542 2543 2544 2545 -1 2546 2547 2548 2549 -1 2550 2551 2552 2553 -1 2554 2555 2556 2557 -1 2558 2559 2560 2561 -1 2562 2563 2564 2565 -1 2566 2567 2568 2569 -1 2570 2571 2572 2573 -1 2574 2575 2576 2577 -1 2578 2579 2580 2581 -1 2582 2583 2584 2585 -1 2586 2587 2588 2589 -1 2590 2591 2592 2593 -1 2594 2595 2596 2597 -1 2598 2599 2600 2601 -1 2602 2603 2604 2605 -1 2606 2607 2608 2609 -1 2610 2611 2612 2613 -1 2614 2615 2616 2617 -1 2618 2619 2620 2621 -1 2622 2623 2624 2625 -1 2626 2627 2628 2629 -1 2630 2631 2632 2633 -1 2634 2635 2636 2637 -1 2638 2639 2640 2641 -1 2642 2643 2644 2645 -1 2646 2647 2648 2649 -1 2650 2651 2652 2653 -1 2654 2655 2656 2657 -1 2658 2659 2660 2661 -1 2662 2663 2664 2665 -1 2666 2667 2668 2669 -1 2670 2671 2672 2673 -1 2674 2675 2676 2677 -1 2678 2679 2680 2681 -1 2682 2683 2684 2685 -1 2686 2687 2688 2689 -1 2690 2691 2692 2693 -1 2694 2695 2696 2697 -1 2698 2699 2700 2701 -1 2702 2703 2704 2705 -1 2706 2707 2708 2709 -1 2710 2711 2712 2713 -1 2714 2715 2716 2717 -1 2718 2719 2720 2721 -1 2722 2723 2724 2725 -1 2726 2727 2728 2729 -1 2730 2731 2732 2733 -1 2734 2735 2736 2737 -1 2738 2739 2740 2741 -1 2742 2743 2744 2745 -1 2746 2747 2748 2749 -1 "
										                coordIndex="5 59 470 454 -1 80 60 4 11 -1 107 129 588 566 -1 40 102 840 838 -1 564 568 109 105 -1 10 3 845 457 -1 43 41 456 461 -1 462 45 43 461 -1 110 104 131 137 -1 470 469 496 497 -1 118 117 144 145 -1 144 143 170 171 -1 116 115 142 143 -1 115 114 141 142 -1 114 113 140 141 -1 464 463 489 490 -1 491 465 464 490 -1 139 138 165 166 -1 62 42 44 64 -1 14 8 42 62 -1 78 58 60 80 -1 76 56 58 78 -1 74 54 56 76 -1 72 52 54 74 -1 70 50 52 72 -1 68 48 50 70 -1 66 46 48 68 -1 64 44 46 66 -1 471 61 63 -1 472 471 63 65 -1 552 541 514 525 -1 479 77 79 480 -1 155 154 127 128 -1 181 180 153 154 -1 180 179 152 153 -1 152 151 124 125 -1 178 177 150 151 -1 123 122 581 582 -1 473 472 65 -1 20 82 84 22 -1 1 18 82 20 -1 38 100 102 40 -1 36 98 100 38 -1 34 96 98 36 -1 32 94 96 34 -1 29 91 93 31 -1 26 88 90 28 -1 24 86 88 26 -1 22 84 86 24 -1 146 130 103 119 -1 133 156 129 107 -1 136 132 105 109 -1 0 16 761 846 -1 164 165 138 137 -1 461 456 482 -1 488 462 461 482 -1 199 200 173 172 -1 469 468 495 496 -1 55 53 466 467 -1 468 57 55 467 -1 467 466 492 493 -1 494 468 467 493 -1 493 492 519 520 -1 492 466 465 491 -1 193 194 167 166 -1 490 489 516 517 -1 148 147 120 121 -1 147 135 108 120 -1 237 236 209 210 -1 505 506 533 532 -1 73 75 478 477 -1 476 477 504 503 -1 69 71 476 475 -1 528 529 556 555 -1 204 203 176 177 -1 176 175 148 149 -1 186 191 164 159 -1 225 226 199 198 -1 117 116 143 144 -1 196 197 170 169 -1 168 169 142 141 -1 167 168 141 140 -1 112 111 138 139 -1 182 181 154 155 -1 126 127 154 153 -1 125 126 153 152 -1 179 178 151 152 -1 123 124 151 150 -1 173 844 130 146 -1 269 291 264 242 -1 163 158 132 136 -1 106 856 843 134 -1 111 110 137 138 -1 119 118 145 146 -1 113 112 139 140 -1 202 201 174 175 -1 828 817 352 363 -1 128 129 156 155 -1 122 123 150 149 -1 121 122 149 148 -1 251 252 225 224 -1 192 193 166 165 -1 208 207 180 181 -1 288 287 260 261 -1 286 285 258 259 -1 134 843 157 161 -1 191 192 165 164 -1 146 145 172 173 -1 140 139 166 167 -1 155 156 183 182 -1 149 150 177 176 -1 230 229 202 203 -1 137 131 159 164 -1 145 144 171 172 -1 143 142 169 170 -1 195 196 169 168 -1 821 822 357 356 -1 209 208 181 182 -1 206 205 178 179 -1 200 860 844 173 -1 156 133 160 183 -1 189 185 158 163 -1 147 148 175 174 -1 135 147 174 162 -1 161 157 184 188 -1 280 281 254 253 -1 220 221 194 193 -1 182 183 210 209 -1 231 230 203 204 -1 266 272 245 240 -1 172 171 198 199 -1 250 251 224 223 -1 183 160 187 210 -1 256 255 228 229 -1 162 174 201 190 -1 171 170 197 198 -1 273 274 247 246 -1 235 234 207 208 -1 179 180 207 206 -1 177 178 205 204 -1 218 219 192 191 -1 175 176 203 202 -1 276 277 250 249 -1 168 167 194 195 -1 236 235 208 209 -1 233 232 205 206 -1 227 211 860 200 -1 790 786 375 379 -1 188 184 849 215 -1 291 290 263 264 -1 306 307 280 279 -1 210 187 214 237 -1 190 201 228 217 -1 198 197 224 225 -1 206 207 234 233 -1 204 205 232 231 -1 257 256 229 230 -1 195 194 221 222 -1 200 199 226 227 -1 382 383 821 820 -1 447 446 749 750 -1 191 186 213 218 -1 197 196 223 224 -1 201 202 229 228 -1 193 192 219 220 -1 262 261 234 235 -1 245 246 219 218 -1 196 195 222 223 -1 290 289 262 263 -1 260 259 232 233 -1 254 850 211 227 -1 185 189 216 212 -1 215 849 238 241 -1 237 214 242 264 -1 217 228 255 244 -1 305 306 279 278 -1 233 234 261 260 -1 231 232 259 258 -1 222 221 248 249 -1 227 226 253 254 -1 218 213 240 245 -1 331 332 305 304 -1 829 828 363 364 -1 220 219 246 247 -1 223 222 249 250 -1 212 216 243 239 -1 236 237 264 263 -1 226 225 252 253 -1 284 283 256 257 -1 221 220 247 248 -1 230 231 258 257 -1 289 288 261 262 -1 272 273 246 245 -1 235 236 263 262 -1 287 286 259 260 -1 308 292 265 281 -1 241 238 857 268 -1 295 318 291 269 -1 244 255 282 271 -1 315 314 287 288 -1 340 339 312 313 -1 249 248 275 276 -1 334 335 308 307 -1 320 326 299 294 -1 327 328 301 300 -1 303 304 277 276 -1 239 243 270 267 -1 399 398 836 837 -1 253 252 279 280 -1 248 247 274 275 -1 257 258 285 284 -1 344 343 316 317 -1 252 251 278 279 -1 251 250 277 278 -1 255 256 283 282 -1 311 310 283 284 -1 316 315 288 289 -1 299 300 273 272 -1 314 313 286 287 -1 850 254 281 265 -1 268 857 853 296 -1 271 282 309 298 -1 276 275 302 303 -1 267 270 297 293 -1 414 415 799 798 -1 275 274 301 302 -1 284 285 312 311 -1 332 333 306 305 -1 278 277 304 305 -1 282 283 310 309 -1 335 854 292 308 -1 376 399 837 815 -1 342 341 314 315 -1 285 286 313 312 -1 281 280 307 308 -1 272 266 294 299 -1 274 273 300 301 -1 330 331 304 303 -1 290 291 318 317 -1 289 290 317 316 -1 338 337 310 311 -1 343 342 315 316 -1 326 327 300 299 -1 341 340 313 314 -1 296 853 319 323 -1 298 309 336 325 -1 303 302 329 330 -1 293 297 324 321 -1 302 301 328 329 -1 311 312 339 338 -1 358 359 332 331 -1 309 310 337 336 -1 832 831 366 367 -1 826 827 362 361 -1 813 818 353 348 -1 354 355 328 327 -1 317 318 345 344 -1 398 397 835 836 -1 307 306 333 334 -1 359 360 333 332 -1 362 346 854 335 -1 318 295 322 345 -1 396 395 833 834 -1 741 742 412 411 -1 392 391 829 830 -1 397 396 834 835 -1 380 381 819 818 -1 368 367 340 341 -1 323 319 858 349 -1 325 336 363 352 -1 330 329 356 357 -1 321 324 351 347 -1 329 328 355 356 -1 338 339 366 365 -1 336 337 364 363 -1 344 345 372 371 -1 334 333 360 361 -1 345 322 350 372 -1 30 33 770 769 -1 339 340 367 366 -1 335 334 361 362 -1 326 320 348 353 -1 792 793 382 381 -1 343 344 371 370 -1 413 414 798 797 -1 389 373 811 827 -1 341 342 369 368 -1 331 330 357 358 -1 337 338 365 364 -1 342 343 370 369 -1 327 326 353 354 -1 833 832 367 368 -1 814 859 855 377 -1 444 432 736 747 -1 713 714 438 437 -1 812 816 379 375 -1 793 794 383 382 -1 365 366 831 830 -1 748 747 417 418 -1 810 809 398 399 -1 826 825 387 388 -1 734 756 426 403 -1 805 804 393 394 -1 799 800 389 388 -1 402 407 791 785 -1 809 808 397 398 -1 807 806 395 396 -1 823 822 384 385 -1 803 802 391 392 -1 424 423 807 808 -1 407 408 792 791 -1 359 358 823 824 -1 355 354 819 820 -1 825 824 386 387 -1 800 784 373 389 -1 806 805 394 395 -1 788 848 847 404 -1 708 704 429 433 -1 803 804 420 419 -1 35 37 772 771 -1 796 795 411 412 -1 797 796 412 413 -1 765 766 712 711 -1 743 744 414 413 -1 378 390 801 789 -1 795 794 410 411 -1 739 740 410 409 -1 801 802 418 417 -1 783 782 728 729 -1 810 787 403 426 -1 448 447 750 751 -1 442 443 746 745 -1 732 737 407 402 -1 452 451 754 755 -1 726 725 449 450 -1 749 748 418 419 -1 754 753 423 424 -1 764 765 711 710 -1 443 427 730 746 -1 449 448 751 752 -1 733 863 861 431 -1 777 776 722 723 -1 714 715 439 438 -1 413 412 742 743 -1 720 709 432 444 -1 741 740 437 438 -1 83 81 774 775 -1 760 783 729 707 -1 731 735 433 429 -1 745 744 441 442 -1 409 408 738 739 -1 716 717 441 440 -1 766 767 713 712 -1 425 426 756 755 -1 724 723 447 448 -1 718 719 443 442 -1 705 710 434 428 -1 99 97 781 782 -1 752 753 450 449 -1 776 775 721 722 -1 727 726 450 451 -1 408 407 737 738 -1 773 757 703 719 -1 725 724 448 449 -1 578 562 535 551 -1 79 9 458 480 -1 7 13 460 455 -1 851 539 512 508 -1 488 489 463 462 -1 59 57 468 469 -1 470 59 469 -1 47 45 462 463 -1 464 49 47 463 -1 526 525 498 499 -1 12 61 471 459 -1 507 506 479 480 -1 65 67 474 473 -1 527 526 499 500 -1 41 6 456 -1 521 522 495 494 -1 53 51 465 466 -1 51 49 464 465 -1 75 77 479 478 -1 532 531 504 505 -1 71 73 477 476 -1 503 502 475 476 -1 67 69 475 474 -1 480 458 485 507 -1 455 460 487 483 -1 523 524 497 496 -1 544 545 518 517 -1 459 471 498 486 -1 473 474 501 500 -1 536 542 515 510 -1 522 523 496 495 -1 520 521 494 493 -1 113 114 573 572 -1 478 479 506 505 -1 126 125 584 585 -1 474 475 502 501 -1 454 470 497 481 -1 457 845 841 484 -1 515 516 489 488 -1 471 472 499 498 -1 534 533 506 507 -1 472 473 500 499 -1 495 468 494 -1 477 478 505 504 -1 530 529 502 503 -1 507 485 511 534 -1 483 487 513 509 -1 486 498 525 514 -1 500 501 528 527 -1 573 574 547 546 -1 570 571 544 543 -1 560 559 532 533 -1 501 502 529 528 -1 481 497 524 842 -1 484 841 508 512 -1 121 120 579 580 -1 122 121 580 581 -1 548 549 522 521 -1 559 558 531 532 -1 577 578 551 550 -1 491 490 517 518 -1 488 482 510 515 -1 549 550 523 522 -1 547 548 521 520 -1 492 491 518 519 -1 503 504 531 530 -1 542 543 516 515 -1 561 560 533 534 -1 557 556 529 530 -1 534 511 538 561 -1 509 513 540 537 -1 579 567 541 552 -1 527 528 555 554 -1 583 582 555 556 -1 842 524 551 535 -1 852 565 539 851 -1 571 572 545 544 -1 104 110 569 563 -1 519 518 545 546 -1 530 531 558 557 -1 520 519 546 547 -1 517 516 543 544 -1 128 127 586 587 -1 525 526 553 552 -1 526 527 554 553 -1 575 576 549 548 -1 586 585 558 559 -1 524 523 550 551 -1 117 118 577 576 -1 574 575 548 547 -1 569 570 543 542 -1 588 587 560 561 -1 584 583 556 557 -1 561 538 566 588 -1 537 540 568 564 -1 554 555 582 581 -1 119 103 562 578 -1 546 545 572 573 -1 557 558 585 584 -1 114 115 574 573 -1 111 112 571 570 -1 552 553 580 579 -1 553 554 581 580 -1 118 119 578 577 -1 120 108 567 579 -1 124 123 582 583 -1 856 106 565 852 -1 112 113 572 571 -1 542 536 563 569 -1 559 560 587 586 -1 116 117 576 575 -1 127 126 585 586 -1 550 549 576 577 -1 115 116 575 574 -1 110 111 570 569 -1 129 128 587 588 -1 125 124 583 584 -1 623 634 629 621 -1 634 635 630 629 -1 646 647 648 645 -1 674 663 662 673 -1 649 650 646 645 -1 659 668 653 647 -1 647 653 654 648 -1 678 677 656 663 -1 656 677 665 650 -1 677 678 667 665 -1 655 656 650 649 -1 664 678 663 674 -1 658 659 647 646 -1 678 664 651 667 -1 654 653 661 660 -1 666 652 668 659 -1 596 676 664 674 -1 653 668 657 661 -1 607 596 674 673 -1 668 652 672 657 -1 663 656 655 662 -1 651 664 676 671 -1 650 665 658 646 -1 665 666 659 658 -1 679 645 648 680 -1 698 673 662 692 -1 649 645 679 681 -1 690 680 686 697 -1 680 648 654 686 -1 702 692 687 701 -1 687 681 694 701 -1 701 694 696 702 -1 655 649 681 687 -1 693 698 692 702 -1 689 679 680 690 -1 702 696 684 693 -1 654 660 691 686 -1 695 690 697 685 -1 683 698 693 700 -1 686 691 688 697 -1 607 673 698 683 -1 697 688 641 685 -1 692 662 655 687 -1 684 640 700 693 -1 681 679 689 694 -1 694 689 690 695 -1 590 589 592 591 -1 618 617 610 611 -1 593 589 590 594 -1 605 591 599 616 -1 591 592 600 599 -1 620 611 602 619 -1 602 594 613 619 -1 619 613 615 620 -1 601 593 594 602 -1 612 618 611 620 -1 604 590 591 605 -1 620 615 597 612 -1 600 608 609 599 -1 614 605 616 598 -1 595 618 612 675 -1 599 609 603 616 -1 606 617 618 595 -1 616 603 670 598 -1 611 610 601 602 -1 597 669 675 612 -1 594 590 604 613 -1 613 604 605 614 -1 621 622 592 589 -1 642 632 610 617 -1 593 623 621 589 -1 630 637 626 622 -1 622 626 600 592 -1 644 643 627 632 -1 627 643 634 623 -1 643 644 636 634 -1 601 627 623 593 -1 633 644 632 642 -1 629 630 622 621 -1 644 633 624 636 -1 600 626 631 608 -1 635 625 637 630 -1 682 699 633 642 -1 626 637 628 631 -1 606 682 642 617 -1 637 625 639 628 -1 632 627 601 610 -1 624 633 699 638 -1 431 861 862 706 -1 440 439 715 716 -1 25 27 768 767 -1 763 759 704 708 -1 442 441 717 718 -1 436 435 711 712 -1 452 453 729 728 -1 95 92 779 780 -1 435 434 710 711 -1 446 447 723 722 -1 27 30 769 768 -1 774 762 709 720 -1 444 445 721 720 -1 453 430 707 729 -1 770 771 717 716 -1 437 436 712 713 -1 778 777 723 724 -1 772 773 719 718 -1 2 19 764 758 -1 451 452 728 727 -1 445 446 722 721 -1 781 780 726 727 -1 427 443 719 703 -1 779 778 724 725 -1 419 420 750 749 -1 438 439 742 741 -1 405 417 747 736 -1 445 444 747 748 -1 430 453 756 734 -1 440 441 744 743 -1 436 437 740 739 -1 420 421 751 750 -1 416 415 745 746 -1 428 434 737 732 -1 424 425 755 754 -1 446 445 748 749 -1 451 450 753 754 -1 400 416 746 730 -1 421 422 752 751 -1 404 847 863 733 -1 439 440 743 742 -1 411 410 740 741 -1 401 406 735 731 -1 415 414 744 745 -1 435 436 739 738 -1 453 452 755 756 -1 422 423 753 752 -1 434 435 738 737 -1 706 862 846 761 -1 716 715 769 770 -1 718 717 771 772 -1 21 23 766 765 -1 101 99 782 783 -1 19 21 765 764 -1 87 85 776 777 -1 720 721 775 774 -1 15 101 783 760 -1 23 25 767 766 -1 727 728 782 781 -1 85 83 775 776 -1 39 839 757 773 -1 714 713 767 768 -1 18 1 759 763 -1 725 726 780 779 -1 715 714 768 769 -1 81 17 762 774 -1 33 35 771 770 -1 89 87 777 778 -1 37 39 773 772 -1 710 705 758 764 -1 97 95 780 781 -1 92 89 778 779 -1 406 401 786 790 -1 388 387 798 799 -1 408 409 793 792 -1 387 386 797 798 -1 409 410 794 793 -1 426 425 809 810 -1 421 420 804 805 -1 415 416 800 799 -1 380 374 785 791 -1 425 424 808 809 -1 423 422 806 807 -1 419 418 802 803 -1 396 397 808 807 -1 381 380 791 792 -1 416 400 784 800 -1 422 421 805 806 -1 377 855 848 788 -1 392 393 804 803 -1 385 384 795 796 -1 386 385 796 797 -1 417 405 789 801 -1 384 383 794 795 -1 390 391 802 801 -1 399 376 787 810 -1 390 378 817 828 -1 383 384 822 821 -1 356 355 820 821 -1 391 390 828 829 -1 371 372 837 836 -1 372 350 815 837 -1 394 393 831 832 -1 388 389 827 826 -1 374 380 818 813 -1 370 371 836 835 -1 368 369 834 833 -1 364 365 830 829 -1 369 370 835 834 -1 354 353 818 819 -1 346 362 827 811 -1 395 394 832 833 -1 349 858 859 814 -1 347 351 816 812 -1 393 392 830 831 -1 361 360 825 826 -1 358 357 822 823 -1 385 386 824 823 -1 381 382 820 819 -1 360 359 824 825 -1 "
										               _coordIndex="5 59 470 454 -1 80 60 4 11 -1 107 129 588 566 -1 40 102 16 0 -1 564 568 109 105 -1 10 3 454 457 -1 43 41 456 461 -1 462 45 43 461 -1 110 104 131 137 -1 470 469 496 497 -1 118 117 144 145 -1 144 143 170 171 -1 116 115 142 143 -1 115 114 141 142 -1 114 113 140 141 -1 464 463 489 490 -1 491 465 464 490 -1 139 138 165 166 -1 62 42 44 64 -1 14 8 42 62 -1 78 58 60 80 -1 76 56 58 78 -1 74 54 56 76 -1 72 52 54 74 -1 70 50 52 72 -1 68 48 50 70 -1 66 46 48 68 -1 64 44 46 66 -1 471 61 63 -1 472 471 63 65 -1 552 541 514 525 -1 479 77 79 480 -1 155 154 127 128 -1 181 180 153 154 -1 180 179 152 153 -1 152 151 124 125 -1 178 177 150 151 -1 123 122 581 582 -1 473 472 65 -1 20 82 84 22 -1 1 18 82 20 -1 38 100 102 40 -1 36 98 100 38 -1 34 96 98 36 -1 32 94 96 34 -1 29 91 93 31 -1 26 88 90 28 -1 24 86 88 26 -1 22 84 86 24 -1 146 130 103 119 -1 133 156 129 107 -1 136 132 105 109 -1 0 16 761 757 -1 164 165 138 137 -1 461 456 482 -1 488 462 461 482 -1 199 200 173 172 -1 469 468 495 496 -1 55 53 466 467 -1 468 57 55 467 -1 467 466 492 493 -1 494 468 467 493 -1 493 492 519 520 -1 492 466 465 491 -1 193 194 167 166 -1 490 489 516 517 -1 148 147 120 121 -1 147 135 108 120 -1 237 236 209 210 -1 505 506 533 532 -1 73 75 478 477 -1 476 477 504 503 -1 69 71 476 475 -1 528 529 556 555 -1 204 203 176 177 -1 176 175 148 149 -1 186 191 164 159 -1 225 226 199 198 -1 117 116 143 144 -1 196 197 170 169 -1 168 169 142 141 -1 167 168 141 140 -1 112 111 138 139 -1 182 181 154 155 -1 126 127 154 153 -1 125 126 153 152 -1 179 178 151 152 -1 123 124 151 150 -1 173 157 130 146 -1 269 291 264 242 -1 163 158 132 136 -1 106 103 130 134 -1 111 110 137 138 -1 119 118 145 146 -1 113 112 139 140 -1 202 201 174 175 -1 828 817 352 363 -1 128 129 156 155 -1 122 123 150 149 -1 121 122 149 148 -1 251 252 225 224 -1 192 193 166 165 -1 208 207 180 181 -1 288 287 260 261 -1 286 285 258 259 -1 134 130 157 161 -1 191 192 165 164 -1 146 145 172 173 -1 140 139 166 167 -1 155 156 183 182 -1 149 150 177 176 -1 230 229 202 203 -1 137 131 159 164 -1 145 144 171 172 -1 143 142 169 170 -1 195 196 169 168 -1 821 822 357 356 -1 209 208 181 182 -1 206 205 178 179 -1 200 184 157 173 -1 156 133 160 183 -1 189 185 158 163 -1 147 148 175 174 -1 135 147 174 162 -1 161 157 184 188 -1 280 281 254 253 -1 220 221 194 193 -1 182 183 210 209 -1 231 230 203 204 -1 266 272 245 240 -1 172 171 198 199 -1 250 251 224 223 -1 183 160 187 210 -1 256 255 228 229 -1 162 174 201 190 -1 171 170 197 198 -1 273 274 247 246 -1 235 234 207 208 -1 179 180 207 206 -1 177 178 205 204 -1 218 219 192 191 -1 175 176 203 202 -1 276 277 250 249 -1 168 167 194 195 -1 236 235 208 209 -1 233 232 205 206 -1 227 211 184 200 -1 790 786 375 379 -1 188 184 211 215 -1 291 290 263 264 -1 306 307 280 279 -1 210 187 214 237 -1 190 201 228 217 -1 198 197 224 225 -1 206 207 234 233 -1 204 205 232 231 -1 257 256 229 230 -1 195 194 221 222 -1 200 199 226 227 -1 382 383 821 820 -1 447 446 749 750 -1 191 186 213 218 -1 197 196 223 224 -1 201 202 229 228 -1 193 192 219 220 -1 262 261 234 235 -1 245 246 219 218 -1 196 195 222 223 -1 290 289 262 263 -1 260 259 232 233 -1 254 238 211 227 -1 185 189 216 212 -1 215 211 238 241 -1 237 214 242 264 -1 217 228 255 244 -1 305 306 279 278 -1 233 234 261 260 -1 231 232 259 258 -1 222 221 248 249 -1 227 226 253 254 -1 218 213 240 245 -1 331 332 305 304 -1 829 828 363 364 -1 220 219 246 247 -1 223 222 249 250 -1 212 216 243 239 -1 236 237 264 263 -1 226 225 252 253 -1 284 283 256 257 -1 221 220 247 248 -1 230 231 258 257 -1 289 288 261 262 -1 272 273 246 245 -1 235 236 263 262 -1 287 286 259 260 -1 308 292 265 281 -1 241 238 265 268 -1 295 318 291 269 -1 244 255 282 271 -1 315 314 287 288 -1 340 339 312 313 -1 249 248 275 276 -1 334 335 308 307 -1 320 326 299 294 -1 327 328 301 300 -1 303 304 277 276 -1 239 243 270 267 -1 399 398 836 837 -1 253 252 279 280 -1 248 247 274 275 -1 257 258 285 284 -1 344 343 316 317 -1 252 251 278 279 -1 251 250 277 278 -1 255 256 283 282 -1 311 310 283 284 -1 316 315 288 289 -1 299 300 273 272 -1 314 313 286 287 -1 238 254 281 265 -1 268 265 292 296 -1 271 282 309 298 -1 276 275 302 303 -1 267 270 297 293 -1 414 415 799 798 -1 275 274 301 302 -1 284 285 312 311 -1 332 333 306 305 -1 278 277 304 305 -1 282 283 310 309 -1 335 319 292 308 -1 376 399 837 815 -1 342 341 314 315 -1 285 286 313 312 -1 281 280 307 308 -1 272 266 294 299 -1 274 273 300 301 -1 330 331 304 303 -1 290 291 318 317 -1 289 290 317 316 -1 338 337 310 311 -1 343 342 315 316 -1 326 327 300 299 -1 341 340 313 314 -1 296 292 319 323 -1 298 309 336 325 -1 303 302 329 330 -1 293 297 324 321 -1 302 301 328 329 -1 311 312 339 338 -1 358 359 332 331 -1 309 310 337 336 -1 832 831 366 367 -1 826 827 362 361 -1 813 818 353 348 -1 354 355 328 327 -1 317 318 345 344 -1 398 397 835 836 -1 307 306 333 334 -1 359 360 333 332 -1 362 346 319 335 -1 318 295 322 345 -1 396 395 833 834 -1 741 742 412 411 -1 392 391 829 830 -1 397 396 834 835 -1 380 381 819 818 -1 368 367 340 341 -1 323 319 346 349 -1 325 336 363 352 -1 330 329 356 357 -1 321 324 351 347 -1 329 328 355 356 -1 338 339 366 365 -1 336 337 364 363 -1 344 345 372 371 -1 334 333 360 361 -1 345 322 350 372 -1 30 33 770 769 -1 339 340 367 366 -1 335 334 361 362 -1 326 320 348 353 -1 792 793 382 381 -1 343 344 371 370 -1 413 414 798 797 -1 389 373 811 827 -1 341 342 369 368 -1 331 330 357 358 -1 337 338 365 364 -1 342 343 370 369 -1 327 326 353 354 -1 833 832 367 368 -1 814 811 373 377 -1 444 432 736 747 -1 713 714 438 437 -1 812 816 379 375 -1 793 794 383 382 -1 365 366 831 830 -1 748 747 417 418 -1 810 809 398 399 -1 826 825 387 388 -1 734 756 426 403 -1 805 804 393 394 -1 799 800 389 388 -1 402 407 791 785 -1 809 808 397 398 -1 807 806 395 396 -1 823 822 384 385 -1 803 802 391 392 -1 424 423 807 808 -1 407 408 792 791 -1 359 358 823 824 -1 355 354 819 820 -1 825 824 386 387 -1 800 784 373 389 -1 806 805 394 395 -1 788 784 400 404 -1 708 704 429 433 -1 803 804 420 419 -1 35 37 772 771 -1 796 795 411 412 -1 797 796 412 413 -1 765 766 712 711 -1 743 744 414 413 -1 378 390 801 789 -1 795 794 410 411 -1 739 740 410 409 -1 801 802 418 417 -1 783 782 728 729 -1 810 787 403 426 -1 448 447 750 751 -1 442 443 746 745 -1 732 737 407 402 -1 452 451 754 755 -1 726 725 449 450 -1 749 748 418 419 -1 754 753 423 424 -1 764 765 711 710 -1 443 427 730 746 -1 449 448 751 752 -1 733 730 427 431 -1 777 776 722 723 -1 714 715 439 438 -1 413 412 742 743 -1 720 709 432 444 -1 741 740 437 438 -1 83 81 774 775 -1 760 783 729 707 -1 731 735 433 429 -1 745 744 441 442 -1 409 408 738 739 -1 716 717 441 440 -1 766 767 713 712 -1 425 426 756 755 -1 724 723 447 448 -1 718 719 443 442 -1 705 710 434 428 -1 99 97 781 782 -1 752 753 450 449 -1 776 775 721 722 -1 727 726 450 451 -1 408 407 737 738 -1 773 757 703 719 -1 725 724 448 449 -1 578 562 535 551 -1 79 9 458 480 -1 7 13 460 455 -1 535 539 512 508 -1 488 489 463 462 -1 59 57 468 469 -1 470 59 469 -1 47 45 462 463 -1 464 49 47 463 -1 526 525 498 499 -1 12 61 471 459 -1 507 506 479 480 -1 65 67 474 473 -1 527 526 499 500 -1 41 6 456 -1 521 522 495 494 -1 53 51 465 466 -1 51 49 464 465 -1 75 77 479 478 -1 532 531 504 505 -1 71 73 477 476 -1 503 502 475 476 -1 67 69 475 474 -1 480 458 485 507 -1 455 460 487 483 -1 523 524 497 496 -1 544 545 518 517 -1 459 471 498 486 -1 473 474 501 500 -1 536 542 515 510 -1 522 523 496 495 -1 520 521 494 493 -1 113 114 573 572 -1 478 479 506 505 -1 126 125 584 585 -1 474 475 502 501 -1 454 470 497 481 -1 457 454 481 484 -1 515 516 489 488 -1 471 472 499 498 -1 534 533 506 507 -1 472 473 500 499 -1 495 468 494 -1 477 478 505 504 -1 530 529 502 503 -1 507 485 511 534 -1 483 487 513 509 -1 486 498 525 514 -1 500 501 528 527 -1 573 574 547 546 -1 570 571 544 543 -1 560 559 532 533 -1 501 502 529 528 -1 481 497 524 508 -1 484 481 508 512 -1 121 120 579 580 -1 122 121 580 581 -1 548 549 522 521 -1 559 558 531 532 -1 577 578 551 550 -1 491 490 517 518 -1 488 482 510 515 -1 549 550 523 522 -1 547 548 521 520 -1 492 491 518 519 -1 503 504 531 530 -1 542 543 516 515 -1 561 560 533 534 -1 557 556 529 530 -1 534 511 538 561 -1 509 513 540 537 -1 579 567 541 552 -1 527 528 555 554 -1 583 582 555 556 -1 508 524 551 535 -1 562 565 539 535 -1 571 572 545 544 -1 104 110 569 563 -1 519 518 545 546 -1 530 531 558 557 -1 520 519 546 547 -1 517 516 543 544 -1 128 127 586 587 -1 525 526 553 552 -1 526 527 554 553 -1 575 576 549 548 -1 586 585 558 559 -1 524 523 550 551 -1 117 118 577 576 -1 574 575 548 547 -1 569 570 543 542 -1 588 587 560 561 -1 584 583 556 557 -1 561 538 566 588 -1 537 540 568 564 -1 554 555 582 581 -1 119 103 562 578 -1 546 545 572 573 -1 557 558 585 584 -1 114 115 574 573 -1 111 112 571 570 -1 552 553 580 579 -1 553 554 581 580 -1 118 119 578 577 -1 120 108 567 579 -1 124 123 582 583 -1 103 106 565 562 -1 112 113 572 571 -1 542 536 563 569 -1 559 560 587 586 -1 116 117 576 575 -1 127 126 585 586 -1 550 549 576 577 -1 115 116 575 574 -1 110 111 570 569 -1 129 128 587 588 -1 125 124 583 584 -1 623 634 629 621 -1 634 635 630 629 -1 646 647 648 645 -1 674 663 662 673 -1 649 650 646 645 -1 659 668 653 647 -1 647 653 654 648 -1 678 677 656 663 -1 656 677 665 650 -1 677 678 667 665 -1 655 656 650 649 -1 664 678 663 674 -1 658 659 647 646 -1 678 664 651 667 -1 654 653 661 660 -1 666 652 668 659 -1 596 676 664 674 -1 653 668 657 661 -1 607 596 674 673 -1 668 652 672 657 -1 663 656 655 662 -1 651 664 676 671 -1 650 665 658 646 -1 665 666 659 658 -1 679 645 648 680 -1 698 673 662 692 -1 649 645 679 681 -1 690 680 686 697 -1 680 648 654 686 -1 702 692 687 701 -1 687 681 694 701 -1 701 694 696 702 -1 655 649 681 687 -1 693 698 692 702 -1 689 679 680 690 -1 702 696 684 693 -1 654 660 691 686 -1 695 690 697 685 -1 683 698 693 700 -1 686 691 688 697 -1 607 673 698 683 -1 697 688 641 685 -1 692 662 655 687 -1 684 640 700 693 -1 681 679 689 694 -1 694 689 690 695 -1 590 589 592 591 -1 618 617 610 611 -1 593 589 590 594 -1 605 591 599 616 -1 591 592 600 599 -1 620 611 602 619 -1 602 594 613 619 -1 619 613 615 620 -1 601 593 594 602 -1 612 618 611 620 -1 604 590 591 605 -1 620 615 597 612 -1 600 608 609 599 -1 614 605 616 598 -1 595 618 612 675 -1 599 609 603 616 -1 606 617 618 595 -1 616 603 670 598 -1 611 610 601 602 -1 597 669 675 612 -1 594 590 604 613 -1 613 604 605 614 -1 621 622 592 589 -1 642 632 610 617 -1 593 623 621 589 -1 630 637 626 622 -1 622 626 600 592 -1 644 643 627 632 -1 627 643 634 623 -1 643 644 636 634 -1 601 627 623 593 -1 633 644 632 642 -1 629 630 622 621 -1 644 633 624 636 -1 600 626 631 608 -1 635 625 637 630 -1 682 699 633 642 -1 626 637 628 631 -1 606 682 642 617 -1 637 625 639 628 -1 632 627 601 610 -1 624 633 699 638 -1 431 427 703 706 -1 440 439 715 716 -1 25 27 768 767 -1 763 759 704 708 -1 442 441 717 718 -1 436 435 711 712 -1 452 453 729 728 -1 95 92 779 780 -1 435 434 710 711 -1 446 447 723 722 -1 27 30 769 768 -1 774 762 709 720 -1 444 445 721 720 -1 453 430 707 729 -1 770 771 717 716 -1 437 436 712 713 -1 778 777 723 724 -1 772 773 719 718 -1 2 19 764 758 -1 451 452 728 727 -1 445 446 722 721 -1 781 780 726 727 -1 427 443 719 703 -1 779 778 724 725 -1 419 420 750 749 -1 438 439 742 741 -1 405 417 747 736 -1 445 444 747 748 -1 430 453 756 734 -1 440 441 744 743 -1 436 437 740 739 -1 420 421 751 750 -1 416 415 745 746 -1 428 434 737 732 -1 424 425 755 754 -1 446 445 748 749 -1 451 450 753 754 -1 400 416 746 730 -1 421 422 752 751 -1 404 400 730 733 -1 439 440 743 742 -1 411 410 740 741 -1 401 406 735 731 -1 415 414 744 745 -1 435 436 739 738 -1 453 452 755 756 -1 422 423 753 752 -1 434 435 738 737 -1 706 703 757 761 -1 716 715 769 770 -1 718 717 771 772 -1 21 23 766 765 -1 101 99 782 783 -1 19 21 765 764 -1 87 85 776 777 -1 720 721 775 774 -1 15 101 783 760 -1 23 25 767 766 -1 727 728 782 781 -1 85 83 775 776 -1 39 0 757 773 -1 714 713 767 768 -1 18 1 759 763 -1 725 726 780 779 -1 715 714 768 769 -1 81 17 762 774 -1 33 35 771 770 -1 89 87 777 778 -1 37 39 773 772 -1 710 705 758 764 -1 97 95 780 781 -1 92 89 778 779 -1 406 401 786 790 -1 388 387 798 799 -1 408 409 793 792 -1 387 386 797 798 -1 409 410 794 793 -1 426 425 809 810 -1 421 420 804 805 -1 415 416 800 799 -1 380 374 785 791 -1 425 424 808 809 -1 423 422 806 807 -1 419 418 802 803 -1 396 397 808 807 -1 381 380 791 792 -1 416 400 784 800 -1 422 421 805 806 -1 377 373 784 788 -1 392 393 804 803 -1 385 384 795 796 -1 386 385 796 797 -1 417 405 789 801 -1 384 383 794 795 -1 390 391 802 801 -1 399 376 787 810 -1 390 378 817 828 -1 383 384 822 821 -1 356 355 820 821 -1 391 390 828 829 -1 371 372 837 836 -1 372 350 815 837 -1 394 393 831 832 -1 388 389 827 826 -1 374 380 818 813 -1 370 371 836 835 -1 368 369 834 833 -1 364 365 830 829 -1 369 370 835 834 -1 354 353 818 819 -1 346 362 827 811 -1 395 394 832 833 -1 349 346 811 814 -1 347 351 816 812 -1 393 392 830 831 -1 361 360 825 826 -1 358 357 822 823 -1 385 386 824 823 -1 381 382 820 819 -1 360 359 824 825 -1 "
										                >
											<Coordinate DEF="coords_ME_paper003_001"
											            point="3.885863 4.463026 0.569135 3.886269 4.463026 1.150584 3.886269 4.463026 1.150584 -2.566442 4.463027 0.575896 -2.566442 4.463027 0.575896 -2.566442 4.463027 0.575896 -2.639058 4.463027 1.152377 -2.639058 4.463027 1.152377 -2.639058 4.463027 1.152377 -2.564800 -4.479337 0.575892 -2.564800 -4.479337 0.575892 -2.564800 -4.479337 0.575892 -2.637487 -4.479337 1.152374 -2.637487 -4.479337 1.152374 -2.637487 -4.479337 1.152374 3.885860 -4.479339 0.569133 3.885860 -4.479339 0.569133 3.886267 -4.479339 1.150582 3.886267 -4.479339 1.150582 3.887490 4.463026 1.097724 3.887490 4.463026 1.097724 3.888459 4.463026 1.044864 3.888459 4.463026 1.044864 3.889177 4.463026 0.992004 3.889177 4.463026 0.992004 3.889644 4.463026 0.939144 3.889644 4.463026 0.939144 3.889858 4.463026 0.886285 3.889858 4.463026 0.886285 3.889858 4.463026 0.886285 3.889821 4.463026 0.833426 3.889821 4.463026 0.833426 3.889821 4.463026 0.833426 3.889533 4.463026 0.780567 3.889533 4.463026 0.780567 3.888993 4.463026 0.727709 3.888993 4.463026 0.727709 3.888201 4.463026 0.674850 3.888201 4.463026 0.674850 3.887158 4.463026 0.621992 3.887158 4.463026 0.621992 -2.627525 4.463027 1.100113 -2.627525 4.463027 1.100113 -2.616321 4.463027 1.047861 -2.616321 4.463027 1.047861 -2.605783 4.463027 0.995598 -2.605783 4.463027 0.995598 -2.596236 4.463027 0.943302 -2.596236 4.463027 0.943302 -2.587947 4.463027 0.890958 -2.587947 4.463027 0.890958 -2.581086 4.463027 0.838556 -2.581086 4.463027 0.838556 -2.575702 4.463027 0.786097 -2.575702 4.463027 0.786097 -2.571729 4.463027 0.733586 -2.571729 4.463027 0.733586 -2.569011 4.463027 0.681038 -2.569011 4.463027 0.681038 -2.567327 4.463027 0.628470 -2.567327 4.463027 0.628470 -2.625941 -4.479337 1.100110 -2.625941 -4.479337 1.100110 -2.614727 -4.479337 1.047857 -2.614727 -4.479337 1.047857 -2.604182 -4.479337 0.995594 -2.604182 -4.479337 0.995594 -2.594631 -4.479337 0.943298 -2.594631 -4.479337 0.943298 -2.586340 -4.479337 0.890953 -2.586340 -4.479337 0.890953 -2.579475 -4.479337 0.838551 -2.579475 -4.479337 0.838551 -2.574086 -4.479337 0.786091 -2.574086 -4.479337 0.786091 -2.570108 -4.479337 0.733581 -2.570108 -4.479337 0.733581 -2.567383 -4.479337 0.681033 -2.567383 -4.479337 0.681033 -2.565693 -4.479337 0.628465 -2.565693 -4.479337 0.628465 3.887488 -4.479339 1.097722 3.887488 -4.479339 1.097722 3.888457 -4.479339 1.044862 3.888457 -4.479339 1.044862 3.889174 -4.479339 0.992002 3.889174 -4.479339 0.992002 3.889641 -4.479339 0.939142 3.889641 -4.479339 0.939142 3.889855 -4.479339 0.886283 3.889855 -4.479339 0.886283 3.889855 -4.479339 0.886283 3.889819 -4.479339 0.833423 3.889819 -4.479339 0.833423 3.889819 -4.479339 0.833423 3.889530 -4.479339 0.780565 3.889530 -4.479339 0.780565 3.888990 -4.479339 0.727706 3.888990 -4.479339 0.727706 3.888198 -4.479339 0.674848 3.888198 -4.479339 0.674848 3.887155 -4.479339 0.621990 3.887155 -4.479339 0.621990 0.637248 4.463027 0.572802 0.637653 4.463027 1.154252 0.637653 4.463027 1.154252 0.637245 -4.479337 0.572800 0.637245 -4.479337 0.572800 0.637650 -4.479337 1.154250 0.637650 -4.479337 1.154250 0.637616 4.463027 1.101393 0.637579 4.463027 1.048534 0.637542 4.463027 0.995675 0.637505 4.463027 0.942816 0.637468 4.463027 0.889957 0.637431 4.463027 0.837098 0.637394 4.463027 0.784239 0.637358 4.463027 0.731380 0.637321 4.463027 0.678521 0.637284 4.463027 0.625661 0.637613 -4.479337 1.101391 0.637576 -4.479337 1.048532 0.637539 -4.479337 0.995673 0.637502 -4.479337 0.942814 0.637465 -4.479337 0.889955 0.637429 -4.479337 0.837096 0.637392 -4.479337 0.784237 0.637355 -4.479337 0.731378 0.637318 -4.479337 0.678519 0.637282 -4.479337 0.625659 0.897706 4.463027 0.572509 0.898112 4.463027 1.153958 0.898112 4.463027 1.153958 0.897703 -4.479337 0.572506 0.897703 -4.479337 0.572506 0.898109 -4.479337 1.153956 0.898109 -4.479337 1.153956 0.898075 4.463027 1.101099 0.898038 4.463027 1.048240 0.898001 4.463027 0.995381 0.897964 4.463027 0.942522 0.897927 4.463027 0.889663 0.897890 4.463027 0.836804 0.897853 4.463027 0.783945 0.897817 4.463027 0.731086 0.897780 4.463027 0.678227 0.897743 4.463027 0.625368 0.898072 -4.479337 1.101097 0.898035 -4.479337 1.048238 0.897998 -4.479337 0.995379 0.897961 -4.479337 0.942520 0.897924 -4.479337 0.889661 0.897887 -4.479337 0.836802 0.897851 -4.479337 0.783943 0.897814 -4.479337 0.731084 0.897777 -4.479337 0.678224 0.897740 -4.479337 0.625365 1.158165 4.463027 0.572214 1.158571 4.463027 1.153664 1.158571 4.463027 1.153664 1.158162 -4.479337 0.572212 1.158162 -4.479337 0.572212 1.158568 -4.479337 1.153661 1.158568 -4.479337 1.153661 1.158534 4.463027 1.100805 1.158497 4.463027 1.047946 1.158460 4.463027 0.995087 1.158423 4.463027 0.942228 1.158386 4.463027 0.889369 1.158350 4.463027 0.836510 1.158313 4.463027 0.783651 1.158276 4.463027 0.730791 1.158239 4.463027 0.677933 1.158202 4.463027 0.625073 1.158531 -4.479337 1.100802 1.158494 -4.479337 1.047944 1.158457 -4.479337 0.995085 1.158421 -4.479337 0.942226 1.158384 -4.479337 0.889366 1.158347 -4.479337 0.836507 1.158310 -4.479337 0.783648 1.158273 -4.479337 0.730789 1.158236 -4.479337 0.677930 1.158199 -4.479337 0.625071 1.418624 4.463027 0.571920 1.419030 4.463027 1.153370 1.419030 4.463027 1.153370 1.418621 -4.479337 0.571918 1.418621 -4.479337 0.571918 1.419027 -4.479337 1.153368 1.419027 -4.479337 1.153368 1.418993 4.463027 1.100511 1.418957 4.463027 1.047652 1.418920 4.463027 0.994793 1.418883 4.463027 0.941934 1.418846 4.463027 0.889075 1.418809 4.463027 0.836215 1.418772 4.463027 0.783356 1.418735 4.463027 0.730497 1.418698 4.463027 0.677638 1.418661 4.463027 0.624779 1.418990 -4.479337 1.100509 1.418954 -4.479337 1.047650 1.418917 -4.479337 0.994790 1.418880 -4.479337 0.941931 1.418843 -4.479337 0.889072 1.418806 -4.479337 0.836213 1.418769 -4.479337 0.783354 1.418732 -4.479337 0.730495 1.418695 -4.479337 0.677636 1.418658 -4.479337 0.624777 1.679083 4.463027 0.571626 1.679489 4.463027 1.153075 1.679489 4.463027 1.153075 1.679080 -4.479337 0.571624 1.679080 -4.479337 0.571624 1.679486 -4.479337 1.153073 1.679486 -4.479337 1.153073 1.679452 4.463027 1.100216 1.679415 4.463027 1.047357 1.679378 4.463027 0.994498 1.679341 4.463027 0.941639 1.679304 4.463027 0.888780 1.679267 4.463027 0.835921 1.679230 4.463027 0.783062 1.679193 4.463027 0.730203 1.679157 4.463027 0.677344 1.679120 4.463027 0.624485 1.679449 -4.479337 1.100214 1.679412 -4.479337 1.047355 1.679375 -4.479337 0.994496 1.679338 -4.479337 0.941637 1.679301 -4.479337 0.888778 1.679264 -4.479337 0.835919 1.679227 -4.479337 0.783060 1.679191 -4.479337 0.730201 1.679154 -4.479337 0.677342 1.679117 -4.479337 0.624483 1.939542 4.463027 0.571332 1.939948 4.463027 1.152781 1.939948 4.463027 1.152781 1.939539 -4.479337 0.571329 1.939539 -4.479337 0.571329 1.939945 -4.479337 1.152779 1.939945 -4.479337 1.152779 1.939911 4.463027 1.099922 1.939874 4.463027 1.047063 1.939837 4.463027 0.994204 1.939800 4.463027 0.941345 1.939763 4.463027 0.888486 1.939726 4.463027 0.835627 1.939690 4.463027 0.782768 1.939653 4.463027 0.729908 1.939616 4.463027 0.677050 1.939579 4.463027 0.624190 1.939908 -4.479337 1.099919 1.939871 -4.479337 1.047060 1.939835 -4.479337 0.994202 1.939798 -4.479337 0.941342 1.939761 -4.479337 0.888483 1.939724 -4.479337 0.835624 1.939687 -4.479337 0.782765 1.939650 -4.479337 0.729906 1.939613 -4.479337 0.677047 1.939576 -4.479337 0.624188 2.200001 4.463027 0.571037 2.200408 4.463027 1.152486 2.200408 4.463027 1.152486 2.199998 -4.479337 0.571035 2.199998 -4.479337 0.571035 2.200405 -4.479337 1.152484 2.200405 -4.479337 1.152484 2.200371 4.463027 1.099627 2.200334 4.463027 1.046768 2.200297 4.463027 0.993909 2.200260 4.463027 0.941050 2.200222 4.463027 0.888191 2.200186 4.463027 0.835332 2.200149 4.463027 0.782473 2.200112 4.463027 0.729614 2.200075 4.463027 0.676755 2.200038 4.463027 0.623896 2.200368 -4.479337 1.099625 2.200331 -4.479337 1.046766 2.200294 -4.479337 0.993907 2.200257 -4.479337 0.941048 2.200220 -4.479337 0.888189 2.200183 -4.479337 0.835330 2.200146 -4.479337 0.782471 2.200109 -4.479337 0.729612 2.200072 -4.479337 0.676753 2.200035 -4.479337 0.623894 2.460461 4.463027 0.570743 2.460867 4.463027 1.152192 2.460867 4.463027 1.152192 2.460458 -4.479337 0.570741 2.460458 -4.479337 0.570741 2.460864 -4.479337 1.152190 2.460864 -4.479337 1.152190 2.460830 4.463027 1.099333 2.460793 4.463027 1.046474 2.460756 4.463027 0.993615 2.460719 4.463027 0.940756 2.460682 4.463027 0.887897 2.460645 4.463027 0.835038 2.460608 4.463027 0.782179 2.460571 4.463027 0.729320 2.460535 4.463027 0.676461 2.460498 4.463027 0.623602 2.460827 -4.479337 1.099331 2.460790 -4.479337 1.046472 2.460753 -4.479337 0.993613 2.460716 -4.479337 0.940754 2.460679 -4.479337 0.887895 2.460642 -4.479337 0.835036 2.460605 -4.479337 0.782177 2.460568 -4.479337 0.729318 2.460532 -4.479337 0.676459 2.460495 -4.479337 0.623600 2.720920 4.463027 0.570449 2.721326 4.463027 1.151898 2.721326 4.463027 1.151898 2.720917 -4.479337 0.570446 2.720917 -4.479337 0.570446 2.721323 -4.479337 1.151896 2.721323 -4.479337 1.151896 2.721289 4.463027 1.099039 2.721252 4.463027 1.046180 2.721216 4.463027 0.993321 2.721179 4.463027 0.940462 2.721142 4.463027 0.887603 2.721105 4.463027 0.834744 2.721068 4.463027 0.781885 2.721031 4.463027 0.729026 2.720994 4.463027 0.676167 2.720957 4.463027 0.623308 2.721286 -4.479337 1.099037 2.721250 -4.479337 1.046178 2.721213 -4.479337 0.993319 2.721176 -4.479337 0.940460 2.721139 -4.479337 0.887601 2.721102 -4.479337 0.834742 2.721065 -4.479337 0.781883 2.721028 -4.479337 0.729023 2.720991 -4.479337 0.676164 2.720954 -4.479337 0.623305 2.981380 4.463027 0.570154 2.981786 4.463027 1.151604 2.981786 4.463027 1.151604 2.981377 -4.479337 0.570152 2.981377 -4.479337 0.570152 2.981783 -4.479337 1.151601 2.981783 -4.479337 1.151601 2.981749 4.463027 1.098745 2.981712 4.463027 1.045886 2.981675 4.463027 0.993027 2.981638 4.463027 0.940168 2.981601 4.463027 0.887309 2.981564 4.463027 0.834450 2.981527 4.463027 0.781591 2.981490 4.463027 0.728732 2.981453 4.463027 0.675872 2.981416 4.463027 0.623013 2.981746 -4.479337 1.098743 2.981709 -4.479337 1.045884 2.981672 -4.479337 0.993024 2.981635 -4.479337 0.940165 2.981598 -4.479337 0.887306 2.981561 -4.479337 0.834447 2.981524 -4.479337 0.781588 2.981487 -4.479337 0.728729 2.981451 -4.479337 0.675870 2.981413 -4.479337 0.623011 3.241839 4.463026 0.569860 3.242245 4.463026 1.151309 3.242245 4.463026 1.151309 3.241837 -4.479338 0.569858 3.241837 -4.479338 0.569858 3.242243 -4.479338 1.151307 3.242243 -4.479338 1.151307 3.242208 4.463026 1.098450 3.242171 4.463026 1.045591 3.242135 4.463026 0.992732 3.242097 4.463026 0.939873 3.242061 4.463026 0.887014 3.242023 4.463026 0.834155 3.241987 4.463026 0.781296 3.241950 4.463026 0.728437 3.241913 4.463026 0.675578 3.241876 4.463026 0.622719 3.242206 -4.479338 1.098448 3.242169 -4.479338 1.045589 3.242132 -4.479338 0.992730 3.242095 -4.479338 0.939871 3.242058 -4.479338 0.887012 3.242021 -4.479338 0.834153 3.241984 -4.479338 0.781294 3.241947 -4.479338 0.728435 3.241910 -4.479338 0.675576 3.241873 -4.479338 0.622717 3.502299 4.463027 0.569566 3.502705 4.463026 1.151016 3.502705 4.463026 1.151016 3.502296 -4.479338 0.569564 3.502296 -4.479338 0.569564 3.502702 -4.479338 1.151013 3.502702 -4.479338 1.151013 3.502668 4.463026 1.098157 3.502631 4.463026 1.045298 3.502594 4.463026 0.992438 3.502557 4.463026 0.939579 3.502521 4.463026 0.886720 3.502483 4.463026 0.833861 3.502446 4.463026 0.781002 3.502409 4.463026 0.728143 3.502373 4.463026 0.675284 3.502336 4.463026 0.622425 3.502665 -4.479338 1.098154 3.502628 -4.479338 1.045295 3.502592 -4.479338 0.992436 3.502554 -4.479338 0.939577 3.502518 -4.479338 0.886718 3.502481 -4.479338 0.833859 3.502444 -4.479338 0.781000 3.502407 -4.479338 0.728141 3.502370 -4.479338 0.675282 3.502333 -4.479338 0.622423 3.762757 4.463026 0.569274 3.763163 4.463026 1.150723 3.763163 4.463026 1.150723 3.762754 -4.479339 0.569272 3.762754 -4.479339 0.569272 3.763160 -4.479339 1.150721 3.763160 -4.479339 1.150721 3.763126 4.463026 1.097865 3.763089 4.463026 1.045005 3.763052 4.463026 0.992146 3.763016 4.463026 0.939287 3.762979 4.463026 0.886428 3.762942 4.463026 0.833569 3.762905 4.463026 0.780710 3.762868 4.463026 0.727851 3.762831 4.463026 0.674992 3.762794 4.463026 0.622133 3.763124 -4.479339 1.097862 3.763086 -4.479339 1.045003 3.763050 -4.479339 0.992144 3.763013 -4.479339 0.939285 3.762976 -4.479339 0.886426 3.762939 -4.479339 0.833567 3.762902 -4.479339 0.780708 3.762865 -4.479339 0.727849 3.762828 -4.479339 0.674990 3.762791 -4.479339 0.622131 -1.766474 4.463027 0.575540 -1.809461 4.463027 1.153595 -1.809461 4.463027 1.153595 -1.765172 -4.479336 0.575543 -1.765172 -4.479336 0.575543 -1.808178 -4.479336 1.153601 -1.808178 -4.479336 1.153601 -1.802635 4.463027 1.101224 -1.795850 4.463027 1.048859 -1.789396 4.463027 0.996478 -1.783552 4.463027 0.944060 -1.778544 4.463027 0.891586 -1.774511 4.463027 0.839047 -1.771477 4.463027 0.786440 -1.769357 4.463027 0.733770 -1.767972 4.463027 0.681053 -1.767093 4.463027 0.628303 -1.801342 -4.479336 1.101230 -1.794551 -4.479336 1.048865 -1.788091 -4.479336 0.996484 -1.782243 -4.479336 0.944065 -1.777234 -4.479336 0.891591 -1.773201 -4.479336 0.839051 -1.770167 -4.479336 0.786444 -1.768048 -4.479336 0.733774 -1.766665 -4.479336 0.681056 -1.765787 -4.479336 0.628306 -1.257521 4.463027 0.574518 -1.278909 4.463027 1.154199 -1.278909 4.463027 1.154199 -1.256612 -4.479337 0.574520 -1.256612 -4.479337 0.574520 -1.278035 -4.479337 1.154201 -1.278035 -4.479337 1.154201 -1.276897 4.463027 1.101484 -1.274833 4.463027 1.048784 -1.272751 4.463027 0.996089 -1.270682 4.463027 0.943396 -1.268650 4.463027 0.890701 -1.266673 4.463027 0.838004 -1.264757 4.463027 0.785305 -1.262896 4.463027 0.732603 -1.261079 4.463027 0.679900 -1.259288 4.463027 0.627207 -1.276016 -4.479337 1.101486 -1.273948 -4.479337 1.048785 -1.271862 -4.479337 0.996091 -1.269788 -4.479337 0.943396 -1.267754 -4.479337 0.890702 -1.265774 -4.479337 0.838005 -1.263854 -4.479337 0.785305 -1.261990 -4.479337 0.732603 -1.260170 -4.479337 0.679901 -1.258376 -4.479337 0.627208 -0.739552 4.463027 0.574363 -0.748012 4.463027 1.155035 -0.748012 4.463027 1.155035 -0.739028 -4.479337 0.574362 -0.739028 -4.479337 0.574362 -0.747514 -4.479337 1.155035 -0.747514 -4.479337 1.155035 -0.747190 4.463027 1.102238 -0.746362 4.463027 1.049443 -0.745535 4.463027 0.996650 -0.744715 4.463027 0.943859 -0.743907 4.463027 0.891070 -0.743115 4.463027 0.838282 -0.742342 4.463027 0.785496 -0.741596 4.463027 0.732711 -0.740880 4.463027 0.679926 -0.740196 4.463027 0.627144 -0.746687 -4.479337 1.102237 -0.745854 -4.479337 1.049442 -0.745023 -4.479337 0.996649 -0.744199 -4.479337 0.943858 -0.743388 -4.479337 0.891069 -0.742593 -4.479337 0.838282 -0.741819 -4.479337 0.785495 -0.741072 -4.479337 0.732710 -0.740354 -4.479337 0.679925 -0.739671 -4.479337 0.627143 -0.222923 4.463027 0.573813 -0.225324 4.463027 1.154960 -0.225324 4.463027 1.154960 -0.222681 -4.479337 0.573811 -0.222681 -4.479337 0.573811 -0.225101 -4.479337 1.154958 -0.225101 -4.479337 1.154958 -0.225103 4.463027 1.102123 -0.224880 4.463027 1.049286 -0.224656 4.463027 0.996449 -0.224431 4.463027 0.943613 -0.224206 4.463027 0.890777 -0.223982 4.463027 0.837938 -0.223758 4.463027 0.785107 -0.223540 4.463027 0.732283 -0.223327 4.463027 0.679459 -0.223120 4.463027 0.626636 -0.224877 -4.479337 1.102121 -0.224651 -4.479337 1.049284 -0.224424 -4.479337 0.996448 -0.224197 -4.479337 0.943611 -0.223969 -4.479337 0.890775 -0.223744 -4.479337 0.837936 -0.223519 -4.479337 0.785105 -0.223299 -4.479337 0.732281 -0.223086 -4.479337 0.679457 -0.222879 -4.479337 0.626634 0.294977 4.463027 0.573241 0.295087 4.463027 1.154662 0.295087 4.463027 1.154662 0.295042 -4.479337 0.573239 0.295042 -4.479337 0.573239 0.295144 -4.479337 1.154660 0.295144 -4.479337 1.154660 0.295105 4.463027 1.101808 0.295118 4.463027 1.048954 0.295124 4.463027 0.996099 0.295124 4.463027 0.943244 0.295116 4.463027 0.890387 0.295103 4.463027 0.837530 0.295087 4.463027 0.784672 0.295066 4.463027 0.731815 0.295041 4.463027 0.678957 0.295012 4.463027 0.626099 0.295162 -4.479337 1.101806 0.295177 -4.479337 1.048952 0.295184 -4.479337 0.996097 0.295185 -4.479337 0.943241 0.295178 -4.479337 0.890385 0.295166 -4.479337 0.837527 0.295151 -4.479337 0.784670 0.295131 -4.479337 0.731813 0.295106 -4.479337 0.678955 0.295076 -4.479337 0.626097 3.933199 -4.486060 0.858821 3.933357 -4.486060 1.107287 3.933357 -4.440516 1.107287 3.933199 -4.440516 0.858821 3.916612 -4.505698 0.858840 3.913243 -4.505718 1.099900 3.906543 -0.008318 1.097444 3.906543 -0.008318 1.097444 3.918470 -4.376044 1.182480 3.918470 -4.376044 1.182480 3.933356 -4.376044 1.107287 3.933199 -4.376044 0.858822 3.891907 -4.486060 0.858868 3.889117 -4.486060 1.091047 3.930992 -2.368346 1.191074 3.930992 -4.486060 1.191073 3.930992 -4.440516 1.191073 3.909729 -0.008318 0.858849 3.909729 -0.008318 0.858849 3.933199 -2.368346 0.858822 3.933357 -2.368346 1.107288 3.891907 -4.440516 0.858868 3.889117 -4.440516 1.091047 3.905949 -4.376044 1.173886 3.912237 -4.505696 1.178201 3.913871 -4.440516 1.179323 3.913871 -4.440516 1.179323 3.930992 -4.376044 1.191073 3.909728 -4.376044 0.858848 3.906541 -4.376044 1.097443 3.889677 -4.486060 1.162718 3.889677 -4.440516 1.162718 3.933010 -4.486060 0.610356 3.933010 -4.440516 0.610356 3.912907 -4.505718 0.617788 3.918019 -4.376044 0.535197 3.918019 -4.376044 0.535197 3.933009 -4.376044 0.610356 3.888792 -4.486060 0.626696 3.930529 -2.368346 0.526576 3.930528 -4.486060 0.526575 3.930528 -4.440516 0.526575 3.933010 -2.368346 0.610356 3.888792 -4.440516 0.626696 3.905509 -4.376044 0.543819 3.911791 -4.505696 0.539489 3.913423 -4.440516 0.538364 3.913423 -4.440516 0.538364 3.930528 -4.376044 0.526575 3.918020 -0.008318 0.535198 3.918020 -0.008318 0.535198 3.918020 -0.008318 0.535198 3.918020 -0.008318 0.535198 3.906208 -4.376044 0.620260 3.889252 -4.486060 0.555024 3.889252 -4.440516 0.555024 3.933202 4.469424 0.858824 3.933359 4.469424 1.107289 3.933359 4.423881 1.107289 3.933202 4.423881 0.858824 3.916614 4.489062 0.858842 3.913246 4.489082 1.099903 3.918474 4.359408 1.182482 3.918474 4.359408 1.182482 3.933360 4.359408 1.107289 3.933202 4.359408 0.858824 3.891909 4.469424 0.858870 3.889119 4.469424 1.091049 3.930994 -0.008318 1.191074 3.930995 4.469424 1.191075 3.930995 4.423881 1.191075 3.933200 -0.008318 0.858823 3.933358 -0.008318 1.107288 3.891909 4.423881 0.858870 3.889119 4.423881 1.091049 3.905952 4.359408 1.173888 3.912240 4.489060 1.178204 3.913873 4.423881 1.179325 3.913873 4.423881 1.179325 3.930995 4.359408 1.191075 3.918472 -0.008318 1.182481 3.918472 -0.008318 1.182481 3.918472 -0.008318 1.182481 3.918472 -0.008318 1.182481 3.909731 4.359408 0.858850 3.906544 4.359408 1.097445 3.905951 -0.008318 1.173887 3.905951 -0.008318 1.173887 3.889679 4.469424 1.162720 3.889679 4.423881 1.162720 3.933012 4.469424 0.610358 3.933012 4.423881 0.610358 3.912910 4.489082 0.617790 3.906209 -0.008318 0.620261 3.906209 -0.008318 0.620261 3.918022 4.359408 0.535199 3.918022 4.359408 0.535199 3.933012 4.359408 0.610358 3.888795 4.469424 0.626698 3.930530 -0.008318 0.526576 3.930531 4.469424 0.526577 3.930531 4.423881 0.526577 3.933011 -0.008318 0.610357 3.888795 4.423881 0.626698 3.905512 4.359408 0.543821 3.911794 4.489060 0.539492 3.913425 4.423881 0.538367 3.913425 4.423881 0.538367 3.930531 4.359408 0.526577 3.906211 4.359408 0.620262 3.905511 -0.008318 0.543820 3.905511 -0.008318 0.543820 3.889255 4.469424 0.555026 3.889255 4.423881 0.555026 3.830385 4.463026 0.569198 3.830790 4.463026 1.150647 3.830790 4.463026 1.150647 3.830381 -4.479339 0.569195 3.830381 -4.479339 0.569195 3.830787 -4.479339 1.150645 3.830787 -4.479339 1.150645 3.831444 4.463026 1.097787 3.831960 4.463026 1.044928 3.832338 4.463026 0.992068 3.832578 4.463026 0.939209 3.832678 4.463026 0.886349 3.832642 4.463026 0.833490 3.832467 4.463026 0.780632 3.832153 4.463026 0.727773 3.831702 4.463026 0.674914 3.831112 4.463026 0.622056 3.831442 -4.479339 1.097785 3.831957 -4.479339 1.044925 3.832335 -4.479339 0.992066 3.832574 -4.479339 0.939206 3.832676 -4.479339 0.886347 3.832639 -4.479339 0.833488 3.832464 -4.479339 0.780629 3.832150 -4.479339 0.727771 3.831699 -4.479339 0.674912 3.831109 -4.479339 0.622054 3.641928 4.463026 0.569409 3.642334 4.463026 1.150859 3.642334 4.463026 1.150859 3.641925 -4.479339 0.569407 3.641925 -4.479339 0.569407 3.642331 -4.479338 1.150857 3.642331 -4.479338 1.150857 3.642297 4.463026 1.098000 3.642260 4.463026 1.045141 3.642223 4.463026 0.992282 3.642186 4.463026 0.939423 3.642149 4.463026 0.886564 3.642112 4.463026 0.833705 3.642076 4.463026 0.780846 3.642039 4.463026 0.727986 3.642002 4.463026 0.675128 3.641965 4.463026 0.622269 3.642294 -4.479338 1.097998 3.642257 -4.479338 1.045139 3.642220 -4.479338 0.992280 3.642183 -4.479338 0.939421 3.642146 -4.479339 0.886561 3.642109 -4.479339 0.833702 3.642073 -4.479339 0.780843 3.642035 -4.479339 0.727984 3.641999 -4.479339 0.675125 3.641962 -4.479339 0.622266 3.860752 4.463026 0.569163 3.861158 4.463026 1.150613 3.861158 4.463026 1.150613 3.860749 -4.479339 0.569161 3.860749 -4.479339 0.569161 3.861155 -4.479339 1.150610 3.861155 -4.479339 1.150610 3.862122 4.463026 1.097753 3.862886 4.463026 1.044893 3.863450 4.463026 0.992033 3.863813 4.463026 0.939173 3.863977 4.463026 0.886314 3.863940 4.463026 0.833455 3.863703 4.463026 0.780596 3.863266 4.463026 0.727738 3.862628 4.463026 0.674879 3.861790 4.463026 0.622021 3.862119 -4.479339 1.097750 3.862884 -4.479339 1.044891 3.863447 -4.479339 0.992031 3.863811 -4.479339 0.939171 3.863974 -4.479339 0.886312 3.863937 -4.479339 0.833453 3.863700 -4.479339 0.780594 3.863263 -4.479339 0.727735 3.862625 -4.479339 0.674877 3.861787 -4.479339 0.622019 3.385854 4.463026 0.569697 3.386260 4.463026 1.151147 3.386260 4.463026 1.151147 3.385852 -4.479338 0.569695 3.385852 -4.479338 0.569695 3.386258 -4.479338 1.151145 3.386258 -4.479338 1.151145 3.386223 4.463026 1.098288 3.386186 4.463026 1.045429 3.386150 4.463026 0.992570 3.386113 4.463026 0.939711 3.386076 4.463026 0.886852 3.386039 4.463026 0.833993 3.386002 4.463026 0.781134 3.385965 4.463026 0.728275 3.385928 4.463026 0.675416 3.385891 4.463026 0.622556 3.386221 -4.479338 1.098286 3.386184 -4.479338 1.045426 3.386147 -4.479338 0.992567 3.386110 -4.479338 0.939708 3.386073 -4.479338 0.886849 3.386036 -4.479338 0.833990 3.386000 -4.479338 0.781131 3.385962 -4.479338 0.728272 3.385926 -4.479338 0.675413 3.385889 -4.479338 0.622554 3.113429 4.463027 0.570005 3.113835 4.463027 1.151455 3.113835 4.463027 1.151455 3.113426 -4.479337 0.570003 3.113426 -4.479337 0.570003 3.113832 -4.479337 1.151452 3.113832 -4.479337 1.151452 3.113798 4.463027 1.098595 3.113761 4.463027 1.045736 3.113724 4.463027 0.992877 3.113687 4.463027 0.940018 3.113650 4.463027 0.887159 3.113613 4.463027 0.834300 3.113576 4.463027 0.781441 3.113539 4.463027 0.728582 3.113503 4.463027 0.675723 3.113466 4.463027 0.622864 3.113795 -4.479337 1.098593 3.113759 -4.479337 1.045734 3.113721 -4.479337 0.992875 3.113685 -4.479337 0.940016 3.113647 -4.479337 0.887157 3.113611 -4.479337 0.834298 3.113574 -4.479337 0.781439 3.113537 -4.479337 0.728580 3.113500 -4.479337 0.675721 3.113463 -4.479337 0.622862 3.885863 4.463026 0.569135 3.885863 4.463026 0.569135 3.885860 -4.479339 0.569133 -1.257521 4.463027 0.574518 -0.739552 4.463027 0.574363 0.897706 4.463027 0.572509 1.158165 4.463027 0.572214 -1.766474 4.463027 0.575540 3.860752 4.463026 0.569163 3.502299 4.463027 0.569566 3.385854 4.463026 0.569697 1.679083 4.463027 0.571626 1.939542 4.463027 0.571332 -0.222923 4.463027 0.573813 0.294977 4.463027 0.573241 2.460461 4.463027 0.570743 2.720920 4.463027 0.570449 3.241839 4.463026 0.569860 0.637248 4.463027 0.572802 2.200001 4.463027 0.571037 2.981380 4.463027 0.570154 3.113429 4.463027 0.570005 1.418624 4.463027 0.571920 3.762757 4.463026 0.569274 3.830385 4.463026 0.569198 3.641928 4.463026 0.569409"
											           opoint="3.885863 4.463026 0.569135 3.886269 4.463026 1.150584 3.886269 4.463026 1.150584 -2.566442 4.463027 0.575896 -2.566442 4.463027 0.575896 -2.566442 4.463027 0.575896 -2.639058 4.463027 1.152377 -2.639058 4.463027 1.152377 -2.639058 4.463027 1.152377 -2.564800 -4.479337 0.575892 -2.564800 -4.479337 0.575892 -2.564800 -4.479337 0.575892 -2.637487 -4.479337 1.152374 -2.637487 -4.479337 1.152374 -2.637487 -4.479337 1.152374 3.885860 -4.479339 0.569133 3.885860 -4.479339 0.569133 3.886267 -4.479339 1.150582 3.886267 -4.479339 1.150582 3.887490 4.463026 1.097724 3.887490 4.463026 1.097724 3.888459 4.463026 1.044864 3.888459 4.463026 1.044864 3.889177 4.463026 0.992004 3.889177 4.463026 0.992004 3.889644 4.463026 0.939144 3.889644 4.463026 0.939144 3.889858 4.463026 0.886285 3.889858 4.463026 0.886285 3.889858 4.463026 0.886285 3.889821 4.463026 0.833426 3.889821 4.463026 0.833426 3.889821 4.463026 0.833426 3.889533 4.463026 0.780567 3.889533 4.463026 0.780567 3.888993 4.463026 0.727709 3.888993 4.463026 0.727709 3.888201 4.463026 0.674850 3.888201 4.463026 0.674850 3.887158 4.463026 0.621992 3.887158 4.463026 0.621992 -2.627525 4.463027 1.100113 -2.627525 4.463027 1.100113 -2.616321 4.463027 1.047861 -2.616321 4.463027 1.047861 -2.605783 4.463027 0.995598 -2.605783 4.463027 0.995598 -2.596236 4.463027 0.943302 -2.596236 4.463027 0.943302 -2.587947 4.463027 0.890958 -2.587947 4.463027 0.890958 -2.581086 4.463027 0.838556 -2.581086 4.463027 0.838556 -2.575702 4.463027 0.786097 -2.575702 4.463027 0.786097 -2.571729 4.463027 0.733586 -2.571729 4.463027 0.733586 -2.569011 4.463027 0.681038 -2.569011 4.463027 0.681038 -2.567327 4.463027 0.628470 -2.567327 4.463027 0.628470 -2.625941 -4.479337 1.100110 -2.625941 -4.479337 1.100110 -2.614727 -4.479337 1.047857 -2.614727 -4.479337 1.047857 -2.604182 -4.479337 0.995594 -2.604182 -4.479337 0.995594 -2.594631 -4.479337 0.943298 -2.594631 -4.479337 0.943298 -2.586340 -4.479337 0.890953 -2.586340 -4.479337 0.890953 -2.579475 -4.479337 0.838551 -2.579475 -4.479337 0.838551 -2.574086 -4.479337 0.786091 -2.574086 -4.479337 0.786091 -2.570108 -4.479337 0.733581 -2.570108 -4.479337 0.733581 -2.567383 -4.479337 0.681033 -2.567383 -4.479337 0.681033 -2.565693 -4.479337 0.628465 -2.565693 -4.479337 0.628465 3.887488 -4.479339 1.097722 3.887488 -4.479339 1.097722 3.888457 -4.479339 1.044862 3.888457 -4.479339 1.044862 3.889174 -4.479339 0.992002 3.889174 -4.479339 0.992002 3.889641 -4.479339 0.939142 3.889641 -4.479339 0.939142 3.889855 -4.479339 0.886283 3.889855 -4.479339 0.886283 3.889855 -4.479339 0.886283 3.889819 -4.479339 0.833423 3.889819 -4.479339 0.833423 3.889819 -4.479339 0.833423 3.889530 -4.479339 0.780565 3.889530 -4.479339 0.780565 3.888990 -4.479339 0.727706 3.888990 -4.479339 0.727706 3.888198 -4.479339 0.674848 3.888198 -4.479339 0.674848 3.887155 -4.479339 0.621990 3.887155 -4.479339 0.621990 0.637248 4.463027 0.572802 0.637653 4.463027 1.154252 0.637653 4.463027 1.154252 0.637245 -4.479337 0.572800 0.637245 -4.479337 0.572800 0.637650 -4.479337 1.154250 0.637650 -4.479337 1.154250 0.637616 4.463027 1.101393 0.637579 4.463027 1.048534 0.637542 4.463027 0.995675 0.637505 4.463027 0.942816 0.637468 4.463027 0.889957 0.637431 4.463027 0.837098 0.637394 4.463027 0.784239 0.637358 4.463027 0.731380 0.637321 4.463027 0.678521 0.637284 4.463027 0.625661 0.637613 -4.479337 1.101391 0.637576 -4.479337 1.048532 0.637539 -4.479337 0.995673 0.637502 -4.479337 0.942814 0.637465 -4.479337 0.889955 0.637429 -4.479337 0.837096 0.637392 -4.479337 0.784237 0.637355 -4.479337 0.731378 0.637318 -4.479337 0.678519 0.637282 -4.479337 0.625659 0.897706 4.463027 0.572509 0.898112 4.463027 1.153958 0.898112 4.463027 1.153958 0.897703 -4.479337 0.572506 0.897703 -4.479337 0.572506 0.898109 -4.479337 1.153956 0.898109 -4.479337 1.153956 0.898075 4.463027 1.101099 0.898038 4.463027 1.048240 0.898001 4.463027 0.995381 0.897964 4.463027 0.942522 0.897927 4.463027 0.889663 0.897890 4.463027 0.836804 0.897853 4.463027 0.783945 0.897817 4.463027 0.731086 0.897780 4.463027 0.678227 0.897743 4.463027 0.625368 0.898072 -4.479337 1.101097 0.898035 -4.479337 1.048238 0.897998 -4.479337 0.995379 0.897961 -4.479337 0.942520 0.897924 -4.479337 0.889661 0.897887 -4.479337 0.836802 0.897851 -4.479337 0.783943 0.897814 -4.479337 0.731084 0.897777 -4.479337 0.678224 0.897740 -4.479337 0.625365 1.158165 4.463027 0.572214 1.158571 4.463027 1.153664 1.158571 4.463027 1.153664 1.158162 -4.479337 0.572212 1.158162 -4.479337 0.572212 1.158568 -4.479337 1.153661 1.158568 -4.479337 1.153661 1.158534 4.463027 1.100805 1.158497 4.463027 1.047946 1.158460 4.463027 0.995087 1.158423 4.463027 0.942228 1.158386 4.463027 0.889369 1.158350 4.463027 0.836510 1.158313 4.463027 0.783651 1.158276 4.463027 0.730791 1.158239 4.463027 0.677933 1.158202 4.463027 0.625073 1.158531 -4.479337 1.100802 1.158494 -4.479337 1.047944 1.158457 -4.479337 0.995085 1.158421 -4.479337 0.942226 1.158384 -4.479337 0.889366 1.158347 -4.479337 0.836507 1.158310 -4.479337 0.783648 1.158273 -4.479337 0.730789 1.158236 -4.479337 0.677930 1.158199 -4.479337 0.625071 1.418624 4.463027 0.571920 1.419030 4.463027 1.153370 1.419030 4.463027 1.153370 1.418621 -4.479337 0.571918 1.418621 -4.479337 0.571918 1.419027 -4.479337 1.153368 1.419027 -4.479337 1.153368 1.418993 4.463027 1.100511 1.418957 4.463027 1.047652 1.418920 4.463027 0.994793 1.418883 4.463027 0.941934 1.418846 4.463027 0.889075 1.418809 4.463027 0.836215 1.418772 4.463027 0.783356 1.418735 4.463027 0.730497 1.418698 4.463027 0.677638 1.418661 4.463027 0.624779 1.418990 -4.479337 1.100509 1.418954 -4.479337 1.047650 1.418917 -4.479337 0.994790 1.418880 -4.479337 0.941931 1.418843 -4.479337 0.889072 1.418806 -4.479337 0.836213 1.418769 -4.479337 0.783354 1.418732 -4.479337 0.730495 1.418695 -4.479337 0.677636 1.418658 -4.479337 0.624777 1.679083 4.463027 0.571626 1.679489 4.463027 1.153075 1.679489 4.463027 1.153075 1.679080 -4.479337 0.571624 1.679080 -4.479337 0.571624 1.679486 -4.479337 1.153073 1.679486 -4.479337 1.153073 1.679452 4.463027 1.100216 1.679415 4.463027 1.047357 1.679378 4.463027 0.994498 1.679341 4.463027 0.941639 1.679304 4.463027 0.888780 1.679267 4.463027 0.835921 1.679230 4.463027 0.783062 1.679193 4.463027 0.730203 1.679157 4.463027 0.677344 1.679120 4.463027 0.624485 1.679449 -4.479337 1.100214 1.679412 -4.479337 1.047355 1.679375 -4.479337 0.994496 1.679338 -4.479337 0.941637 1.679301 -4.479337 0.888778 1.679264 -4.479337 0.835919 1.679227 -4.479337 0.783060 1.679191 -4.479337 0.730201 1.679154 -4.479337 0.677342 1.679117 -4.479337 0.624483 1.939542 4.463027 0.571332 1.939948 4.463027 1.152781 1.939948 4.463027 1.152781 1.939539 -4.479337 0.571329 1.939539 -4.479337 0.571329 1.939945 -4.479337 1.152779 1.939945 -4.479337 1.152779 1.939911 4.463027 1.099922 1.939874 4.463027 1.047063 1.939837 4.463027 0.994204 1.939800 4.463027 0.941345 1.939763 4.463027 0.888486 1.939726 4.463027 0.835627 1.939690 4.463027 0.782768 1.939653 4.463027 0.729908 1.939616 4.463027 0.677050 1.939579 4.463027 0.624190 1.939908 -4.479337 1.099919 1.939871 -4.479337 1.047060 1.939835 -4.479337 0.994202 1.939798 -4.479337 0.941342 1.939761 -4.479337 0.888483 1.939724 -4.479337 0.835624 1.939687 -4.479337 0.782765 1.939650 -4.479337 0.729906 1.939613 -4.479337 0.677047 1.939576 -4.479337 0.624188 2.200001 4.463027 0.571037 2.200408 4.463027 1.152486 2.200408 4.463027 1.152486 2.199998 -4.479337 0.571035 2.199998 -4.479337 0.571035 2.200405 -4.479337 1.152484 2.200405 -4.479337 1.152484 2.200371 4.463027 1.099627 2.200334 4.463027 1.046768 2.200297 4.463027 0.993909 2.200260 4.463027 0.941050 2.200222 4.463027 0.888191 2.200186 4.463027 0.835332 2.200149 4.463027 0.782473 2.200112 4.463027 0.729614 2.200075 4.463027 0.676755 2.200038 4.463027 0.623896 2.200368 -4.479337 1.099625 2.200331 -4.479337 1.046766 2.200294 -4.479337 0.993907 2.200257 -4.479337 0.941048 2.200220 -4.479337 0.888189 2.200183 -4.479337 0.835330 2.200146 -4.479337 0.782471 2.200109 -4.479337 0.729612 2.200072 -4.479337 0.676753 2.200035 -4.479337 0.623894 2.460461 4.463027 0.570743 2.460867 4.463027 1.152192 2.460867 4.463027 1.152192 2.460458 -4.479337 0.570741 2.460458 -4.479337 0.570741 2.460864 -4.479337 1.152190 2.460864 -4.479337 1.152190 2.460830 4.463027 1.099333 2.460793 4.463027 1.046474 2.460756 4.463027 0.993615 2.460719 4.463027 0.940756 2.460682 4.463027 0.887897 2.460645 4.463027 0.835038 2.460608 4.463027 0.782179 2.460571 4.463027 0.729320 2.460535 4.463027 0.676461 2.460498 4.463027 0.623602 2.460827 -4.479337 1.099331 2.460790 -4.479337 1.046472 2.460753 -4.479337 0.993613 2.460716 -4.479337 0.940754 2.460679 -4.479337 0.887895 2.460642 -4.479337 0.835036 2.460605 -4.479337 0.782177 2.460568 -4.479337 0.729318 2.460532 -4.479337 0.676459 2.460495 -4.479337 0.623600 2.720920 4.463027 0.570449 2.721326 4.463027 1.151898 2.721326 4.463027 1.151898 2.720917 -4.479337 0.570446 2.720917 -4.479337 0.570446 2.721323 -4.479337 1.151896 2.721323 -4.479337 1.151896 2.721289 4.463027 1.099039 2.721252 4.463027 1.046180 2.721216 4.463027 0.993321 2.721179 4.463027 0.940462 2.721142 4.463027 0.887603 2.721105 4.463027 0.834744 2.721068 4.463027 0.781885 2.721031 4.463027 0.729026 2.720994 4.463027 0.676167 2.720957 4.463027 0.623308 2.721286 -4.479337 1.099037 2.721250 -4.479337 1.046178 2.721213 -4.479337 0.993319 2.721176 -4.479337 0.940460 2.721139 -4.479337 0.887601 2.721102 -4.479337 0.834742 2.721065 -4.479337 0.781883 2.721028 -4.479337 0.729023 2.720991 -4.479337 0.676164 2.720954 -4.479337 0.623305 2.981380 4.463027 0.570154 2.981786 4.463027 1.151604 2.981786 4.463027 1.151604 2.981377 -4.479337 0.570152 2.981377 -4.479337 0.570152 2.981783 -4.479337 1.151601 2.981783 -4.479337 1.151601 2.981749 4.463027 1.098745 2.981712 4.463027 1.045886 2.981675 4.463027 0.993027 2.981638 4.463027 0.940168 2.981601 4.463027 0.887309 2.981564 4.463027 0.834450 2.981527 4.463027 0.781591 2.981490 4.463027 0.728732 2.981453 4.463027 0.675872 2.981416 4.463027 0.623013 2.981746 -4.479337 1.098743 2.981709 -4.479337 1.045884 2.981672 -4.479337 0.993024 2.981635 -4.479337 0.940165 2.981598 -4.479337 0.887306 2.981561 -4.479337 0.834447 2.981524 -4.479337 0.781588 2.981487 -4.479337 0.728729 2.981451 -4.479337 0.675870 2.981413 -4.479337 0.623011 3.241839 4.463026 0.569860 3.242245 4.463026 1.151309 3.242245 4.463026 1.151309 3.241837 -4.479338 0.569858 3.241837 -4.479338 0.569858 3.242243 -4.479338 1.151307 3.242243 -4.479338 1.151307 3.242208 4.463026 1.098450 3.242171 4.463026 1.045591 3.242135 4.463026 0.992732 3.242097 4.463026 0.939873 3.242061 4.463026 0.887014 3.242023 4.463026 0.834155 3.241987 4.463026 0.781296 3.241950 4.463026 0.728437 3.241913 4.463026 0.675578 3.241876 4.463026 0.622719 3.242206 -4.479338 1.098448 3.242169 -4.479338 1.045589 3.242132 -4.479338 0.992730 3.242095 -4.479338 0.939871 3.242058 -4.479338 0.887012 3.242021 -4.479338 0.834153 3.241984 -4.479338 0.781294 3.241947 -4.479338 0.728435 3.241910 -4.479338 0.675576 3.241873 -4.479338 0.622717 3.502299 4.463027 0.569566 3.502705 4.463026 1.151016 3.502705 4.463026 1.151016 3.502296 -4.479338 0.569564 3.502296 -4.479338 0.569564 3.502702 -4.479338 1.151013 3.502702 -4.479338 1.151013 3.502668 4.463026 1.098157 3.502631 4.463026 1.045298 3.502594 4.463026 0.992438 3.502557 4.463026 0.939579 3.502521 4.463026 0.886720 3.502483 4.463026 0.833861 3.502446 4.463026 0.781002 3.502409 4.463026 0.728143 3.502373 4.463026 0.675284 3.502336 4.463026 0.622425 3.502665 -4.479338 1.098154 3.502628 -4.479338 1.045295 3.502592 -4.479338 0.992436 3.502554 -4.479338 0.939577 3.502518 -4.479338 0.886718 3.502481 -4.479338 0.833859 3.502444 -4.479338 0.781000 3.502407 -4.479338 0.728141 3.502370 -4.479338 0.675282 3.502333 -4.479338 0.622423 3.762757 4.463026 0.569274 3.763163 4.463026 1.150723 3.763163 4.463026 1.150723 3.762754 -4.479339 0.569272 3.762754 -4.479339 0.569272 3.763160 -4.479339 1.150721 3.763160 -4.479339 1.150721 3.763126 4.463026 1.097865 3.763089 4.463026 1.045005 3.763052 4.463026 0.992146 3.763016 4.463026 0.939287 3.762979 4.463026 0.886428 3.762942 4.463026 0.833569 3.762905 4.463026 0.780710 3.762868 4.463026 0.727851 3.762831 4.463026 0.674992 3.762794 4.463026 0.622133 3.763124 -4.479339 1.097862 3.763086 -4.479339 1.045003 3.763050 -4.479339 0.992144 3.763013 -4.479339 0.939285 3.762976 -4.479339 0.886426 3.762939 -4.479339 0.833567 3.762902 -4.479339 0.780708 3.762865 -4.479339 0.727849 3.762828 -4.479339 0.674990 3.762791 -4.479339 0.622131 -1.766474 4.463027 0.575540 -1.809461 4.463027 1.153595 -1.809461 4.463027 1.153595 -1.765172 -4.479336 0.575543 -1.765172 -4.479336 0.575543 -1.808178 -4.479336 1.153601 -1.808178 -4.479336 1.153601 -1.802635 4.463027 1.101224 -1.795850 4.463027 1.048859 -1.789396 4.463027 0.996478 -1.783552 4.463027 0.944060 -1.778544 4.463027 0.891586 -1.774511 4.463027 0.839047 -1.771477 4.463027 0.786440 -1.769357 4.463027 0.733770 -1.767972 4.463027 0.681053 -1.767093 4.463027 0.628303 -1.801342 -4.479336 1.101230 -1.794551 -4.479336 1.048865 -1.788091 -4.479336 0.996484 -1.782243 -4.479336 0.944065 -1.777234 -4.479336 0.891591 -1.773201 -4.479336 0.839051 -1.770167 -4.479336 0.786444 -1.768048 -4.479336 0.733774 -1.766665 -4.479336 0.681056 -1.765787 -4.479336 0.628306 -1.257521 4.463027 0.574518 -1.278909 4.463027 1.154199 -1.278909 4.463027 1.154199 -1.256612 -4.479337 0.574520 -1.256612 -4.479337 0.574520 -1.278035 -4.479337 1.154201 -1.278035 -4.479337 1.154201 -1.276897 4.463027 1.101484 -1.274833 4.463027 1.048784 -1.272751 4.463027 0.996089 -1.270682 4.463027 0.943396 -1.268650 4.463027 0.890701 -1.266673 4.463027 0.838004 -1.264757 4.463027 0.785305 -1.262896 4.463027 0.732603 -1.261079 4.463027 0.679900 -1.259288 4.463027 0.627207 -1.276016 -4.479337 1.101486 -1.273948 -4.479337 1.048785 -1.271862 -4.479337 0.996091 -1.269788 -4.479337 0.943396 -1.267754 -4.479337 0.890702 -1.265774 -4.479337 0.838005 -1.263854 -4.479337 0.785305 -1.261990 -4.479337 0.732603 -1.260170 -4.479337 0.679901 -1.258376 -4.479337 0.627208 -0.739552 4.463027 0.574363 -0.748012 4.463027 1.155035 -0.748012 4.463027 1.155035 -0.739028 -4.479337 0.574362 -0.739028 -4.479337 0.574362 -0.747514 -4.479337 1.155035 -0.747514 -4.479337 1.155035 -0.747190 4.463027 1.102238 -0.746362 4.463027 1.049443 -0.745535 4.463027 0.996650 -0.744715 4.463027 0.943859 -0.743907 4.463027 0.891070 -0.743115 4.463027 0.838282 -0.742342 4.463027 0.785496 -0.741596 4.463027 0.732711 -0.740880 4.463027 0.679926 -0.740196 4.463027 0.627144 -0.746687 -4.479337 1.102237 -0.745854 -4.479337 1.049442 -0.745023 -4.479337 0.996649 -0.744199 -4.479337 0.943858 -0.743388 -4.479337 0.891069 -0.742593 -4.479337 0.838282 -0.741819 -4.479337 0.785495 -0.741072 -4.479337 0.732710 -0.740354 -4.479337 0.679925 -0.739671 -4.479337 0.627143 -0.222923 4.463027 0.573813 -0.225324 4.463027 1.154960 -0.225324 4.463027 1.154960 -0.222681 -4.479337 0.573811 -0.222681 -4.479337 0.573811 -0.225101 -4.479337 1.154958 -0.225101 -4.479337 1.154958 -0.225103 4.463027 1.102123 -0.224880 4.463027 1.049286 -0.224656 4.463027 0.996449 -0.224431 4.463027 0.943613 -0.224206 4.463027 0.890777 -0.223982 4.463027 0.837938 -0.223758 4.463027 0.785107 -0.223540 4.463027 0.732283 -0.223327 4.463027 0.679459 -0.223120 4.463027 0.626636 -0.224877 -4.479337 1.102121 -0.224651 -4.479337 1.049284 -0.224424 -4.479337 0.996448 -0.224197 -4.479337 0.943611 -0.223969 -4.479337 0.890775 -0.223744 -4.479337 0.837936 -0.223519 -4.479337 0.785105 -0.223299 -4.479337 0.732281 -0.223086 -4.479337 0.679457 -0.222879 -4.479337 0.626634 0.294977 4.463027 0.573241 0.295087 4.463027 1.154662 0.295087 4.463027 1.154662 0.295042 -4.479337 0.573239 0.295042 -4.479337 0.573239 0.295144 -4.479337 1.154660 0.295144 -4.479337 1.154660 0.295105 4.463027 1.101808 0.295118 4.463027 1.048954 0.295124 4.463027 0.996099 0.295124 4.463027 0.943244 0.295116 4.463027 0.890387 0.295103 4.463027 0.837530 0.295087 4.463027 0.784672 0.295066 4.463027 0.731815 0.295041 4.463027 0.678957 0.295012 4.463027 0.626099 0.295162 -4.479337 1.101806 0.295177 -4.479337 1.048952 0.295184 -4.479337 0.996097 0.295185 -4.479337 0.943241 0.295178 -4.479337 0.890385 0.295166 -4.479337 0.837527 0.295151 -4.479337 0.784670 0.295131 -4.479337 0.731813 0.295106 -4.479337 0.678955 0.295076 -4.479337 0.626097 3.933199 -4.486060 0.858821 3.933357 -4.486060 1.107287 3.933357 -4.440516 1.107287 3.933199 -4.440516 0.858821 3.916612 -4.505698 0.858840 3.913243 -4.505718 1.099900 3.906543 -0.008318 1.097444 3.906543 -0.008318 1.097444 3.918470 -4.376044 1.182480 3.918470 -4.376044 1.182480 3.933356 -4.376044 1.107287 3.933199 -4.376044 0.858822 3.891907 -4.486060 0.858868 3.889117 -4.486060 1.091047 3.930992 -2.368346 1.191074 3.930992 -4.486060 1.191073 3.930992 -4.440516 1.191073 3.909729 -0.008318 0.858849 3.909729 -0.008318 0.858849 3.933199 -2.368346 0.858822 3.933357 -2.368346 1.107288 3.891907 -4.440516 0.858868 3.889117 -4.440516 1.091047 3.905949 -4.376044 1.173886 3.912237 -4.505696 1.178201 3.913871 -4.440516 1.179323 3.913871 -4.440516 1.179323 3.930992 -4.376044 1.191073 3.909728 -4.376044 0.858848 3.906541 -4.376044 1.097443 3.889677 -4.486060 1.162718 3.889677 -4.440516 1.162718 3.933010 -4.486060 0.610356 3.933010 -4.440516 0.610356 3.912907 -4.505718 0.617788 3.918019 -4.376044 0.535197 3.918019 -4.376044 0.535197 3.933009 -4.376044 0.610356 3.888792 -4.486060 0.626696 3.930529 -2.368346 0.526576 3.930528 -4.486060 0.526575 3.930528 -4.440516 0.526575 3.933010 -2.368346 0.610356 3.888792 -4.440516 0.626696 3.905509 -4.376044 0.543819 3.911791 -4.505696 0.539489 3.913423 -4.440516 0.538364 3.913423 -4.440516 0.538364 3.930528 -4.376044 0.526575 3.918020 -0.008318 0.535198 3.918020 -0.008318 0.535198 3.918020 -0.008318 0.535198 3.918020 -0.008318 0.535198 3.906208 -4.376044 0.620260 3.889252 -4.486060 0.555024 3.889252 -4.440516 0.555024 3.933202 4.469424 0.858824 3.933359 4.469424 1.107289 3.933359 4.423881 1.107289 3.933202 4.423881 0.858824 3.916614 4.489062 0.858842 3.913246 4.489082 1.099903 3.918474 4.359408 1.182482 3.918474 4.359408 1.182482 3.933360 4.359408 1.107289 3.933202 4.359408 0.858824 3.891909 4.469424 0.858870 3.889119 4.469424 1.091049 3.930994 -0.008318 1.191074 3.930995 4.469424 1.191075 3.930995 4.423881 1.191075 3.933200 -0.008318 0.858823 3.933358 -0.008318 1.107288 3.891909 4.423881 0.858870 3.889119 4.423881 1.091049 3.905952 4.359408 1.173888 3.912240 4.489060 1.178204 3.913873 4.423881 1.179325 3.913873 4.423881 1.179325 3.930995 4.359408 1.191075 3.918472 -0.008318 1.182481 3.918472 -0.008318 1.182481 3.918472 -0.008318 1.182481 3.918472 -0.008318 1.182481 3.909731 4.359408 0.858850 3.906544 4.359408 1.097445 3.905951 -0.008318 1.173887 3.905951 -0.008318 1.173887 3.889679 4.469424 1.162720 3.889679 4.423881 1.162720 3.933012 4.469424 0.610358 3.933012 4.423881 0.610358 3.912910 4.489082 0.617790 3.906209 -0.008318 0.620261 3.906209 -0.008318 0.620261 3.918022 4.359408 0.535199 3.918022 4.359408 0.535199 3.933012 4.359408 0.610358 3.888795 4.469424 0.626698 3.930530 -0.008318 0.526576 3.930531 4.469424 0.526577 3.930531 4.423881 0.526577 3.933011 -0.008318 0.610357 3.888795 4.423881 0.626698 3.905512 4.359408 0.543821 3.911794 4.489060 0.539492 3.913425 4.423881 0.538367 3.913425 4.423881 0.538367 3.930531 4.359408 0.526577 3.906211 4.359408 0.620262 3.905511 -0.008318 0.543820 3.905511 -0.008318 0.543820 3.889255 4.469424 0.555026 3.889255 4.423881 0.555026 3.830385 4.463026 0.569198 3.830790 4.463026 1.150647 3.830790 4.463026 1.150647 3.830381 -4.479339 0.569195 3.830381 -4.479339 0.569195 3.830787 -4.479339 1.150645 3.830787 -4.479339 1.150645 3.831444 4.463026 1.097787 3.831960 4.463026 1.044928 3.832338 4.463026 0.992068 3.832578 4.463026 0.939209 3.832678 4.463026 0.886349 3.832642 4.463026 0.833490 3.832467 4.463026 0.780632 3.832153 4.463026 0.727773 3.831702 4.463026 0.674914 3.831112 4.463026 0.622056 3.831442 -4.479339 1.097785 3.831957 -4.479339 1.044925 3.832335 -4.479339 0.992066 3.832574 -4.479339 0.939206 3.832676 -4.479339 0.886347 3.832639 -4.479339 0.833488 3.832464 -4.479339 0.780629 3.832150 -4.479339 0.727771 3.831699 -4.479339 0.674912 3.831109 -4.479339 0.622054 3.641928 4.463026 0.569409 3.642334 4.463026 1.150859 3.642334 4.463026 1.150859 3.641925 -4.479339 0.569407 3.641925 -4.479339 0.569407 3.642331 -4.479338 1.150857 3.642331 -4.479338 1.150857 3.642297 4.463026 1.098000 3.642260 4.463026 1.045141 3.642223 4.463026 0.992282 3.642186 4.463026 0.939423 3.642149 4.463026 0.886564 3.642112 4.463026 0.833705 3.642076 4.463026 0.780846 3.642039 4.463026 0.727986 3.642002 4.463026 0.675128 3.641965 4.463026 0.622269 3.642294 -4.479338 1.097998 3.642257 -4.479338 1.045139 3.642220 -4.479338 0.992280 3.642183 -4.479338 0.939421 3.642146 -4.479339 0.886561 3.642109 -4.479339 0.833702 3.642073 -4.479339 0.780843 3.642035 -4.479339 0.727984 3.641999 -4.479339 0.675125 3.641962 -4.479339 0.622266 3.860752 4.463026 0.569163 3.861158 4.463026 1.150613 3.861158 4.463026 1.150613 3.860749 -4.479339 0.569161 3.860749 -4.479339 0.569161 3.861155 -4.479339 1.150610 3.861155 -4.479339 1.150610 3.862122 4.463026 1.097753 3.862886 4.463026 1.044893 3.863450 4.463026 0.992033 3.863813 4.463026 0.939173 3.863977 4.463026 0.886314 3.863940 4.463026 0.833455 3.863703 4.463026 0.780596 3.863266 4.463026 0.727738 3.862628 4.463026 0.674879 3.861790 4.463026 0.622021 3.862119 -4.479339 1.097750 3.862884 -4.479339 1.044891 3.863447 -4.479339 0.992031 3.863811 -4.479339 0.939171 3.863974 -4.479339 0.886312 3.863937 -4.479339 0.833453 3.863700 -4.479339 0.780594 3.863263 -4.479339 0.727735 3.862625 -4.479339 0.674877 3.861787 -4.479339 0.622019 3.385854 4.463026 0.569697 3.386260 4.463026 1.151147 3.386260 4.463026 1.151147 3.385852 -4.479338 0.569695 3.385852 -4.479338 0.569695 3.386258 -4.479338 1.151145 3.386258 -4.479338 1.151145 3.386223 4.463026 1.098288 3.386186 4.463026 1.045429 3.386150 4.463026 0.992570 3.386113 4.463026 0.939711 3.386076 4.463026 0.886852 3.386039 4.463026 0.833993 3.386002 4.463026 0.781134 3.385965 4.463026 0.728275 3.385928 4.463026 0.675416 3.385891 4.463026 0.622556 3.386221 -4.479338 1.098286 3.386184 -4.479338 1.045426 3.386147 -4.479338 0.992567 3.386110 -4.479338 0.939708 3.386073 -4.479338 0.886849 3.386036 -4.479338 0.833990 3.386000 -4.479338 0.781131 3.385962 -4.479338 0.728272 3.385926 -4.479338 0.675413 3.385889 -4.479338 0.622554 3.113429 4.463027 0.570005 3.113835 4.463027 1.151455 3.113835 4.463027 1.151455 3.113426 -4.479337 0.570003 3.113426 -4.479337 0.570003 3.113832 -4.479337 1.151452 3.113832 -4.479337 1.151452 3.113798 4.463027 1.098595 3.113761 4.463027 1.045736 3.113724 4.463027 0.992877 3.113687 4.463027 0.940018 3.113650 4.463027 0.887159 3.113613 4.463027 0.834300 3.113576 4.463027 0.781441 3.113539 4.463027 0.728582 3.113503 4.463027 0.675723 3.113466 4.463027 0.622864 3.113795 -4.479337 1.098593 3.113759 -4.479337 1.045734 3.113721 -4.479337 0.992875 3.113685 -4.479337 0.940016 3.113647 -4.479337 0.887157 3.113611 -4.479337 0.834298 3.113574 -4.479337 0.781439 3.113537 -4.479337 0.728580 3.113500 -4.479337 0.675721 3.113463 -4.479337 0.622862"
											            />
											<TextureCoordinate point="0.9543 0.0099 0.9517 0.0121 0.8337 0.0121 0.8361 0.0099 0.3398 0.0132 0.7494 0.0132 0.7494 0.0114 0.3398 0.0114 0.4347 0.0107 0.4323 0.0128 0.4759 0.0128 0.4782 0.0107 0.0506 0.0099 0.0506 0.0341 0.0537 0.0341 0.0537 0.0099 0.4807 0.0402 0.4807 0.4259 0.4645 0.4259 0.4645 0.0402 0.0080 0.9951 0.0080 0.4328 0.0726 0.4328 0.0726 0.9951 0.9497 0.0297 0.9517 0.0319 0.8361 0.0341 0.8337 0.0319 0.8318 0.0297 0.9482 0.0275 0.9497 0.0297 0.8337 0.0319 0.4989 0.0319 0.5015 0.0341 0.4656 0.0341 0.4630 0.0319 0.8337 0.0121 0.8318 0.0143 0.7599 0.0143 0.7618 0.0121 0.4968 0.0143 0.4953 0.0165 0.4593 0.0165 0.4609 0.0143 0.4593 0.0165 0.4583 0.0187 0.4223 0.0187 0.4234 0.0165 0.4943 0.0187 0.4937 0.0209 0.4578 0.0209 0.4583 0.0187 0.4937 0.0209 0.4937 0.0231 0.4578 0.0231 0.4578 0.0209 0.4937 0.0231 0.4943 0.0253 0.4583 0.0253 0.4578 0.0231 0.8295 0.0253 0.8304 0.0275 0.7599 0.0297 0.7585 0.0275 0.7575 0.0253 0.8290 0.0231 0.8295 0.0253 0.7585 0.0275 0.4593 0.0275 0.4609 0.0297 0.4249 0.0297 0.4234 0.0275 0.3398 0.0295 0.7494 0.0295 0.7494 0.0276 0.3398 0.0276 0.3398 0.0313 0.7494 0.0313 0.7494 0.0295 0.3398 0.0295 0.3398 0.0150 0.7494 0.0150 0.7494 0.0132 0.3398 0.0132 0.3398 0.0168 0.7494 0.0168 0.7494 0.0150 0.3398 0.0150 0.3398 0.0186 0.7494 0.0186 0.7494 0.0168 0.3398 0.0168 0.3398 0.0204 0.7494 0.0204 0.7494 0.0186 0.3398 0.0186 0.3398 0.0222 0.7494 0.0222 0.7494 0.0204 0.3398 0.0204 0.3398 0.0240 0.7494 0.0240 0.7494 0.0222 0.3398 0.0222 0.3398 0.0258 0.7494 0.0258 0.7494 0.0240 0.3398 0.0240 0.3398 0.0276 0.7494 0.0276 0.7494 0.0258 0.3398 0.0258 0.7404 0.0317 0.8490 0.0317 0.8471 0.0296 0.7386 0.0296 0.7404 0.0317 0.8471 0.0296 0.8457 0.0275 0.5420 0.0317 0.5443 0.0338 0.6104 0.0338 0.6081 0.0317 0.7386 0.0149 0.8471 0.0149 0.8490 0.0128 0.7404 0.0128 0.3973 0.0149 0.3959 0.0170 0.4290 0.0170 0.4304 0.0149 0.3628 0.0170 0.3618 0.0191 0.3949 0.0191 0.3959 0.0170 0.3618 0.0191 0.3613 0.0212 0.3944 0.0212 0.3949 0.0191 0.3944 0.0212 0.3944 0.0233 0.4276 0.0233 0.4276 0.0212 0.3613 0.0233 0.3618 0.0254 0.3949 0.0254 0.3944 0.0233 0.4280 0.0254 0.4290 0.0275 0.4726 0.0275 0.4717 0.0254 0.7373 0.0275 0.7386 0.0296 0.8457 0.0275 0.0121 0.0193 0.5609 0.0193 0.5609 0.0206 0.0121 0.0206 0.0121 0.0177 0.5609 0.0177 0.5609 0.0193 0.0121 0.0193 0.0482 0.0099 0.0482 0.0341 0.0506 0.0341 0.0506 0.0099 0.0464 0.0099 0.0464 0.0341 0.0482 0.0341 0.0482 0.0099 0.0451 0.0099 0.0451 0.0341 0.0464 0.0341 0.0464 0.0099 0.0445 0.0099 0.0445 0.0341 0.0451 0.0341 0.0451 0.0099 0.0216 0.0535 0.0844 0.0535 0.0844 0.0478 0.0216 0.0478 0.0121 0.0222 0.5609 0.0222 0.5609 0.0225 0.0121 0.0225 0.0121 0.0216 0.5609 0.0216 0.5609 0.0222 0.0121 0.0222 0.0121 0.0206 0.5609 0.0206 0.5609 0.0216 0.0121 0.0216 0.4630 0.0121 0.4656 0.0099 0.5015 0.0099 0.4989 0.0121 0.4016 0.0107 0.3992 0.0128 0.4323 0.0128 0.4347 0.0107 0.4521 0.4259 0.4521 0.0402 0.4645 0.0402 0.4645 0.4259 0.5002 0.4328 0.5002 0.9951 0.4983 0.9951 0.4983 0.4328 0.4270 0.0319 0.4249 0.0297 0.4609 0.0297 0.4630 0.0319 0.8337 0.0319 0.8361 0.0341 0.7643 0.0341 0.7618 0.0319 0.8318 0.0297 0.8337 0.0319 0.7643 0.0341 0.3890 0.0143 0.3911 0.0121 0.4270 0.0121 0.4249 0.0143 0.8318 0.0143 0.8304 0.0165 0.7585 0.0165 0.7599 0.0143 0.9482 0.0165 0.9472 0.0187 0.8290 0.0209 0.8295 0.0187 0.8304 0.0165 0.9497 0.0143 0.9482 0.0165 0.8295 0.0187 0.8295 0.0187 0.8290 0.0209 0.7570 0.0231 0.7570 0.0209 0.7575 0.0187 0.8304 0.0165 0.8295 0.0187 0.7570 0.0209 0.7570 0.0209 0.7570 0.0231 0.6851 0.0231 0.6851 0.0209 0.7570 0.0231 0.8290 0.0209 0.8290 0.0231 0.7575 0.0253 0.3874 0.0275 0.3863 0.0253 0.4223 0.0253 0.4234 0.0275 0.7585 0.0275 0.7599 0.0297 0.6880 0.0297 0.6866 0.0275 0.3973 0.0296 0.3992 0.0317 0.4323 0.0317 0.4304 0.0296 0.3992 0.0317 0.4016 0.0338 0.4347 0.0338 0.4323 0.0317 0.3001 0.0128 0.2981 0.0149 0.3312 0.0149 0.3331 0.0128 0.6712 0.0170 0.6725 0.0149 0.6063 0.0149 0.6050 0.0170 0.8448 0.0191 0.8457 0.0170 0.7373 0.0170 0.7365 0.0191 0.7360 0.0212 0.7365 0.0191 0.6703 0.0191 0.6698 0.0212 0.8443 0.0233 0.8443 0.0212 0.7360 0.0212 0.7360 0.0233 0.6041 0.0254 0.6036 0.0233 0.5374 0.0233 0.5379 0.0254 0.3287 0.0254 0.3297 0.0275 0.3628 0.0275 0.3618 0.0254 0.3628 0.0275 0.3642 0.0296 0.3973 0.0296 0.3959 0.0275 0.3938 0.0341 0.3911 0.0319 0.4270 0.0319 0.4297 0.0341 0.3514 0.0165 0.3531 0.0143 0.3890 0.0143 0.3874 0.0165 0.4953 0.0165 0.4943 0.0187 0.4583 0.0187 0.4593 0.0165 0.3858 0.0209 0.3863 0.0187 0.4223 0.0187 0.4218 0.0209 0.4218 0.0231 0.4218 0.0209 0.4578 0.0209 0.4578 0.0231 0.4223 0.0253 0.4218 0.0231 0.4578 0.0231 0.4583 0.0253 0.4953 0.0275 0.4968 0.0297 0.4609 0.0297 0.4593 0.0275 0.3642 0.0149 0.3628 0.0170 0.3959 0.0170 0.3973 0.0149 0.4280 0.0191 0.4290 0.0170 0.3959 0.0170 0.3949 0.0191 0.4276 0.0212 0.4280 0.0191 0.3949 0.0191 0.3944 0.0212 0.3613 0.0212 0.3613 0.0233 0.3944 0.0233 0.3944 0.0212 0.4280 0.0254 0.4276 0.0233 0.3944 0.0233 0.3949 0.0254 0.4270 0.0121 0.4297 0.0099 0.4656 0.0099 0.4630 0.0121 0.2365 0.0107 0.2340 0.0128 0.2670 0.0128 0.2695 0.0107 0.4397 0.4259 0.4397 0.0402 0.4521 0.0402 0.4521 0.4259 0.2555 0.9951 0.2555 0.4328 0.2751 0.4328 0.2751 0.9951 0.4968 0.0297 0.4989 0.0319 0.4630 0.0319 0.4609 0.0297 0.4989 0.0121 0.4968 0.0143 0.4609 0.0143 0.4630 0.0121 0.4943 0.0253 0.4953 0.0275 0.4593 0.0275 0.4583 0.0253 0.3312 0.0296 0.3331 0.0317 0.3662 0.0317 0.3642 0.0296 0.1180 0.0317 0.1206 0.0338 0.1374 0.0338 0.1348 0.0317 0.4304 0.0149 0.4323 0.0128 0.3992 0.0128 0.3973 0.0149 0.4290 0.0275 0.4280 0.0254 0.3949 0.0254 0.3959 0.0275 0.4304 0.0296 0.4290 0.0275 0.3959 0.0275 0.3973 0.0296 0.3144 0.0187 0.3155 0.0165 0.3514 0.0165 0.3504 0.0187 0.3890 0.0297 0.3874 0.0275 0.4234 0.0275 0.4249 0.0297 0.3297 0.0170 0.3287 0.0191 0.3618 0.0191 0.3628 0.0170 0.2294 0.0191 0.2289 0.0212 0.2620 0.0212 0.2625 0.0191 0.2289 0.0233 0.2294 0.0254 0.2625 0.0254 0.2620 0.0233 0.2751 0.9951 0.2751 0.4328 0.2947 0.4328 0.2947 0.9951 0.3911 0.0319 0.3890 0.0297 0.4249 0.0297 0.4270 0.0319 0.4630 0.0121 0.4609 0.0143 0.4249 0.0143 0.4270 0.0121 0.4583 0.0253 0.4593 0.0275 0.4234 0.0275 0.4223 0.0253 0.3973 0.0149 0.3992 0.0128 0.3662 0.0128 0.3642 0.0149 0.3959 0.0275 0.3949 0.0254 0.3618 0.0254 0.3628 0.0275 0.2966 0.0275 0.2981 0.0296 0.3312 0.0296 0.3297 0.0275 0.4630 0.0319 0.4656 0.0341 0.4297 0.0341 0.4270 0.0319 0.4609 0.0143 0.4593 0.0165 0.4234 0.0165 0.4249 0.0143 0.4583 0.0187 0.4578 0.0209 0.4218 0.0209 0.4223 0.0187 0.3858 0.0231 0.3858 0.0209 0.4218 0.0209 0.4218 0.0231 0.1523 0.0253 0.1517 0.0231 0.1700 0.0231 0.1705 0.0253 0.3312 0.0149 0.3297 0.0170 0.3628 0.0170 0.3642 0.0149 0.3282 0.0212 0.3282 0.0233 0.3613 0.0233 0.3613 0.0212 0.3911 0.0121 0.3938 0.0099 0.4297 0.0099 0.4270 0.0121 0.3992 0.0128 0.4016 0.0107 0.3686 0.0107 0.3662 0.0128 0.4273 0.4259 0.4273 0.0402 0.4397 0.0402 0.4397 0.4259 0.3992 0.0317 0.3973 0.0296 0.3642 0.0296 0.3662 0.0317 0.4016 0.0338 0.3992 0.0317 0.3662 0.0317 0.3686 0.0338 0.2947 0.9951 0.2947 0.4328 0.3144 0.4328 0.3144 0.9951 0.2812 0.0143 0.2833 0.0121 0.3193 0.0121 0.3171 0.0143 0.3514 0.0275 0.3504 0.0253 0.3863 0.0253 0.3874 0.0275 0.3642 0.0149 0.3662 0.0128 0.3331 0.0128 0.3312 0.0149 0.2956 0.0254 0.2966 0.0275 0.3297 0.0275 0.3287 0.0254 0.2861 0.0341 0.2833 0.0319 0.3193 0.0319 0.3220 0.0341 0.4249 0.0143 0.4234 0.0165 0.3874 0.0165 0.3890 0.0143 0.3139 0.0209 0.3144 0.0187 0.3504 0.0187 0.3498 0.0209 0.3662 0.0128 0.3686 0.0107 0.3356 0.0107 0.3331 0.0128 0.2650 0.0296 0.2670 0.0317 0.3001 0.0317 0.2981 0.0296 0.3686 0.0338 0.3662 0.0317 0.3331 0.0317 0.3356 0.0338 0.4234 0.0165 0.4223 0.0187 0.3863 0.0187 0.3874 0.0165 0.2812 0.0297 0.2795 0.0275 0.3155 0.0275 0.3171 0.0297 0.2966 0.0170 0.2956 0.0191 0.3287 0.0191 0.3297 0.0170 0.3613 0.0212 0.3618 0.0191 0.3287 0.0191 0.3282 0.0212 0.3618 0.0254 0.3613 0.0233 0.3282 0.0233 0.3287 0.0254 0.3552 0.0319 0.3531 0.0297 0.3890 0.0297 0.3911 0.0319 0.3642 0.0296 0.3628 0.0275 0.3297 0.0275 0.3312 0.0296 0.2779 0.0231 0.2779 0.0209 0.3139 0.0209 0.3139 0.0231 0.4218 0.0231 0.4223 0.0253 0.3863 0.0253 0.3858 0.0231 0.2981 0.0149 0.2966 0.0170 0.3297 0.0170 0.3312 0.0149 0.2951 0.0212 0.2951 0.0233 0.3282 0.0233 0.3282 0.0212 0.3552 0.0121 0.3579 0.0099 0.3938 0.0099 0.3911 0.0121 0.3339 0.4259 0.3339 0.0402 0.3407 0.0402 0.3407 0.4259 0.3144 0.9951 0.3144 0.4328 0.3340 0.4328 0.3340 0.9951 0.2340 0.0128 0.2319 0.0149 0.2650 0.0149 0.2670 0.0128 0.2436 0.0165 0.2452 0.0143 0.2812 0.0143 0.2795 0.0165 0.3331 0.0128 0.3356 0.0107 0.3025 0.0107 0.3001 0.0128 0.3356 0.0338 0.3331 0.0317 0.3001 0.0317 0.3025 0.0338 0.3874 0.0165 0.3863 0.0187 0.3504 0.0187 0.3514 0.0165 0.3282 0.0212 0.3287 0.0191 0.2956 0.0191 0.2951 0.0212 0.3287 0.0254 0.3282 0.0233 0.2951 0.0233 0.2956 0.0254 0.2635 0.0275 0.2650 0.0296 0.2981 0.0296 0.2966 0.0275 0.3858 0.0231 0.3863 0.0253 0.3504 0.0253 0.3498 0.0231 0.3911 0.0121 0.3890 0.0143 0.3531 0.0143 0.3552 0.0121 0.1357 0.0275 0.1346 0.0253 0.1523 0.0253 0.1534 0.0275 0.0309 0.0254 0.0319 0.0275 0.0473 0.0275 0.0462 0.0254 0.3911 0.0319 0.3938 0.0341 0.3579 0.0341 0.3552 0.0319 0.3863 0.0187 0.3858 0.0209 0.3498 0.0209 0.3504 0.0187 0.3331 0.0317 0.3312 0.0296 0.2981 0.0296 0.3001 0.0317 0.3874 0.0275 0.3890 0.0297 0.3531 0.0297 0.3514 0.0275 0.2635 0.0170 0.2625 0.0191 0.2956 0.0191 0.2966 0.0170 0.3193 0.0319 0.3171 0.0297 0.3531 0.0297 0.3552 0.0319 0.3858 0.0209 0.3858 0.0231 0.3498 0.0231 0.3498 0.0209 0.2319 0.0149 0.2304 0.0170 0.2635 0.0170 0.2650 0.0149 0.2620 0.0212 0.2620 0.0233 0.2951 0.0233 0.2951 0.0212 0.3193 0.0121 0.3220 0.0099 0.3579 0.0099 0.3552 0.0121 0.4273 0.0402 0.4273 0.4259 0.4150 0.4259 0.4150 0.0402 0.3340 0.9951 0.3340 0.4328 0.3536 0.4328 0.3536 0.9951 0.3001 0.0128 0.3025 0.0107 0.2695 0.0107 0.2670 0.0128 0.3025 0.0338 0.3001 0.0317 0.2670 0.0317 0.2695 0.0338 0.2425 0.0187 0.2436 0.0165 0.2795 0.0165 0.2784 0.0187 0.2951 0.0212 0.2956 0.0191 0.2625 0.0191 0.2620 0.0212 0.2956 0.0254 0.2951 0.0233 0.2620 0.0233 0.2625 0.0254 0.3498 0.0231 0.3504 0.0253 0.3144 0.0253 0.3139 0.0231 0.3552 0.0121 0.3531 0.0143 0.3171 0.0143 0.3193 0.0121 0.3552 0.0319 0.3579 0.0341 0.3220 0.0341 0.3193 0.0319 0.2059 0.0209 0.2065 0.0187 0.2425 0.0187 0.2419 0.0209 0.1159 0.0296 0.1180 0.0317 0.1348 0.0317 0.1327 0.0296 0.3514 0.0275 0.3531 0.0297 0.3171 0.0297 0.3155 0.0275 0.3498 0.0209 0.3498 0.0231 0.3139 0.0231 0.3139 0.0209 0.4150 0.0402 0.4150 0.4259 0.4026 0.4259 0.4026 0.0402 0.2981 0.0149 0.3001 0.0128 0.2670 0.0128 0.2650 0.0149 0.3531 0.0143 0.3514 0.0165 0.3155 0.0165 0.3171 0.0143 0.2304 0.0275 0.2319 0.0296 0.2650 0.0296 0.2635 0.0275 0.3504 0.0253 0.3514 0.0275 0.3155 0.0275 0.3144 0.0253 0.2966 0.0275 0.2956 0.0254 0.2625 0.0254 0.2635 0.0275 0.2304 0.0170 0.2294 0.0191 0.2625 0.0191 0.2635 0.0170 0.2833 0.0319 0.2812 0.0297 0.3171 0.0297 0.3193 0.0319 0.2966 0.0170 0.2981 0.0149 0.2650 0.0149 0.2635 0.0170 0.2289 0.0212 0.2289 0.0233 0.2620 0.0233 0.2620 0.0212 0.2474 0.0121 0.2502 0.0099 0.2861 0.0099 0.2833 0.0121 0.3536 0.9951 0.3536 0.4328 0.3732 0.4328 0.3732 0.9951 0.2034 0.0107 0.2009 0.0128 0.2340 0.0128 0.2365 0.0107 0.2695 0.0338 0.2670 0.0317 0.2340 0.0317 0.2365 0.0338 0.1963 0.0191 0.1958 0.0212 0.2289 0.0212 0.2294 0.0191 0.1627 0.0233 0.1632 0.0254 0.1963 0.0254 0.1958 0.0233 0.3139 0.0231 0.3144 0.0253 0.2784 0.0253 0.2779 0.0231 0.2093 0.0143 0.2115 0.0121 0.2474 0.0121 0.2452 0.0143 0.2143 0.0341 0.2115 0.0319 0.2474 0.0319 0.2502 0.0341 0.2093 0.0297 0.2076 0.0275 0.2436 0.0275 0.2452 0.0297 0.2419 0.0231 0.2419 0.0209 0.2779 0.0209 0.2779 0.0231 0.4026 0.0402 0.4026 0.4259 0.3902 0.4259 0.3902 0.0402 0.1017 0.0128 0.0996 0.0149 0.1159 0.0149 0.1180 0.0128 0.3171 0.0143 0.3155 0.0165 0.2795 0.0165 0.2812 0.0143 0.3144 0.0253 0.3155 0.0275 0.2795 0.0275 0.2784 0.0253 0.2635 0.0275 0.2625 0.0254 0.2294 0.0254 0.2304 0.0275 0.1658 0.0149 0.1643 0.0170 0.1974 0.0170 0.1989 0.0149 0.3155 0.0165 0.3144 0.0187 0.2784 0.0187 0.2795 0.0165 0.3144 0.0187 0.3139 0.0209 0.2779 0.0209 0.2784 0.0187 0.2670 0.0317 0.2650 0.0296 0.2319 0.0296 0.2340 0.0317 0.1974 0.0275 0.1989 0.0296 0.2319 0.0296 0.2304 0.0275 0.1974 0.0170 0.1963 0.0191 0.2294 0.0191 0.2304 0.0170 0.2474 0.0319 0.2452 0.0297 0.2812 0.0297 0.2833 0.0319 0.1958 0.0212 0.1958 0.0233 0.2289 0.0233 0.2289 0.0212 0.3220 0.0099 0.3193 0.0121 0.2833 0.0121 0.2861 0.0099 0.3732 0.9951 0.3732 0.4328 0.3928 0.4328 0.3928 0.9951 0.2365 0.0338 0.2340 0.0317 0.2009 0.0317 0.2034 0.0338 0.2779 0.0231 0.2784 0.0253 0.2425 0.0253 0.2419 0.0231 0.3902 0.0402 0.3902 0.4259 0.3778 0.4259 0.3778 0.0402 0.0997 0.0165 0.1014 0.0143 0.1175 0.0143 0.1158 0.0165 0.2784 0.0253 0.2795 0.0275 0.2436 0.0275 0.2425 0.0253 0.2304 0.0275 0.2294 0.0254 0.1963 0.0254 0.1974 0.0275 0.2065 0.0187 0.2076 0.0165 0.2436 0.0165 0.2425 0.0187 0.2784 0.0187 0.2779 0.0209 0.2419 0.0209 0.2425 0.0187 0.2340 0.0317 0.2319 0.0296 0.1989 0.0296 0.2009 0.0317 0.2115 0.0121 0.2143 0.0099 0.2502 0.0099 0.2474 0.0121 0.1043 0.0107 0.1017 0.0128 0.1180 0.0128 0.1206 0.0107 0.1632 0.0191 0.1627 0.0212 0.1958 0.0212 0.1963 0.0191 0.2294 0.0254 0.2289 0.0233 0.1958 0.0233 0.1963 0.0254 0.2833 0.0121 0.2812 0.0143 0.2452 0.0143 0.2474 0.0121 0.2833 0.0319 0.2861 0.0341 0.2502 0.0341 0.2474 0.0319 0.2795 0.0275 0.2812 0.0297 0.2452 0.0297 0.2436 0.0275 0.2059 0.0231 0.2059 0.0209 0.2419 0.0209 0.2419 0.0231 0.2319 0.0149 0.2340 0.0128 0.2009 0.0128 0.1989 0.0149 0.2304 0.0170 0.2319 0.0149 0.1989 0.0149 0.1974 0.0170 0.1643 0.0275 0.1658 0.0296 0.1989 0.0296 0.1974 0.0275 0.1643 0.0170 0.1632 0.0191 0.1963 0.0191 0.1974 0.0170 0.2115 0.0319 0.2093 0.0297 0.2452 0.0297 0.2474 0.0319 0.1627 0.0212 0.1627 0.0233 0.1958 0.0233 0.1958 0.0212 0.3928 0.9951 0.3928 0.4328 0.4125 0.4328 0.4125 0.9951 0.2034 0.0338 0.2009 0.0317 0.1678 0.0317 0.1704 0.0338 0.2419 0.0231 0.2425 0.0253 0.2065 0.0253 0.2059 0.0231 0.3778 0.0402 0.3778 0.4259 0.3655 0.4259 0.3655 0.0402 0.2425 0.0253 0.2436 0.0275 0.2076 0.0275 0.2065 0.0253 0.1974 0.0275 0.1963 0.0254 0.1632 0.0254 0.1643 0.0275 0.1700 0.0209 0.1705 0.0187 0.2065 0.0187 0.2059 0.0209 0.2009 0.0317 0.1989 0.0296 0.1658 0.0296 0.1678 0.0317 0.1128 0.0233 0.1134 0.0254 0.1301 0.0254 0.1296 0.0233 0.1551 0.0143 0.1573 0.0121 0.1756 0.0121 0.1733 0.0143 0.1602 0.0341 0.1573 0.0319 0.1756 0.0319 0.1784 0.0341 0.1733 0.0297 0.1716 0.0275 0.2076 0.0275 0.2093 0.0297 0.1989 0.0149 0.2009 0.0128 0.1678 0.0128 0.1658 0.0149 0.0996 0.0149 0.0981 0.0170 0.1144 0.0170 0.1159 0.0149 0.2452 0.0143 0.2436 0.0165 0.2076 0.0165 0.2093 0.0143 0.1705 0.0187 0.1716 0.0165 0.2076 0.0165 0.2065 0.0187 0.1756 0.0121 0.1784 0.0099 0.2143 0.0099 0.2115 0.0121 0.2009 0.0128 0.2034 0.0107 0.1704 0.0107 0.1678 0.0128 0.0970 0.0191 0.0965 0.0212 0.1128 0.0212 0.1134 0.0191 0.0787 0.0231 0.0787 0.0209 0.0980 0.0209 0.0980 0.0231 0.0981 0.0275 0.0996 0.0296 0.1159 0.0296 0.1144 0.0275 0.0981 0.0170 0.0970 0.0191 0.1134 0.0191 0.1144 0.0170 0.1396 0.0319 0.1374 0.0297 0.1551 0.0297 0.1573 0.0319 0.1296 0.0212 0.1296 0.0233 0.1627 0.0233 0.1627 0.0212 0.4125 0.9951 0.4125 0.4328 0.4321 0.4328 0.4321 0.9951 0.1704 0.0338 0.1678 0.0317 0.1348 0.0317 0.1374 0.0338 0.2059 0.0231 0.2065 0.0253 0.1705 0.0253 0.1700 0.0231 0.3655 0.0402 0.3655 0.4259 0.3531 0.4259 0.3531 0.0402 0.2065 0.0253 0.2076 0.0275 0.1716 0.0275 0.1705 0.0253 0.1643 0.0275 0.1632 0.0254 0.1301 0.0254 0.1312 0.0275 0.1678 0.0317 0.1658 0.0296 0.1327 0.0296 0.1348 0.0317 0.1658 0.0149 0.1678 0.0128 0.1348 0.0128 0.1327 0.0149 0.2093 0.0143 0.2076 0.0165 0.1716 0.0165 0.1733 0.0143 0.1678 0.0128 0.1704 0.0107 0.1374 0.0107 0.1348 0.0128 0.0445 0.0209 0.0451 0.0187 0.0487 0.0187 0.0481 0.0209 0.1632 0.0254 0.1627 0.0233 0.1296 0.0233 0.1301 0.0254 0.2115 0.0121 0.2093 0.0143 0.1733 0.0143 0.1756 0.0121 0.2115 0.0319 0.2143 0.0341 0.1784 0.0341 0.1756 0.0319 0.1175 0.0297 0.1158 0.0275 0.1357 0.0275 0.1374 0.0297 0.1643 0.0170 0.1658 0.0149 0.1327 0.0149 0.1312 0.0170 0.0986 0.0187 0.0997 0.0165 0.1158 0.0165 0.1147 0.0187 0.1396 0.0121 0.1425 0.0099 0.1602 0.0099 0.1573 0.0121 0.1627 0.0212 0.1632 0.0191 0.1301 0.0191 0.1296 0.0212 0.2059 0.0209 0.2059 0.0231 0.1700 0.0231 0.1700 0.0209 0.1658 0.0296 0.1643 0.0275 0.1312 0.0275 0.1327 0.0296 0.1632 0.0191 0.1643 0.0170 0.1312 0.0170 0.1301 0.0191 0.2093 0.0297 0.2115 0.0319 0.1756 0.0319 0.1733 0.0297 0.1128 0.0212 0.1128 0.0233 0.1296 0.0233 0.1296 0.0212 0.4420 0.9951 0.4420 0.4328 0.4517 0.4328 0.4517 0.9951 0.0356 0.0317 0.0382 0.0338 0.0536 0.0338 0.0509 0.0317 0.0530 0.0253 0.0524 0.0231 0.0620 0.0231 0.0626 0.0253 0.3468 0.0402 0.3468 0.4259 0.3407 0.4259 0.3407 0.0402 0.1158 0.0275 0.1147 0.0253 0.1346 0.0253 0.1357 0.0275 0.1312 0.0275 0.1301 0.0254 0.1134 0.0254 0.1144 0.0275 0.0488 0.0296 0.0509 0.0317 0.0687 0.0317 0.0666 0.0296 0.0834 0.0128 0.0814 0.0149 0.0996 0.0149 0.1017 0.0128 0.1551 0.0143 0.1534 0.0165 0.1357 0.0165 0.1374 0.0143 0.0536 0.0107 0.0509 0.0128 0.0687 0.0128 0.0713 0.0107 0.0782 0.0233 0.0787 0.0254 0.0970 0.0254 0.0965 0.0233 0.1175 0.0143 0.1198 0.0121 0.1396 0.0121 0.1374 0.0143 0.1066 0.0341 0.1037 0.0319 0.1198 0.0319 0.1226 0.0341 0.0814 0.0149 0.0798 0.0170 0.0981 0.0170 0.0996 0.0149 0.0787 0.0191 0.0782 0.0212 0.0965 0.0212 0.0970 0.0191 0.1517 0.0209 0.1517 0.0231 0.1340 0.0231 0.1340 0.0209 0.0798 0.0275 0.0814 0.0296 0.0996 0.0296 0.0981 0.0275 0.0650 0.0170 0.0640 0.0191 0.0787 0.0191 0.0798 0.0170 0.1037 0.0319 0.1014 0.0297 0.1175 0.0297 0.1198 0.0319 0.1705 0.0187 0.1700 0.0209 0.1517 0.0209 0.1523 0.0187 0.1716 0.0275 0.1733 0.0297 0.1551 0.0297 0.1534 0.0275 0.1534 0.0165 0.1523 0.0187 0.1346 0.0187 0.1357 0.0165 0.1198 0.0121 0.1226 0.0099 0.1425 0.0099 0.1396 0.0121 0.0782 0.0212 0.0782 0.0233 0.0965 0.0233 0.0965 0.0212 0.4625 0.9951 0.4625 0.4328 0.4713 0.4328 0.4713 0.9951 0.3127 0.4259 0.3127 0.0402 0.3160 0.0402 0.3160 0.4259 0.0798 0.0275 0.0787 0.0254 0.0640 0.0254 0.0650 0.0275 0.0464 0.0165 0.0482 0.0143 0.0517 0.0143 0.0499 0.0165 0.1141 0.0209 0.1141 0.0231 0.0980 0.0231 0.0980 0.0209 0.1147 0.0187 0.1141 0.0209 0.0980 0.0209 0.0986 0.0187 0.0517 0.0297 0.0499 0.0275 0.0542 0.0275 0.0560 0.0297 0.0793 0.0187 0.0804 0.0165 0.0997 0.0165 0.0986 0.0187 0.1043 0.0338 0.1017 0.0317 0.0834 0.0317 0.0860 0.0338 0.1141 0.0231 0.1147 0.0253 0.0986 0.0253 0.0980 0.0231 0.0804 0.0275 0.0793 0.0253 0.0986 0.0253 0.0997 0.0275 0.0834 0.0317 0.0814 0.0296 0.0666 0.0296 0.0687 0.0317 0.0230 0.0128 0.0208 0.0149 0.0247 0.0149 0.0269 0.0128 0.0834 0.0128 0.0860 0.0107 0.0713 0.0107 0.0687 0.0128 0.0303 0.0233 0.0309 0.0254 0.0462 0.0254 0.0457 0.0233 0.0655 0.0143 0.0678 0.0121 0.0844 0.0121 0.0822 0.0143 0.0873 0.0341 0.0844 0.0319 0.1037 0.0319 0.1066 0.0341 0.0335 0.0149 0.0319 0.0170 0.0473 0.0170 0.0488 0.0149 0.0220 0.0191 0.0215 0.0212 0.0303 0.0212 0.0309 0.0191 0.0473 0.0275 0.0488 0.0296 0.0666 0.0296 0.0650 0.0275 0.0473 0.0170 0.0462 0.0191 0.0640 0.0191 0.0650 0.0170 0.0541 0.0319 0.0517 0.0297 0.0560 0.0297 0.0584 0.0319 0.0678 0.0121 0.0707 0.0099 0.0873 0.0099 0.0844 0.0121 0.0303 0.0212 0.0303 0.0233 0.0457 0.0233 0.0457 0.0212 0.4818 0.9951 0.4818 0.4328 0.4909 0.4328 0.4909 0.9951 0.0180 0.0254 0.0192 0.0275 0.0231 0.0275 0.0220 0.0254 0.0524 0.0231 0.0524 0.0209 0.0620 0.0209 0.0620 0.0231 0.0986 0.0187 0.0980 0.0209 0.0787 0.0209 0.0793 0.0187 0.0269 0.0317 0.0297 0.0338 0.0382 0.0338 0.0356 0.0317 0.0787 0.0231 0.0793 0.0253 0.0626 0.0253 0.0620 0.0231 0.0176 0.0296 0.0198 0.0317 0.0230 0.0317 0.0208 0.0296 0.0258 0.0107 0.0230 0.0128 0.0269 0.0128 0.0297 0.0107 0.3217 0.0402 0.3217 0.4259 0.3160 0.4259 0.3160 0.0402 0.0822 0.0143 0.0804 0.0165 0.0638 0.0165 0.0655 0.0143 0.0997 0.0275 0.1014 0.0297 0.0822 0.0297 0.0804 0.0275 0.0530 0.0187 0.0542 0.0165 0.0638 0.0165 0.0626 0.0187 0.0499 0.0275 0.0487 0.0253 0.0530 0.0253 0.0542 0.0275 0.0666 0.0149 0.0687 0.0128 0.0509 0.0128 0.0488 0.0149 0.0215 0.0233 0.0220 0.0254 0.0309 0.0254 0.0303 0.0233 0.0560 0.0143 0.0584 0.0121 0.0678 0.0121 0.0655 0.0143 0.0613 0.0341 0.0584 0.0319 0.0678 0.0319 0.0707 0.0341 0.0176 0.0149 0.0159 0.0170 0.0192 0.0170 0.0208 0.0149 0.0457 0.0212 0.0462 0.0191 0.0309 0.0191 0.0303 0.0212 0.0192 0.0275 0.0208 0.0296 0.0247 0.0296 0.0231 0.0275 0.0231 0.0170 0.0220 0.0191 0.0309 0.0191 0.0319 0.0170 0.1014 0.0297 0.1037 0.0319 0.0844 0.0319 0.0822 0.0297 0.0541 0.0121 0.0571 0.0099 0.0613 0.0099 0.0584 0.0121 0.0215 0.0212 0.0215 0.0233 0.0303 0.0233 0.0303 0.0212 0.5463 0.0121 0.5488 0.0099 0.6206 0.0099 0.6181 0.0121 0.8490 0.0128 0.8513 0.0107 0.7425 0.0107 0.7404 0.0128 0.6201 0.0402 0.6201 0.4259 0.5807 0.4259 0.5807 0.0402 0.1904 0.4328 0.1904 0.9951 0.1511 0.9951 0.1511 0.4328 0.7618 0.0319 0.7599 0.0297 0.8304 0.0275 0.8318 0.0297 0.9517 0.0121 0.9497 0.0143 0.8304 0.0165 0.8318 0.0143 0.8337 0.0121 0.9517 0.0121 0.8318 0.0143 0.9472 0.0253 0.9482 0.0275 0.8318 0.0297 0.8304 0.0275 0.8295 0.0253 0.9466 0.0231 0.9472 0.0253 0.8304 0.0275 0.6063 0.0296 0.6081 0.0317 0.6743 0.0317 0.6725 0.0296 0.8513 0.0338 0.8490 0.0317 0.7404 0.0317 0.7425 0.0338 0.6743 0.0128 0.6725 0.0149 0.7386 0.0149 0.7404 0.0128 0.8457 0.0275 0.8448 0.0254 0.7365 0.0254 0.7373 0.0275 0.6050 0.0275 0.6063 0.0296 0.6725 0.0296 0.6712 0.0275 0.9517 0.0319 0.9543 0.0341 0.8361 0.0341 0.6856 0.0187 0.6866 0.0165 0.7585 0.0165 0.7575 0.0187 0.9472 0.0187 0.9466 0.0209 0.8290 0.0231 0.8290 0.0209 0.9466 0.0209 0.9466 0.0231 0.8295 0.0253 0.8290 0.0231 0.8457 0.0170 0.8471 0.0149 0.7386 0.0149 0.7373 0.0170 0.6050 0.0170 0.6041 0.0191 0.6703 0.0191 0.6712 0.0170 0.8443 0.0212 0.8448 0.0191 0.7365 0.0191 0.7360 0.0212 0.6698 0.0212 0.6698 0.0233 0.7360 0.0233 0.7360 0.0212 0.8448 0.0254 0.8443 0.0233 0.7360 0.0233 0.7365 0.0254 0.7404 0.0128 0.7425 0.0107 0.6765 0.0107 0.6743 0.0128 0.5807 0.0402 0.5807 0.4259 0.5555 0.4259 0.5555 0.0402 0.6880 0.0143 0.6900 0.0121 0.7618 0.0121 0.7599 0.0143 0.6146 0.0275 0.6136 0.0253 0.6856 0.0253 0.6866 0.0275 0.7425 0.0338 0.7404 0.0317 0.6743 0.0317 0.6765 0.0338 0.7373 0.0275 0.7365 0.0254 0.6703 0.0254 0.6712 0.0275 0.6206 0.0341 0.6181 0.0319 0.6900 0.0319 0.6924 0.0341 0.6866 0.0165 0.6880 0.0143 0.7599 0.0143 0.7585 0.0165 0.6851 0.0209 0.6856 0.0187 0.7575 0.0187 0.7570 0.0209 0.4943 0.0253 0.4937 0.0231 0.5412 0.0231 0.5417 0.0253 0.7373 0.0170 0.7386 0.0149 0.6725 0.0149 0.6712 0.0170 0.4280 0.0191 0.4276 0.0212 0.4712 0.0212 0.4717 0.0191 0.7365 0.0254 0.7360 0.0233 0.6698 0.0233 0.6703 0.0254 0.8361 0.0099 0.8337 0.0121 0.7618 0.0121 0.7643 0.0099 0.0726 0.9951 0.0726 0.4328 0.1119 0.4328 0.1119 0.9951 0.6900 0.0319 0.6880 0.0297 0.7599 0.0297 0.7618 0.0319 0.7404 0.0317 0.7386 0.0296 0.6725 0.0296 0.6743 0.0317 0.6081 0.0128 0.6063 0.0149 0.6725 0.0149 0.6743 0.0128 0.7386 0.0296 0.7373 0.0275 0.6712 0.0275 0.6725 0.0296 0.7585 0.0165 0.8304 0.0165 0.7575 0.0187 0.7365 0.0191 0.7373 0.0170 0.6712 0.0170 0.6703 0.0191 0.6036 0.0212 0.6036 0.0233 0.6698 0.0233 0.6698 0.0212 0.6743 0.0128 0.6765 0.0107 0.6104 0.0107 0.6081 0.0128 0.5555 0.0402 0.5555 0.4259 0.5303 0.4259 0.5303 0.0402 0.6765 0.0338 0.6743 0.0317 0.6081 0.0317 0.6104 0.0338 0.6712 0.0275 0.6703 0.0254 0.6041 0.0254 0.6050 0.0275 0.5412 0.0231 0.5412 0.0209 0.6131 0.0209 0.6131 0.0231 0.5443 0.0297 0.5427 0.0275 0.6146 0.0275 0.6161 0.0297 0.5402 0.0149 0.5388 0.0170 0.6050 0.0170 0.6063 0.0149 0.6703 0.0254 0.6698 0.0233 0.6036 0.0233 0.6041 0.0254 0.7643 0.0099 0.7618 0.0121 0.6900 0.0121 0.6924 0.0099 0.1119 0.9951 0.1119 0.4328 0.1511 0.4328 0.1511 0.9951 0.4304 0.0296 0.4323 0.0317 0.4759 0.0317 0.4740 0.0296 0.4290 0.0275 0.4304 0.0296 0.4740 0.0296 0.4726 0.0275 0.6136 0.0187 0.6146 0.0165 0.6866 0.0165 0.6856 0.0187 0.5388 0.0170 0.5379 0.0191 0.6041 0.0191 0.6050 0.0170 0.5443 0.0143 0.5463 0.0121 0.6181 0.0121 0.6161 0.0143 0.7575 0.0253 0.7585 0.0275 0.6866 0.0275 0.6856 0.0253 0.7618 0.0319 0.7643 0.0341 0.6924 0.0341 0.6900 0.0319 0.6146 0.0165 0.6161 0.0143 0.6880 0.0143 0.6866 0.0165 0.6131 0.0209 0.6136 0.0187 0.6856 0.0187 0.6851 0.0209 0.7570 0.0231 0.7575 0.0253 0.6856 0.0253 0.6851 0.0231 0.6698 0.0212 0.6703 0.0191 0.6041 0.0191 0.6036 0.0212 0.6181 0.0319 0.6161 0.0297 0.6880 0.0297 0.6900 0.0319 0.5420 0.0128 0.5402 0.0149 0.6063 0.0149 0.6081 0.0128 0.5374 0.0212 0.5374 0.0233 0.6036 0.0233 0.6036 0.0212 0.6081 0.0128 0.6104 0.0107 0.5443 0.0107 0.5420 0.0128 0.5303 0.0402 0.5303 0.4259 0.5054 0.4259 0.5055 0.0402 0.4759 0.0317 0.4782 0.0338 0.5443 0.0338 0.5420 0.0317 0.6050 0.0275 0.6041 0.0254 0.5379 0.0254 0.5388 0.0275 0.4712 0.0233 0.4717 0.0254 0.5379 0.0254 0.5374 0.0233 0.6924 0.0099 0.6900 0.0121 0.6181 0.0121 0.6206 0.0099 0.2296 0.4328 0.2296 0.9951 0.1904 0.9951 0.1904 0.4328 0.5427 0.0275 0.5417 0.0253 0.6136 0.0253 0.6146 0.0275 0.5015 0.0341 0.4989 0.0319 0.5463 0.0319 0.5488 0.0341 0.6851 0.0231 0.6856 0.0253 0.6136 0.0253 0.6131 0.0231 0.6036 0.0212 0.6041 0.0191 0.5379 0.0191 0.5374 0.0212 0.6851 0.0209 0.6851 0.0231 0.6131 0.0231 0.6131 0.0209 0.6866 0.0275 0.6880 0.0297 0.6161 0.0297 0.6146 0.0275 0.4304 0.0149 0.4290 0.0170 0.4726 0.0170 0.4740 0.0149 0.6081 0.0317 0.6063 0.0296 0.5402 0.0296 0.5420 0.0317 0.6063 0.0296 0.6050 0.0275 0.5388 0.0275 0.5402 0.0296 0.5417 0.0187 0.5427 0.0165 0.6146 0.0165 0.6136 0.0187 0.4726 0.0170 0.4717 0.0191 0.5379 0.0191 0.5388 0.0170 0.6900 0.0121 0.6880 0.0143 0.6161 0.0143 0.6181 0.0121 0.4953 0.0165 0.4968 0.0143 0.5443 0.0143 0.5427 0.0165 0.5412 0.0209 0.5417 0.0187 0.6136 0.0187 0.6131 0.0209 0.5463 0.0319 0.5443 0.0297 0.6161 0.0297 0.6181 0.0319 0.4759 0.0128 0.4740 0.0149 0.5402 0.0149 0.5420 0.0128 0.4712 0.0212 0.4712 0.0233 0.5374 0.0233 0.5374 0.0212 0.5420 0.0128 0.5443 0.0107 0.4782 0.0107 0.4759 0.0128 0.5055 0.0402 0.5054 0.4259 0.4807 0.4259 0.4807 0.0402 0.5388 0.0275 0.5379 0.0254 0.4717 0.0254 0.4726 0.0275 0.4989 0.0121 0.5015 0.0099 0.5488 0.0099 0.5463 0.0121 0.6131 0.0231 0.6136 0.0253 0.5417 0.0253 0.5412 0.0231 0.5374 0.0212 0.5379 0.0191 0.4717 0.0191 0.4712 0.0212 0.4937 0.0231 0.4937 0.0209 0.5412 0.0209 0.5412 0.0231 0.4968 0.0297 0.4953 0.0275 0.5427 0.0275 0.5443 0.0297 0.5420 0.0317 0.5402 0.0296 0.4740 0.0296 0.4759 0.0317 0.5402 0.0296 0.5388 0.0275 0.4726 0.0275 0.4740 0.0296 0.4968 0.0143 0.4989 0.0121 0.5463 0.0121 0.5443 0.0143 0.4323 0.0317 0.4347 0.0338 0.4782 0.0338 0.4759 0.0317 0.4276 0.0233 0.4280 0.0254 0.4717 0.0254 0.4712 0.0233 0.2555 0.4328 0.2555 0.9951 0.2296 0.9951 0.2296 0.4328 0.4953 0.0275 0.4943 0.0253 0.5417 0.0253 0.5427 0.0275 0.6181 0.0319 0.6206 0.0341 0.5488 0.0341 0.5463 0.0319 0.5388 0.0170 0.5402 0.0149 0.4740 0.0149 0.4726 0.0170 0.4943 0.0187 0.4953 0.0165 0.5427 0.0165 0.5417 0.0187 0.4290 0.0170 0.4280 0.0191 0.4717 0.0191 0.4726 0.0170 0.6161 0.0143 0.6146 0.0165 0.5427 0.0165 0.5443 0.0143 0.4937 0.0209 0.4943 0.0187 0.5417 0.0187 0.5412 0.0209 0.4989 0.0319 0.4968 0.0297 0.5443 0.0297 0.5463 0.0319 0.4323 0.0128 0.4304 0.0149 0.4740 0.0149 0.4759 0.0128 0.4276 0.0212 0.4276 0.0233 0.4712 0.0233 0.4712 0.0212 0.0522 0.0152 0.0521 0.0107 0.0524 0.0109 0.0525 0.0153 0.0521 0.0107 0.0528 0.0099 0.0529 0.0106 0.0524 0.0109 0.0230 0.0292 0.0255 0.0292 0.0256 0.0230 0.0231 0.0230 0.0127 0.0293 0.0166 0.0292 0.0165 0.0230 0.0125 0.0230 0.0213 0.0230 0.0213 0.0292 0.0230 0.0292 0.0231 0.0230 0.0246 0.0335 0.0284 0.0338 0.0291 0.0293 0.0255 0.0292 0.0255 0.0292 0.0291 0.0293 0.0292 0.0229 0.0256 0.0230 0.0170 0.0331 0.0191 0.0330 0.0193 0.0292 0.0166 0.0292 0.0193 0.0292 0.0191 0.0330 0.0206 0.0333 0.0213 0.0292 0.0191 0.0330 0.0170 0.0331 0.0170 0.0341 0.0206 0.0333 0.0192 0.0230 0.0193 0.0292 0.0213 0.0292 0.0213 0.0230 0.0133 0.0334 0.0170 0.0331 0.0166 0.0292 0.0127 0.0293 0.0223 0.0332 0.0246 0.0335 0.0255 0.0292 0.0230 0.0292 0.0170 0.0331 0.0133 0.0334 0.0133 0.0339 0.0170 0.0341 0.0292 0.0229 0.0291 0.0293 0.0335 0.0295 0.0336 0.0229 0.0243 0.0342 0.0282 0.0344 0.0284 0.0338 0.0246 0.0335 0.0084 0.0294 0.0089 0.0335 0.0133 0.0334 0.0127 0.0293 0.0291 0.0293 0.0284 0.0338 0.0330 0.0340 0.0335 0.0295 0.0080 0.0230 0.0084 0.0294 0.0127 0.0293 0.0125 0.0230 0.0284 0.0338 0.0282 0.0344 0.0329 0.0347 0.0330 0.0340 0.0166 0.0292 0.0193 0.0292 0.0192 0.0230 0.0165 0.0230 0.0133 0.0339 0.0133 0.0334 0.0089 0.0335 0.0090 0.0340 0.0213 0.0292 0.0206 0.0333 0.0223 0.0332 0.0230 0.0292 0.0206 0.0333 0.0243 0.0342 0.0246 0.0335 0.0223 0.0332 0.0229 0.0168 0.0231 0.0230 0.0256 0.0230 0.0253 0.0167 0.0125 0.0167 0.0125 0.0230 0.0165 0.0230 0.0165 0.0167 0.0213 0.0230 0.0231 0.0230 0.0229 0.0168 0.0212 0.0168 0.0246 0.0126 0.0253 0.0167 0.0289 0.0166 0.0282 0.0124 0.0253 0.0167 0.0256 0.0230 0.0292 0.0229 0.0289 0.0166 0.0170 0.0127 0.0165 0.0167 0.0192 0.0167 0.0191 0.0129 0.0192 0.0167 0.0212 0.0168 0.0207 0.0126 0.0191 0.0129 0.0191 0.0129 0.0207 0.0126 0.0172 0.0118 0.0170 0.0127 0.0192 0.0230 0.0213 0.0230 0.0212 0.0168 0.0192 0.0167 0.0132 0.0124 0.0125 0.0167 0.0165 0.0167 0.0170 0.0127 0.0223 0.0128 0.0229 0.0168 0.0253 0.0167 0.0246 0.0126 0.0170 0.0127 0.0172 0.0118 0.0132 0.0118 0.0132 0.0124 0.0292 0.0229 0.0336 0.0229 0.0332 0.0165 0.0289 0.0166 0.0244 0.0119 0.0246 0.0126 0.0282 0.0124 0.0282 0.0118 0.0080 0.0166 0.0125 0.0167 0.0132 0.0124 0.0086 0.0122 0.0289 0.0166 0.0332 0.0165 0.0325 0.0122 0.0282 0.0124 0.0080 0.0230 0.0125 0.0230 0.0125 0.0167 0.0080 0.0166 0.0282 0.0124 0.0325 0.0122 0.0325 0.0117 0.0282 0.0118 0.0165 0.0167 0.0165 0.0230 0.0192 0.0230 0.0192 0.0167 0.0132 0.0118 0.0086 0.0116 0.0086 0.0122 0.0132 0.0124 0.0212 0.0168 0.0229 0.0168 0.0223 0.0128 0.0207 0.0126 0.0207 0.0126 0.0223 0.0128 0.0246 0.0126 0.0244 0.0119 0.0526 0.0289 0.0526 0.0221 0.0531 0.0221 0.0531 0.0290 0.0503 0.0290 0.0503 0.0221 0.0511 0.0221 0.0512 0.0290 0.0522 0.0221 0.0526 0.0221 0.0526 0.0289 0.0522 0.0289 0.0529 0.0337 0.0531 0.0290 0.0539 0.0291 0.0537 0.0340 0.0531 0.0290 0.0531 0.0221 0.0539 0.0221 0.0539 0.0291 0.0513 0.0333 0.0512 0.0290 0.0518 0.0290 0.0517 0.0332 0.0518 0.0290 0.0522 0.0289 0.0520 0.0335 0.0517 0.0332 0.0517 0.0332 0.0520 0.0335 0.0513 0.0343 0.0513 0.0333 0.0517 0.0221 0.0522 0.0221 0.0522 0.0289 0.0518 0.0290 0.0505 0.0335 0.0503 0.0290 0.0512 0.0290 0.0513 0.0333 0.0524 0.0333 0.0526 0.0289 0.0531 0.0290 0.0529 0.0337 0.0513 0.0333 0.0513 0.0343 0.0504 0.0341 0.0505 0.0335 0.0539 0.0221 0.0548 0.0220 0.0548 0.0292 0.0539 0.0291 0.0528 0.0345 0.0529 0.0337 0.0537 0.0340 0.0537 0.0346 0.0494 0.0291 0.0503 0.0290 0.0505 0.0335 0.0495 0.0337 0.0539 0.0291 0.0548 0.0292 0.0547 0.0343 0.0537 0.0340 0.0493 0.0221 0.0503 0.0221 0.0503 0.0290 0.0494 0.0291 0.0537 0.0340 0.0547 0.0343 0.0547 0.0350 0.0537 0.0346 0.0512 0.0290 0.0511 0.0221 0.0517 0.0221 0.0518 0.0290 0.0504 0.0341 0.0495 0.0343 0.0495 0.0337 0.0505 0.0335 0.0522 0.0289 0.0526 0.0289 0.0524 0.0333 0.0520 0.0335 0.0520 0.0335 0.0524 0.0333 0.0529 0.0337 0.0528 0.0345 0.0525 0.0153 0.0531 0.0152 0.0531 0.0221 0.0526 0.0221 0.0503 0.0151 0.0512 0.0152 0.0511 0.0221 0.0503 0.0221 0.0522 0.0221 0.0522 0.0152 0.0525 0.0153 0.0526 0.0221 0.0529 0.0106 0.0537 0.0104 0.0538 0.0151 0.0531 0.0152 0.0531 0.0152 0.0538 0.0151 0.0539 0.0221 0.0531 0.0221 0.0513 0.0108 0.0517 0.0110 0.0517 0.0152 0.0512 0.0152 0.0517 0.0152 0.0517 0.0110 0.0521 0.0107 0.0522 0.0152 0.0517 0.0110 0.0513 0.0108 0.0513 0.0097 0.0521 0.0107 0.0517 0.0221 0.0517 0.0152 0.0522 0.0152 0.0522 0.0221 0.0504 0.0104 0.0513 0.0108 0.0512 0.0152 0.0503 0.0151 0.0524 0.0109 0.0529 0.0106 0.0531 0.0152 0.0525 0.0153 0.0513 0.0108 0.0504 0.0104 0.0504 0.0098 0.0513 0.0097 0.0539 0.0221 0.0538 0.0151 0.0548 0.0149 0.0548 0.0220 0.0528 0.0099 0.0537 0.0098 0.0537 0.0104 0.0529 0.0106 0.0493 0.0150 0.0494 0.0102 0.0504 0.0104 0.0503 0.0151 0.0538 0.0151 0.0537 0.0104 0.0546 0.0102 0.0548 0.0149 0.0493 0.0221 0.0493 0.0150 0.0503 0.0151 0.0503 0.0221 0.0537 0.0104 0.0537 0.0098 0.0546 0.0096 0.0546 0.0102 0.0512 0.0152 0.0517 0.0152 0.0517 0.0221 0.0511 0.0221 0.0504 0.0098 0.0504 0.0104 0.0494 0.0102 0.0494 0.0095 0.4909 0.9951 0.4909 0.4328 0.4960 0.4328 0.4960 0.9951 0.0626 0.0187 0.0620 0.0209 0.0524 0.0209 0.0530 0.0187 0.0451 0.0253 0.0445 0.0231 0.0481 0.0231 0.0487 0.0253 0.3113 0.4259 0.3113 0.0402 0.3127 0.0402 0.3127 0.4259 0.0655 0.0143 0.0638 0.0165 0.0542 0.0165 0.0560 0.0143 0.0638 0.0275 0.0655 0.0297 0.0560 0.0297 0.0542 0.0275 0.0335 0.0149 0.0356 0.0128 0.0269 0.0128 0.0247 0.0149 0.0148 0.0191 0.0142 0.0212 0.0175 0.0212 0.0180 0.0191 0.0655 0.0297 0.0678 0.0319 0.0584 0.0319 0.0560 0.0297 0.0319 0.0275 0.0309 0.0254 0.0220 0.0254 0.0231 0.0275 0.0445 0.0231 0.0445 0.0209 0.0481 0.0209 0.0481 0.0231 0.0230 0.0317 0.0258 0.0338 0.0297 0.0338 0.0269 0.0317 0.0356 0.0317 0.0335 0.0296 0.0247 0.0296 0.0269 0.0317 0.0356 0.0128 0.0382 0.0107 0.0297 0.0107 0.0269 0.0128 0.0487 0.0187 0.0499 0.0165 0.0542 0.0165 0.0530 0.0187 0.0626 0.0253 0.0638 0.0275 0.0542 0.0275 0.0530 0.0253 0.0175 0.0233 0.0180 0.0254 0.0220 0.0254 0.0215 0.0233 0.0517 0.0143 0.0541 0.0121 0.0584 0.0121 0.0560 0.0143 0.0537 0.0341 0.0506 0.0319 0.0541 0.0319 0.0571 0.0341 0.0319 0.0170 0.0335 0.0149 0.0247 0.0149 0.0231 0.0170 0.0335 0.0296 0.0319 0.0275 0.0231 0.0275 0.0247 0.0296 0.0192 0.0170 0.0180 0.0191 0.0220 0.0191 0.0231 0.0170 0.0707 0.0099 0.0678 0.0121 0.0584 0.0121 0.0613 0.0099 0.0175 0.0212 0.0175 0.0233 0.0215 0.0233 0.0215 0.0212 0.0650 0.0275 0.0640 0.0254 0.0462 0.0254 0.0473 0.0275 0.0620 0.0231 0.0620 0.0209 0.0787 0.0209 0.0787 0.0231 0.0713 0.0338 0.0687 0.0317 0.0509 0.0317 0.0536 0.0338 0.0335 0.0296 0.0356 0.0317 0.0509 0.0317 0.0488 0.0296 0.0382 0.0107 0.0356 0.0128 0.0509 0.0128 0.0536 0.0107 0.0626 0.0187 0.0638 0.0165 0.0804 0.0165 0.0793 0.0187 0.0638 0.0275 0.0626 0.0253 0.0793 0.0253 0.0804 0.0275 0.0640 0.0254 0.0634 0.0233 0.0457 0.0233 0.0462 0.0254 0.1037 0.0121 0.1014 0.0143 0.0822 0.0143 0.0844 0.0121 0.0707 0.0341 0.0678 0.0319 0.0844 0.0319 0.0873 0.0341 0.0650 0.0170 0.0666 0.0149 0.0488 0.0149 0.0473 0.0170 0.0319 0.0275 0.0335 0.0296 0.0488 0.0296 0.0473 0.0275 0.0319 0.0170 0.0309 0.0191 0.0462 0.0191 0.0473 0.0170 0.1066 0.0099 0.1037 0.0121 0.0844 0.0121 0.0873 0.0099 0.0634 0.0233 0.0634 0.0212 0.0457 0.0212 0.0457 0.0233 0.4713 0.9951 0.4713 0.4328 0.4818 0.4328 0.4818 0.9951 0.0620 0.0209 0.0626 0.0187 0.0793 0.0187 0.0787 0.0209 0.0980 0.0231 0.0986 0.0253 0.0793 0.0253 0.0787 0.0231 0.3283 0.0402 0.3283 0.4259 0.3217 0.4259 0.3217 0.0402 0.1014 0.0143 0.0997 0.0165 0.0804 0.0165 0.0822 0.0143 0.0655 0.0297 0.0638 0.0275 0.0804 0.0275 0.0822 0.0297 0.0356 0.0128 0.0335 0.0149 0.0488 0.0149 0.0509 0.0128 0.0634 0.0212 0.0640 0.0191 0.0462 0.0191 0.0457 0.0212 0.0678 0.0319 0.0655 0.0297 0.0822 0.0297 0.0844 0.0319 0.4960 0.9951 0.4960 0.4328 0.4983 0.4328 0.4983 0.9951 0.0530 0.0187 0.0524 0.0209 0.0481 0.0209 0.0487 0.0187 0.0560 0.0143 0.0542 0.0165 0.0499 0.0165 0.0517 0.0143 0.0482 0.0297 0.0464 0.0275 0.0499 0.0275 0.0517 0.0297 0.0198 0.0128 0.0176 0.0149 0.0208 0.0149 0.0230 0.0128 0.0506 0.0319 0.0482 0.0297 0.0517 0.0297 0.0541 0.0319 0.0148 0.0254 0.0159 0.0275 0.0192 0.0275 0.0180 0.0254 0.0269 0.0317 0.0247 0.0296 0.0208 0.0296 0.0230 0.0317 0.0226 0.0107 0.0198 0.0128 0.0230 0.0128 0.0258 0.0107 0.0464 0.0275 0.0451 0.0253 0.0487 0.0253 0.0499 0.0275 0.0231 0.0170 0.0247 0.0149 0.0208 0.0149 0.0192 0.0170 0.0159 0.0275 0.0176 0.0296 0.0208 0.0296 0.0192 0.0275 0.0506 0.0121 0.0537 0.0099 0.0571 0.0099 0.0541 0.0121 0.0524 0.0231 0.0530 0.0253 0.0487 0.0253 0.0481 0.0231 0.3101 0.4259 0.3101 0.0402 0.3113 0.0402 0.3113 0.4259 0.0215 0.0212 0.0220 0.0191 0.0180 0.0191 0.0175 0.0212 0.0524 0.0209 0.0524 0.0231 0.0481 0.0231 0.0481 0.0209 0.0198 0.0317 0.0226 0.0338 0.0258 0.0338 0.0230 0.0317 0.0451 0.0187 0.0464 0.0165 0.0499 0.0165 0.0487 0.0187 0.0142 0.0233 0.0148 0.0254 0.0180 0.0254 0.0175 0.0233 0.0482 0.0143 0.0506 0.0121 0.0541 0.0121 0.0517 0.0143 0.0584 0.0319 0.0613 0.0341 0.0571 0.0341 0.0541 0.0319 0.0159 0.0170 0.0148 0.0191 0.0180 0.0191 0.0192 0.0170 0.0142 0.0212 0.0142 0.0233 0.0175 0.0233 0.0175 0.0212 0.3283 0.4259 0.3283 0.0402 0.3339 0.0402 0.3339 0.4259 0.1374 0.0143 0.1357 0.0165 0.1158 0.0165 0.1175 0.0143 0.1014 0.0297 0.0997 0.0275 0.1158 0.0275 0.1175 0.0297 0.1357 0.0165 0.1346 0.0187 0.1147 0.0187 0.1158 0.0165 0.0997 0.0275 0.0986 0.0253 0.1147 0.0253 0.1158 0.0275 0.0687 0.0128 0.0666 0.0149 0.0814 0.0149 0.0834 0.0128 0.0634 0.0233 0.0640 0.0254 0.0787 0.0254 0.0782 0.0233 0.1014 0.0143 0.1037 0.0121 0.1198 0.0121 0.1175 0.0143 0.1396 0.0319 0.1425 0.0341 0.1226 0.0341 0.1198 0.0319 0.0666 0.0149 0.0650 0.0170 0.0798 0.0170 0.0814 0.0149 0.0640 0.0191 0.0634 0.0212 0.0782 0.0212 0.0787 0.0191 0.0650 0.0275 0.0666 0.0296 0.0814 0.0296 0.0798 0.0275 0.0970 0.0191 0.0981 0.0170 0.0798 0.0170 0.0787 0.0191 0.1374 0.0297 0.1396 0.0319 0.1198 0.0319 0.1175 0.0297 0.1037 0.0121 0.1066 0.0099 0.1226 0.0099 0.1198 0.0121 0.0634 0.0212 0.0634 0.0233 0.0782 0.0233 0.0782 0.0212 0.4517 0.9951 0.4517 0.4328 0.4625 0.4328 0.4625 0.9951 0.0981 0.0275 0.0970 0.0254 0.0787 0.0254 0.0798 0.0275 0.1340 0.0209 0.1340 0.0231 0.1141 0.0231 0.1141 0.0209 0.1346 0.0187 0.1340 0.0209 0.1141 0.0209 0.1147 0.0187 0.0687 0.0317 0.0713 0.0338 0.0860 0.0338 0.0834 0.0317 0.1340 0.0231 0.1346 0.0253 0.1147 0.0253 0.1141 0.0231 0.1017 0.0317 0.0996 0.0296 0.0814 0.0296 0.0834 0.0317 0.1017 0.0128 0.1043 0.0107 0.0860 0.0107 0.0834 0.0128 0.1017 0.0317 0.1043 0.0338 0.1206 0.0338 0.1180 0.0317 0.1346 0.0253 0.1340 0.0231 0.1517 0.0231 0.1523 0.0253 0.1705 0.0253 0.1716 0.0275 0.1534 0.0275 0.1523 0.0253 0.0996 0.0296 0.1017 0.0317 0.1180 0.0317 0.1159 0.0296 0.1327 0.0149 0.1348 0.0128 0.1180 0.0128 0.1159 0.0149 0.1348 0.0128 0.1374 0.0107 0.1206 0.0107 0.1180 0.0128 0.0965 0.0233 0.0970 0.0254 0.1134 0.0254 0.1128 0.0233 0.1374 0.0143 0.1396 0.0121 0.1573 0.0121 0.1551 0.0143 0.1425 0.0341 0.1396 0.0319 0.1573 0.0319 0.1602 0.0341 0.1312 0.0170 0.1327 0.0149 0.1159 0.0149 0.1144 0.0170 0.1296 0.0212 0.1301 0.0191 0.1134 0.0191 0.1128 0.0212 0.1327 0.0296 0.1312 0.0275 0.1144 0.0275 0.1159 0.0296 0.1301 0.0191 0.1312 0.0170 0.1144 0.0170 0.1134 0.0191 0.1733 0.0297 0.1756 0.0319 0.1573 0.0319 0.1551 0.0297 0.1784 0.0099 0.1756 0.0121 0.1573 0.0121 0.1602 0.0099 0.0965 0.0212 0.0965 0.0233 0.1128 0.0233 0.1128 0.0212 0.4321 0.9951 0.4321 0.4328 0.4420 0.4328 0.4420 0.9951 0.3531 0.0402 0.3531 0.4259 0.3468 0.4259 0.3468 0.0402 0.0970 0.0254 0.0981 0.0275 0.1144 0.0275 0.1134 0.0254 0.1733 0.0143 0.1716 0.0165 0.1534 0.0165 0.1551 0.0143 0.1700 0.0209 0.1700 0.0231 0.1517 0.0231 0.1517 0.0209 0.1340 0.0209 0.1346 0.0187 0.1523 0.0187 0.1517 0.0209 0.1374 0.0297 0.1357 0.0275 0.1534 0.0275 0.1551 0.0297 0.1716 0.0165 0.1705 0.0187 0.1523 0.0187 0.1534 0.0165 " />
										</IndexedFaceSet>
									</Shape>
								</Group>
							</Transform>
						</Transform>
					</Transform>
				</Transform>
			</Transform>
		</Transform>
		<CoordinateInterpolator DEF='COORD_INTERPOLATOR3'
		    key='
0.000000 0.055402 0.110803 0.166205 0.221607 0.277008 0.332410 0.387812 0.443213 0.498615 0.554017 0.609418 0.664820 0.720222 0.775623 0.831025 0.886427 0.941828 0.997230
			'
            keyValue='
3.89 4.46 0.57 3.89 4.46 1.15 3.89 4.46 1.15 -2.57 4.46 0.58 -2.57 4.46 0.58 -2.57 4.46 0.58 -2.64 4.46 1.15 -2.64 4.46 1.15 -2.64 4.46 1.15 -2.56 -4.48 0.58 -2.56 -4.48 0.58 -2.56 -4.48 0.58 -2.64 -4.48 1.15 -2.64 -4.48 1.15 -2.64 -4.48 1.15 3.89 -4.48 0.57 3.89 -4.48 0.57 3.89 -4.48 1.15 3.89 -4.48 1.15 3.89 4.46 1.10 3.89 4.46 1.10 3.89 4.46 1.04 3.89 4.46 1.04 3.89 4.46 0.99 3.89 4.46 0.99 3.89 4.46 0.94 3.89 4.46 0.94 3.89 4.46 0.89 3.89 4.46 0.89 3.89 4.46 0.89 3.89 4.46 0.83 3.89 4.46 0.83 3.89 4.46 0.83 3.89 4.46 0.78 3.89 4.46 0.78 3.89 4.46 0.73 3.89 4.46 0.73 3.89 4.46 0.67 3.89 4.46 0.67 3.89 4.46 0.62 3.89 4.46 0.62 -2.63 4.46 1.10 -2.63 4.46 1.10 -2.62 4.46 1.05 -2.62 4.46 1.05 -2.61 4.46 1.00 -2.61 4.46 1.00 -2.60 4.46 0.94 -2.60 4.46 0.94 -2.59 4.46 0.89 -2.59 4.46 0.89 -2.58 4.46 0.84 -2.58 4.46 0.84 -2.58 4.46 0.79 -2.58 4.46 0.79 -2.57 4.46 0.73 -2.57 4.46 0.73 -2.57 4.46 0.68 -2.57 4.46 0.68 -2.57 4.46 0.63 -2.57 4.46 0.63 -2.63 -4.48 1.10 -2.63 -4.48 1.10 -2.61 -4.48 1.05 -2.61 -4.48 1.05 -2.60 -4.48 1.00 -2.60 -4.48 1.00 -2.59 -4.48 0.94 -2.59 -4.48 0.94 -2.59 -4.48 0.89 -2.59 -4.48 0.89 -2.58 -4.48 0.84 -2.58 -4.48 0.84 -2.57 -4.48 0.79 -2.57 -4.48 0.79 -2.57 -4.48 0.73 -2.57 -4.48 0.73 -2.57 -4.48 0.68 -2.57 -4.48 0.68 -2.57 -4.48 0.63 -2.57 -4.48 0.63 3.89 -4.48 1.10 3.89 -4.48 1.10 3.89 -4.48 1.04 3.89 -4.48 1.04 3.89 -4.48 0.99 3.89 -4.48 0.99 3.89 -4.48 0.94 3.89 -4.48 0.94 3.89 -4.48 0.89 3.89 -4.48 0.89 3.89 -4.48 0.89 3.89 -4.48 0.83 3.89 -4.48 0.83 3.89 -4.48 0.83 3.89 -4.48 0.78 3.89 -4.48 0.78 3.89 -4.48 0.73 3.89 -4.48 0.73 3.89 -4.48 0.67 3.89 -4.48 0.67 3.89 -4.48 0.62 3.89 -4.48 0.62 0.64 4.46 0.57 0.64 4.46 1.15 0.64 4.46 1.15 0.64 -4.48 0.57 0.64 -4.48 0.57 0.64 -4.48 1.15 0.64 -4.48 1.15 0.64 4.46 1.10 0.64 4.46 1.05 0.64 4.46 1.00 0.64 4.46 0.94 0.64 4.46 0.89 0.64 4.46 0.84 0.64 4.46 0.78 0.64 4.46 0.73 0.64 4.46 0.68 0.64 4.46 0.63 0.64 -4.48 1.10 0.64 -4.48 1.05 0.64 -4.48 1.00 0.64 -4.48 0.94 0.64 -4.48 0.89 0.64 -4.48 0.84 0.64 -4.48 0.78 0.64 -4.48 0.73 0.64 -4.48 0.68 0.64 -4.48 0.63 0.90 4.46 0.57 0.90 4.46 1.15 0.90 4.46 1.15 0.90 -4.48 0.57 0.90 -4.48 0.57 0.90 -4.48 1.15 0.90 -4.48 1.15 0.90 4.46 1.10 0.90 4.46 1.05 0.90 4.46 1.00 0.90 4.46 0.94 0.90 4.46 0.89 0.90 4.46 0.84 0.90 4.46 0.78 0.90 4.46 0.73 0.90 4.46 0.68 0.90 4.46 0.63 0.90 -4.48 1.10 0.90 -4.48 1.05 0.90 -4.48 1.00 0.90 -4.48 0.94 0.90 -4.48 0.89 0.90 -4.48 0.84 0.90 -4.48 0.78 0.90 -4.48 0.73 0.90 -4.48 0.68 0.90 -4.48 0.63 1.16 4.46 0.57 1.16 4.46 1.15 1.16 4.46 1.15 1.16 -4.48 0.57 1.16 -4.48 0.57 1.16 -4.48 1.15 1.16 -4.48 1.15 1.16 4.46 1.10 1.16 4.46 1.05 1.16 4.46 1.00 1.16 4.46 0.94 1.16 4.46 0.89 1.16 4.46 0.84 1.16 4.46 0.78 1.16 4.46 0.73 1.16 4.46 0.68 1.16 4.46 0.63 1.16 -4.48 1.10 1.16 -4.48 1.05 1.16 -4.48 1.00 1.16 -4.48 0.94 1.16 -4.48 0.89 1.16 -4.48 0.84 1.16 -4.48 0.78 1.16 -4.48 0.73 1.16 -4.48 0.68 1.16 -4.48 0.63 1.42 4.46 0.57 1.42 4.46 1.15 1.42 4.46 1.15 1.42 -4.48 0.57 1.42 -4.48 0.57 1.42 -4.48 1.15 1.42 -4.48 1.15 1.42 4.46 1.10 1.42 4.46 1.05 1.42 4.46 0.99 1.42 4.46 0.94 1.42 4.46 0.89 1.42 4.46 0.84 1.42 4.46 0.78 1.42 4.46 0.73 1.42 4.46 0.68 1.42 4.46 0.62 1.42 -4.48 1.10 1.42 -4.48 1.05 1.42 -4.48 0.99 1.42 -4.48 0.94 1.42 -4.48 0.89 1.42 -4.48 0.84 1.42 -4.48 0.78 1.42 -4.48 0.73 1.42 -4.48 0.68 1.42 -4.48 0.62 1.68 4.46 0.57 1.68 4.46 1.15 1.68 4.46 1.15 1.68 -4.48 0.57 1.68 -4.48 0.57 1.68 -4.48 1.15 1.68 -4.48 1.15 1.68 4.46 1.10 1.68 4.46 1.05 1.68 4.46 0.99 1.68 4.46 0.94 1.68 4.46 0.89 1.68 4.46 0.84 1.68 4.46 0.78 1.68 4.46 0.73 1.68 4.46 0.68 1.68 4.46 0.62 1.68 -4.48 1.10 1.68 -4.48 1.05 1.68 -4.48 0.99 1.68 -4.48 0.94 1.68 -4.48 0.89 1.68 -4.48 0.84 1.68 -4.48 0.78 1.68 -4.48 0.73 1.68 -4.48 0.68 1.68 -4.48 0.62 1.94 4.46 0.57 1.94 4.46 1.15 1.94 4.46 1.15 1.94 -4.48 0.57 1.94 -4.48 0.57 1.94 -4.48 1.15 1.94 -4.48 1.15 1.94 4.46 1.10 1.94 4.46 1.05 1.94 4.46 0.99 1.94 4.46 0.94 1.94 4.46 0.89 1.94 4.46 0.84 1.94 4.46 0.78 1.94 4.46 0.73 1.94 4.46 0.68 1.94 4.46 0.62 1.94 -4.48 1.10 1.94 -4.48 1.05 1.94 -4.48 0.99 1.94 -4.48 0.94 1.94 -4.48 0.89 1.94 -4.48 0.84 1.94 -4.48 0.78 1.94 -4.48 0.73 1.94 -4.48 0.68 1.94 -4.48 0.62 2.20 4.46 0.57 2.20 4.46 1.15 2.20 4.46 1.15 2.20 -4.48 0.57 2.20 -4.48 0.57 2.20 -4.48 1.15 2.20 -4.48 1.15 2.20 4.46 1.10 2.20 4.46 1.05 2.20 4.46 0.99 2.20 4.46 0.94 2.20 4.46 0.89 2.20 4.46 0.84 2.20 4.46 0.78 2.20 4.46 0.73 2.20 4.46 0.68 2.20 4.46 0.62 2.20 -4.48 1.10 2.20 -4.48 1.05 2.20 -4.48 0.99 2.20 -4.48 0.94 2.20 -4.48 0.89 2.20 -4.48 0.84 2.20 -4.48 0.78 2.20 -4.48 0.73 2.20 -4.48 0.68 2.20 -4.48 0.62 2.46 4.46 0.57 2.46 4.46 1.15 2.46 4.46 1.15 2.46 -4.48 0.57 2.46 -4.48 0.57 2.46 -4.48 1.15 2.46 -4.48 1.15 2.46 4.46 1.10 2.46 4.46 1.05 2.46 4.46 0.99 2.46 4.46 0.94 2.46 4.46 0.89 2.46 4.46 0.84 2.46 4.46 0.78 2.46 4.46 0.73 2.46 4.46 0.68 2.46 4.46 0.62 2.46 -4.48 1.10 2.46 -4.48 1.05 2.46 -4.48 0.99 2.46 -4.48 0.94 2.46 -4.48 0.89 2.46 -4.48 0.84 2.46 -4.48 0.78 2.46 -4.48 0.73 2.46 -4.48 0.68 2.46 -4.48 0.62 2.72 4.46 0.57 2.72 4.46 1.15 2.72 4.46 1.15 2.72 -4.48 0.57 2.72 -4.48 0.57 2.72 -4.48 1.15 2.72 -4.48 1.15 2.72 4.46 1.10 2.72 4.46 1.05 2.72 4.46 0.99 2.72 4.46 0.94 2.72 4.46 0.89 2.72 4.46 0.83 2.72 4.46 0.78 2.72 4.46 0.73 2.72 4.46 0.68 2.72 4.46 0.62 2.72 -4.48 1.10 2.72 -4.48 1.05 2.72 -4.48 0.99 2.72 -4.48 0.94 2.72 -4.48 0.89 2.72 -4.48 0.83 2.72 -4.48 0.78 2.72 -4.48 0.73 2.72 -4.48 0.68 2.72 -4.48 0.62 2.98 4.46 0.57 2.98 4.46 1.15 2.98 4.46 1.15 2.98 -4.48 0.57 2.98 -4.48 0.57 2.98 -4.48 1.15 2.98 -4.48 1.15 2.98 4.46 1.10 2.98 4.46 1.05 2.98 4.46 0.99 2.98 4.46 0.94 2.98 4.46 0.89 2.98 4.46 0.83 2.98 4.46 0.78 2.98 4.46 0.73 2.98 4.46 0.68 2.98 4.46 0.62 2.98 -4.48 1.10 2.98 -4.48 1.05 2.98 -4.48 0.99 2.98 -4.48 0.94 2.98 -4.48 0.89 2.98 -4.48 0.83 2.98 -4.48 0.78 2.98 -4.48 0.73 2.98 -4.48 0.68 2.98 -4.48 0.62 3.24 4.46 0.57 3.24 4.46 1.15 3.24 4.46 1.15 3.24 -4.48 0.57 3.24 -4.48 0.57 3.24 -4.48 1.15 3.24 -4.48 1.15 3.24 4.46 1.10 3.24 4.46 1.05 3.24 4.46 0.99 3.24 4.46 0.94 3.24 4.46 0.89 3.24 4.46 0.83 3.24 4.46 0.78 3.24 4.46 0.73 3.24 4.46 0.68 3.24 4.46 0.62 3.24 -4.48 1.10 3.24 -4.48 1.05 3.24 -4.48 0.99 3.24 -4.48 0.94 3.24 -4.48 0.89 3.24 -4.48 0.83 3.24 -4.48 0.78 3.24 -4.48 0.73 3.24 -4.48 0.68 3.24 -4.48 0.62 3.50 4.46 0.57 3.50 4.46 1.15 3.50 4.46 1.15 3.50 -4.48 0.57 3.50 -4.48 0.57 3.50 -4.48 1.15 3.50 -4.48 1.15 3.50 4.46 1.10 3.50 4.46 1.05 3.50 4.46 0.99 3.50 4.46 0.94 3.50 4.46 0.89 3.50 4.46 0.83 3.50 4.46 0.78 3.50 4.46 0.73 3.50 4.46 0.68 3.50 4.46 0.62 3.50 -4.48 1.10 3.50 -4.48 1.05 3.50 -4.48 0.99 3.50 -4.48 0.94 3.50 -4.48 0.89 3.50 -4.48 0.83 3.50 -4.48 0.78 3.50 -4.48 0.73 3.50 -4.48 0.68 3.50 -4.48 0.62 3.76 4.46 0.57 3.76 4.46 1.15 3.76 4.46 1.15 3.76 -4.48 0.57 3.76 -4.48 0.57 3.76 -4.48 1.15 3.76 -4.48 1.15 3.76 4.46 1.10 3.76 4.46 1.05 3.76 4.46 0.99 3.76 4.46 0.94 3.76 4.46 0.89 3.76 4.46 0.83 3.76 4.46 0.78 3.76 4.46 0.73 3.76 4.46 0.67 3.76 4.46 0.62 3.76 -4.48 1.10 3.76 -4.48 1.05 3.76 -4.48 0.99 3.76 -4.48 0.94 3.76 -4.48 0.89 3.76 -4.48 0.83 3.76 -4.48 0.78 3.76 -4.48 0.73 3.76 -4.48 0.67 3.76 -4.48 0.62 -1.77 4.46 0.58 -1.81 4.46 1.15 -1.81 4.46 1.15 -1.77 -4.48 0.58 -1.77 -4.48 0.58 -1.81 -4.48 1.15 -1.81 -4.48 1.15 -1.80 4.46 1.10 -1.80 4.46 1.05 -1.79 4.46 1.00 -1.78 4.46 0.94 -1.78 4.46 0.89 -1.77 4.46 0.84 -1.77 4.46 0.79 -1.77 4.46 0.73 -1.77 4.46 0.68 -1.77 4.46 0.63 -1.80 -4.48 1.10 -1.79 -4.48 1.05 -1.79 -4.48 1.00 -1.78 -4.48 0.94 -1.78 -4.48 0.89 -1.77 -4.48 0.84 -1.77 -4.48 0.79 -1.77 -4.48 0.73 -1.77 -4.48 0.68 -1.77 -4.48 0.63 -1.26 4.46 0.57 -1.28 4.46 1.15 -1.28 4.46 1.15 -1.26 -4.48 0.57 -1.26 -4.48 0.57 -1.28 -4.48 1.15 -1.28 -4.48 1.15 -1.28 4.46 1.10 -1.27 4.46 1.05 -1.27 4.46 1.00 -1.27 4.46 0.94 -1.27 4.46 0.89 -1.27 4.46 0.84 -1.26 4.46 0.79 -1.26 4.46 0.73 -1.26 4.46 0.68 -1.26 4.46 0.63 -1.28 -4.48 1.10 -1.27 -4.48 1.05 -1.27 -4.48 1.00 -1.27 -4.48 0.94 -1.27 -4.48 0.89 -1.27 -4.48 0.84 -1.26 -4.48 0.79 -1.26 -4.48 0.73 -1.26 -4.48 0.68 -1.26 -4.48 0.63 -0.74 4.46 0.57 -0.75 4.46 1.16 -0.75 4.46 1.16 -0.74 -4.48 0.57 -0.74 -4.48 0.57 -0.75 -4.48 1.16 -0.75 -4.48 1.16 -0.75 4.46 1.10 -0.75 4.46 1.05 -0.75 4.46 1.00 -0.74 4.46 0.94 -0.74 4.46 0.89 -0.74 4.46 0.84 -0.74 4.46 0.79 -0.74 4.46 0.73 -0.74 4.46 0.68 -0.74 4.46 0.63 -0.75 -4.48 1.10 -0.75 -4.48 1.05 -0.75 -4.48 1.00 -0.74 -4.48 0.94 -0.74 -4.48 0.89 -0.74 -4.48 0.84 -0.74 -4.48 0.79 -0.74 -4.48 0.73 -0.74 -4.48 0.68 -0.74 -4.48 0.63 -0.22 4.46 0.57 -0.23 4.46 1.15 -0.23 4.46 1.15 -0.22 -4.48 0.57 -0.22 -4.48 0.57 -0.23 -4.48 1.15 -0.23 -4.48 1.15 -0.23 4.46 1.10 -0.22 4.46 1.05 -0.22 4.46 1.00 -0.22 4.46 0.94 -0.22 4.46 0.89 -0.22 4.46 0.84 -0.22 4.46 0.79 -0.22 4.46 0.73 -0.22 4.46 0.68 -0.22 4.46 0.63 -0.22 -4.48 1.10 -0.22 -4.48 1.05 -0.22 -4.48 1.00 -0.22 -4.48 0.94 -0.22 -4.48 0.89 -0.22 -4.48 0.84 -0.22 -4.48 0.79 -0.22 -4.48 0.73 -0.22 -4.48 0.68 -0.22 -4.48 0.63 0.29 4.46 0.57 0.30 4.46 1.15 0.30 4.46 1.15 0.30 -4.48 0.57 0.30 -4.48 0.57 0.30 -4.48 1.15 0.30 -4.48 1.15 0.30 4.46 1.10 0.30 4.46 1.05 0.30 4.46 1.00 0.30 4.46 0.94 0.30 4.46 0.89 0.30 4.46 0.84 0.30 4.46 0.78 0.30 4.46 0.73 0.30 4.46 0.68 0.30 4.46 0.63 0.30 -4.48 1.10 0.30 -4.48 1.05 0.30 -4.48 1.00 0.30 -4.48 0.94 0.30 -4.48 0.89 0.30 -4.48 0.84 0.30 -4.48 0.78 0.30 -4.48 0.73 0.30 -4.48 0.68 0.30 -4.48 0.63 3.93 -4.49 0.86 3.93 -4.49 1.11 3.93 -4.44 1.11 3.93 -4.44 0.86 3.92 -4.51 0.86 3.91 -4.51 1.10 3.91 -0.01 1.10 3.91 -0.01 1.10 3.92 -4.38 1.18 3.92 -4.38 1.18 3.93 -4.38 1.11 3.93 -4.38 0.86 3.89 -4.49 0.86 3.89 -4.49 1.09 3.93 -2.37 1.19 3.93 -4.49 1.19 3.93 -4.44 1.19 3.91 -0.01 0.86 3.91 -0.01 0.86 3.93 -2.37 0.86 3.93 -2.37 1.11 3.89 -4.44 0.86 3.89 -4.44 1.09 3.91 -4.38 1.17 3.91 -4.51 1.18 3.91 -4.44 1.18 3.91 -4.44 1.18 3.93 -4.38 1.19 3.91 -4.38 0.86 3.91 -4.38 1.10 3.89 -4.49 1.16 3.89 -4.44 1.16 3.93 -4.49 0.61 3.93 -4.44 0.61 3.91 -4.51 0.62 3.92 -4.38 0.54 3.92 -4.38 0.54 3.93 -4.38 0.61 3.89 -4.49 0.63 3.93 -2.37 0.53 3.93 -4.49 0.53 3.93 -4.44 0.53 3.93 -2.37 0.61 3.89 -4.44 0.63 3.91 -4.38 0.54 3.91 -4.51 0.54 3.91 -4.44 0.54 3.91 -4.44 0.54 3.93 -4.38 0.53 3.92 -0.01 0.54 3.92 -0.01 0.54 3.92 -0.01 0.54 3.92 -0.01 0.54 3.91 -4.38 0.62 3.89 -4.49 0.56 3.89 -4.44 0.56 3.93 4.47 0.86 3.93 4.47 1.11 3.93 4.42 1.11 3.93 4.42 0.86 3.92 4.49 0.86 3.91 4.49 1.10 3.92 4.36 1.18 3.92 4.36 1.18 3.93 4.36 1.11 3.93 4.36 0.86 3.89 4.47 0.86 3.89 4.47 1.09 3.93 -0.01 1.19 3.93 4.47 1.19 3.93 4.42 1.19 3.93 -0.01 0.86 3.93 -0.01 1.11 3.89 4.42 0.86 3.89 4.42 1.09 3.91 4.36 1.17 3.91 4.49 1.18 3.91 4.42 1.18 3.91 4.42 1.18 3.93 4.36 1.19 3.92 -0.01 1.18 3.92 -0.01 1.18 3.92 -0.01 1.18 3.92 -0.01 1.18 3.91 4.36 0.86 3.91 4.36 1.10 3.91 -0.01 1.17 3.91 -0.01 1.17 3.89 4.47 1.16 3.89 4.42 1.16 3.93 4.47 0.61 3.93 4.42 0.61 3.91 4.49 0.62 3.91 -0.01 0.62 3.91 -0.01 0.62 3.92 4.36 0.54 3.92 4.36 0.54 3.93 4.36 0.61 3.89 4.47 0.63 3.93 -0.01 0.53 3.93 4.47 0.53 3.93 4.42 0.53 3.93 -0.01 0.61 3.89 4.42 0.63 3.91 4.36 0.54 3.91 4.49 0.54 3.91 4.42 0.54 3.91 4.42 0.54 3.93 4.36 0.53 3.91 4.36 0.62 3.91 -0.01 0.54 3.91 -0.01 0.54 3.89 4.47 0.56 3.89 4.42 0.56 3.83 4.46 0.57 3.83 4.46 1.15 3.83 4.46 1.15 3.83 -4.48 0.57 3.83 -4.48 0.57 3.83 -4.48 1.15 3.83 -4.48 1.15 3.83 4.46 1.10 3.83 4.46 1.04 3.83 4.46 0.99 3.83 4.46 0.94 3.83 4.46 0.89 3.83 4.46 0.83 3.83 4.46 0.78 3.83 4.46 0.73 3.83 4.46 0.67 3.83 4.46 0.62 3.83 -4.48 1.10 3.83 -4.48 1.04 3.83 -4.48 0.99 3.83 -4.48 0.94 3.83 -4.48 0.89 3.83 -4.48 0.83 3.83 -4.48 0.78 3.83 -4.48 0.73 3.83 -4.48 0.67 3.83 -4.48 0.62 3.64 4.46 0.57 3.64 4.46 1.15 3.64 4.46 1.15 3.64 -4.48 0.57 3.64 -4.48 0.57 3.64 -4.48 1.15 3.64 -4.48 1.15 3.64 4.46 1.10 3.64 4.46 1.05 3.64 4.46 0.99 3.64 4.46 0.94 3.64 4.46 0.89 3.64 4.46 0.83 3.64 4.46 0.78 3.64 4.46 0.73 3.64 4.46 0.68 3.64 4.46 0.62 3.64 -4.48 1.10 3.64 -4.48 1.05 3.64 -4.48 0.99 3.64 -4.48 0.94 3.64 -4.48 0.89 3.64 -4.48 0.83 3.64 -4.48 0.78 3.64 -4.48 0.73 3.64 -4.48 0.68 3.64 -4.48 0.62 3.86 4.46 0.57 3.86 4.46 1.15 3.86 4.46 1.15 3.86 -4.48 0.57 3.86 -4.48 0.57 3.86 -4.48 1.15 3.86 -4.48 1.15 3.86 4.46 1.10 3.86 4.46 1.04 3.86 4.46 0.99 3.86 4.46 0.94 3.86 4.46 0.89 3.86 4.46 0.83 3.86 4.46 0.78 3.86 4.46 0.73 3.86 4.46 0.67 3.86 4.46 0.62 3.86 -4.48 1.10 3.86 -4.48 1.04 3.86 -4.48 0.99 3.86 -4.48 0.94 3.86 -4.48 0.89 3.86 -4.48 0.83 3.86 -4.48 0.78 3.86 -4.48 0.73 3.86 -4.48 0.67 3.86 -4.48 0.62 3.39 4.46 0.57 3.39 4.46 1.15 3.39 4.46 1.15 3.39 -4.48 0.57 3.39 -4.48 0.57 3.39 -4.48 1.15 3.39 -4.48 1.15 3.39 4.46 1.10 3.39 4.46 1.05 3.39 4.46 0.99 3.39 4.46 0.94 3.39 4.46 0.89 3.39 4.46 0.83 3.39 4.46 0.78 3.39 4.46 0.73 3.39 4.46 0.68 3.39 4.46 0.62 3.39 -4.48 1.10 3.39 -4.48 1.05 3.39 -4.48 0.99 3.39 -4.48 0.94 3.39 -4.48 0.89 3.39 -4.48 0.83 3.39 -4.48 0.78 3.39 -4.48 0.73 3.39 -4.48 0.68 3.39 -4.48 0.62 3.11 4.46 0.57 3.11 4.46 1.15 3.11 4.46 1.15 3.11 -4.48 0.57 3.11 -4.48 0.57 3.11 -4.48 1.15 3.11 -4.48 1.15 3.11 4.46 1.10 3.11 4.46 1.05 3.11 4.46 0.99 3.11 4.46 0.94 3.11 4.46 0.89 3.11 4.46 0.83 3.11 4.46 0.78 3.11 4.46 0.73 3.11 4.46 0.68 3.11 4.46 0.62 3.11 -4.48 1.10 3.11 -4.48 1.05 3.11 -4.48 0.99 3.11 -4.48 0.94 3.11 -4.48 0.89 3.11 -4.48 0.83 3.11 -4.48 0.78 3.11 -4.48 0.73 3.11 -4.48 0.68 3.11 -4.48 0.62
3.89 4.46 0.57 3.90 4.46 1.15 3.90 4.46 1.15 -2.57 4.46 0.85 -2.57 4.46 0.85 -2.57 4.46 0.85 -2.62 4.46 1.43 -2.62 4.46 1.43 -2.62 4.46 1.43 -2.56 -4.48 0.85 -2.56 -4.48 0.85 -2.56 -4.48 0.85 -2.62 -4.48 1.43 -2.62 -4.48 1.43 -2.62 -4.48 1.43 3.89 -4.48 0.57 3.89 -4.48 0.57 3.90 -4.48 1.15 3.90 -4.48 1.15 3.90 4.46 1.10 3.90 4.46 1.10 3.90 4.46 1.04 3.90 4.46 1.04 3.90 4.46 0.99 3.90 4.46 0.99 3.90 4.46 0.94 3.90 4.46 0.94 3.90 4.46 0.89 3.90 4.46 0.89 3.90 4.46 0.89 3.90 4.46 0.83 3.90 4.46 0.83 3.90 4.46 0.83 3.90 4.46 0.78 3.90 4.46 0.78 3.89 4.46 0.73 3.89 4.46 0.73 3.89 4.46 0.67 3.89 4.46 0.67 3.89 4.46 0.62 3.89 4.46 0.62 -2.61 4.46 1.38 -2.61 4.46 1.38 -2.60 4.46 1.32 -2.60 4.46 1.32 -2.59 4.46 1.27 -2.59 4.46 1.27 -2.58 4.46 1.22 -2.58 4.46 1.22 -2.58 4.46 1.16 -2.58 4.46 1.16 -2.57 4.46 1.11 -2.57 4.46 1.11 -2.57 4.46 1.06 -2.57 4.46 1.06 -2.57 4.46 1.01 -2.57 4.46 1.01 -2.56 4.46 0.95 -2.56 4.46 0.95 -2.57 4.46 0.90 -2.57 4.46 0.90 -2.61 -4.48 1.38 -2.61 -4.48 1.38 -2.60 -4.48 1.32 -2.60 -4.48 1.32 -2.59 -4.48 1.27 -2.59 -4.48 1.27 -2.58 -4.48 1.22 -2.58 -4.48 1.22 -2.57 -4.48 1.16 -2.57 -4.48 1.16 -2.57 -4.48 1.11 -2.57 -4.48 1.11 -2.57 -4.48 1.06 -2.57 -4.48 1.06 -2.56 -4.48 1.01 -2.56 -4.48 1.01 -2.56 -4.48 0.95 -2.56 -4.48 0.95 -2.56 -4.48 0.90 -2.56 -4.48 0.90 3.90 -4.48 1.10 3.90 -4.48 1.10 3.90 -4.48 1.04 3.90 -4.48 1.04 3.90 -4.48 0.99 3.90 -4.48 0.99 3.90 -4.48 0.94 3.90 -4.48 0.94 3.90 -4.48 0.89 3.90 -4.48 0.89 3.90 -4.48 0.89 3.90 -4.48 0.83 3.90 -4.48 0.83 3.90 -4.48 0.83 3.90 -4.48 0.78 3.90 -4.48 0.78 3.89 -4.48 0.73 3.89 -4.48 0.73 3.89 -4.48 0.67 3.89 -4.48 0.67 3.89 -4.48 0.62 3.89 -4.48 0.62 0.64 4.46 0.67 0.65 4.46 1.25 0.65 4.46 1.25 0.64 -4.48 0.67 0.64 -4.48 0.67 0.65 -4.48 1.25 0.65 -4.48 1.25 0.65 4.46 1.20 0.65 4.46 1.15 0.65 4.46 1.10 0.65 4.46 1.04 0.65 4.46 0.99 0.64 4.46 0.94 0.64 4.46 0.88 0.64 4.46 0.83 0.64 4.46 0.78 0.64 4.46 0.73 0.65 -4.48 1.20 0.65 -4.48 1.15 0.65 -4.48 1.10 0.65 -4.48 1.04 0.65 -4.48 0.99 0.64 -4.48 0.94 0.64 -4.48 0.88 0.64 -4.48 0.83 0.64 -4.48 0.78 0.64 -4.48 0.73 0.90 4.46 0.66 0.91 4.46 1.24 0.91 4.46 1.24 0.90 -4.48 0.66 0.90 -4.48 0.66 0.91 -4.48 1.24 0.91 -4.48 1.24 0.91 4.46 1.19 0.91 4.46 1.14 0.91 4.46 1.08 0.91 4.46 1.03 0.91 4.46 0.98 0.91 4.46 0.93 0.90 4.46 0.87 0.90 4.46 0.82 0.90 4.46 0.77 0.90 4.46 0.72 0.91 -4.48 1.19 0.91 -4.48 1.14 0.91 -4.48 1.08 0.91 -4.48 1.03 0.91 -4.48 0.98 0.91 -4.48 0.93 0.90 -4.48 0.87 0.90 -4.48 0.82 0.90 -4.48 0.77 0.90 -4.48 0.72 1.16 4.46 0.65 1.17 4.46 1.23 1.17 4.46 1.23 1.16 -4.48 0.65 1.16 -4.48 0.65 1.17 -4.48 1.23 1.17 -4.48 1.23 1.17 4.46 1.18 1.17 4.46 1.13 1.17 4.46 1.07 1.17 4.46 1.02 1.17 4.46 0.97 1.17 4.46 0.92 1.16 4.46 0.86 1.16 4.46 0.81 1.16 4.46 0.76 1.16 4.46 0.70 1.17 -4.48 1.18 1.17 -4.48 1.13 1.17 -4.48 1.07 1.17 -4.48 1.02 1.17 -4.48 0.97 1.17 -4.48 0.92 1.16 -4.48 0.86 1.16 -4.48 0.81 1.16 -4.48 0.76 1.16 -4.48 0.70 1.42 4.46 0.64 1.43 4.46 1.22 1.43 4.46 1.22 1.42 -4.48 0.64 1.42 -4.48 0.64 1.43 -4.48 1.22 1.43 -4.48 1.22 1.43 4.46 1.17 1.43 4.46 1.12 1.43 4.46 1.06 1.43 4.46 1.01 1.43 4.46 0.96 1.43 4.46 0.90 1.42 4.46 0.85 1.42 4.46 0.80 1.42 4.46 0.75 1.42 4.46 0.69 1.43 -4.48 1.17 1.43 -4.48 1.12 1.43 -4.48 1.06 1.43 -4.48 1.01 1.43 -4.48 0.96 1.43 -4.48 0.90 1.42 -4.48 0.85 1.42 -4.48 0.80 1.42 -4.48 0.75 1.42 -4.48 0.69 1.68 4.46 0.63 1.69 4.46 1.21 1.69 4.46 1.21 1.68 -4.48 0.63 1.68 -4.48 0.63 1.69 -4.48 1.21 1.69 -4.48 1.21 1.69 4.46 1.16 1.69 4.46 1.11 1.69 4.46 1.05 1.69 4.46 1.00 1.69 4.46 0.95 1.69 4.46 0.90 1.69 4.46 0.84 1.68 4.46 0.79 1.68 4.46 0.74 1.68 4.46 0.68 1.69 -4.48 1.16 1.69 -4.48 1.11 1.69 -4.48 1.05 1.69 -4.48 1.00 1.69 -4.48 0.95 1.69 -4.48 0.90 1.69 -4.48 0.84 1.68 -4.48 0.79 1.68 -4.48 0.74 1.68 -4.48 0.68 1.94 4.46 0.62 1.95 4.46 1.21 1.95 4.46 1.21 1.94 -4.48 0.62 1.94 -4.48 0.62 1.95 -4.48 1.21 1.95 -4.48 1.21 1.95 4.46 1.15 1.95 4.46 1.10 1.95 4.46 1.05 1.95 4.46 0.99 1.95 4.46 0.94 1.95 4.46 0.89 1.95 4.46 0.84 1.94 4.46 0.78 1.94 4.46 0.73 1.94 4.46 0.68 1.95 -4.48 1.15 1.95 -4.48 1.10 1.95 -4.48 1.05 1.95 -4.48 0.99 1.95 -4.48 0.94 1.95 -4.48 0.89 1.95 -4.48 0.84 1.94 -4.48 0.78 1.94 -4.48 0.73 1.94 -4.48 0.68 2.20 4.46 0.62 2.21 4.46 1.20 2.21 4.46 1.20 2.20 -4.48 0.62 2.20 -4.48 0.62 2.21 -4.48 1.20 2.21 -4.48 1.20 2.21 4.46 1.15 2.21 4.46 1.09 2.21 4.46 1.04 2.21 4.46 0.99 2.21 4.46 0.93 2.21 4.46 0.88 2.21 4.46 0.83 2.21 4.46 0.78 2.20 4.46 0.72 2.20 4.46 0.67 2.21 -4.48 1.15 2.21 -4.48 1.09 2.21 -4.48 1.04 2.21 -4.48 0.99 2.21 -4.48 0.93 2.21 -4.48 0.88 2.21 -4.48 0.83 2.20 -4.48 0.78 2.20 -4.48 0.72 2.20 -4.48 0.67 2.46 4.46 0.61 2.47 4.46 1.19 2.47 4.46 1.19 2.46 -4.48 0.61 2.46 -4.48 0.61 2.47 -4.48 1.19 2.47 -4.48 1.19 2.47 4.46 1.14 2.47 4.46 1.08 2.47 4.46 1.03 2.47 4.46 0.98 2.47 4.46 0.93 2.47 4.46 0.87 2.47 4.46 0.82 2.47 4.46 0.77 2.46 4.46 0.71 2.46 4.46 0.66 2.47 -4.48 1.14 2.47 -4.48 1.08 2.47 -4.48 1.03 2.47 -4.48 0.98 2.47 -4.48 0.93 2.47 -4.48 0.87 2.47 -4.48 0.82 2.47 -4.48 0.77 2.46 -4.48 0.71 2.46 -4.48 0.66 2.72 4.46 0.60 2.73 4.46 1.18 2.73 4.46 1.18 2.72 -4.48 0.60 2.72 -4.48 0.60 2.73 -4.48 1.18 2.73 -4.48 1.18 2.73 4.46 1.13 2.73 4.46 1.08 2.73 4.46 1.02 2.73 4.46 0.97 2.73 4.46 0.92 2.73 4.46 0.87 2.73 4.46 0.81 2.73 4.46 0.76 2.72 4.46 0.71 2.72 4.46 0.65 2.73 -4.48 1.13 2.73 -4.48 1.08 2.73 -4.48 1.02 2.73 -4.48 0.97 2.73 -4.48 0.92 2.73 -4.48 0.87 2.73 -4.48 0.81 2.73 -4.48 0.76 2.72 -4.48 0.71 2.72 -4.48 0.65 2.98 4.46 0.59 2.99 4.46 1.17 2.99 4.46 1.17 2.98 -4.48 0.59 2.98 -4.48 0.59 2.99 -4.48 1.17 2.99 -4.48 1.17 2.99 4.46 1.12 2.99 4.46 1.07 2.99 4.46 1.02 2.99 4.46 0.96 2.99 4.46 0.91 2.99 4.46 0.86 2.99 4.46 0.80 2.99 4.46 0.75 2.99 4.46 0.70 2.98 4.46 0.65 2.99 -4.48 1.12 2.99 -4.48 1.07 2.99 -4.48 1.02 2.99 -4.48 0.96 2.99 -4.48 0.91 2.99 -4.48 0.86 2.99 -4.48 0.80 2.99 -4.48 0.75 2.99 -4.48 0.70 2.98 -4.48 0.65 3.24 4.46 0.59 3.25 4.46 1.17 3.25 4.46 1.17 3.24 -4.48 0.59 3.24 -4.48 0.59 3.25 -4.48 1.17 3.25 -4.48 1.17 3.25 4.46 1.11 3.25 4.46 1.06 3.25 4.46 1.01 3.25 4.46 0.96 3.25 4.46 0.90 3.25 4.46 0.85 3.25 4.46 0.80 3.25 4.46 0.74 3.25 4.46 0.69 3.24 4.46 0.64 3.25 -4.48 1.11 3.25 -4.48 1.06 3.25 -4.48 1.01 3.25 -4.48 0.96 3.25 -4.48 0.90 3.25 -4.48 0.85 3.25 -4.48 0.80 3.25 -4.48 0.74 3.25 -4.48 0.69 3.24 -4.48 0.64 3.50 4.46 0.58 3.51 4.46 1.16 3.51 4.46 1.16 3.50 -4.48 0.58 3.50 -4.48 0.58 3.51 -4.48 1.16 3.51 -4.48 1.16 3.51 4.46 1.10 3.51 4.46 1.05 3.51 4.46 1.00 3.51 4.46 0.95 3.51 4.46 0.89 3.51 4.46 0.84 3.51 4.46 0.79 3.51 4.46 0.73 3.51 4.46 0.68 3.51 4.46 0.63 3.51 -4.48 1.10 3.51 -4.48 1.05 3.51 -4.48 1.00 3.51 -4.48 0.95 3.51 -4.48 0.89 3.51 -4.48 0.84 3.51 -4.48 0.79 3.51 -4.48 0.73 3.51 -4.48 0.68 3.51 -4.48 0.63 3.77 4.46 0.57 3.77 4.46 1.15 3.77 4.46 1.15 3.77 -4.48 0.57 3.77 -4.48 0.57 3.77 -4.48 1.15 3.77 -4.48 1.15 3.77 4.46 1.10 3.77 4.46 1.05 3.77 4.46 0.99 3.77 4.46 0.94 3.77 4.46 0.89 3.77 4.46 0.83 3.77 4.46 0.78 3.77 4.46 0.73 3.77 4.46 0.68 3.77 4.46 0.62 3.77 -4.48 1.10 3.77 -4.48 1.05 3.77 -4.48 0.99 3.77 -4.48 0.94 3.77 -4.48 0.89 3.77 -4.48 0.83 3.77 -4.48 0.78 3.77 -4.48 0.73 3.77 -4.48 0.68 3.77 -4.48 0.62 -1.77 4.46 0.80 -1.79 4.46 1.38 -1.79 4.46 1.38 -1.77 -4.48 0.80 -1.77 -4.48 0.80 -1.79 -4.48 1.38 -1.79 -4.48 1.38 -1.78 4.46 1.33 -1.78 4.46 1.28 -1.77 4.46 1.22 -1.77 4.46 1.17 -1.77 4.46 1.12 -1.77 4.46 1.06 -1.76 4.46 1.01 -1.76 4.46 0.96 -1.76 4.46 0.91 -1.77 4.46 0.85 -1.78 -4.48 1.33 -1.78 -4.48 1.28 -1.77 -4.48 1.22 -1.77 -4.48 1.17 -1.77 -4.48 1.12 -1.76 -4.48 1.06 -1.76 -4.48 1.01 -1.76 -4.48 0.96 -1.76 -4.48 0.91 -1.76 -4.48 0.85 -1.26 4.46 0.77 -1.26 4.46 1.35 -1.26 4.46 1.35 -1.26 -4.48 0.77 -1.26 -4.48 0.77 -1.26 -4.48 1.35 -1.26 -4.48 1.35 -1.26 4.46 1.30 -1.26 4.46 1.24 -1.26 4.46 1.19 -1.26 4.46 1.14 -1.26 4.46 1.09 -1.26 4.46 1.03 -1.26 4.46 0.98 -1.26 4.46 0.93 -1.26 4.46 0.87 -1.26 4.46 0.82 -1.26 -4.48 1.30 -1.26 -4.48 1.24 -1.26 -4.48 1.19 -1.26 -4.48 1.14 -1.26 -4.48 1.09 -1.26 -4.48 1.03 -1.26 -4.48 0.98 -1.26 -4.48 0.93 -1.26 -4.48 0.87 -1.26 -4.48 0.82 -0.74 4.46 0.74 -0.73 4.46 1.32 -0.73 4.46 1.32 -0.74 -4.48 0.74 -0.74 -4.48 0.74 -0.73 -4.48 1.32 -0.73 -4.48 1.32 -0.73 4.46 1.27 -0.73 4.46 1.21 -0.73 4.46 1.16 -0.73 4.46 1.11 -0.73 4.46 1.06 -0.74 4.46 1.00 -0.74 4.46 0.95 -0.74 4.46 0.90 -0.74 4.46 0.84 -0.74 4.46 0.79 -0.73 -4.48 1.27 -0.73 -4.48 1.21 -0.73 -4.48 1.16 -0.73 -4.48 1.11 -0.73 -4.48 1.05 -0.73 -4.48 1.00 -0.74 -4.48 0.95 -0.74 -4.48 0.90 -0.74 -4.48 0.84 -0.74 -4.48 0.79 -0.22 4.46 0.71 -0.21 4.46 1.29 -0.21 4.46 1.29 -0.22 -4.48 0.71 -0.22 -4.48 0.71 -0.21 -4.48 1.29 -0.21 -4.48 1.29 -0.21 4.46 1.24 -0.21 4.46 1.19 -0.21 4.46 1.13 -0.21 4.46 1.08 -0.21 4.46 1.03 -0.22 4.46 0.98 -0.22 4.46 0.92 -0.22 4.46 0.87 -0.22 4.46 0.82 -0.22 4.46 0.76 -0.21 -4.48 1.24 -0.21 -4.48 1.19 -0.21 -4.48 1.13 -0.21 -4.48 1.08 -0.21 -4.48 1.03 -0.22 -4.48 0.98 -0.22 -4.48 0.92 -0.22 -4.48 0.87 -0.22 -4.48 0.82 -0.22 -4.48 0.76 0.30 4.46 0.69 0.31 4.46 1.27 0.31 4.46 1.27 0.30 -4.48 0.69 0.30 -4.48 0.69 0.31 -4.48 1.27 0.31 -4.48 1.27 0.31 4.46 1.22 0.31 4.46 1.16 0.31 4.46 1.11 0.31 4.46 1.06 0.30 4.46 1.01 0.30 4.46 0.95 0.30 4.46 0.90 0.30 4.46 0.85 0.30 4.46 0.79 0.30 4.46 0.74 0.31 -4.48 1.22 0.31 -4.48 1.16 0.31 -4.48 1.11 0.31 -4.48 1.06 0.30 -4.48 1.01 0.30 -4.48 0.95 0.30 -4.48 0.90 0.30 -4.48 0.85 0.30 -4.48 0.79 0.30 -4.48 0.74 3.94 -4.49 0.86 3.94 -4.49 1.11 3.94 -4.44 1.11 3.94 -4.44 0.86 3.92 -4.51 0.86 3.92 -4.51 1.10 3.92 -0.01 1.10 3.92 -0.01 1.10 3.93 -4.38 1.18 3.93 -4.38 1.18 3.94 -4.38 1.11 3.94 -4.38 0.86 3.90 -4.49 0.86 3.90 -4.49 1.09 3.94 -2.37 1.19 3.94 -4.49 1.19 3.94 -4.44 1.19 3.92 -0.01 0.86 3.92 -0.01 0.86 3.94 -2.37 0.86 3.94 -2.37 1.11 3.90 -4.44 0.86 3.90 -4.44 1.09 3.92 -4.38 1.17 3.92 -4.51 1.18 3.92 -4.44 1.18 3.92 -4.44 1.18 3.94 -4.38 1.19 3.92 -4.38 0.86 3.92 -4.38 1.10 3.90 -4.49 1.16 3.90 -4.44 1.16 3.94 -4.49 0.61 3.94 -4.44 0.61 3.92 -4.51 0.62 3.92 -4.38 0.53 3.92 -4.38 0.53 3.94 -4.38 0.61 3.89 -4.49 0.63 3.93 -2.37 0.53 3.93 -4.49 0.53 3.93 -4.44 0.53 3.94 -2.37 0.61 3.89 -4.44 0.63 3.91 -4.38 0.54 3.92 -4.51 0.54 3.92 -4.44 0.54 3.92 -4.44 0.54 3.93 -4.38 0.53 3.92 -0.01 0.53 3.92 -0.01 0.53 3.92 -0.01 0.53 3.92 -0.01 0.53 3.91 -4.38 0.62 3.89 -4.49 0.55 3.89 -4.44 0.55 3.94 4.47 0.86 3.94 4.47 1.11 3.94 4.42 1.11 3.94 4.42 0.86 3.92 4.49 0.86 3.92 4.49 1.10 3.93 4.36 1.18 3.93 4.36 1.18 3.94 4.36 1.11 3.94 4.36 0.86 3.90 4.47 0.86 3.90 4.47 1.09 3.94 -0.01 1.19 3.94 4.47 1.19 3.94 4.42 1.19 3.94 -0.01 0.86 3.94 -0.01 1.11 3.90 4.42 0.86 3.90 4.42 1.09 3.92 4.36 1.17 3.92 4.49 1.18 3.92 4.42 1.18 3.92 4.42 1.18 3.94 4.36 1.19 3.93 -0.01 1.18 3.93 -0.01 1.18 3.93 -0.01 1.18 3.93 -0.01 1.18 3.92 4.36 0.86 3.92 4.36 1.10 3.92 -0.01 1.17 3.92 -0.01 1.17 3.90 4.47 1.16 3.90 4.42 1.16 3.94 4.47 0.61 3.94 4.42 0.61 3.92 4.49 0.62 3.91 -0.01 0.62 3.91 -0.01 0.62 3.92 4.36 0.53 3.92 4.36 0.53 3.94 4.36 0.61 3.89 4.47 0.63 3.93 -0.01 0.53 3.93 4.47 0.53 3.93 4.42 0.53 3.94 -0.01 0.61 3.89 4.42 0.63 3.91 4.36 0.54 3.92 4.49 0.54 3.92 4.42 0.54 3.92 4.42 0.54 3.93 4.36 0.53 3.91 4.36 0.62 3.91 -0.01 0.54 3.91 -0.01 0.54 3.89 4.47 0.55 3.89 4.42 0.55 3.83 4.46 0.57 3.84 4.46 1.15 3.84 4.46 1.15 3.83 -4.48 0.57 3.83 -4.48 0.57 3.84 -4.48 1.15 3.84 -4.48 1.15 3.84 4.46 1.10 3.84 4.46 1.04 3.84 4.46 0.99 3.84 4.46 0.94 3.84 4.46 0.89 3.84 4.46 0.83 3.84 4.46 0.78 3.84 4.46 0.73 3.84 4.46 0.67 3.84 4.46 0.62 3.84 -4.48 1.10 3.84 -4.48 1.04 3.84 -4.48 0.99 3.84 -4.48 0.94 3.84 -4.48 0.89 3.84 -4.48 0.83 3.84 -4.48 0.78 3.84 -4.48 0.73 3.84 -4.48 0.67 3.84 -4.48 0.62 3.64 4.46 0.57 3.65 4.46 1.15 3.65 4.46 1.15 3.64 -4.48 0.57 3.64 -4.48 0.57 3.65 -4.48 1.15 3.65 -4.48 1.15 3.65 4.46 1.10 3.65 4.46 1.05 3.65 4.46 0.99 3.65 4.46 0.94 3.65 4.46 0.89 3.65 4.46 0.84 3.65 4.46 0.78 3.65 4.46 0.73 3.65 4.46 0.68 3.65 4.46 0.62 3.65 -4.48 1.10 3.65 -4.48 1.05 3.65 -4.48 0.99 3.65 -4.48 0.94 3.65 -4.48 0.89 3.65 -4.48 0.84 3.65 -4.48 0.78 3.65 -4.48 0.73 3.65 -4.48 0.68 3.65 -4.48 0.62 3.87 4.46 0.57 3.87 4.46 1.15 3.87 4.46 1.15 3.87 -4.48 0.57 3.87 -4.48 0.57 3.87 -4.48 1.15 3.87 -4.48 1.15 3.87 4.46 1.10 3.87 4.46 1.04 3.87 4.46 0.99 3.87 4.46 0.94 3.87 4.46 0.89 3.87 4.46 0.83 3.87 4.46 0.78 3.87 4.46 0.73 3.87 4.46 0.67 3.87 4.46 0.62 3.87 -4.48 1.10 3.87 -4.48 1.04 3.87 -4.48 0.99 3.87 -4.48 0.94 3.87 -4.48 0.89 3.87 -4.48 0.83 3.87 -4.48 0.78 3.87 -4.48 0.73 3.87 -4.48 0.67 3.87 -4.48 0.62 3.39 4.46 0.58 3.40 4.46 1.16 3.40 4.46 1.16 3.39 -4.48 0.58 3.39 -4.48 0.58 3.40 -4.48 1.16 3.40 -4.48 1.16 3.40 4.46 1.11 3.40 4.46 1.06 3.40 4.46 1.00 3.39 4.46 0.95 3.39 4.46 0.90 3.39 4.46 0.84 3.39 4.46 0.79 3.39 4.46 0.74 3.39 4.46 0.69 3.39 4.46 0.63 3.40 -4.48 1.11 3.40 -4.48 1.06 3.40 -4.48 1.00 3.39 -4.48 0.95 3.39 -4.48 0.90 3.39 -4.48 0.84 3.39 -4.48 0.79 3.39 -4.48 0.74 3.39 -4.48 0.69 3.39 -4.48 0.63 3.12 4.46 0.59 3.13 4.46 1.17 3.13 4.46 1.17 3.12 -4.48 0.59 3.12 -4.48 0.59 3.13 -4.48 1.17 3.13 -4.48 1.17 3.13 4.46 1.12 3.12 4.46 1.06 3.12 4.46 1.01 3.12 4.46 0.96 3.12 4.46 0.91 3.12 4.46 0.85 3.12 4.46 0.80 3.12 4.46 0.75 3.12 4.46 0.69 3.12 4.46 0.64 3.13 -4.48 1.12 3.12 -4.48 1.06 3.12 -4.48 1.01 3.12 -4.48 0.96 3.12 -4.48 0.91 3.12 -4.48 0.85 3.12 -4.48 0.80 3.12 -4.48 0.75 3.12 -4.48 0.69 3.12 -4.48 0.64
3.90 4.46 0.57 3.92 4.46 1.15 3.92 4.46 1.15 -2.53 4.46 1.54 -2.53 4.46 1.54 -2.53 4.46 1.54 -2.53 4.46 2.12 -2.53 4.46 2.12 -2.53 4.46 2.12 -2.53 -4.48 1.54 -2.53 -4.48 1.54 -2.53 -4.48 1.54 -2.53 -4.48 2.12 -2.53 -4.48 2.12 -2.53 -4.48 2.12 3.90 -4.48 0.57 3.90 -4.48 0.57 3.92 -4.48 1.15 3.92 -4.48 1.15 3.92 4.46 1.09 3.92 4.46 1.09 3.92 4.46 1.04 3.92 4.46 1.04 3.92 4.46 0.99 3.92 4.46 0.99 3.92 4.46 0.94 3.92 4.46 0.94 3.92 4.46 0.88 3.92 4.46 0.88 3.92 4.46 0.88 3.92 4.46 0.83 3.92 4.46 0.83 3.92 4.46 0.83 3.91 4.46 0.78 3.91 4.46 0.78 3.91 4.46 0.72 3.91 4.46 0.72 3.91 4.46 0.67 3.91 4.46 0.67 3.91 4.46 0.62 3.91 4.46 0.62 -2.52 4.46 2.07 -2.52 4.46 2.07 -2.52 4.46 2.01 -2.52 4.46 2.01 -2.52 4.46 1.96 -2.52 4.46 1.96 -2.51 4.46 1.91 -2.51 4.46 1.91 -2.51 4.46 1.85 -2.51 4.46 1.85 -2.51 4.46 1.80 -2.51 4.46 1.80 -2.51 4.46 1.75 -2.51 4.46 1.75 -2.51 4.46 1.69 -2.51 4.46 1.69 -2.52 4.46 1.64 -2.52 4.46 1.64 -2.52 4.46 1.59 -2.52 4.46 1.59 -2.52 -4.48 2.07 -2.52 -4.48 2.07 -2.52 -4.48 2.01 -2.52 -4.48 2.01 -2.51 -4.48 1.96 -2.51 -4.48 1.96 -2.51 -4.48 1.91 -2.51 -4.48 1.91 -2.51 -4.48 1.85 -2.51 -4.48 1.85 -2.51 -4.48 1.80 -2.51 -4.48 1.80 -2.51 -4.48 1.75 -2.51 -4.48 1.75 -2.51 -4.48 1.69 -2.51 -4.48 1.69 -2.52 -4.48 1.64 -2.52 -4.48 1.64 -2.52 -4.48 1.59 -2.52 -4.48 1.59 3.92 -4.48 1.09 3.92 -4.48 1.09 3.92 -4.48 1.04 3.92 -4.48 1.04 3.92 -4.48 0.99 3.92 -4.48 0.99 3.92 -4.48 0.94 3.92 -4.48 0.94 3.92 -4.48 0.88 3.92 -4.48 0.88 3.92 -4.48 0.88 3.92 -4.48 0.83 3.92 -4.48 0.83 3.92 -4.48 0.83 3.91 -4.48 0.78 3.91 -4.48 0.78 3.91 -4.48 0.72 3.91 -4.48 0.72 3.91 -4.48 0.67 3.91 -4.48 0.67 3.91 -4.48 0.62 3.91 -4.48 0.62 0.65 4.46 0.94 0.71 4.46 1.52 0.71 4.46 1.52 0.65 -4.48 0.94 0.65 -4.48 0.94 0.71 -4.48 1.52 0.71 -4.48 1.52 0.70 4.46 1.47 0.70 4.46 1.42 0.69 4.46 1.36 0.69 4.46 1.31 0.68 4.46 1.26 0.68 4.46 1.21 0.67 4.46 1.15 0.67 4.46 1.10 0.66 4.46 1.05 0.66 4.46 1.00 0.70 -4.48 1.47 0.70 -4.48 1.42 0.69 -4.48 1.36 0.69 -4.48 1.31 0.68 -4.48 1.26 0.68 -4.48 1.21 0.67 -4.48 1.15 0.67 -4.48 1.10 0.66 -4.48 1.05 0.66 -4.48 1.00 0.91 4.46 0.91 0.96 4.46 1.48 0.96 4.46 1.48 0.91 -4.48 0.91 0.91 -4.48 0.91 0.96 -4.48 1.48 0.96 -4.48 1.48 0.96 4.46 1.43 0.95 4.46 1.38 0.95 4.46 1.33 0.94 4.46 1.27 0.94 4.46 1.22 0.93 4.46 1.17 0.93 4.46 1.12 0.93 4.46 1.06 0.92 4.46 1.01 0.92 4.46 0.96 0.96 -4.48 1.43 0.95 -4.48 1.38 0.95 -4.48 1.33 0.94 -4.48 1.27 0.94 -4.48 1.22 0.93 -4.48 1.17 0.93 -4.48 1.12 0.93 -4.48 1.06 0.92 -4.48 1.01 0.92 -4.48 0.96 1.17 4.46 0.87 1.22 4.46 1.45 1.22 4.46 1.45 1.17 -4.48 0.87 1.17 -4.48 0.87 1.22 -4.48 1.45 1.22 -4.48 1.45 1.22 4.46 1.39 1.21 4.46 1.34 1.21 4.46 1.29 1.20 4.46 1.24 1.20 4.46 1.18 1.19 4.46 1.13 1.19 4.46 1.08 1.18 4.46 1.03 1.18 4.46 0.97 1.17 4.46 0.92 1.22 -4.48 1.39 1.21 -4.48 1.34 1.21 -4.48 1.29 1.20 -4.48 1.24 1.20 -4.48 1.18 1.19 -4.48 1.13 1.19 -4.48 1.08 1.18 -4.48 1.03 1.18 -4.48 0.97 1.17 -4.48 0.92 1.43 4.46 0.83 1.48 4.46 1.41 1.48 4.46 1.41 1.43 -4.48 0.83 1.43 -4.48 0.83 1.48 -4.48 1.41 1.48 -4.48 1.41 1.48 4.46 1.36 1.47 4.46 1.30 1.47 4.46 1.25 1.46 4.46 1.20 1.46 4.46 1.15 1.45 4.46 1.09 1.45 4.46 1.04 1.44 4.46 0.99 1.44 4.46 0.94 1.43 4.46 0.88 1.48 -4.48 1.36 1.47 -4.48 1.30 1.47 -4.48 1.25 1.46 -4.48 1.20 1.46 -4.48 1.15 1.45 -4.48 1.09 1.45 -4.48 1.04 1.44 -4.48 0.99 1.44 -4.48 0.94 1.43 -4.48 0.88 1.69 4.46 0.80 1.74 4.46 1.38 1.74 4.46 1.38 1.69 -4.48 0.80 1.69 -4.48 0.80 1.74 -4.48 1.38 1.74 -4.48 1.38 1.73 4.46 1.32 1.73 4.46 1.27 1.72 4.46 1.22 1.72 4.46 1.17 1.72 4.46 1.11 1.71 4.46 1.06 1.71 4.46 1.01 1.70 4.46 0.96 1.70 4.46 0.90 1.70 4.46 0.85 1.73 -4.48 1.32 1.73 -4.48 1.27 1.72 -4.48 1.22 1.72 -4.48 1.17 1.72 -4.48 1.11 1.71 -4.48 1.06 1.71 -4.48 1.01 1.70 -4.48 0.96 1.70 -4.48 0.90 1.70 -4.48 0.85 1.95 4.46 0.77 1.99 4.46 1.35 1.99 4.46 1.35 1.95 -4.48 0.77 1.95 -4.48 0.77 1.99 -4.48 1.35 1.99 -4.48 1.35 1.99 4.46 1.30 1.99 4.46 1.24 1.98 4.46 1.19 1.98 4.46 1.14 1.97 4.46 1.09 1.97 4.46 1.03 1.97 4.46 0.98 1.96 4.46 0.93 1.96 4.46 0.88 1.96 4.46 0.82 1.99 -4.48 1.30 1.99 -4.48 1.24 1.98 -4.48 1.19 1.98 -4.48 1.14 1.97 -4.48 1.09 1.97 -4.48 1.03 1.97 -4.48 0.98 1.96 -4.48 0.93 1.96 -4.48 0.88 1.96 -4.48 0.82 2.21 4.46 0.74 2.25 4.46 1.32 2.25 4.46 1.32 2.21 -4.48 0.74 2.21 -4.48 0.74 2.25 -4.48 1.32 2.25 -4.48 1.32 2.25 4.46 1.27 2.25 4.46 1.22 2.24 4.46 1.16 2.24 4.46 1.11 2.23 4.46 1.06 2.23 4.46 1.01 2.23 4.46 0.95 2.22 4.46 0.90 2.22 4.46 0.85 2.22 4.46 0.80 2.25 -4.48 1.27 2.25 -4.48 1.22 2.24 -4.48 1.16 2.24 -4.48 1.11 2.23 -4.48 1.06 2.23 -4.48 1.01 2.23 -4.48 0.95 2.22 -4.48 0.90 2.22 -4.48 0.85 2.22 -4.48 0.80 2.47 4.46 0.71 2.51 4.46 1.29 2.51 4.46 1.29 2.47 -4.48 0.71 2.47 -4.48 0.71 2.51 -4.48 1.29 2.51 -4.48 1.29 2.51 4.46 1.24 2.50 4.46 1.19 2.50 4.46 1.13 2.50 4.46 1.08 2.49 4.46 1.03 2.49 4.46 0.98 2.49 4.46 0.92 2.48 4.46 0.87 2.48 4.46 0.82 2.48 4.46 0.77 2.51 -4.48 1.24 2.50 -4.48 1.19 2.50 -4.48 1.13 2.50 -4.48 1.08 2.49 -4.48 1.03 2.49 -4.48 0.98 2.49 -4.48 0.92 2.48 -4.48 0.87 2.48 -4.48 0.82 2.48 -4.48 0.77 2.73 4.46 0.68 2.77 4.46 1.26 2.77 4.46 1.26 2.73 -4.48 0.68 2.73 -4.48 0.68 2.77 -4.48 1.26 2.77 -4.48 1.26 2.77 4.46 1.21 2.76 4.46 1.16 2.76 4.46 1.11 2.76 4.46 1.05 2.75 4.46 1.00 2.75 4.46 0.95 2.75 4.46 0.90 2.74 4.46 0.84 2.74 4.46 0.79 2.73 4.46 0.74 2.77 -4.48 1.21 2.76 -4.48 1.16 2.76 -4.48 1.11 2.76 -4.48 1.05 2.75 -4.48 1.00 2.75 -4.48 0.95 2.75 -4.48 0.90 2.74 -4.48 0.84 2.74 -4.48 0.79 2.73 -4.48 0.74 2.99 4.46 0.66 3.03 4.46 1.23 3.03 4.46 1.23 2.99 -4.48 0.66 2.99 -4.48 0.66 3.03 -4.48 1.23 3.03 -4.48 1.23 3.03 4.46 1.18 3.02 4.46 1.13 3.02 4.46 1.08 3.02 4.46 1.02 3.01 4.46 0.97 3.01 4.46 0.92 3.01 4.46 0.87 3.00 4.46 0.81 3.00 4.46 0.76 2.99 4.46 0.71 3.03 -4.48 1.18 3.02 -4.48 1.13 3.02 -4.48 1.08 3.02 -4.48 1.02 3.01 -4.48 0.97 3.01 -4.48 0.92 3.01 -4.48 0.87 3.00 -4.48 0.81 3.00 -4.48 0.76 2.99 -4.48 0.71 3.25 4.46 0.63 3.29 4.46 1.21 3.29 4.46 1.21 3.25 -4.48 0.63 3.25 -4.48 0.63 3.29 -4.48 1.21 3.29 -4.48 1.21 3.29 4.46 1.15 3.28 4.46 1.10 3.28 4.46 1.05 3.28 4.46 0.99 3.27 4.46 0.94 3.27 4.46 0.89 3.26 4.46 0.84 3.26 4.46 0.78 3.26 4.46 0.73 3.25 4.46 0.68 3.29 -4.48 1.15 3.28 -4.48 1.10 3.28 -4.48 1.05 3.28 -4.48 0.99 3.27 -4.48 0.94 3.27 -4.48 0.89 3.26 -4.48 0.84 3.26 -4.48 0.78 3.26 -4.48 0.73 3.25 -4.48 0.68 3.51 4.46 0.59 3.55 4.46 1.17 3.55 4.46 1.17 3.51 -4.48 0.59 3.51 -4.48 0.59 3.55 -4.48 1.17 3.55 -4.48 1.17 3.55 4.46 1.12 3.54 4.46 1.07 3.54 4.46 1.02 3.53 4.46 0.96 3.53 4.46 0.91 3.53 4.46 0.86 3.52 4.46 0.80 3.52 4.46 0.75 3.52 4.46 0.70 3.51 4.46 0.65 3.55 -4.48 1.12 3.54 -4.48 1.07 3.54 -4.48 1.02 3.53 -4.48 0.96 3.53 -4.48 0.91 3.53 -4.48 0.86 3.52 -4.48 0.80 3.52 -4.48 0.75 3.52 -4.48 0.70 3.51 -4.48 0.65 3.78 4.46 0.57 3.80 4.46 1.15 3.80 4.46 1.15 3.78 -4.48 0.57 3.78 -4.48 0.57 3.80 -4.48 1.15 3.80 -4.48 1.15 3.80 4.46 1.10 3.80 4.46 1.05 3.79 4.46 0.99 3.79 4.46 0.94 3.79 4.46 0.89 3.79 4.46 0.84 3.79 4.46 0.78 3.79 4.46 0.73 3.78 4.46 0.68 3.78 4.46 0.62 3.80 -4.48 1.10 3.80 -4.48 1.05 3.79 -4.48 0.99 3.79 -4.48 0.94 3.79 -4.48 0.89 3.79 -4.48 0.84 3.79 -4.48 0.78 3.79 -4.48 0.73 3.78 -4.48 0.68 3.78 -4.48 0.62 -1.74 4.46 1.38 -1.71 4.46 1.96 -1.71 4.46 1.96 -1.74 -4.48 1.38 -1.74 -4.48 1.38 -1.71 -4.48 1.96 -1.71 -4.48 1.96 -1.71 4.46 1.90 -1.71 4.46 1.85 -1.71 4.46 1.80 -1.71 4.46 1.75 -1.71 4.46 1.69 -1.71 4.46 1.64 -1.72 4.46 1.59 -1.72 4.46 1.53 -1.73 4.46 1.48 -1.73 4.46 1.43 -1.71 -4.48 1.90 -1.71 -4.48 1.85 -1.71 -4.48 1.80 -1.71 -4.48 1.75 -1.71 -4.48 1.69 -1.71 -4.48 1.64 -1.72 -4.48 1.59 -1.72 -4.48 1.53 -1.73 -4.48 1.48 -1.73 -4.48 1.43 -1.23 4.46 1.27 -1.19 4.46 1.85 -1.19 4.46 1.85 -1.23 -4.48 1.27 -1.23 -4.48 1.27 -1.19 -4.48 1.85 -1.19 -4.48 1.85 -1.19 4.46 1.80 -1.19 4.46 1.74 -1.20 4.46 1.69 -1.20 4.46 1.64 -1.21 4.46 1.59 -1.21 4.46 1.53 -1.22 4.46 1.48 -1.22 4.46 1.43 -1.23 4.46 1.38 -1.23 4.46 1.32 -1.19 -4.48 1.80 -1.19 -4.48 1.74 -1.20 -4.48 1.69 -1.20 -4.48 1.64 -1.21 -4.48 1.59 -1.21 -4.48 1.53 -1.22 -4.48 1.48 -1.22 -4.48 1.43 -1.22 -4.48 1.38 -1.23 -4.48 1.32 -0.72 4.46 1.17 -0.66 4.46 1.74 -0.66 4.46 1.74 -0.72 -4.48 1.17 -0.72 -4.48 1.17 -0.66 -4.48 1.74 -0.66 -4.48 1.74 -0.67 4.46 1.69 -0.67 4.46 1.64 -0.68 4.46 1.59 -0.68 4.46 1.54 -0.69 4.46 1.48 -0.69 4.46 1.43 -0.70 4.46 1.38 -0.71 4.46 1.33 -0.71 4.46 1.27 -0.72 4.46 1.22 -0.67 -4.48 1.69 -0.67 -4.48 1.64 -0.68 -4.48 1.59 -0.68 -4.48 1.53 -0.69 -4.48 1.48 -0.69 -4.48 1.43 -0.70 -4.48 1.38 -0.70 -4.48 1.33 -0.71 -4.48 1.27 -0.72 -4.48 1.22 -0.21 4.46 1.08 -0.15 4.46 1.65 -0.15 4.46 1.65 -0.21 -4.48 1.08 -0.21 -4.48 1.08 -0.15 -4.48 1.65 -0.15 -4.48 1.65 -0.15 4.46 1.60 -0.16 4.46 1.55 -0.16 4.46 1.50 -0.17 4.46 1.44 -0.17 4.46 1.39 -0.18 4.46 1.34 -0.18 4.46 1.29 -0.19 4.46 1.23 -0.20 4.46 1.18 -0.20 4.46 1.13 -0.15 -4.48 1.60 -0.16 -4.48 1.55 -0.16 -4.48 1.50 -0.17 -4.48 1.44 -0.17 -4.48 1.39 -0.18 -4.48 1.34 -0.18 -4.48 1.29 -0.19 -4.48 1.23 -0.19 -4.48 1.18 -0.20 -4.48 1.13 0.31 4.46 1.00 0.37 4.46 1.57 0.37 4.46 1.57 0.31 -4.48 1.00 0.31 -4.48 1.00 0.37 -4.48 1.57 0.37 -4.48 1.57 0.36 4.46 1.52 0.36 4.46 1.47 0.35 4.46 1.42 0.35 4.46 1.36 0.34 4.46 1.31 0.34 4.46 1.26 0.33 4.46 1.21 0.33 4.46 1.15 0.32 4.46 1.10 0.31 4.46 1.05 0.36 -4.48 1.52 0.36 -4.48 1.47 0.35 -4.48 1.42 0.35 -4.48 1.36 0.34 -4.48 1.31 0.34 -4.48 1.26 0.33 -4.48 1.21 0.33 -4.48 1.15 0.32 -4.48 1.10 0.31 -4.48 1.05 3.96 -4.49 0.85 3.97 -4.49 1.10 3.97 -4.44 1.10 3.96 -4.44 0.85 3.94 -4.51 0.85 3.95 -4.51 1.09 3.94 -0.01 1.09 3.94 -0.01 1.09 3.95 -4.38 1.18 3.95 -4.38 1.18 3.97 -4.38 1.10 3.96 -4.38 0.85 3.92 -4.49 0.85 3.92 -4.49 1.09 3.97 -2.37 1.18 3.97 -4.49 1.18 3.97 -4.44 1.18 3.94 -0.01 0.85 3.94 -0.01 0.85 3.96 -2.37 0.85 3.97 -2.37 1.10 3.92 -4.44 0.85 3.92 -4.44 1.09 3.94 -4.38 1.17 3.95 -4.51 1.17 3.95 -4.44 1.17 3.95 -4.44 1.17 3.97 -4.38 1.18 3.94 -4.38 0.85 3.94 -4.38 1.09 3.93 -4.49 1.16 3.93 -4.44 1.16 3.95 -4.49 0.60 3.95 -4.44 0.60 3.93 -4.51 0.61 3.93 -4.38 0.53 3.93 -4.38 0.53 3.95 -4.38 0.60 3.91 -4.49 0.62 3.95 -2.37 0.52 3.95 -4.49 0.52 3.95 -4.44 0.52 3.95 -2.37 0.60 3.91 -4.44 0.62 3.92 -4.38 0.54 3.93 -4.51 0.53 3.93 -4.44 0.53 3.93 -4.44 0.53 3.95 -4.38 0.52 3.93 -0.01 0.53 3.93 -0.01 0.53 3.93 -0.01 0.53 3.93 -0.01 0.53 3.93 -4.38 0.62 3.91 -4.49 0.55 3.91 -4.44 0.55 3.96 4.47 0.85 3.97 4.47 1.10 3.97 4.42 1.10 3.96 4.42 0.85 3.94 4.49 0.85 3.95 4.49 1.09 3.95 4.36 1.18 3.95 4.36 1.18 3.97 4.36 1.10 3.96 4.36 0.85 3.92 4.47 0.85 3.92 4.47 1.09 3.97 -0.01 1.18 3.97 4.47 1.18 3.97 4.42 1.18 3.96 -0.01 0.85 3.97 -0.01 1.10 3.92 4.42 0.85 3.92 4.42 1.09 3.94 4.36 1.17 3.95 4.49 1.17 3.95 4.42 1.17 3.95 4.42 1.17 3.97 4.36 1.18 3.95 -0.01 1.18 3.95 -0.01 1.18 3.95 -0.01 1.18 3.95 -0.01 1.18 3.94 4.36 0.85 3.94 4.36 1.09 3.94 -0.01 1.17 3.94 -0.01 1.17 3.93 4.47 1.16 3.93 4.42 1.16 3.95 4.47 0.60 3.95 4.42 0.60 3.93 4.49 0.61 3.93 -0.01 0.62 3.93 -0.01 0.62 3.93 4.36 0.53 3.93 4.36 0.53 3.95 4.36 0.60 3.91 4.47 0.62 3.95 -0.01 0.52 3.95 4.47 0.52 3.95 4.42 0.52 3.95 -0.01 0.60 3.91 4.42 0.62 3.92 4.36 0.54 3.93 4.49 0.53 3.93 4.42 0.53 3.93 4.42 0.53 3.95 4.36 0.52 3.93 4.36 0.62 3.92 -0.01 0.54 3.92 -0.01 0.54 3.91 4.47 0.55 3.91 4.42 0.55 3.85 4.46 0.57 3.87 4.46 1.15 3.87 4.46 1.15 3.85 -4.48 0.57 3.85 -4.48 0.57 3.87 -4.48 1.15 3.87 -4.48 1.15 3.87 4.46 1.10 3.86 4.46 1.04 3.86 4.46 0.99 3.86 4.46 0.94 3.86 4.46 0.89 3.86 4.46 0.83 3.86 4.46 0.78 3.85 4.46 0.73 3.85 4.46 0.67 3.85 4.46 0.62 3.87 -4.48 1.10 3.86 -4.48 1.04 3.86 -4.48 0.99 3.86 -4.48 0.94 3.86 -4.48 0.89 3.86 -4.48 0.83 3.86 -4.48 0.78 3.85 -4.48 0.73 3.85 -4.48 0.67 3.85 -4.48 0.62 3.65 4.46 0.58 3.68 4.46 1.16 3.68 4.46 1.16 3.65 -4.48 0.58 3.65 -4.48 0.58 3.68 -4.48 1.16 3.68 -4.48 1.16 3.68 4.46 1.11 3.68 4.46 1.05 3.67 4.46 1.00 3.67 4.46 0.95 3.67 4.46 0.89 3.67 4.46 0.84 3.66 4.46 0.79 3.66 4.46 0.74 3.66 4.46 0.68 3.66 4.46 0.63 3.68 -4.48 1.11 3.68 -4.48 1.05 3.67 -4.48 1.00 3.67 -4.48 0.95 3.67 -4.48 0.89 3.67 -4.48 0.84 3.66 -4.48 0.79 3.66 -4.48 0.74 3.66 -4.48 0.68 3.66 -4.48 0.63 3.88 4.46 0.57 3.90 4.46 1.15 3.90 4.46 1.15 3.88 -4.48 0.57 3.88 -4.48 0.57 3.90 -4.48 1.15 3.90 -4.48 1.15 3.90 4.46 1.09 3.89 4.46 1.04 3.89 4.46 0.99 3.89 4.46 0.94 3.89 4.46 0.88 3.89 4.46 0.83 3.89 4.46 0.78 3.89 4.46 0.73 3.88 4.46 0.67 3.88 4.46 0.62 3.90 -4.48 1.09 3.89 -4.48 1.04 3.89 -4.48 0.99 3.89 -4.48 0.94 3.89 -4.48 0.88 3.89 -4.48 0.83 3.89 -4.48 0.78 3.89 -4.48 0.73 3.88 -4.48 0.67 3.88 -4.48 0.62 3.39 4.46 0.61 3.43 4.46 1.19 3.43 4.46 1.19 3.39 -4.48 0.61 3.39 -4.48 0.61 3.43 -4.48 1.19 3.43 -4.48 1.19 3.43 4.46 1.14 3.43 4.46 1.08 3.42 4.46 1.03 3.42 4.46 0.98 3.42 4.46 0.93 3.41 4.46 0.87 3.41 4.46 0.82 3.40 4.46 0.77 3.40 4.46 0.72 3.40 4.46 0.66 3.43 -4.48 1.14 3.43 -4.48 1.08 3.42 -4.48 1.03 3.42 -4.48 0.98 3.42 -4.48 0.93 3.41 -4.48 0.87 3.41 -4.48 0.82 3.40 -4.48 0.77 3.40 -4.48 0.72 3.40 -4.48 0.66 3.12 4.46 0.64 3.16 4.46 1.22 3.16 4.46 1.22 3.12 -4.48 0.64 3.12 -4.48 0.64 3.16 -4.48 1.22 3.16 -4.48 1.22 3.16 4.46 1.17 3.16 4.46 1.11 3.15 4.46 1.06 3.15 4.46 1.01 3.14 4.46 0.96 3.14 4.46 0.90 3.14 4.46 0.85 3.13 4.46 0.80 3.13 4.46 0.75 3.13 4.46 0.69 3.16 -4.48 1.17 3.16 -4.48 1.11 3.15 -4.48 1.06 3.15 -4.48 1.01 3.14 -4.48 0.96 3.14 -4.48 0.90 3.14 -4.48 0.85 3.13 -4.48 0.80 3.13 -4.48 0.75 3.13 -4.48 0.69
3.92 4.46 0.56 3.96 4.46 1.14 3.96 4.46 1.14 -2.37 4.46 2.60 -2.37 4.46 2.60 -2.37 4.46 2.60 -2.30 4.46 3.17 -2.30 4.46 3.17 -2.30 4.46 3.17 -2.37 -4.48 2.60 -2.37 -4.48 2.60 -2.37 -4.48 2.60 -2.30 -4.48 3.17 -2.30 -4.48 3.17 -2.30 -4.48 3.17 3.92 -4.48 0.56 3.92 -4.48 0.56 3.96 -4.48 1.14 3.96 -4.48 1.14 3.96 4.46 1.09 3.96 4.46 1.09 3.96 4.46 1.03 3.96 4.46 1.03 3.95 4.46 0.98 3.95 4.46 0.98 3.95 4.46 0.93 3.95 4.46 0.93 3.95 4.46 0.88 3.95 4.46 0.88 3.95 4.46 0.88 3.94 4.46 0.82 3.94 4.46 0.82 3.94 4.46 0.82 3.94 4.46 0.77 3.94 4.46 0.77 3.94 4.46 0.72 3.94 4.46 0.72 3.93 4.46 0.67 3.93 4.46 0.67 3.93 4.46 0.61 3.93 4.46 0.61 -2.30 4.46 3.12 -2.30 4.46 3.12 -2.30 4.46 3.06 -2.30 4.46 3.06 -2.31 4.46 3.01 -2.31 4.46 3.01 -2.31 4.46 2.96 -2.31 4.46 2.96 -2.31 4.46 2.90 -2.31 4.46 2.90 -2.32 4.46 2.85 -2.32 4.46 2.85 -2.33 4.46 2.80 -2.33 4.46 2.80 -2.34 4.46 2.75 -2.34 4.46 2.75 -2.35 4.46 2.70 -2.35 4.46 2.70 -2.36 4.46 2.65 -2.36 4.46 2.65 -2.30 -4.48 3.12 -2.30 -4.48 3.12 -2.30 -4.48 3.06 -2.30 -4.48 3.06 -2.30 -4.48 3.01 -2.30 -4.48 3.01 -2.31 -4.48 2.96 -2.31 -4.48 2.96 -2.31 -4.48 2.90 -2.31 -4.48 2.90 -2.32 -4.48 2.85 -2.32 -4.48 2.85 -2.33 -4.48 2.80 -2.33 -4.48 2.80 -2.34 -4.48 2.75 -2.34 -4.48 2.75 -2.35 -4.48 2.70 -2.35 -4.48 2.70 -2.36 -4.48 2.65 -2.36 -4.48 2.65 3.96 -4.48 1.09 3.96 -4.48 1.09 3.96 -4.48 1.03 3.96 -4.48 1.03 3.95 -4.48 0.98 3.95 -4.48 0.98 3.95 -4.48 0.93 3.95 -4.48 0.93 3.95 -4.48 0.88 3.95 -4.48 0.88 3.95 -4.48 0.88 3.94 -4.48 0.82 3.94 -4.48 0.82 3.94 -4.48 0.82 3.94 -4.48 0.77 3.94 -4.48 0.77 3.94 -4.48 0.72 3.94 -4.48 0.72 3.93 -4.48 0.67 3.93 -4.48 0.67 3.93 -4.48 0.61 3.93 -4.48 0.61 0.70 4.46 1.39 0.82 4.46 1.95 0.82 4.46 1.95 0.70 -4.48 1.39 0.70 -4.48 1.39 0.82 -4.48 1.95 0.82 -4.48 1.95 0.81 4.46 1.90 0.80 4.46 1.85 0.79 4.46 1.80 0.78 4.46 1.75 0.77 4.46 1.70 0.76 4.46 1.64 0.75 4.46 1.59 0.73 4.46 1.54 0.72 4.46 1.49 0.71 4.46 1.44 0.81 -4.48 1.90 0.80 -4.48 1.85 0.79 -4.48 1.80 0.78 -4.48 1.75 0.77 -4.48 1.70 0.76 -4.48 1.64 0.75 -4.48 1.59 0.73 -4.48 1.54 0.72 -4.48 1.49 0.71 -4.48 1.44 0.96 4.46 1.31 1.07 4.46 1.87 1.07 4.46 1.87 0.96 -4.48 1.31 0.96 -4.48 1.31 1.07 -4.48 1.87 1.07 -4.48 1.87 1.06 4.46 1.82 1.05 4.46 1.77 1.04 4.46 1.72 1.03 4.46 1.67 1.02 4.46 1.62 1.01 4.46 1.56 1.00 4.46 1.51 0.99 4.46 1.46 0.98 4.46 1.41 0.97 4.46 1.36 1.06 -4.48 1.82 1.05 -4.48 1.77 1.04 -4.48 1.72 1.03 -4.48 1.67 1.02 -4.48 1.62 1.01 -4.48 1.56 1.00 -4.48 1.51 0.99 -4.48 1.46 0.98 -4.48 1.41 0.97 -4.48 1.36 1.21 4.46 1.23 1.32 4.46 1.79 1.32 4.46 1.79 1.21 -4.48 1.23 1.21 -4.48 1.23 1.32 -4.48 1.79 1.32 -4.48 1.79 1.31 4.46 1.74 1.30 4.46 1.69 1.29 4.46 1.64 1.28 4.46 1.59 1.27 4.46 1.54 1.26 4.46 1.48 1.25 4.46 1.43 1.24 4.46 1.38 1.23 4.46 1.33 1.22 4.46 1.28 1.31 -4.48 1.74 1.30 -4.48 1.69 1.29 -4.48 1.64 1.28 -4.48 1.59 1.27 -4.48 1.54 1.26 -4.48 1.48 1.25 -4.48 1.43 1.24 -4.48 1.38 1.23 -4.48 1.33 1.22 -4.48 1.28 1.47 4.46 1.15 1.57 4.46 1.71 1.57 4.46 1.71 1.47 -4.48 1.15 1.47 -4.48 1.15 1.57 -4.48 1.71 1.57 -4.48 1.71 1.56 4.46 1.66 1.55 4.46 1.61 1.54 4.46 1.56 1.53 4.46 1.51 1.53 4.46 1.46 1.52 4.46 1.41 1.51 4.46 1.36 1.50 4.46 1.30 1.49 4.46 1.25 1.48 4.46 1.20 1.56 -4.48 1.66 1.55 -4.48 1.61 1.54 -4.48 1.56 1.53 -4.48 1.51 1.53 -4.48 1.46 1.52 -4.48 1.41 1.51 -4.48 1.36 1.50 -4.48 1.30 1.49 -4.48 1.25 1.48 -4.48 1.20 1.73 4.46 1.08 1.82 4.46 1.65 1.82 4.46 1.65 1.73 -4.48 1.08 1.73 -4.48 1.08 1.82 -4.48 1.65 1.82 -4.48 1.65 1.81 4.46 1.59 1.80 4.46 1.54 1.80 4.46 1.49 1.79 4.46 1.44 1.78 4.46 1.39 1.77 4.46 1.34 1.76 4.46 1.28 1.75 4.46 1.23 1.74 4.46 1.18 1.73 4.46 1.13 1.81 -4.48 1.59 1.80 -4.48 1.54 1.80 -4.48 1.49 1.79 -4.48 1.44 1.78 -4.48 1.39 1.77 -4.48 1.34 1.76 -4.48 1.28 1.75 -4.48 1.23 1.74 -4.48 1.18 1.73 -4.48 1.13 1.98 4.46 1.01 2.08 4.46 1.58 2.08 4.46 1.58 1.98 -4.48 1.01 1.98 -4.48 1.01 2.08 -4.48 1.58 2.08 -4.48 1.58 2.07 4.46 1.53 2.06 4.46 1.48 2.05 4.46 1.43 2.04 4.46 1.37 2.03 4.46 1.32 2.03 4.46 1.27 2.02 4.46 1.22 2.01 4.46 1.17 2.00 4.46 1.12 1.99 4.46 1.06 2.07 -4.48 1.53 2.06 -4.48 1.48 2.05 -4.48 1.43 2.04 -4.48 1.37 2.03 -4.48 1.32 2.03 -4.48 1.27 2.02 -4.48 1.22 2.01 -4.48 1.17 2.00 -4.48 1.12 1.99 -4.48 1.06 2.24 4.46 0.95 2.33 4.46 1.52 2.33 4.46 1.52 2.24 -4.48 0.95 2.24 -4.48 0.95 2.33 -4.48 1.52 2.33 -4.48 1.52 2.32 4.46 1.47 2.31 4.46 1.42 2.31 4.46 1.36 2.30 4.46 1.31 2.29 4.46 1.26 2.28 4.46 1.21 2.27 4.46 1.16 2.26 4.46 1.11 2.26 4.46 1.05 2.25 4.46 1.00 2.32 -4.48 1.47 2.31 -4.48 1.42 2.31 -4.48 1.36 2.30 -4.48 1.31 2.29 -4.48 1.26 2.28 -4.48 1.21 2.27 -4.48 1.16 2.26 -4.48 1.11 2.26 -4.48 1.05 2.25 -4.48 1.00 2.50 4.46 0.88 2.59 4.46 1.45 2.59 4.46 1.45 2.50 -4.48 0.88 2.50 -4.48 0.88 2.59 -4.48 1.45 2.59 -4.48 1.45 2.58 4.46 1.40 2.57 4.46 1.35 2.56 4.46 1.30 2.55 4.46 1.25 2.54 4.46 1.20 2.54 4.46 1.14 2.53 4.46 1.09 2.52 4.46 1.04 2.51 4.46 0.99 2.50 4.46 0.94 2.58 -4.48 1.40 2.57 -4.48 1.35 2.56 -4.48 1.30 2.55 -4.48 1.25 2.54 -4.48 1.20 2.54 -4.48 1.14 2.53 -4.48 1.09 2.52 -4.48 1.04 2.51 -4.48 0.99 2.50 -4.48 0.94 2.75 4.46 0.82 2.84 4.46 1.39 2.84 4.46 1.39 2.75 -4.48 0.82 2.75 -4.48 0.82 2.84 -4.48 1.39 2.84 -4.48 1.39 2.83 4.46 1.34 2.82 4.46 1.29 2.82 4.46 1.23 2.81 4.46 1.18 2.80 4.46 1.13 2.79 4.46 1.08 2.78 4.46 1.03 2.78 4.46 0.97 2.77 4.46 0.92 2.76 4.46 0.87 2.83 -4.48 1.34 2.82 -4.48 1.29 2.82 -4.48 1.23 2.81 -4.48 1.18 2.80 -4.48 1.13 2.79 -4.48 1.08 2.78 -4.48 1.03 2.78 -4.48 0.97 2.77 -4.48 0.92 2.76 -4.48 0.87 3.01 4.46 0.75 3.10 4.46 1.32 3.10 4.46 1.32 3.01 -4.48 0.75 3.01 -4.48 0.75 3.10 -4.48 1.32 3.10 -4.48 1.32 3.09 4.46 1.27 3.08 4.46 1.22 3.07 4.46 1.17 3.06 4.46 1.12 3.06 4.46 1.06 3.05 4.46 1.01 3.04 4.46 0.96 3.03 4.46 0.91 3.02 4.46 0.86 3.01 4.46 0.81 3.09 -4.48 1.27 3.08 -4.48 1.22 3.07 -4.48 1.17 3.06 -4.48 1.12 3.06 -4.48 1.06 3.05 -4.48 1.01 3.04 -4.48 0.96 3.03 -4.48 0.91 3.02 -4.48 0.86 3.01 -4.48 0.81 3.26 4.46 0.69 3.35 4.46 1.26 3.35 4.46 1.26 3.26 -4.48 0.69 3.26 -4.48 0.69 3.35 -4.48 1.26 3.35 -4.48 1.26 3.34 4.46 1.21 3.34 4.46 1.15 3.33 4.46 1.10 3.32 4.46 1.05 3.31 4.46 1.00 3.30 4.46 0.95 3.29 4.46 0.90 3.29 4.46 0.84 3.28 4.46 0.79 3.27 4.46 0.74 3.34 -4.48 1.21 3.34 -4.48 1.15 3.33 -4.48 1.10 3.32 -4.48 1.05 3.31 -4.48 1.00 3.30 -4.48 0.95 3.29 -4.48 0.90 3.29 -4.48 0.84 3.28 -4.48 0.79 3.27 -4.48 0.74 3.52 4.46 0.62 3.60 4.46 1.19 3.60 4.46 1.19 3.52 -4.48 0.62 3.52 -4.48 0.62 3.60 -4.48 1.19 3.60 -4.48 1.19 3.59 4.46 1.14 3.59 4.46 1.09 3.58 4.46 1.04 3.57 4.46 0.98 3.57 4.46 0.93 3.56 4.46 0.88 3.55 4.46 0.83 3.54 4.46 0.78 3.54 4.46 0.72 3.53 4.46 0.67 3.59 -4.48 1.14 3.59 -4.48 1.09 3.58 -4.48 1.04 3.57 -4.48 0.98 3.57 -4.48 0.93 3.56 -4.48 0.88 3.55 -4.48 0.83 3.54 -4.48 0.78 3.54 -4.48 0.72 3.53 -4.48 0.67 3.80 4.46 0.57 3.84 4.46 1.15 3.84 4.46 1.15 3.80 -4.48 0.57 3.80 -4.48 0.57 3.84 -4.48 1.15 3.84 -4.48 1.15 3.84 4.46 1.10 3.83 4.46 1.05 3.83 4.46 0.99 3.83 4.46 0.94 3.82 4.46 0.89 3.82 4.46 0.84 3.81 4.46 0.78 3.81 4.46 0.73 3.81 4.46 0.68 3.80 4.46 0.63 3.84 -4.48 1.10 3.83 -4.48 1.05 3.83 -4.48 0.99 3.83 -4.48 0.94 3.82 -4.48 0.89 3.82 -4.48 0.84 3.81 -4.48 0.78 3.81 -4.48 0.73 3.81 -4.48 0.68 3.80 -4.48 0.63 -1.61 4.46 2.27 -1.51 4.46 2.84 -1.51 4.46 2.84 -1.61 -4.48 2.27 -1.61 -4.48 2.27 -1.51 -4.48 2.84 -1.51 -4.48 2.84 -1.52 4.46 2.79 -1.52 4.46 2.74 -1.53 4.46 2.68 -1.54 4.46 2.63 -1.55 4.46 2.58 -1.56 4.46 2.53 -1.57 4.46 2.48 -1.58 4.46 2.43 -1.59 4.46 2.38 -1.60 4.46 2.32 -1.52 -4.48 2.79 -1.52 -4.48 2.73 -1.53 -4.48 2.68 -1.54 -4.48 2.63 -1.54 -4.48 2.58 -1.55 -4.48 2.53 -1.56 -4.48 2.48 -1.58 -4.48 2.43 -1.59 -4.48 2.37 -1.60 -4.48 2.32 -1.13 4.46 2.06 -1.01 4.46 2.62 -1.01 4.46 2.62 -1.13 -4.48 2.06 -1.13 -4.48 2.06 -1.01 -4.48 2.62 -1.01 -4.48 2.62 -1.02 4.46 2.57 -1.03 4.46 2.52 -1.04 4.46 2.47 -1.05 4.46 2.42 -1.06 4.46 2.37 -1.07 4.46 2.32 -1.09 4.46 2.27 -1.10 4.46 2.21 -1.11 4.46 2.16 -1.12 4.46 2.11 -1.02 -4.48 2.57 -1.03 -4.48 2.52 -1.04 -4.48 2.47 -1.05 -4.48 2.42 -1.06 -4.48 2.37 -1.07 -4.48 2.32 -1.09 -4.48 2.26 -1.10 -4.48 2.21 -1.11 -4.48 2.16 -1.12 -4.48 2.11 -0.64 4.46 1.85 -0.51 4.46 2.41 -0.51 4.46 2.41 -0.64 -4.48 1.85 -0.64 -4.48 1.85 -0.51 -4.48 2.41 -0.51 -4.48 2.41 -0.52 4.46 2.36 -0.53 4.46 2.31 -0.54 4.46 2.26 -0.55 4.46 2.21 -0.57 4.46 2.16 -0.58 4.46 2.11 -0.59 4.46 2.06 -0.60 4.46 2.01 -0.61 4.46 1.96 -0.62 4.46 1.90 -0.52 -4.48 2.36 -0.53 -4.48 2.31 -0.54 -4.48 2.26 -0.55 -4.48 2.21 -0.57 -4.48 2.16 -0.58 -4.48 2.11 -0.59 -4.48 2.06 -0.60 -4.48 2.01 -0.61 -4.48 1.95 -0.62 -4.48 1.90 -0.13 4.46 1.67 -0.01 4.46 2.23 -0.01 4.46 2.23 -0.13 -4.48 1.67 -0.13 -4.48 1.67 -0.01 -4.48 2.23 -0.01 -4.48 2.23 -0.02 4.46 2.18 -0.03 4.46 2.12 -0.05 4.46 2.07 -0.06 4.46 2.02 -0.07 4.46 1.97 -0.08 4.46 1.92 -0.09 4.46 1.87 -0.10 4.46 1.82 -0.11 4.46 1.77 -0.12 4.46 1.72 -0.02 -4.48 2.18 -0.03 -4.48 2.12 -0.05 -4.48 2.07 -0.06 -4.48 2.02 -0.07 -4.48 1.97 -0.08 -4.48 1.92 -0.09 -4.48 1.87 -0.10 -4.48 1.82 -0.11 -4.48 1.77 -0.12 -4.48 1.72 0.37 4.46 1.50 0.49 4.46 2.06 0.49 4.46 2.06 0.37 -4.48 1.50 0.37 -4.48 1.50 0.49 -4.48 2.06 0.49 -4.48 2.06 0.48 4.46 2.01 0.47 4.46 1.96 0.46 4.46 1.91 0.45 4.46 1.85 0.43 4.46 1.80 0.42 4.46 1.75 0.41 4.46 1.70 0.40 4.46 1.65 0.39 4.46 1.60 0.38 4.46 1.55 0.48 -4.48 2.01 0.47 -4.48 1.96 0.46 -4.48 1.91 0.45 -4.48 1.85 0.43 -4.48 1.80 0.42 -4.48 1.75 0.41 -4.48 1.70 0.40 -4.48 1.65 0.39 -4.48 1.60 0.38 -4.48 1.55 3.99 -4.49 0.84 4.01 -4.49 1.09 4.01 -4.44 1.09 3.99 -4.44 0.84 3.97 -4.51 0.85 3.99 -4.51 1.09 3.98 -0.01 1.08 3.98 -0.01 1.08 4.00 -4.38 1.17 4.00 -4.38 1.17 4.01 -4.38 1.09 3.99 -4.38 0.84 3.95 -4.49 0.85 3.96 -4.49 1.08 4.01 -2.37 1.18 4.01 -4.49 1.18 4.01 -4.44 1.18 3.97 -0.01 0.85 3.97 -0.01 0.85 3.99 -2.37 0.84 4.01 -2.37 1.09 3.95 -4.44 0.85 3.96 -4.44 1.08 3.98 -4.38 1.16 3.99 -4.51 1.16 3.99 -4.44 1.17 3.99 -4.44 1.17 4.01 -4.38 1.18 3.97 -4.38 0.85 3.98 -4.38 1.08 3.97 -4.49 1.15 3.97 -4.44 1.15 3.97 -4.49 0.60 3.97 -4.44 0.60 3.95 -4.51 0.61 3.95 -4.38 0.52 3.95 -4.38 0.52 3.97 -4.38 0.60 3.93 -4.49 0.62 3.97 -2.37 0.51 3.97 -4.49 0.51 3.97 -4.44 0.51 3.97 -2.37 0.60 3.93 -4.44 0.62 3.94 -4.38 0.53 3.95 -4.51 0.53 3.95 -4.44 0.53 3.95 -4.44 0.53 3.97 -4.38 0.51 3.95 -0.01 0.52 3.95 -0.01 0.52 3.95 -0.01 0.52 3.95 -0.01 0.52 3.95 -4.38 0.61 3.93 -4.49 0.55 3.93 -4.44 0.55 3.99 4.47 0.84 4.01 4.47 1.09 4.01 4.42 1.09 3.99 4.42 0.84 3.97 4.49 0.85 3.99 4.49 1.09 4.00 4.36 1.17 4.00 4.36 1.17 4.01 4.36 1.09 3.99 4.36 0.84 3.95 4.47 0.85 3.96 4.47 1.08 4.01 -0.01 1.18 4.01 4.47 1.18 4.01 4.42 1.18 3.99 -0.01 0.84 4.01 -0.01 1.09 3.95 4.42 0.85 3.96 4.42 1.08 3.98 4.36 1.16 3.99 4.49 1.16 3.99 4.42 1.17 3.99 4.42 1.17 4.01 4.36 1.18 4.00 -0.01 1.17 4.00 -0.01 1.17 4.00 -0.01 1.17 4.00 -0.01 1.17 3.97 4.36 0.85 3.98 4.36 1.08 3.98 -0.01 1.16 3.98 -0.01 1.16 3.97 4.47 1.15 3.97 4.42 1.15 3.97 4.47 0.60 3.97 4.42 0.60 3.95 4.49 0.61 3.95 -0.01 0.61 3.95 -0.01 0.61 3.95 4.36 0.52 3.95 4.36 0.52 3.97 4.36 0.60 3.93 4.47 0.62 3.97 -0.01 0.51 3.97 4.47 0.51 3.97 4.42 0.51 3.97 -0.01 0.60 3.93 4.42 0.62 3.94 4.36 0.53 3.95 4.49 0.53 3.95 4.42 0.53 3.95 4.42 0.53 3.97 4.36 0.51 3.95 4.36 0.61 3.94 -0.01 0.53 3.94 -0.01 0.53 3.93 4.47 0.55 3.93 4.42 0.55 3.87 4.46 0.57 3.91 4.46 1.15 3.91 4.46 1.15 3.87 -4.48 0.57 3.87 -4.48 0.57 3.91 -4.48 1.15 3.91 -4.48 1.15 3.90 4.46 1.09 3.90 4.46 1.04 3.90 4.46 0.99 3.89 4.46 0.93 3.89 4.46 0.88 3.89 4.46 0.83 3.88 4.46 0.78 3.88 4.46 0.72 3.88 4.46 0.67 3.87 4.46 0.62 3.90 -4.48 1.09 3.90 -4.48 1.04 3.90 -4.48 0.99 3.89 -4.48 0.93 3.89 -4.48 0.88 3.89 -4.48 0.83 3.88 -4.48 0.78 3.88 -4.48 0.72 3.88 -4.48 0.67 3.87 -4.48 0.62 3.67 4.46 0.59 3.73 4.46 1.16 3.73 4.46 1.16 3.67 -4.48 0.59 3.67 -4.48 0.59 3.73 -4.48 1.16 3.73 -4.48 1.16 3.72 4.46 1.11 3.72 4.46 1.06 3.71 4.46 1.01 3.71 4.46 0.95 3.70 4.46 0.90 3.70 4.46 0.85 3.69 4.46 0.80 3.69 4.46 0.75 3.68 4.46 0.69 3.68 4.46 0.64 3.72 -4.48 1.11 3.72 -4.48 1.06 3.71 -4.48 1.01 3.71 -4.48 0.95 3.70 -4.48 0.90 3.70 -4.48 0.85 3.69 -4.48 0.80 3.69 -4.48 0.75 3.68 -4.48 0.69 3.68 -4.48 0.64 3.90 4.46 0.56 3.94 4.46 1.14 3.94 4.46 1.14 3.90 -4.48 0.56 3.90 -4.48 0.56 3.94 -4.48 1.14 3.94 -4.48 1.14 3.93 4.46 1.09 3.93 4.46 1.04 3.93 4.46 0.98 3.93 4.46 0.93 3.92 4.46 0.88 3.92 4.46 0.83 3.92 4.46 0.77 3.91 4.46 0.72 3.91 4.46 0.67 3.90 4.46 0.62 3.93 -4.48 1.09 3.93 -4.48 1.04 3.93 -4.48 0.98 3.93 -4.48 0.93 3.92 -4.48 0.88 3.92 -4.48 0.83 3.92 -4.48 0.77 3.91 -4.48 0.72 3.91 -4.48 0.67 3.90 -4.48 0.62 3.40 4.46 0.65 3.49 4.46 1.22 3.49 4.46 1.22 3.40 -4.48 0.65 3.40 -4.48 0.65 3.49 -4.48 1.22 3.49 -4.48 1.22 3.48 4.46 1.17 3.48 4.46 1.12 3.47 4.46 1.07 3.46 4.46 1.02 3.45 4.46 0.96 3.44 4.46 0.91 3.44 4.46 0.86 3.43 4.46 0.81 3.42 4.46 0.76 3.41 4.46 0.70 3.48 -4.48 1.17 3.48 -4.48 1.12 3.47 -4.48 1.07 3.46 -4.48 1.02 3.45 -4.48 0.96 3.44 -4.48 0.91 3.44 -4.48 0.86 3.43 -4.48 0.81 3.42 -4.48 0.76 3.41 -4.48 0.70 3.14 4.46 0.72 3.23 4.46 1.29 3.23 4.46 1.29 3.14 -4.48 0.72 3.14 -4.48 0.72 3.23 -4.48 1.29 3.23 -4.48 1.29 3.22 4.46 1.24 3.21 4.46 1.19 3.20 4.46 1.14 3.19 4.46 1.08 3.18 4.46 1.03 3.18 4.46 0.98 3.17 4.46 0.93 3.16 4.46 0.88 3.15 4.46 0.82 3.14 4.46 0.77 3.22 -4.48 1.24 3.21 -4.48 1.19 3.20 -4.48 1.14 3.19 -4.48 1.08 3.18 -4.48 1.03 3.18 -4.48 0.98 3.17 -4.48 0.93 3.16 -4.48 0.88 3.15 -4.48 0.82 3.14 -4.48 0.77
3.95 4.46 0.55 4.02 4.46 1.13 4.02 4.46 1.13 -1.98 4.46 3.98 -1.98 4.46 3.98 -1.98 4.46 3.98 -1.81 4.46 4.52 -1.81 4.46 4.52 -1.81 4.46 4.52 -1.98 -4.48 3.98 -1.98 -4.48 3.98 -1.98 -4.48 3.98 -1.81 -4.48 4.52 -1.81 -4.48 4.52 -1.81 -4.48 4.52 3.95 -4.48 0.55 3.95 -4.48 0.55 4.02 -4.48 1.13 4.02 -4.48 1.13 4.01 4.46 1.07 4.01 4.46 1.07 4.01 4.46 1.02 4.01 4.46 1.02 4.00 4.46 0.97 4.00 4.46 0.97 3.99 4.46 0.92 3.99 4.46 0.92 3.99 4.46 0.86 3.99 4.46 0.86 3.99 4.46 0.86 3.98 4.46 0.81 3.98 4.46 0.81 3.98 4.46 0.81 3.98 4.46 0.76 3.98 4.46 0.76 3.97 4.46 0.71 3.97 4.46 0.71 3.96 4.46 0.66 3.96 4.46 0.66 3.96 4.46 0.60 3.96 4.46 0.60 -1.82 4.46 4.47 -1.82 4.46 4.47 -1.84 4.46 4.42 -1.84 4.46 4.42 -1.85 4.46 4.37 -1.85 4.46 4.37 -1.86 4.46 4.32 -1.86 4.46 4.32 -1.87 4.46 4.27 -1.87 4.46 4.27 -1.89 4.46 4.22 -1.89 4.46 4.22 -1.90 4.46 4.17 -1.90 4.46 4.17 -1.92 4.46 4.12 -1.92 4.46 4.12 -1.94 4.46 4.07 -1.94 4.46 4.07 -1.96 4.46 4.03 -1.96 4.46 4.03 -1.82 -4.48 4.47 -1.82 -4.48 4.47 -1.83 -4.48 4.42 -1.83 -4.48 4.42 -1.85 -4.48 4.37 -1.85 -4.48 4.37 -1.86 -4.48 4.32 -1.86 -4.48 4.32 -1.87 -4.48 4.26 -1.87 -4.48 4.26 -1.89 -4.48 4.22 -1.89 -4.48 4.22 -1.90 -4.48 4.17 -1.90 -4.48 4.17 -1.92 -4.48 4.12 -1.92 -4.48 4.12 -1.94 -4.48 4.07 -1.94 -4.48 4.07 -1.96 -4.48 4.03 -1.96 -4.48 4.03 4.01 -4.48 1.07 4.01 -4.48 1.07 4.01 -4.48 1.02 4.01 -4.48 1.02 4.00 -4.48 0.97 4.00 -4.48 0.97 3.99 -4.48 0.92 3.99 -4.48 0.92 3.99 -4.48 0.86 3.99 -4.48 0.86 3.99 -4.48 0.86 3.98 -4.48 0.81 3.98 -4.48 0.81 3.98 -4.48 0.81 3.98 -4.48 0.76 3.98 -4.48 0.76 3.97 -4.48 0.71 3.97 -4.48 0.71 3.96 -4.48 0.66 3.96 -4.48 0.66 3.96 -4.48 0.60 3.96 -4.48 0.60 0.84 4.46 2.01 1.04 4.46 2.53 1.04 4.46 2.53 0.84 -4.48 2.01 0.84 -4.48 2.01 1.04 -4.48 2.53 1.04 -4.48 2.53 1.02 4.46 2.48 1.00 4.46 2.44 0.99 4.46 2.39 0.97 4.46 2.34 0.95 4.46 2.29 0.93 4.46 2.25 0.91 4.46 2.20 0.90 4.46 2.15 0.88 4.46 2.10 0.86 4.46 2.05 1.02 -4.48 2.48 1.00 -4.48 2.44 0.99 -4.48 2.39 0.97 -4.48 2.34 0.95 -4.48 2.29 0.93 -4.48 2.25 0.91 -4.48 2.20 0.90 -4.48 2.15 0.88 -4.48 2.10 0.86 -4.48 2.05 1.09 4.46 1.87 1.27 4.46 2.40 1.27 4.46 2.40 1.09 -4.48 1.87 1.09 -4.48 1.87 1.27 -4.48 2.40 1.27 -4.48 2.40 1.26 4.46 2.35 1.24 4.46 2.30 1.22 4.46 2.25 1.21 4.46 2.20 1.19 4.46 2.16 1.17 4.46 2.11 1.15 4.46 2.06 1.14 4.46 2.01 1.12 4.46 1.96 1.10 4.46 1.92 1.26 -4.48 2.35 1.24 -4.48 2.30 1.22 -4.48 2.25 1.21 -4.48 2.20 1.19 -4.48 2.16 1.17 -4.48 2.11 1.15 -4.48 2.06 1.14 -4.48 2.01 1.12 -4.48 1.96 1.10 -4.48 1.92 1.32 4.46 1.73 1.51 4.46 2.26 1.51 4.46 2.26 1.32 -4.48 1.73 1.32 -4.48 1.73 1.51 -4.48 2.26 1.51 -4.48 2.26 1.49 4.46 2.21 1.48 4.46 2.16 1.46 4.46 2.12 1.44 4.46 2.07 1.43 4.46 2.02 1.41 4.46 1.97 1.39 4.46 1.92 1.38 4.46 1.88 1.36 4.46 1.83 1.34 4.46 1.78 1.49 -4.48 2.21 1.48 -4.48 2.16 1.46 -4.48 2.12 1.44 -4.48 2.07 1.43 -4.48 2.02 1.41 -4.48 1.97 1.39 -4.48 1.92 1.38 -4.48 1.88 1.36 -4.48 1.83 1.34 -4.48 1.78 1.56 4.46 1.60 1.75 4.46 2.13 1.75 4.46 2.13 1.56 -4.48 1.60 1.56 -4.48 1.60 1.75 -4.48 2.13 1.75 -4.48 2.13 1.73 4.46 2.08 1.71 4.46 2.03 1.70 4.46 1.98 1.68 4.46 1.93 1.66 4.46 1.89 1.65 4.46 1.84 1.63 4.46 1.79 1.61 4.46 1.74 1.60 4.46 1.69 1.58 4.46 1.64 1.73 -4.48 2.08 1.71 -4.48 2.03 1.70 -4.48 1.98 1.68 -4.48 1.93 1.66 -4.48 1.89 1.65 -4.48 1.84 1.63 -4.48 1.79 1.61 -4.48 1.74 1.60 -4.48 1.69 1.58 -4.48 1.64 1.81 4.46 1.47 1.98 4.46 2.01 1.98 4.46 2.01 1.81 -4.48 1.47 1.81 -4.48 1.47 1.98 -4.48 2.01 1.98 -4.48 2.01 1.97 4.46 1.96 1.95 4.46 1.91 1.93 4.46 1.86 1.92 4.46 1.81 1.90 4.46 1.76 1.89 4.46 1.71 1.87 4.46 1.66 1.86 4.46 1.62 1.84 4.46 1.57 1.83 4.46 1.52 1.97 -4.48 1.96 1.95 -4.48 1.91 1.93 -4.48 1.86 1.92 -4.48 1.81 1.90 -4.48 1.76 1.89 -4.48 1.71 1.87 -4.48 1.66 1.86 -4.48 1.62 1.84 -4.48 1.57 1.83 -4.48 1.52 2.06 4.46 1.35 2.22 4.46 1.89 2.22 4.46 1.89 2.06 -4.48 1.35 2.06 -4.48 1.35 2.22 -4.48 1.89 2.22 -4.48 1.89 2.21 4.46 1.84 2.19 4.46 1.80 2.18 4.46 1.75 2.16 4.46 1.70 2.15 4.46 1.65 2.13 4.46 1.60 2.12 4.46 1.55 2.10 4.46 1.50 2.09 4.46 1.45 2.07 4.46 1.40 2.21 -4.48 1.84 2.19 -4.48 1.80 2.18 -4.48 1.75 2.16 -4.48 1.70 2.15 -4.48 1.65 2.13 -4.48 1.60 2.12 -4.48 1.55 2.10 -4.48 1.50 2.09 -4.48 1.45 2.07 -4.48 1.40 2.30 4.46 1.24 2.47 4.46 1.78 2.47 4.46 1.78 2.30 -4.48 1.24 2.30 -4.48 1.24 2.47 -4.48 1.78 2.47 -4.48 1.78 2.45 4.46 1.73 2.44 4.46 1.68 2.42 4.46 1.63 2.41 4.46 1.58 2.39 4.46 1.54 2.38 4.46 1.49 2.36 4.46 1.44 2.35 4.46 1.39 2.33 4.46 1.34 2.32 4.46 1.29 2.45 -4.48 1.73 2.44 -4.48 1.68 2.42 -4.48 1.63 2.41 -4.48 1.58 2.39 -4.48 1.54 2.38 -4.48 1.49 2.36 -4.48 1.44 2.35 -4.48 1.39 2.33 -4.48 1.34 2.32 -4.48 1.29 2.55 4.46 1.12 2.71 4.46 1.67 2.71 4.46 1.67 2.55 -4.48 1.12 2.55 -4.48 1.12 2.71 -4.48 1.67 2.71 -4.48 1.67 2.69 4.46 1.62 2.68 4.46 1.57 2.67 4.46 1.52 2.65 4.46 1.47 2.64 4.46 1.42 2.62 4.46 1.37 2.61 4.46 1.32 2.59 4.46 1.27 2.58 4.46 1.22 2.56 4.46 1.17 2.69 -4.48 1.62 2.68 -4.48 1.57 2.67 -4.48 1.52 2.65 -4.48 1.47 2.64 -4.48 1.42 2.62 -4.48 1.37 2.61 -4.48 1.32 2.59 -4.48 1.27 2.58 -4.48 1.22 2.56 -4.48 1.17 2.79 4.46 1.01 2.95 4.46 1.55 2.95 4.46 1.55 2.79 -4.48 1.01 2.79 -4.48 1.01 2.95 -4.48 1.55 2.95 -4.48 1.55 2.94 4.46 1.50 2.92 4.46 1.45 2.91 4.46 1.40 2.89 4.46 1.35 2.88 4.46 1.30 2.87 4.46 1.25 2.85 4.46 1.20 2.84 4.46 1.15 2.82 4.46 1.10 2.81 4.46 1.05 2.94 -4.48 1.50 2.92 -4.48 1.45 2.91 -4.48 1.40 2.89 -4.48 1.35 2.88 -4.48 1.30 2.87 -4.48 1.25 2.85 -4.48 1.20 2.84 -4.48 1.15 2.82 -4.48 1.10 2.81 -4.48 1.05 3.04 4.46 0.89 3.20 4.46 1.43 3.20 4.46 1.43 3.04 -4.48 0.89 3.04 -4.48 0.89 3.20 -4.48 1.43 3.20 -4.48 1.43 3.18 4.46 1.38 3.17 4.46 1.33 3.15 4.46 1.28 3.14 4.46 1.23 3.12 4.46 1.19 3.11 4.46 1.14 3.09 4.46 1.09 3.08 4.46 1.04 3.07 4.46 0.99 3.05 4.46 0.94 3.18 -4.48 1.38 3.17 -4.48 1.33 3.15 -4.48 1.28 3.14 -4.48 1.23 3.12 -4.48 1.19 3.11 -4.48 1.14 3.09 -4.48 1.09 3.08 -4.48 1.04 3.07 -4.48 0.99 3.05 -4.48 0.94 3.28 4.46 0.77 3.44 4.46 1.32 3.44 4.46 1.32 3.28 -4.48 0.77 3.28 -4.48 0.77 3.44 -4.48 1.32 3.44 -4.48 1.32 3.42 4.46 1.27 3.41 4.46 1.22 3.40 4.46 1.17 3.38 4.46 1.12 3.37 4.46 1.07 3.35 4.46 1.02 3.34 4.46 0.97 3.32 4.46 0.92 3.31 4.46 0.87 3.30 4.46 0.82 3.42 -4.48 1.27 3.41 -4.48 1.22 3.40 -4.48 1.17 3.38 -4.48 1.12 3.37 -4.48 1.07 3.35 -4.48 1.02 3.34 -4.48 0.97 3.32 -4.48 0.92 3.31 -4.48 0.87 3.30 -4.48 0.82 3.54 4.46 0.65 3.67 4.46 1.21 3.67 4.46 1.21 3.54 -4.48 0.65 3.54 -4.48 0.65 3.67 -4.48 1.21 3.67 -4.48 1.21 3.66 4.46 1.16 3.65 4.46 1.11 3.64 4.46 1.06 3.62 4.46 1.01 3.61 4.46 0.96 3.60 4.46 0.91 3.59 4.46 0.86 3.58 4.46 0.81 3.56 4.46 0.76 3.55 4.46 0.71 3.66 -4.48 1.16 3.65 -4.48 1.11 3.64 -4.48 1.06 3.62 -4.48 1.01 3.61 -4.48 0.96 3.60 -4.48 0.91 3.59 -4.48 0.86 3.58 -4.48 0.81 3.56 -4.48 0.76 3.55 -4.48 0.71 3.83 4.46 0.57 3.89 4.46 1.15 3.89 4.46 1.15 3.83 -4.48 0.57 3.83 -4.48 0.57 3.89 -4.48 1.15 3.89 -4.48 1.15 3.89 4.46 1.10 3.88 4.46 1.04 3.88 4.46 0.99 3.87 4.46 0.94 3.86 4.46 0.89 3.86 4.46 0.84 3.85 4.46 0.78 3.85 4.46 0.73 3.84 4.46 0.68 3.83 4.46 0.63 3.89 -4.48 1.10 3.88 -4.48 1.04 3.88 -4.48 0.99 3.87 -4.48 0.94 3.86 -4.48 0.89 3.86 -4.48 0.84 3.85 -4.48 0.78 3.85 -4.48 0.73 3.84 -4.48 0.68 3.83 -4.48 0.63 -1.29 4.46 3.46 -1.10 4.46 3.99 -1.10 4.46 3.99 -1.29 -4.48 3.46 -1.29 -4.48 3.46 -1.10 -4.48 3.99 -1.10 -4.48 3.99 -1.11 4.46 3.94 -1.13 4.46 3.89 -1.14 4.46 3.84 -1.16 4.46 3.79 -1.18 4.46 3.74 -1.19 4.46 3.70 -1.21 4.46 3.65 -1.23 4.46 3.60 -1.25 4.46 3.55 -1.27 4.46 3.51 -1.11 -4.48 3.94 -1.13 -4.48 3.89 -1.14 -4.48 3.84 -1.16 -4.48 3.79 -1.18 -4.48 3.74 -1.19 -4.48 3.69 -1.21 -4.48 3.65 -1.23 -4.48 3.60 -1.25 -4.48 3.55 -1.27 -4.48 3.51 -0.86 4.46 3.12 -0.65 4.46 3.64 -0.65 4.46 3.64 -0.85 -4.48 3.12 -0.85 -4.48 3.12 -0.65 -4.48 3.64 -0.65 -4.48 3.64 -0.67 4.46 3.59 -0.68 4.46 3.54 -0.70 4.46 3.50 -0.72 4.46 3.45 -0.74 4.46 3.40 -0.76 4.46 3.36 -0.78 4.46 3.31 -0.80 4.46 3.26 -0.82 4.46 3.22 -0.84 4.46 3.17 -0.66 -4.48 3.59 -0.68 -4.48 3.54 -0.70 -4.48 3.50 -0.72 -4.48 3.45 -0.74 -4.48 3.40 -0.76 -4.48 3.36 -0.78 -4.48 3.31 -0.80 -4.48 3.26 -0.82 -4.48 3.22 -0.84 -4.48 3.17 -0.41 4.46 2.79 -0.19 4.46 3.30 -0.19 4.46 3.30 -0.41 -4.48 2.79 -0.41 -4.48 2.79 -0.19 -4.48 3.30 -0.19 -4.48 3.30 -0.21 4.46 3.25 -0.23 4.46 3.21 -0.25 4.46 3.16 -0.27 4.46 3.11 -0.29 4.46 3.07 -0.31 4.46 3.02 -0.33 4.46 2.97 -0.35 4.46 2.93 -0.37 4.46 2.88 -0.39 4.46 2.83 -0.21 -4.48 3.25 -0.23 -4.48 3.21 -0.25 -4.48 3.16 -0.27 -4.48 3.11 -0.29 -4.48 3.07 -0.31 -4.48 3.02 -0.33 -4.48 2.97 -0.35 -4.48 2.93 -0.37 -4.48 2.88 -0.39 -4.48 2.83 0.06 4.46 2.48 0.26 4.46 3.00 0.26 4.46 3.00 0.06 -4.48 2.48 0.06 -4.48 2.48 0.26 -4.48 3.00 0.26 -4.48 3.00 0.24 4.46 2.95 0.23 4.46 2.90 0.21 4.46 2.86 0.19 4.46 2.81 0.17 4.46 2.76 0.15 4.46 2.71 0.14 4.46 2.67 0.12 4.46 2.62 0.10 4.46 2.57 0.08 4.46 2.52 0.24 -4.48 2.95 0.23 -4.48 2.90 0.21 -4.48 2.86 0.19 -4.48 2.81 0.17 -4.48 2.76 0.15 -4.48 2.71 0.14 -4.48 2.67 0.12 -4.48 2.62 0.10 -4.48 2.57 0.08 -4.48 2.52 0.53 4.46 2.19 0.73 4.46 2.71 0.73 4.46 2.71 0.53 -4.48 2.19 0.53 -4.48 2.19 0.73 -4.48 2.71 0.73 -4.48 2.71 0.71 4.46 2.67 0.69 4.46 2.62 0.68 4.46 2.57 0.66 4.46 2.52 0.64 4.46 2.48 0.62 4.46 2.43 0.60 4.46 2.38 0.59 4.46 2.33 0.57 4.46 2.29 0.55 4.46 2.24 0.71 -4.48 2.67 0.69 -4.48 2.62 0.68 -4.48 2.57 0.66 -4.48 2.52 0.64 -4.48 2.48 0.62 -4.48 2.43 0.60 -4.48 2.38 0.59 -4.48 2.33 0.57 -4.48 2.29 0.55 -4.48 2.24 4.03 -4.49 0.83 4.06 -4.49 1.08 4.06 -4.44 1.08 4.03 -4.44 0.83 4.01 -4.51 0.83 4.04 -4.51 1.07 4.03 -0.01 1.07 4.03 -0.01 1.07 4.05 -4.38 1.15 4.05 -4.38 1.15 4.06 -4.38 1.08 4.03 -4.38 0.83 3.99 -4.49 0.84 4.01 -4.49 1.07 4.06 -2.37 1.16 4.06 -4.49 1.16 4.06 -4.44 1.16 4.01 -0.01 0.83 4.01 -0.01 0.83 4.03 -2.37 0.83 4.06 -2.37 1.08 3.99 -4.44 0.84 4.01 -4.44 1.07 4.04 -4.38 1.15 4.04 -4.51 1.15 4.05 -4.44 1.15 4.05 -4.44 1.15 4.06 -4.38 1.16 4.01 -4.38 0.83 4.03 -4.38 1.07 4.02 -4.49 1.14 4.02 -4.44 1.14 4.00 -4.49 0.58 4.00 -4.44 0.58 3.98 -4.51 0.59 3.98 -4.38 0.51 3.98 -4.38 0.51 4.00 -4.38 0.58 3.96 -4.49 0.61 3.99 -2.37 0.50 3.99 -4.49 0.50 3.99 -4.44 0.50 4.00 -2.37 0.58 3.96 -4.44 0.61 3.97 -4.38 0.52 3.97 -4.51 0.52 3.97 -4.44 0.52 3.97 -4.44 0.52 3.99 -4.38 0.50 3.98 -0.01 0.51 3.98 -0.01 0.51 3.98 -0.01 0.51 3.98 -0.01 0.51 3.98 -4.38 0.60 3.95 -4.49 0.54 3.95 -4.44 0.54 4.03 4.47 0.83 4.06 4.47 1.08 4.06 4.42 1.08 4.03 4.42 0.83 4.01 4.49 0.83 4.04 4.49 1.07 4.05 4.36 1.15 4.05 4.36 1.15 4.06 4.36 1.08 4.03 4.36 0.83 3.99 4.47 0.84 4.01 4.47 1.07 4.06 -0.01 1.16 4.06 4.47 1.16 4.06 4.42 1.16 4.03 -0.01 0.83 4.06 -0.01 1.08 3.99 4.42 0.84 4.01 4.42 1.07 4.04 4.36 1.15 4.04 4.49 1.15 4.05 4.42 1.15 4.05 4.42 1.15 4.06 4.36 1.16 4.05 -0.01 1.15 4.05 -0.01 1.15 4.05 -0.01 1.15 4.05 -0.01 1.15 4.01 4.36 0.83 4.03 4.36 1.07 4.04 -0.01 1.15 4.04 -0.01 1.15 4.02 4.47 1.14 4.02 4.42 1.14 4.00 4.47 0.58 4.00 4.42 0.58 3.98 4.49 0.59 3.98 -0.01 0.60 3.98 -0.01 0.60 3.98 4.36 0.51 3.98 4.36 0.51 4.00 4.36 0.58 3.96 4.47 0.61 3.99 -0.01 0.50 3.99 4.47 0.50 3.99 4.42 0.50 4.00 -0.01 0.58 3.96 4.42 0.61 3.97 4.36 0.52 3.97 4.49 0.52 3.97 4.42 0.52 3.97 4.42 0.52 3.99 4.36 0.50 3.98 4.36 0.60 3.97 -0.01 0.52 3.97 -0.01 0.52 3.95 4.47 0.54 3.95 4.42 0.54 3.89 4.46 0.56 3.96 4.46 1.14 3.96 4.46 1.14 3.89 -4.48 0.56 3.89 -4.48 0.56 3.96 -4.48 1.14 3.96 -4.48 1.14 3.95 4.46 1.08 3.95 4.46 1.03 3.94 4.46 0.98 3.94 4.46 0.93 3.93 4.46 0.88 3.93 4.46 0.82 3.92 4.46 0.77 3.91 4.46 0.72 3.91 4.46 0.67 3.90 4.46 0.61 3.95 -4.48 1.08 3.95 -4.48 1.03 3.94 -4.48 0.98 3.94 -4.48 0.93 3.93 -4.48 0.88 3.93 -4.48 0.82 3.92 -4.48 0.77 3.91 -4.48 0.72 3.91 -4.48 0.67 3.90 -4.48 0.61 3.69 4.46 0.60 3.79 4.46 1.17 3.79 4.46 1.17 3.69 -4.48 0.60 3.69 -4.48 0.60 3.79 -4.48 1.17 3.79 -4.48 1.17 3.78 4.46 1.12 3.77 4.46 1.06 3.76 4.46 1.01 3.75 4.46 0.96 3.75 4.46 0.91 3.74 4.46 0.86 3.73 4.46 0.81 3.72 4.46 0.76 3.71 4.46 0.70 3.70 4.46 0.65 3.78 -4.48 1.12 3.77 -4.48 1.06 3.76 -4.48 1.01 3.75 -4.48 0.96 3.75 -4.48 0.91 3.74 -4.48 0.86 3.73 -4.48 0.81 3.72 -4.48 0.76 3.71 -4.48 0.70 3.70 -4.48 0.65 3.92 4.46 0.56 3.99 4.46 1.13 3.99 4.46 1.13 3.92 -4.48 0.56 3.92 -4.48 0.56 3.99 -4.48 1.13 3.99 -4.48 1.13 3.99 4.46 1.08 3.98 4.46 1.03 3.97 4.46 0.97 3.97 4.46 0.92 3.96 4.46 0.87 3.96 4.46 0.82 3.95 4.46 0.76 3.95 4.46 0.71 3.94 4.46 0.66 3.93 4.46 0.61 3.99 -4.48 1.08 3.98 -4.48 1.03 3.97 -4.48 0.97 3.97 -4.48 0.92 3.96 -4.48 0.87 3.96 -4.48 0.82 3.95 -4.48 0.76 3.95 -4.48 0.71 3.94 -4.48 0.66 3.93 -4.48 0.61 3.42 4.46 0.71 3.57 4.46 1.26 3.57 4.46 1.26 3.42 -4.48 0.71 3.42 -4.48 0.71 3.57 -4.48 1.26 3.57 -4.48 1.26 3.56 4.46 1.21 3.54 4.46 1.16 3.53 4.46 1.11 3.52 4.46 1.06 3.50 4.46 1.01 3.49 4.46 0.96 3.48 4.46 0.91 3.46 4.46 0.86 3.45 4.46 0.81 3.43 4.46 0.76 3.56 -4.48 1.21 3.54 -4.48 1.16 3.53 -4.48 1.11 3.52 -4.48 1.06 3.50 -4.48 1.01 3.49 -4.48 0.96 3.48 -4.48 0.91 3.46 -4.48 0.86 3.45 -4.48 0.81 3.43 -4.48 0.76 3.16 4.46 0.83 3.32 4.46 1.37 3.32 4.46 1.37 3.16 -4.48 0.83 3.16 -4.48 0.83 3.32 -4.48 1.37 3.32 -4.48 1.37 3.31 4.46 1.32 3.29 4.46 1.27 3.28 4.46 1.23 3.26 4.46 1.18 3.25 4.46 1.13 3.23 4.46 1.08 3.22 4.46 1.03 3.20 4.46 0.98 3.19 4.46 0.93 3.17 4.46 0.88 3.31 -4.48 1.32 3.29 -4.48 1.27 3.28 -4.48 1.23 3.26 -4.48 1.18 3.25 -4.48 1.13 3.23 -4.48 1.08 3.22 -4.48 1.03 3.20 -4.48 0.98 3.19 -4.48 0.93 3.17 -4.48 0.88
3.98 4.46 0.54 4.08 4.46 1.11 4.08 4.46 1.11 -1.31 4.46 5.40 -1.31 4.46 5.40 -1.31 4.46 5.40 -1.05 4.46 5.88 -1.05 4.46 5.88 -1.05 4.46 5.88 -1.31 -4.48 5.39 -1.31 -4.48 5.39 -1.31 -4.48 5.39 -1.05 -4.48 5.87 -1.05 -4.48 5.87 -1.05 -4.48 5.87 3.98 -4.48 0.54 3.98 -4.48 0.54 4.08 -4.48 1.11 4.08 -4.48 1.11 4.07 4.46 1.05 4.07 4.46 1.05 4.06 4.46 1.00 4.06 4.46 1.00 4.05 4.46 0.95 4.05 4.46 0.95 4.05 4.46 0.90 4.05 4.46 0.90 4.04 4.46 0.85 4.04 4.46 0.85 4.04 4.46 0.85 4.03 4.46 0.80 4.03 4.46 0.80 4.03 4.46 0.80 4.02 4.46 0.74 4.02 4.46 0.74 4.01 4.46 0.69 4.01 4.46 0.69 4.00 4.46 0.64 4.00 4.46 0.64 3.99 4.46 0.59 3.99 4.46 0.59 -1.07 4.46 5.83 -1.07 4.46 5.83 -1.09 4.46 5.78 -1.09 4.46 5.78 -1.11 4.46 5.73 -1.11 4.46 5.73 -1.13 4.46 5.69 -1.13 4.46 5.69 -1.16 4.46 5.64 -1.16 4.46 5.64 -1.18 4.46 5.60 -1.18 4.46 5.60 -1.20 4.46 5.56 -1.20 4.46 5.56 -1.23 4.46 5.51 -1.23 4.46 5.51 -1.26 4.46 5.47 -1.26 4.46 5.47 -1.28 4.46 5.43 -1.28 4.46 5.43 -1.07 -4.48 5.83 -1.07 -4.48 5.83 -1.09 -4.48 5.78 -1.09 -4.48 5.78 -1.11 -4.48 5.73 -1.11 -4.48 5.73 -1.13 -4.48 5.69 -1.13 -4.48 5.69 -1.16 -4.48 5.64 -1.16 -4.48 5.64 -1.18 -4.48 5.60 -1.18 -4.48 5.60 -1.20 -4.48 5.55 -1.20 -4.48 5.55 -1.23 -4.48 5.51 -1.23 -4.48 5.51 -1.26 -4.48 5.47 -1.26 -4.48 5.47 -1.28 -4.48 5.43 -1.28 -4.48 5.43 4.07 -4.48 1.05 4.07 -4.48 1.05 4.06 -4.48 1.00 4.06 -4.48 1.00 4.05 -4.48 0.95 4.05 -4.48 0.95 4.05 -4.48 0.90 4.05 -4.48 0.90 4.04 -4.48 0.85 4.04 -4.48 0.85 4.04 -4.48 0.85 4.03 -4.48 0.80 4.03 -4.48 0.80 4.03 -4.48 0.80 4.02 -4.48 0.74 4.02 -4.48 0.74 4.01 -4.48 0.69 4.01 -4.48 0.69 4.00 -4.48 0.64 4.00 -4.48 0.64 3.99 -4.48 0.59 3.99 -4.48 0.59 1.10 4.46 2.67 1.38 4.46 3.13 1.38 4.46 3.13 1.10 -4.48 2.67 1.10 -4.48 2.67 1.38 -4.48 3.13 1.38 -4.48 3.13 1.35 4.46 3.09 1.33 4.46 3.05 1.30 4.46 3.01 1.28 4.46 2.97 1.25 4.46 2.92 1.23 4.46 2.88 1.20 4.46 2.84 1.18 4.46 2.80 1.15 4.46 2.76 1.13 4.46 2.71 1.35 -4.48 3.09 1.33 -4.48 3.05 1.30 -4.48 3.01 1.28 -4.48 2.97 1.25 -4.48 2.92 1.23 -4.48 2.88 1.20 -4.48 2.84 1.18 -4.48 2.80 1.15 -4.48 2.76 1.13 -4.48 2.71 1.32 4.46 2.47 1.58 4.46 2.94 1.58 4.46 2.94 1.32 -4.48 2.47 1.32 -4.48 2.47 1.58 -4.48 2.94 1.58 -4.48 2.94 1.56 4.46 2.90 1.54 4.46 2.86 1.51 4.46 2.81 1.49 4.46 2.77 1.46 4.46 2.73 1.44 4.46 2.69 1.42 4.46 2.64 1.39 4.46 2.60 1.37 4.46 2.56 1.34 4.46 2.51 1.56 -4.48 2.90 1.54 -4.48 2.86 1.51 -4.48 2.81 1.49 -4.48 2.77 1.46 -4.48 2.73 1.44 -4.48 2.69 1.42 -4.48 2.64 1.39 -4.48 2.60 1.37 -4.48 2.56 1.34 -4.48 2.51 1.53 4.46 2.28 1.79 4.46 2.75 1.79 4.46 2.75 1.53 -4.48 2.28 1.53 -4.48 2.28 1.79 -4.48 2.75 1.79 -4.48 2.75 1.77 4.46 2.71 1.75 4.46 2.66 1.72 4.46 2.62 1.70 4.46 2.58 1.67 4.46 2.53 1.65 4.46 2.49 1.63 4.46 2.45 1.60 4.46 2.41 1.58 4.46 2.36 1.55 4.46 2.32 1.77 -4.48 2.71 1.75 -4.48 2.66 1.72 -4.48 2.62 1.70 -4.48 2.58 1.67 -4.48 2.53 1.65 -4.48 2.49 1.63 -4.48 2.45 1.60 -4.48 2.41 1.58 -4.48 2.36 1.55 -4.48 2.32 1.74 4.46 2.08 2.01 4.46 2.56 2.01 4.46 2.56 1.74 -4.48 2.08 1.74 -4.48 2.08 2.01 -4.48 2.56 2.01 -4.48 2.56 1.98 4.46 2.52 1.96 4.46 2.47 1.93 4.46 2.43 1.91 4.46 2.39 1.89 4.46 2.34 1.86 4.46 2.30 1.84 4.46 2.26 1.81 4.46 2.21 1.79 4.46 2.17 1.77 4.46 2.13 1.98 -4.48 2.52 1.96 -4.48 2.47 1.93 -4.48 2.43 1.91 -4.48 2.39 1.89 -4.48 2.34 1.86 -4.48 2.30 1.84 -4.48 2.26 1.81 -4.48 2.21 1.79 -4.48 2.17 1.77 -4.48 2.13 1.97 4.46 1.90 2.22 4.46 2.39 2.22 4.46 2.39 1.97 -4.48 1.90 1.97 -4.48 1.90 2.22 -4.48 2.39 2.22 -4.48 2.39 2.19 4.46 2.34 2.17 4.46 2.30 2.15 4.46 2.25 2.13 4.46 2.21 2.10 4.46 2.17 2.08 4.46 2.12 2.06 4.46 2.08 2.04 4.46 2.03 2.01 4.46 1.99 1.99 4.46 1.94 2.19 -4.48 2.34 2.17 -4.48 2.30 2.15 -4.48 2.25 2.13 -4.48 2.21 2.10 -4.48 2.17 2.08 -4.48 2.12 2.06 -4.48 2.08 2.04 -4.48 2.03 2.01 -4.48 1.99 1.99 -4.48 1.94 2.20 4.46 1.73 2.44 4.46 2.22 2.44 4.46 2.22 2.20 -4.48 1.73 2.20 -4.48 1.73 2.44 -4.48 2.22 2.44 -4.48 2.22 2.41 4.46 2.18 2.39 4.46 2.13 2.37 4.46 2.09 2.35 4.46 2.04 2.33 4.46 2.00 2.30 4.46 1.95 2.28 4.46 1.91 2.26 4.46 1.86 2.24 4.46 1.82 2.22 4.46 1.77 2.41 -4.48 2.18 2.39 -4.48 2.13 2.37 -4.48 2.09 2.35 -4.48 2.04 2.33 -4.48 2.00 2.30 -4.48 1.95 2.28 -4.48 1.91 2.26 -4.48 1.86 2.24 -4.48 1.82 2.22 -4.48 1.77 2.42 4.46 1.56 2.66 4.46 2.06 2.66 4.46 2.06 2.42 -4.48 1.56 2.42 -4.48 1.56 2.66 -4.48 2.06 2.66 -4.48 2.06 2.64 4.46 2.01 2.62 4.46 1.97 2.60 4.46 1.92 2.57 4.46 1.87 2.55 4.46 1.83 2.53 4.46 1.78 2.51 4.46 1.74 2.49 4.46 1.69 2.47 4.46 1.65 2.44 4.46 1.60 2.64 -4.48 2.01 2.62 -4.48 1.97 2.60 -4.48 1.92 2.57 -4.48 1.87 2.55 -4.48 1.83 2.53 -4.48 1.78 2.51 -4.48 1.74 2.49 -4.48 1.69 2.47 -4.48 1.65 2.44 -4.48 1.60 2.65 4.46 1.39 2.88 4.46 1.88 2.88 4.46 1.88 2.65 -4.48 1.39 2.65 -4.48 1.39 2.88 -4.48 1.88 2.88 -4.48 1.88 2.86 4.46 1.84 2.84 4.46 1.79 2.82 4.46 1.75 2.80 4.46 1.70 2.78 4.46 1.66 2.75 4.46 1.61 2.73 4.46 1.57 2.71 4.46 1.52 2.69 4.46 1.48 2.67 4.46 1.43 2.86 -4.48 1.84 2.84 -4.48 1.79 2.82 -4.48 1.75 2.80 -4.48 1.70 2.78 -4.48 1.66 2.75 -4.48 1.61 2.73 -4.48 1.57 2.71 -4.48 1.52 2.69 -4.48 1.48 2.67 -4.48 1.43 2.87 4.46 1.22 3.11 4.46 1.71 3.11 4.46 1.71 2.87 -4.48 1.22 2.87 -4.48 1.22 3.11 -4.48 1.71 3.11 -4.48 1.71 3.08 4.46 1.67 3.06 4.46 1.62 3.04 4.46 1.58 3.02 4.46 1.53 3.00 4.46 1.49 2.98 4.46 1.44 2.95 4.46 1.40 2.93 4.46 1.35 2.91 4.46 1.31 2.89 4.46 1.26 3.08 -4.48 1.67 3.06 -4.48 1.62 3.04 -4.48 1.58 3.02 -4.48 1.53 3.00 -4.48 1.49 2.98 -4.48 1.44 2.95 -4.48 1.40 2.93 -4.48 1.35 2.91 -4.48 1.31 2.89 -4.48 1.26 3.09 4.46 1.04 3.33 4.46 1.54 3.33 4.46 1.54 3.09 -4.48 1.04 3.09 -4.48 1.04 3.33 -4.48 1.54 3.33 -4.48 1.54 3.31 4.46 1.50 3.29 4.46 1.45 3.26 4.46 1.41 3.24 4.46 1.36 3.22 4.46 1.32 3.20 4.46 1.27 3.18 4.46 1.23 3.16 4.46 1.18 3.13 4.46 1.13 3.11 4.46 1.09 3.31 -4.48 1.50 3.29 -4.48 1.45 3.26 -4.48 1.41 3.24 -4.48 1.36 3.22 -4.48 1.32 3.20 -4.48 1.27 3.18 -4.48 1.23 3.16 -4.48 1.18 3.13 -4.48 1.13 3.11 -4.48 1.09 3.32 4.46 0.87 3.55 4.46 1.37 3.55 4.46 1.37 3.32 -4.48 0.87 3.32 -4.48 0.87 3.55 -4.48 1.37 3.55 -4.48 1.37 3.53 4.46 1.33 3.51 4.46 1.28 3.49 4.46 1.24 3.46 4.46 1.19 3.44 4.46 1.14 3.42 4.46 1.10 3.40 4.46 1.05 3.38 4.46 1.01 3.36 4.46 0.96 3.34 4.46 0.92 3.53 -4.48 1.33 3.51 -4.48 1.28 3.49 -4.48 1.24 3.46 -4.48 1.19 3.44 -4.48 1.14 3.42 -4.48 1.10 3.40 -4.48 1.05 3.38 -4.48 1.01 3.36 -4.48 0.96 3.34 -4.48 0.92 3.56 4.46 0.70 3.76 4.46 1.22 3.76 4.46 1.22 3.56 -4.48 0.70 3.56 -4.48 0.70 3.76 -4.48 1.22 3.76 -4.48 1.22 3.74 4.46 1.17 3.72 4.46 1.13 3.71 4.46 1.08 3.69 4.46 1.03 3.67 4.46 0.98 3.65 4.46 0.94 3.63 4.46 0.89 3.62 4.46 0.84 3.60 4.46 0.79 3.58 4.46 0.75 3.74 -4.48 1.17 3.72 -4.48 1.13 3.71 -4.48 1.08 3.69 -4.48 1.03 3.67 -4.48 0.98 3.65 -4.48 0.94 3.63 -4.48 0.89 3.62 -4.48 0.84 3.60 -4.48 0.79 3.58 -4.48 0.75 3.86 4.46 0.57 3.96 4.46 1.14 3.96 4.46 1.14 3.86 -4.48 0.57 3.86 -4.48 0.57 3.96 -4.48 1.14 3.96 -4.48 1.14 3.95 4.46 1.09 3.94 4.46 1.04 3.93 4.46 0.98 3.92 4.46 0.93 3.91 4.46 0.88 3.90 4.46 0.83 3.90 4.46 0.78 3.89 4.46 0.73 3.88 4.46 0.67 3.87 4.46 0.62 3.95 -4.48 1.09 3.94 -4.48 1.04 3.93 -4.48 0.98 3.92 -4.48 0.93 3.91 -4.48 0.88 3.90 -4.48 0.83 3.90 -4.48 0.78 3.89 -4.48 0.73 3.88 -4.48 0.67 3.87 -4.48 0.62 -0.74 4.46 4.69 -0.45 4.46 5.15 -0.45 4.46 5.15 -0.73 -4.48 4.69 -0.73 -4.48 4.69 -0.45 -4.48 5.14 -0.45 -4.48 5.14 -0.48 4.46 5.10 -0.50 4.46 5.06 -0.52 4.46 5.02 -0.55 4.46 4.97 -0.57 4.46 4.93 -0.60 4.46 4.89 -0.62 4.46 4.85 -0.65 4.46 4.81 -0.68 4.46 4.77 -0.71 4.46 4.73 -0.47 -4.48 5.10 -0.50 -4.48 5.06 -0.52 -4.48 5.01 -0.55 -4.48 4.97 -0.57 -4.48 4.93 -0.60 -4.48 4.89 -0.62 -4.48 4.85 -0.65 -4.48 4.81 -0.68 -4.48 4.77 -0.71 -4.48 4.73 -0.37 4.46 4.23 -0.08 4.46 4.67 -0.08 4.46 4.67 -0.37 -4.48 4.23 -0.37 -4.48 4.23 -0.08 -4.48 4.67 -0.08 -4.48 4.67 -0.10 4.46 4.63 -0.13 4.46 4.59 -0.16 4.46 4.55 -0.18 4.46 4.51 -0.21 4.46 4.47 -0.24 4.46 4.43 -0.26 4.46 4.39 -0.29 4.46 4.35 -0.32 4.46 4.31 -0.35 4.46 4.27 -0.10 -4.48 4.63 -0.13 -4.48 4.59 -0.16 -4.48 4.55 -0.18 -4.48 4.51 -0.21 -4.48 4.47 -0.24 -4.48 4.43 -0.26 -4.48 4.39 -0.29 -4.48 4.35 -0.32 -4.48 4.31 -0.35 -4.48 4.27 0.01 4.46 3.77 0.30 4.46 4.21 0.30 4.46 4.21 0.01 -4.48 3.77 0.01 -4.48 3.77 0.31 -4.48 4.21 0.31 -4.48 4.21 0.28 4.46 4.17 0.25 4.46 4.13 0.22 4.46 4.09 0.20 4.46 4.05 0.17 4.46 4.01 0.14 4.46 3.97 0.11 4.46 3.93 0.09 4.46 3.89 0.06 4.46 3.85 0.03 4.46 3.81 0.28 -4.48 4.17 0.25 -4.48 4.13 0.22 -4.48 4.09 0.20 -4.48 4.05 0.17 -4.48 4.01 0.14 -4.48 3.97 0.11 -4.48 3.93 0.09 -4.48 3.89 0.06 -4.48 3.85 0.03 -4.48 3.81 0.41 4.46 3.34 0.69 4.46 3.79 0.69 4.46 3.79 0.41 -4.48 3.34 0.41 -4.48 3.34 0.69 -4.48 3.79 0.69 -4.48 3.79 0.67 4.46 3.75 0.64 4.46 3.71 0.62 4.46 3.67 0.59 4.46 3.63 0.57 4.46 3.59 0.54 4.46 3.54 0.51 4.46 3.50 0.49 4.46 3.46 0.46 4.46 3.42 0.44 4.46 3.38 0.67 -4.48 3.75 0.64 -4.48 3.71 0.62 -4.48 3.67 0.59 -4.48 3.63 0.57 -4.48 3.58 0.54 -4.48 3.54 0.51 -4.48 3.50 0.49 -4.48 3.46 0.46 -4.48 3.42 0.44 -4.48 3.38 0.82 4.46 2.93 1.10 4.46 3.39 1.10 4.46 3.39 0.82 -4.48 2.93 0.82 -4.48 2.93 1.10 -4.48 3.39 1.10 -4.48 3.39 1.08 4.46 3.35 1.05 4.46 3.31 1.03 4.46 3.27 1.00 4.46 3.23 0.98 4.46 3.18 0.95 4.46 3.14 0.93 4.46 3.10 0.90 4.46 3.06 0.88 4.46 3.02 0.85 4.46 2.98 1.08 -4.48 3.35 1.05 -4.48 3.31 1.03 -4.48 3.27 1.00 -4.48 3.23 0.98 -4.48 3.18 0.95 -4.48 3.14 0.93 -4.48 3.10 0.90 -4.48 3.06 0.88 -4.48 3.02 0.85 -4.48 2.98 4.07 -4.49 0.81 4.12 -4.49 1.05 4.12 -4.44 1.05 4.07 -4.44 0.81 4.06 -4.51 0.81 4.10 -4.51 1.05 4.09 -0.01 1.05 4.09 -0.01 1.05 4.11 -4.38 1.13 4.11 -4.38 1.13 4.12 -4.38 1.05 4.07 -4.38 0.81 4.03 -4.49 0.82 4.07 -4.49 1.05 4.13 -2.37 1.13 4.13 -4.49 1.13 4.13 -4.44 1.13 4.05 -0.01 0.82 4.05 -0.01 0.82 4.07 -2.37 0.81 4.12 -2.37 1.05 4.03 -4.44 0.82 4.07 -4.44 1.05 4.10 -4.38 1.12 4.11 -4.51 1.13 4.11 -4.44 1.13 4.11 -4.44 1.13 4.13 -4.38 1.13 4.05 -4.38 0.82 4.09 -4.38 1.05 4.08 -4.49 1.12 4.08 -4.44 1.12 4.03 -4.49 0.57 4.03 -4.44 0.57 4.01 -4.51 0.58 4.01 -4.38 0.50 4.01 -4.38 0.50 4.03 -4.38 0.57 3.99 -4.49 0.59 4.02 -2.37 0.48 4.02 -4.49 0.48 4.02 -4.44 0.48 4.03 -2.37 0.57 3.99 -4.44 0.59 4.00 -4.38 0.51 4.00 -4.51 0.50 4.00 -4.44 0.50 4.00 -4.44 0.50 4.02 -4.38 0.48 4.01 -0.01 0.50 4.01 -0.01 0.50 4.01 -0.01 0.50 4.01 -0.01 0.50 4.01 -4.38 0.58 3.98 -4.49 0.52 3.98 -4.44 0.52 4.07 4.47 0.81 4.12 4.47 1.05 4.12 4.42 1.05 4.07 4.42 0.81 4.06 4.49 0.81 4.10 4.49 1.05 4.11 4.36 1.13 4.11 4.36 1.13 4.12 4.36 1.05 4.07 4.36 0.81 4.03 4.47 0.82 4.07 4.47 1.05 4.13 -0.01 1.13 4.13 4.47 1.13 4.13 4.42 1.13 4.07 -0.01 0.81 4.12 -0.01 1.05 4.03 4.42 0.82 4.07 4.42 1.05 4.10 4.36 1.12 4.11 4.49 1.13 4.11 4.42 1.13 4.11 4.42 1.13 4.13 4.36 1.13 4.11 -0.01 1.13 4.11 -0.01 1.13 4.11 -0.01 1.13 4.11 -0.01 1.13 4.05 4.36 0.82 4.09 4.36 1.05 4.10 -0.01 1.12 4.10 -0.01 1.12 4.08 4.47 1.12 4.08 4.42 1.12 4.03 4.47 0.57 4.03 4.42 0.57 4.01 4.49 0.58 4.01 -0.01 0.58 4.01 -0.01 0.58 4.01 4.36 0.50 4.01 4.36 0.50 4.03 4.36 0.57 3.99 4.47 0.59 4.02 -0.01 0.48 4.02 4.47 0.48 4.02 4.42 0.48 4.03 -0.01 0.57 3.99 4.42 0.59 4.00 4.36 0.51 4.00 4.49 0.50 4.00 4.42 0.50 4.00 4.42 0.50 4.02 4.36 0.48 4.01 4.36 0.58 4.00 -0.01 0.51 4.00 -0.01 0.51 3.98 4.47 0.52 3.98 4.42 0.52 3.93 4.46 0.55 4.02 4.46 1.12 4.02 4.46 1.12 3.93 -4.48 0.55 3.93 -4.48 0.55 4.02 -4.48 1.12 4.02 -4.48 1.12 4.01 4.46 1.07 4.01 4.46 1.02 4.00 4.46 0.97 3.99 4.46 0.91 3.98 4.46 0.86 3.97 4.46 0.81 3.96 4.46 0.76 3.95 4.46 0.71 3.94 4.46 0.66 3.94 4.46 0.60 4.01 -4.48 1.07 4.01 -4.48 1.02 4.00 -4.48 0.97 3.99 -4.48 0.91 3.98 -4.48 0.86 3.97 -4.48 0.81 3.96 -4.48 0.76 3.95 -4.48 0.71 3.94 -4.48 0.66 3.94 -4.48 0.60 3.72 4.46 0.62 3.86 4.46 1.16 3.86 4.46 1.16 3.72 -4.48 0.62 3.72 -4.48 0.62 3.86 -4.48 1.16 3.86 -4.48 1.16 3.85 4.46 1.11 3.83 4.46 1.06 3.82 4.46 1.01 3.81 4.46 0.96 3.80 4.46 0.91 3.78 4.46 0.86 3.77 4.46 0.81 3.76 4.46 0.77 3.74 4.46 0.72 3.73 4.46 0.67 3.85 -4.48 1.11 3.83 -4.48 1.06 3.82 -4.48 1.01 3.81 -4.48 0.96 3.80 -4.48 0.91 3.78 -4.48 0.86 3.77 -4.48 0.81 3.76 -4.48 0.77 3.74 -4.48 0.72 3.73 -4.48 0.67 3.96 4.46 0.55 4.05 4.46 1.11 4.05 4.46 1.11 3.96 -4.48 0.55 3.96 -4.48 0.55 4.05 -4.48 1.11 4.05 -4.48 1.11 4.04 4.46 1.06 4.04 4.46 1.01 4.03 4.46 0.96 4.02 4.46 0.91 4.01 4.46 0.85 4.00 4.46 0.80 3.99 4.46 0.75 3.98 4.46 0.70 3.98 4.46 0.65 3.97 4.46 0.60 4.04 -4.48 1.06 4.04 -4.48 1.01 4.03 -4.48 0.96 4.02 -4.48 0.91 4.01 -4.48 0.85 4.00 -4.48 0.80 3.99 -4.48 0.75 3.98 -4.48 0.70 3.98 -4.48 0.65 3.97 -4.48 0.60 3.45 4.46 0.78 3.67 4.46 1.29 3.67 4.46 1.29 3.45 -4.48 0.78 3.45 -4.48 0.78 3.67 -4.48 1.29 3.67 -4.48 1.29 3.65 4.46 1.24 3.63 4.46 1.19 3.61 4.46 1.15 3.59 4.46 1.10 3.57 4.46 1.06 3.55 4.46 1.01 3.53 4.46 0.96 3.51 4.46 0.92 3.49 4.46 0.87 3.47 4.46 0.82 3.65 -4.48 1.24 3.63 -4.48 1.19 3.61 -4.48 1.15 3.59 -4.48 1.10 3.57 -4.48 1.06 3.55 -4.48 1.01 3.53 -4.48 0.96 3.51 -4.48 0.92 3.49 -4.48 0.87 3.47 -4.48 0.82 3.21 4.46 0.96 3.44 4.46 1.46 3.44 4.46 1.46 3.21 -4.48 0.96 3.21 -4.48 0.96 3.44 -4.48 1.46 3.44 -4.48 1.46 3.42 4.46 1.41 3.40 4.46 1.36 3.38 4.46 1.32 3.36 4.46 1.27 3.33 4.46 1.23 3.31 4.46 1.18 3.29 4.46 1.14 3.27 4.46 1.09 3.25 4.46 1.05 3.23 4.46 1.00 3.42 -4.48 1.41 3.40 -4.48 1.36 3.38 -4.48 1.32 3.36 -4.48 1.27 3.33 -4.48 1.23 3.31 -4.48 1.18 3.29 -4.48 1.14 3.27 -4.48 1.09 3.25 -4.48 1.05 3.23 -4.48 1.00
4.01 4.46 0.52 4.15 4.46 1.08 4.15 4.46 1.08 -0.31 4.46 6.74 -0.31 4.46 6.74 -0.31 4.46 6.74 0.04 4.46 7.11 0.04 4.46 7.11 0.04 4.46 7.11 -0.31 -4.48 6.74 -0.31 -4.48 6.74 -0.31 -4.48 6.74 0.04 -4.48 7.11 0.04 -4.48 7.11 0.04 -4.48 7.11 4.01 -4.48 0.52 4.01 -4.48 0.52 4.15 -4.48 1.08 4.15 -4.48 1.08 4.14 4.46 1.03 4.14 4.46 1.03 4.12 4.46 0.98 4.12 4.46 0.98 4.11 4.46 0.92 4.11 4.46 0.92 4.10 4.46 0.87 4.10 4.46 0.87 4.09 4.46 0.82 4.09 4.46 0.82 4.09 4.46 0.82 4.08 4.46 0.77 4.08 4.46 0.77 4.08 4.46 0.77 4.07 4.46 0.72 4.07 4.46 0.72 4.05 4.46 0.67 4.05 4.46 0.67 4.04 4.46 0.62 4.04 4.46 0.62 4.03 4.46 0.57 4.03 4.46 0.57 0.01 4.46 7.07 0.01 4.46 7.07 -0.02 4.46 7.04 -0.02 4.46 7.04 -0.05 4.46 7.00 -0.05 4.46 7.00 -0.08 4.46 6.96 -0.08 4.46 6.96 -0.11 4.46 6.93 -0.11 4.46 6.93 -0.14 4.46 6.89 -0.14 4.46 6.89 -0.17 4.46 6.86 -0.17 4.46 6.86 -0.21 4.46 6.83 -0.21 4.46 6.83 -0.24 4.46 6.80 -0.24 4.46 6.80 -0.27 4.46 6.77 -0.27 4.46 6.77 0.01 -4.48 7.07 0.01 -4.48 7.07 -0.01 -4.48 7.03 -0.01 -4.48 7.03 -0.04 -4.48 7.00 -0.04 -4.48 7.00 -0.08 -4.48 6.96 -0.08 -4.48 6.96 -0.11 -4.48 6.92 -0.11 -4.48 6.92 -0.14 -4.48 6.89 -0.14 -4.48 6.89 -0.17 -4.48 6.86 -0.17 -4.48 6.86 -0.21 -4.48 6.83 -0.21 -4.48 6.83 -0.24 -4.48 6.80 -0.24 -4.48 6.80 -0.27 -4.48 6.77 -0.27 -4.48 6.77 4.14 -4.48 1.03 4.14 -4.48 1.03 4.12 -4.48 0.98 4.12 -4.48 0.98 4.11 -4.48 0.92 4.11 -4.48 0.92 4.10 -4.48 0.87 4.10 -4.48 0.87 4.09 -4.48 0.82 4.09 -4.48 0.82 4.09 -4.48 0.82 4.08 -4.48 0.77 4.08 -4.48 0.77 4.08 -4.48 0.77 4.07 -4.48 0.72 4.07 -4.48 0.72 4.05 -4.48 0.67 4.05 -4.48 0.67 4.04 -4.48 0.62 4.04 -4.48 0.62 4.03 -4.48 0.57 4.03 -4.48 0.57 1.49 4.46 3.32 1.84 4.46 3.69 1.84 4.46 3.69 1.49 -4.48 3.32 1.49 -4.48 3.32 1.84 -4.48 3.69 1.84 -4.48 3.69 1.81 4.46 3.66 1.77 4.46 3.63 1.74 4.46 3.59 1.71 4.46 3.56 1.68 4.46 3.52 1.65 4.46 3.49 1.61 4.46 3.46 1.58 4.46 3.42 1.55 4.46 3.39 1.52 4.46 3.36 1.81 -4.48 3.66 1.77 -4.48 3.63 1.74 -4.48 3.59 1.71 -4.48 3.56 1.68 -4.48 3.52 1.65 -4.48 3.49 1.61 -4.48 3.46 1.58 -4.48 3.42 1.55 -4.48 3.39 1.52 -4.48 3.36 1.67 4.46 3.06 2.01 4.46 3.45 2.01 4.46 3.45 1.67 -4.48 3.06 1.67 -4.48 3.06 2.01 -4.48 3.45 2.01 -4.48 3.45 1.98 4.46 3.42 1.95 4.46 3.38 1.91 4.46 3.35 1.88 4.46 3.31 1.85 4.46 3.28 1.82 4.46 3.24 1.79 4.46 3.21 1.76 4.46 3.17 1.73 4.46 3.14 1.70 4.46 3.10 1.98 -4.48 3.42 1.95 -4.48 3.38 1.91 -4.48 3.35 1.88 -4.48 3.31 1.85 -4.48 3.28 1.82 -4.48 3.24 1.79 -4.48 3.21 1.76 -4.48 3.17 1.73 -4.48 3.14 1.70 -4.48 3.10 1.84 4.46 2.82 2.18 4.46 3.21 2.18 4.46 3.21 1.84 -4.48 2.82 1.84 -4.48 2.82 2.18 -4.48 3.21 2.18 -4.48 3.21 2.15 4.46 3.17 2.12 4.46 3.14 2.09 4.46 3.10 2.06 4.46 3.06 2.03 4.46 3.03 1.99 4.46 2.99 1.96 4.46 2.96 1.93 4.46 2.92 1.90 4.46 2.89 1.87 4.46 2.85 2.15 -4.48 3.17 2.12 -4.48 3.14 2.09 -4.48 3.10 2.06 -4.48 3.06 2.03 -4.48 3.03 1.99 -4.48 2.99 1.96 -4.48 2.96 1.93 -4.48 2.92 1.90 -4.48 2.89 1.87 -4.48 2.85 2.02 4.46 2.57 2.35 4.46 2.96 2.35 4.46 2.96 2.02 -4.48 2.57 2.02 -4.48 2.57 2.35 -4.48 2.96 2.35 -4.48 2.96 2.32 4.46 2.93 2.29 4.46 2.89 2.26 4.46 2.86 2.23 4.46 2.82 2.20 4.46 2.78 2.17 4.46 2.75 2.14 4.46 2.71 2.11 4.46 2.68 2.08 4.46 2.64 2.05 4.46 2.61 2.32 -4.48 2.93 2.29 -4.48 2.89 2.26 -4.48 2.86 2.23 -4.48 2.82 2.20 -4.48 2.78 2.17 -4.48 2.75 2.14 -4.48 2.71 2.11 -4.48 2.68 2.08 -4.48 2.64 2.05 -4.48 2.61 2.21 4.46 2.33 2.53 4.46 2.74 2.53 4.46 2.74 2.21 -4.48 2.33 2.21 -4.48 2.33 2.53 -4.48 2.74 2.53 -4.48 2.74 2.50 4.46 2.71 2.47 4.46 2.67 2.44 4.46 2.63 2.41 4.46 2.59 2.38 4.46 2.55 2.36 4.46 2.52 2.33 4.46 2.48 2.30 4.46 2.44 2.27 4.46 2.40 2.24 4.46 2.37 2.50 -4.48 2.71 2.47 -4.48 2.67 2.44 -4.48 2.63 2.41 -4.48 2.59 2.38 -4.48 2.55 2.36 -4.48 2.52 2.33 -4.48 2.48 2.30 -4.48 2.44 2.27 -4.48 2.40 2.24 -4.48 2.37 2.41 4.46 2.10 2.72 4.46 2.53 2.72 4.46 2.53 2.41 -4.48 2.10 2.41 -4.48 2.10 2.72 -4.48 2.53 2.72 -4.48 2.53 2.69 4.46 2.49 2.66 4.46 2.45 2.63 4.46 2.41 2.61 4.46 2.37 2.58 4.46 2.33 2.55 4.46 2.29 2.52 4.46 2.26 2.49 4.46 2.22 2.46 4.46 2.18 2.43 4.46 2.14 2.69 -4.48 2.49 2.66 -4.48 2.45 2.63 -4.48 2.41 2.61 -4.48 2.37 2.58 -4.48 2.33 2.55 -4.48 2.29 2.52 -4.48 2.26 2.49 -4.48 2.22 2.46 -4.48 2.18 2.43 -4.48 2.14 2.60 4.46 1.88 2.91 4.46 2.31 2.91 4.46 2.31 2.60 -4.48 1.88 2.60 -4.48 1.88 2.91 -4.48 2.31 2.91 -4.48 2.31 2.89 4.46 2.27 2.86 4.46 2.23 2.83 4.46 2.19 2.80 4.46 2.15 2.77 4.46 2.11 2.74 4.46 2.08 2.72 4.46 2.04 2.69 4.46 2.00 2.66 4.46 1.96 2.63 4.46 1.92 2.89 -4.48 2.27 2.86 -4.48 2.23 2.83 -4.48 2.19 2.80 -4.48 2.15 2.77 -4.48 2.11 2.74 -4.48 2.08 2.72 -4.48 2.04 2.69 -4.48 2.00 2.66 -4.48 1.96 2.63 -4.48 1.92 2.80 4.46 1.66 3.11 4.46 2.09 3.11 4.46 2.09 2.80 -4.48 1.66 2.80 -4.48 1.66 3.11 -4.48 2.09 3.11 -4.48 2.09 3.08 4.46 2.05 3.05 4.46 2.01 3.02 4.46 1.97 2.99 4.46 1.93 2.97 4.46 1.89 2.94 4.46 1.85 2.91 4.46 1.81 2.88 4.46 1.77 2.85 4.46 1.74 2.82 4.46 1.70 3.08 -4.48 2.05 3.05 -4.48 2.01 3.02 -4.48 1.97 2.99 -4.48 1.93 2.97 -4.48 1.89 2.94 -4.48 1.85 2.91 -4.48 1.81 2.88 -4.48 1.77 2.85 -4.48 1.74 2.82 -4.48 1.70 2.99 4.46 1.43 3.30 4.46 1.86 3.30 4.46 1.86 2.99 -4.48 1.43 2.99 -4.48 1.43 3.30 -4.48 1.86 3.30 -4.48 1.86 3.27 4.46 1.82 3.24 4.46 1.78 3.21 4.46 1.75 3.19 4.46 1.71 3.16 4.46 1.67 3.13 4.46 1.63 3.10 4.46 1.59 3.07 4.46 1.55 3.05 4.46 1.51 3.02 4.46 1.47 3.27 -4.48 1.82 3.24 -4.48 1.78 3.21 -4.48 1.75 3.19 -4.48 1.71 3.16 -4.48 1.67 3.13 -4.48 1.63 3.10 -4.48 1.59 3.07 -4.48 1.55 3.05 -4.48 1.51 3.02 -4.48 1.47 3.18 4.46 1.21 3.49 4.46 1.64 3.49 4.46 1.64 3.18 -4.48 1.21 3.18 -4.48 1.21 3.49 -4.48 1.64 3.49 -4.48 1.64 3.46 4.46 1.60 3.43 4.46 1.56 3.41 4.46 1.52 3.38 4.46 1.48 3.35 4.46 1.44 3.32 4.46 1.40 3.29 4.46 1.37 3.27 4.46 1.33 3.24 4.46 1.29 3.21 4.46 1.25 3.46 -4.48 1.60 3.43 -4.48 1.56 3.41 -4.48 1.52 3.38 -4.48 1.48 3.35 -4.48 1.44 3.32 -4.48 1.40 3.29 -4.48 1.37 3.27 -4.48 1.33 3.24 -4.48 1.29 3.21 -4.48 1.25 3.38 4.46 0.98 3.68 4.46 1.42 3.68 4.46 1.42 3.38 -4.48 0.98 3.38 -4.48 0.98 3.68 -4.48 1.42 3.68 -4.48 1.42 3.65 4.46 1.38 3.62 4.46 1.34 3.60 4.46 1.30 3.57 4.46 1.26 3.54 4.46 1.22 3.51 4.46 1.18 3.49 4.46 1.14 3.46 4.46 1.10 3.43 4.46 1.06 3.40 4.46 1.02 3.65 -4.48 1.38 3.62 -4.48 1.34 3.60 -4.48 1.30 3.57 -4.48 1.26 3.54 -4.48 1.22 3.51 -4.48 1.18 3.49 -4.48 1.14 3.46 -4.48 1.10 3.43 -4.48 1.06 3.40 -4.48 1.02 3.60 4.46 0.75 3.86 4.46 1.22 3.86 4.46 1.22 3.60 -4.48 0.75 3.60 -4.48 0.75 3.86 -4.48 1.22 3.86 -4.48 1.22 3.83 4.46 1.18 3.81 4.46 1.13 3.79 4.46 1.09 3.76 4.46 1.05 3.74 4.46 1.01 3.72 4.46 0.96 3.69 4.46 0.92 3.67 4.46 0.88 3.65 4.46 0.83 3.62 4.46 0.79 3.83 -4.48 1.18 3.81 -4.48 1.13 3.79 -4.48 1.09 3.76 -4.48 1.05 3.74 -4.48 1.01 3.72 -4.48 0.96 3.69 -4.48 0.92 3.67 -4.48 0.88 3.65 -4.48 0.83 3.62 -4.48 0.79 3.90 4.46 0.57 4.03 4.46 1.12 4.03 4.46 1.12 3.90 -4.48 0.57 3.90 -4.48 0.57 4.03 -4.48 1.12 4.03 -4.48 1.12 4.02 4.46 1.07 4.00 4.46 1.02 3.99 4.46 0.97 3.98 4.46 0.92 3.97 4.46 0.87 3.96 4.46 0.82 3.94 4.46 0.77 3.93 4.46 0.72 3.92 4.46 0.67 3.91 4.46 0.62 4.02 -4.48 1.07 4.00 -4.48 1.02 3.99 -4.48 0.97 3.98 -4.48 0.92 3.97 -4.48 0.87 3.96 -4.48 0.82 3.94 -4.48 0.77 3.93 -4.48 0.72 3.92 -4.48 0.67 3.91 -4.48 0.62 0.10 4.46 5.86 0.47 4.46 6.21 0.47 4.46 6.21 0.10 -4.48 5.86 0.10 -4.48 5.86 0.47 -4.48 6.20 0.47 -4.48 6.20 0.43 4.46 6.17 0.40 4.46 6.14 0.37 4.46 6.10 0.34 4.46 6.07 0.30 4.46 6.04 0.27 4.46 6.01 0.24 4.46 5.98 0.20 4.46 5.95 0.17 4.46 5.92 0.13 4.46 5.89 0.43 -4.48 6.17 0.40 -4.48 6.14 0.37 -4.48 6.10 0.34 -4.48 6.07 0.31 -4.48 6.04 0.27 -4.48 6.01 0.24 -4.48 5.98 0.20 -4.48 5.95 0.17 -4.48 5.92 0.13 -4.48 5.89 0.35 4.46 5.29 0.72 4.46 5.62 0.72 4.46 5.62 0.35 -4.48 5.29 0.35 -4.48 5.29 0.72 -4.48 5.62 0.72 -4.48 5.62 0.69 4.46 5.59 0.65 4.46 5.56 0.62 4.46 5.53 0.59 4.46 5.50 0.55 4.46 5.47 0.52 4.46 5.44 0.48 4.46 5.41 0.45 4.46 5.38 0.42 4.46 5.35 0.38 4.46 5.32 0.69 -4.48 5.59 0.66 -4.48 5.56 0.62 -4.48 5.53 0.59 -4.48 5.50 0.55 -4.48 5.47 0.52 -4.48 5.44 0.48 -4.48 5.41 0.45 -4.48 5.38 0.42 -4.48 5.35 0.38 -4.48 5.32 0.62 4.46 4.72 0.99 4.46 5.05 0.99 4.46 5.05 0.62 -4.48 4.72 0.62 -4.48 4.72 0.99 -4.48 5.05 0.99 -4.48 5.05 0.96 4.46 5.02 0.92 4.46 4.99 0.89 4.46 4.96 0.86 4.46 4.93 0.82 4.46 4.90 0.79 4.46 4.87 0.75 4.46 4.84 0.72 4.46 4.81 0.68 4.46 4.78 0.65 4.46 4.75 0.96 -4.48 5.02 0.92 -4.48 4.99 0.89 -4.48 4.96 0.86 -4.48 4.93 0.82 -4.48 4.90 0.79 -4.48 4.87 0.75 -4.48 4.84 0.72 -4.48 4.81 0.68 -4.48 4.78 0.65 -4.48 4.75 0.93 4.46 4.17 1.29 4.46 4.53 1.29 4.46 4.53 0.93 -4.48 4.17 0.93 -4.48 4.17 1.29 -4.48 4.53 1.29 -4.48 4.53 1.25 4.46 4.49 1.22 4.46 4.46 1.19 4.46 4.43 1.16 4.46 4.40 1.12 4.46 4.36 1.09 4.46 4.33 1.06 4.46 4.30 1.03 4.46 4.26 0.99 4.46 4.23 0.96 4.46 4.20 1.25 -4.48 4.49 1.22 -4.48 4.46 1.19 -4.48 4.43 1.16 -4.48 4.40 1.12 -4.48 4.36 1.09 -4.48 4.33 1.06 -4.48 4.30 1.03 -4.48 4.26 0.99 -4.48 4.23 0.96 -4.48 4.20 1.26 4.46 3.66 1.62 4.46 4.02 1.62 4.46 4.02 1.26 -4.48 3.66 1.26 -4.48 3.66 1.62 -4.48 4.02 1.62 -4.48 4.02 1.58 4.46 3.99 1.55 4.46 3.95 1.52 4.46 3.92 1.49 4.46 3.89 1.45 4.46 3.85 1.42 4.46 3.82 1.39 4.46 3.79 1.36 4.46 3.75 1.33 4.46 3.72 1.29 4.46 3.69 1.58 -4.48 3.99 1.55 -4.48 3.95 1.52 -4.48 3.92 1.49 -4.48 3.89 1.45 -4.48 3.85 1.42 -4.48 3.82 1.39 -4.48 3.79 1.36 -4.48 3.75 1.33 -4.48 3.72 1.29 -4.48 3.69 4.12 -4.49 0.78 4.18 -4.49 1.02 4.18 -4.44 1.02 4.12 -4.44 0.78 4.11 -4.51 0.79 4.16 -4.51 1.02 4.15 -0.01 1.02 4.15 -0.01 1.02 4.18 -4.38 1.10 4.18 -4.38 1.10 4.18 -4.38 1.02 4.12 -4.38 0.78 4.09 -4.49 0.80 4.14 -4.49 1.02 4.20 -2.37 1.10 4.20 -4.49 1.10 4.20 -4.44 1.10 4.10 -0.01 0.79 4.10 -0.01 0.79 4.12 -2.37 0.78 4.18 -2.37 1.02 4.09 -4.44 0.80 4.14 -4.44 1.02 4.17 -4.38 1.09 4.18 -4.51 1.09 4.18 -4.44 1.09 4.18 -4.44 1.09 4.20 -4.38 1.10 4.10 -4.38 0.79 4.15 -4.38 1.02 4.15 -4.49 1.09 4.15 -4.44 1.09 4.07 -4.49 0.54 4.07 -4.44 0.54 4.05 -4.51 0.56 4.04 -4.38 0.48 4.04 -4.38 0.48 4.07 -4.38 0.54 4.03 -4.49 0.57 4.05 -2.37 0.46 4.05 -4.49 0.46 4.05 -4.44 0.46 4.07 -2.37 0.54 4.03 -4.44 0.57 4.03 -4.38 0.49 4.03 -4.51 0.48 4.03 -4.44 0.48 4.03 -4.44 0.48 4.05 -4.38 0.46 4.04 -0.01 0.48 4.04 -0.01 0.48 4.04 -0.01 0.48 4.04 -0.01 0.48 4.04 -4.38 0.56 4.01 -4.49 0.51 4.01 -4.44 0.51 4.12 4.47 0.78 4.18 4.47 1.02 4.18 4.42 1.02 4.12 4.42 0.78 4.11 4.49 0.79 4.16 4.49 1.02 4.18 4.36 1.10 4.18 4.36 1.10 4.18 4.36 1.02 4.12 4.36 0.78 4.09 4.47 0.80 4.14 4.47 1.02 4.20 -0.01 1.10 4.20 4.47 1.10 4.20 4.42 1.10 4.12 -0.01 0.78 4.18 -0.01 1.02 4.09 4.42 0.80 4.14 4.42 1.02 4.17 4.36 1.09 4.18 4.49 1.09 4.18 4.42 1.09 4.18 4.42 1.09 4.20 4.36 1.10 4.18 -0.01 1.10 4.18 -0.01 1.10 4.18 -0.01 1.10 4.18 -0.01 1.10 4.10 4.36 0.79 4.15 4.36 1.02 4.17 -0.01 1.09 4.17 -0.01 1.09 4.15 4.47 1.09 4.15 4.42 1.09 4.07 4.47 0.54 4.07 4.42 0.54 4.05 4.49 0.56 4.04 -0.01 0.56 4.04 -0.01 0.56 4.04 4.36 0.48 4.04 4.36 0.48 4.07 4.36 0.54 4.03 4.47 0.57 4.05 -0.01 0.46 4.05 4.47 0.46 4.05 4.42 0.46 4.07 -0.01 0.54 4.03 4.42 0.57 4.03 4.36 0.49 4.03 4.49 0.48 4.03 4.42 0.48 4.03 4.42 0.48 4.05 4.36 0.46 4.04 4.36 0.56 4.03 -0.01 0.49 4.03 -0.01 0.49 4.01 4.47 0.51 4.01 4.42 0.51 3.96 4.46 0.54 4.09 4.46 1.10 4.09 4.46 1.10 3.96 -4.48 0.54 3.96 -4.48 0.54 4.09 -4.48 1.10 4.09 -4.48 1.10 4.08 4.46 1.05 4.07 4.46 1.00 4.06 4.46 0.95 4.05 4.46 0.89 4.03 4.46 0.84 4.02 4.46 0.79 4.01 4.46 0.74 4.00 4.46 0.69 3.99 4.46 0.64 3.97 4.46 0.59 4.08 -4.48 1.05 4.07 -4.48 1.00 4.06 -4.48 0.95 4.05 -4.48 0.89 4.03 -4.48 0.84 4.02 -4.48 0.79 4.01 -4.48 0.74 4.00 -4.48 0.69 3.99 -4.48 0.64 3.97 -4.48 0.59 3.75 4.46 0.63 3.94 4.46 1.15 3.94 4.46 1.15 3.75 -4.48 0.63 3.75 -4.48 0.63 3.94 -4.48 1.15 3.94 -4.48 1.15 3.92 4.46 1.10 3.90 4.46 1.06 3.89 4.46 1.01 3.87 4.46 0.96 3.86 4.46 0.91 3.84 4.46 0.87 3.82 4.46 0.82 3.80 4.46 0.77 3.78 4.46 0.73 3.77 4.46 0.68 3.92 -4.48 1.10 3.90 -4.48 1.06 3.89 -4.48 1.01 3.87 -4.48 0.96 3.86 -4.48 0.91 3.84 -4.48 0.87 3.82 -4.48 0.82 3.80 -4.48 0.77 3.78 -4.48 0.73 3.77 -4.48 0.68 3.99 4.46 0.53 4.12 4.46 1.09 4.12 4.46 1.09 3.99 -4.48 0.53 3.99 -4.48 0.53 4.12 -4.48 1.09 4.12 -4.48 1.09 4.11 4.46 1.04 4.10 4.46 0.98 4.09 4.46 0.93 4.08 4.46 0.88 4.06 4.46 0.83 4.05 4.46 0.78 4.04 4.46 0.73 4.03 4.46 0.68 4.02 4.46 0.63 4.00 4.46 0.58 4.11 -4.48 1.04 4.10 -4.48 0.98 4.09 -4.48 0.93 4.08 -4.48 0.88 4.06 -4.48 0.83 4.05 -4.48 0.78 4.04 -4.48 0.73 4.03 -4.48 0.68 4.02 -4.48 0.63 4.00 -4.48 0.58 3.49 4.46 0.86 3.78 4.46 1.31 3.78 4.46 1.31 3.49 -4.48 0.86 3.49 -4.48 0.86 3.78 -4.48 1.31 3.78 -4.48 1.31 3.76 4.46 1.27 3.73 4.46 1.23 3.70 4.46 1.19 3.68 4.46 1.14 3.65 4.46 1.10 3.63 4.46 1.06 3.60 4.46 1.02 3.57 4.46 0.98 3.55 4.46 0.94 3.52 4.46 0.90 3.76 -4.48 1.27 3.73 -4.48 1.23 3.70 -4.48 1.19 3.68 -4.48 1.14 3.65 -4.48 1.10 3.63 -4.48 1.06 3.60 -4.48 1.02 3.57 -4.48 0.98 3.55 -4.48 0.94 3.52 -4.48 0.90 3.28 4.46 1.10 3.59 4.46 1.53 3.59 4.46 1.53 3.28 -4.48 1.10 3.28 -4.48 1.10 3.59 -4.48 1.53 3.59 -4.48 1.53 3.56 4.46 1.49 3.53 4.46 1.45 3.50 4.46 1.41 3.48 4.46 1.37 3.45 4.46 1.33 3.42 4.46 1.29 3.39 4.46 1.25 3.36 4.46 1.21 3.33 4.46 1.17 3.31 4.46 1.14 3.56 -4.48 1.49 3.53 -4.48 1.45 3.50 -4.48 1.41 3.48 -4.48 1.37 3.45 -4.48 1.33 3.42 -4.48 1.29 3.39 -4.48 1.25 3.36 -4.48 1.21 3.33 -4.48 1.17 3.31 -4.48 1.14
4.05 4.46 0.50 4.22 4.46 1.04 4.22 4.46 1.04 1.03 4.46 7.85 1.03 4.46 7.85 1.03 4.46 7.85 1.45 4.46 8.08 1.45 4.46 8.08 1.45 4.46 8.08 1.03 -4.48 7.85 1.03 -4.48 7.85 1.03 -4.48 7.85 1.45 -4.48 8.08 1.45 -4.48 8.08 1.45 -4.48 8.08 4.05 -4.48 0.50 4.05 -4.48 0.50 4.22 -4.48 1.04 4.22 -4.48 1.04 4.20 4.46 0.99 4.20 4.46 0.99 4.19 4.46 0.94 4.19 4.46 0.94 4.18 4.46 0.89 4.18 4.46 0.89 4.16 4.46 0.84 4.16 4.46 0.84 4.14 4.46 0.79 4.14 4.46 0.79 4.14 4.46 0.79 4.13 4.46 0.74 4.13 4.46 0.74 4.13 4.46 0.74 4.11 4.46 0.69 4.11 4.46 0.69 4.10 4.46 0.64 4.10 4.46 0.64 4.08 4.46 0.59 4.08 4.46 0.59 4.07 4.46 0.55 4.07 4.46 0.55 1.41 4.46 8.06 1.41 4.46 8.06 1.38 4.46 8.03 1.38 4.46 8.03 1.34 4.46 8.00 1.34 4.46 8.00 1.30 4.46 7.98 1.30 4.46 7.98 1.26 4.46 7.95 1.26 4.46 7.95 1.23 4.46 7.93 1.23 4.46 7.93 1.19 4.46 7.91 1.19 4.46 7.91 1.15 4.46 7.90 1.15 4.46 7.90 1.11 4.46 7.88 1.11 4.46 7.88 1.07 4.46 7.86 1.07 4.46 7.86 1.41 -4.48 8.05 1.41 -4.48 8.05 1.38 -4.48 8.03 1.38 -4.48 8.03 1.34 -4.48 8.00 1.34 -4.48 8.00 1.30 -4.48 7.98 1.30 -4.48 7.98 1.26 -4.48 7.95 1.26 -4.48 7.95 1.23 -4.48 7.93 1.23 -4.48 7.93 1.19 -4.48 7.91 1.19 -4.48 7.91 1.15 -4.48 7.89 1.15 -4.48 7.89 1.11 -4.48 7.88 1.11 -4.48 7.88 1.07 -4.48 7.86 1.07 -4.48 7.86 4.20 -4.48 0.99 4.20 -4.48 0.99 4.19 -4.48 0.94 4.19 -4.48 0.94 4.18 -4.48 0.89 4.18 -4.48 0.89 4.16 -4.48 0.84 4.16 -4.48 0.84 4.14 -4.48 0.79 4.14 -4.48 0.79 4.14 -4.48 0.79 4.13 -4.48 0.74 4.13 -4.48 0.74 4.13 -4.48 0.74 4.11 -4.48 0.69 4.11 -4.48 0.69 4.10 -4.48 0.64 4.10 -4.48 0.64 4.08 -4.48 0.59 4.08 -4.48 0.59 4.07 -4.48 0.55 4.07 -4.48 0.55 2.04 4.46 3.94 2.46 4.46 4.19 2.46 4.46 4.19 2.04 -4.48 3.94 2.04 -4.48 3.94 2.46 -4.48 4.19 2.46 -4.48 4.19 2.42 4.46 4.17 2.38 4.46 4.14 2.34 4.46 4.12 2.31 4.46 4.10 2.27 4.46 4.08 2.23 4.46 4.05 2.19 4.46 4.03 2.16 4.46 4.01 2.12 4.46 3.99 2.08 4.46 3.96 2.42 -4.48 4.17 2.38 -4.48 4.14 2.34 -4.48 4.12 2.31 -4.48 4.10 2.27 -4.48 4.08 2.23 -4.48 4.05 2.19 -4.48 4.03 2.16 -4.48 4.01 2.12 -4.48 3.99 2.08 -4.48 3.96 2.17 4.46 3.63 2.58 4.46 3.91 2.58 4.46 3.91 2.17 -4.48 3.63 2.17 -4.48 3.63 2.58 -4.48 3.91 2.58 -4.48 3.91 2.54 4.46 3.88 2.50 4.46 3.86 2.47 4.46 3.83 2.43 4.46 3.81 2.39 4.46 3.78 2.36 4.46 3.76 2.32 4.46 3.73 2.28 4.46 3.71 2.25 4.46 3.68 2.21 4.46 3.66 2.54 -4.48 3.88 2.50 -4.48 3.86 2.47 -4.48 3.83 2.43 -4.48 3.81 2.39 -4.48 3.78 2.36 -4.48 3.76 2.32 -4.48 3.73 2.28 -4.48 3.71 2.25 -4.48 3.68 2.21 -4.48 3.66 2.29 4.46 3.34 2.70 4.46 3.61 2.70 4.46 3.61 2.29 -4.48 3.34 2.29 -4.48 3.34 2.70 -4.48 3.61 2.70 -4.48 3.61 2.66 4.46 3.59 2.62 4.46 3.56 2.59 4.46 3.54 2.55 4.46 3.51 2.51 4.46 3.49 2.48 4.46 3.46 2.44 4.46 3.44 2.40 4.46 3.41 2.37 4.46 3.39 2.33 4.46 3.36 2.66 -4.48 3.59 2.62 -4.48 3.56 2.59 -4.48 3.54 2.55 -4.48 3.51 2.51 -4.48 3.49 2.48 -4.48 3.46 2.44 -4.48 3.44 2.40 -4.48 3.41 2.37 -4.48 3.39 2.33 -4.48 3.36 2.42 4.46 3.05 2.82 4.46 3.32 2.82 4.46 3.32 2.42 -4.48 3.05 2.42 -4.48 3.05 2.82 -4.48 3.32 2.82 -4.48 3.32 2.78 4.46 3.30 2.75 4.46 3.27 2.71 4.46 3.25 2.67 4.46 3.22 2.64 4.46 3.20 2.60 4.46 3.17 2.56 4.46 3.15 2.53 4.46 3.12 2.49 4.46 3.10 2.45 4.46 3.07 2.78 -4.48 3.30 2.75 -4.48 3.27 2.71 -4.48 3.25 2.67 -4.48 3.22 2.64 -4.48 3.20 2.60 -4.48 3.17 2.56 -4.48 3.15 2.53 -4.48 3.12 2.49 -4.48 3.10 2.45 -4.48 3.07 2.56 4.46 2.75 2.95 4.46 3.06 2.95 4.46 3.06 2.56 -4.48 2.75 2.56 -4.48 2.75 2.95 -4.48 3.06 2.95 -4.48 3.06 2.91 4.46 3.03 2.88 4.46 3.00 2.84 4.46 2.98 2.81 4.46 2.95 2.77 4.46 2.92 2.74 4.46 2.89 2.70 4.46 2.86 2.67 4.46 2.83 2.63 4.46 2.81 2.60 4.46 2.78 2.91 -4.48 3.03 2.88 -4.48 3.00 2.84 -4.48 2.98 2.81 -4.48 2.95 2.77 -4.48 2.92 2.74 -4.48 2.89 2.70 -4.48 2.86 2.67 -4.48 2.83 2.63 -4.48 2.81 2.60 -4.48 2.78 2.71 4.46 2.47 3.09 4.46 2.79 3.09 4.46 2.79 2.71 -4.48 2.47 2.71 -4.48 2.47 3.09 -4.48 2.79 3.09 -4.48 2.79 3.06 4.46 2.76 3.02 4.46 2.73 2.99 4.46 2.71 2.95 4.46 2.68 2.92 4.46 2.65 2.89 4.46 2.62 2.85 4.46 2.59 2.82 4.46 2.56 2.78 4.46 2.53 2.75 4.46 2.50 3.06 -4.48 2.76 3.02 -4.48 2.73 2.99 -4.48 2.71 2.95 -4.48 2.68 2.92 -4.48 2.65 2.89 -4.48 2.62 2.85 -4.48 2.59 2.82 -4.48 2.56 2.78 -4.48 2.53 2.75 -4.48 2.50 2.87 4.46 2.20 3.24 4.46 2.53 3.24 4.46 2.53 2.87 -4.48 2.20 2.87 -4.48 2.20 3.24 -4.48 2.53 3.24 -4.48 2.53 3.21 4.46 2.50 3.18 4.46 2.47 3.14 4.46 2.44 3.11 4.46 2.41 3.07 4.46 2.38 3.04 4.46 2.35 3.00 4.46 2.32 2.97 4.46 2.29 2.93 4.46 2.26 2.90 4.46 2.23 3.21 -4.48 2.50 3.18 -4.48 2.47 3.14 -4.48 2.44 3.11 -4.48 2.41 3.07 -4.48 2.38 3.04 -4.48 2.35 3.00 -4.48 2.32 2.97 -4.48 2.29 2.93 -4.48 2.26 2.90 -4.48 2.23 3.01 4.46 1.93 3.39 4.46 2.25 3.39 4.46 2.25 3.01 -4.48 1.93 3.01 -4.48 1.93 3.39 -4.48 2.25 3.39 -4.48 2.25 3.36 4.46 2.22 3.32 4.46 2.19 3.29 4.46 2.16 3.25 4.46 2.13 3.22 4.46 2.10 3.18 4.46 2.07 3.15 4.46 2.04 3.12 4.46 2.01 3.08 4.46 1.98 3.05 4.46 1.96 3.36 -4.48 2.22 3.32 -4.48 2.19 3.29 -4.48 2.16 3.25 -4.48 2.13 3.22 -4.48 2.10 3.18 -4.48 2.07 3.15 -4.48 2.04 3.12 -4.48 2.01 3.08 -4.48 1.98 3.05 -4.48 1.96 3.16 4.46 1.65 3.54 4.46 1.98 3.54 4.46 1.98 3.16 -4.48 1.65 3.16 -4.48 1.65 3.54 -4.48 1.98 3.54 -4.48 1.98 3.50 4.46 1.95 3.47 4.46 1.92 3.43 4.46 1.89 3.40 4.46 1.86 3.37 4.46 1.83 3.33 4.46 1.80 3.30 4.46 1.77 3.26 4.46 1.74 3.23 4.46 1.71 3.19 4.46 1.68 3.50 -4.48 1.95 3.47 -4.48 1.92 3.43 -4.48 1.89 3.40 -4.48 1.86 3.37 -4.48 1.83 3.33 -4.48 1.80 3.30 -4.48 1.77 3.26 -4.48 1.74 3.23 -4.48 1.71 3.19 -4.48 1.68 3.31 4.46 1.38 3.68 4.46 1.70 3.68 4.46 1.70 3.31 -4.48 1.38 3.31 -4.48 1.38 3.68 -4.48 1.70 3.68 -4.48 1.70 3.65 4.46 1.67 3.61 4.46 1.64 3.58 4.46 1.62 3.55 4.46 1.59 3.51 4.46 1.56 3.48 4.46 1.53 3.44 4.46 1.50 3.41 4.46 1.47 3.37 4.46 1.44 3.34 4.46 1.41 3.65 -4.48 1.67 3.61 -4.48 1.64 3.58 -4.48 1.62 3.55 -4.48 1.59 3.51 -4.48 1.56 3.48 -4.48 1.53 3.44 -4.48 1.50 3.41 -4.48 1.47 3.37 -4.48 1.44 3.34 -4.48 1.41 3.46 4.46 1.10 3.83 4.46 1.44 3.83 4.46 1.44 3.46 -4.48 1.10 3.46 -4.48 1.10 3.83 -4.48 1.44 3.83 -4.48 1.44 3.79 4.46 1.41 3.76 4.46 1.37 3.72 4.46 1.34 3.69 4.46 1.31 3.66 4.46 1.28 3.62 4.46 1.25 3.59 4.46 1.22 3.56 4.46 1.19 3.52 4.46 1.16 3.49 4.46 1.13 3.79 -4.48 1.41 3.76 -4.48 1.37 3.72 -4.48 1.34 3.69 -4.48 1.31 3.66 -4.48 1.28 3.62 -4.48 1.25 3.59 -4.48 1.22 3.56 -4.48 1.19 3.52 -4.48 1.16 3.49 -4.48 1.13 3.64 4.46 0.80 3.96 4.46 1.20 3.96 4.46 1.20 3.64 -4.48 0.80 3.64 -4.48 0.80 3.96 -4.48 1.20 3.96 -4.48 1.20 3.93 4.46 1.17 3.90 4.46 1.13 3.87 4.46 1.09 3.85 4.46 1.06 3.82 4.46 1.02 3.79 4.46 0.98 3.76 4.46 0.95 3.73 4.46 0.91 3.70 4.46 0.87 3.67 4.46 0.84 3.93 -4.48 1.17 3.90 -4.48 1.13 3.87 -4.48 1.09 3.85 -4.48 1.06 3.82 -4.48 1.02 3.79 -4.48 0.98 3.76 -4.48 0.95 3.73 -4.48 0.91 3.70 -4.48 0.87 3.67 -4.48 0.84 3.93 4.46 0.56 4.10 4.46 1.10 4.10 4.46 1.10 3.93 -4.48 0.56 3.93 -4.48 0.56 4.10 -4.48 1.10 4.10 -4.48 1.10 4.09 4.46 1.05 4.07 4.46 1.00 4.06 4.46 0.95 4.04 4.46 0.90 4.03 4.46 0.85 4.01 4.46 0.80 4.00 4.46 0.75 3.98 4.46 0.70 3.97 4.46 0.65 3.95 4.46 0.60 4.09 -4.48 1.05 4.07 -4.48 1.00 4.06 -4.48 0.95 4.04 -4.48 0.90 4.03 -4.48 0.85 4.01 -4.48 0.80 4.00 -4.48 0.75 3.98 -4.48 0.70 3.97 -4.48 0.65 3.95 -4.48 0.60 1.23 4.46 6.86 1.66 4.46 7.06 1.66 4.46 7.06 1.23 -4.48 6.86 1.23 -4.48 6.86 1.66 -4.48 7.06 1.66 -4.48 7.06 1.62 4.46 7.04 1.58 4.46 7.02 1.54 4.46 7.00 1.51 4.46 6.98 1.47 4.46 6.96 1.43 4.46 6.94 1.39 4.46 6.92 1.35 4.46 6.91 1.31 4.46 6.89 1.27 4.46 6.88 1.62 -4.48 7.04 1.58 -4.48 7.02 1.54 -4.48 7.00 1.51 -4.48 6.98 1.47 -4.48 6.96 1.43 -4.48 6.94 1.39 -4.48 6.92 1.35 -4.48 6.91 1.31 -4.48 6.89 1.27 -4.48 6.88 1.34 4.46 6.22 1.78 4.46 6.41 1.78 4.46 6.41 1.34 -4.48 6.22 1.34 -4.48 6.22 1.78 -4.48 6.41 1.78 -4.48 6.41 1.74 4.46 6.39 1.70 4.46 6.37 1.66 4.46 6.36 1.62 4.46 6.34 1.58 4.46 6.32 1.54 4.46 6.31 1.50 4.46 6.29 1.46 4.46 6.27 1.42 4.46 6.26 1.38 4.46 6.24 1.74 -4.48 6.39 1.70 -4.48 6.37 1.66 -4.48 6.36 1.62 -4.48 6.34 1.58 -4.48 6.32 1.54 -4.48 6.30 1.50 -4.48 6.29 1.46 -4.48 6.27 1.42 -4.48 6.26 1.38 -4.48 6.24 1.48 4.46 5.58 1.91 4.46 5.76 1.91 4.46 5.76 1.48 -4.48 5.58 1.48 -4.48 5.58 1.91 -4.48 5.76 1.91 -4.48 5.76 1.87 4.46 5.75 1.83 4.46 5.73 1.79 4.46 5.71 1.75 4.46 5.69 1.71 4.46 5.68 1.67 4.46 5.66 1.64 4.46 5.64 1.60 4.46 5.63 1.56 4.46 5.61 1.52 4.46 5.59 1.87 -4.48 5.74 1.83 -4.48 5.73 1.79 -4.48 5.71 1.75 -4.48 5.69 1.71 -4.48 5.68 1.67 -4.48 5.66 1.64 -4.48 5.64 1.60 -4.48 5.63 1.56 -4.48 5.61 1.52 -4.48 5.59 1.67 4.46 4.94 2.09 4.46 5.17 2.09 4.46 5.17 1.67 -4.48 4.94 1.67 -4.48 4.94 2.09 -4.48 5.17 2.09 -4.48 5.17 2.05 4.46 5.15 2.01 4.46 5.13 1.97 4.46 5.10 1.93 4.46 5.08 1.90 4.46 5.06 1.86 4.46 5.04 1.82 4.46 5.02 1.78 4.46 5.00 1.74 4.46 4.98 1.71 4.46 4.96 2.05 -4.48 5.15 2.01 -4.48 5.13 1.97 -4.48 5.10 1.93 -4.48 5.08 1.90 -4.48 5.06 1.86 -4.48 5.04 1.82 -4.48 5.02 1.78 -4.48 5.00 1.74 -4.48 4.98 1.71 -4.48 4.96 1.89 4.46 4.33 2.30 4.46 4.58 2.30 4.46 4.58 1.89 -4.48 4.33 1.89 -4.48 4.33 2.30 -4.48 4.58 2.30 -4.48 4.58 2.27 4.46 4.55 2.23 4.46 4.53 2.19 4.46 4.51 2.15 4.46 4.49 2.12 4.46 4.47 2.08 4.46 4.44 2.04 4.46 4.42 2.00 4.46 4.40 1.97 4.46 4.38 1.93 4.46 4.36 2.27 -4.48 4.55 2.23 -4.48 4.53 2.19 -4.48 4.51 2.15 -4.48 4.49 2.12 -4.48 4.47 2.08 -4.48 4.44 2.04 -4.48 4.42 2.00 -4.48 4.40 1.97 -4.48 4.38 1.93 -4.48 4.36 4.18 -4.49 0.74 4.25 -4.49 0.97 4.25 -4.44 0.97 4.18 -4.44 0.74 4.16 -4.51 0.75 4.23 -4.51 0.98 4.22 -0.01 0.98 4.22 -0.01 0.98 4.26 -4.38 1.05 4.26 -4.38 1.05 4.25 -4.38 0.97 4.18 -4.38 0.74 4.14 -4.49 0.76 4.20 -4.49 0.98 4.27 -2.37 1.05 4.27 -4.49 1.05 4.27 -4.44 1.05 4.16 -0.01 0.76 4.16 -0.01 0.76 4.18 -2.37 0.74 4.25 -2.37 0.97 4.14 -4.44 0.76 4.20 -4.44 0.98 4.24 -4.38 1.05 4.25 -4.51 1.05 4.25 -4.44 1.05 4.25 -4.44 1.05 4.27 -4.38 1.05 4.16 -4.38 0.76 4.22 -4.38 0.98 4.23 -4.49 1.05 4.23 -4.44 1.05 4.10 -4.49 0.51 4.10 -4.44 0.51 4.09 -4.51 0.53 4.07 -4.38 0.45 4.07 -4.38 0.45 4.10 -4.38 0.51 4.07 -4.49 0.55 4.08 -2.37 0.44 4.08 -4.49 0.44 4.08 -4.44 0.44 4.10 -2.37 0.51 4.07 -4.44 0.55 4.06 -4.38 0.46 4.06 -4.51 0.46 4.07 -4.44 0.46 4.07 -4.44 0.46 4.08 -4.38 0.44 4.07 -0.01 0.45 4.07 -0.01 0.45 4.07 -0.01 0.45 4.07 -0.01 0.45 4.08 -4.38 0.54 4.05 -4.49 0.48 4.05 -4.44 0.48 4.18 4.47 0.74 4.25 4.47 0.97 4.25 4.42 0.97 4.18 4.42 0.74 4.16 4.49 0.75 4.23 4.49 0.98 4.26 4.36 1.05 4.26 4.36 1.05 4.25 4.36 0.97 4.18 4.36 0.74 4.14 4.47 0.76 4.20 4.47 0.98 4.27 -0.01 1.05 4.27 4.47 1.05 4.27 4.42 1.05 4.18 -0.01 0.74 4.25 -0.01 0.97 4.14 4.42 0.76 4.20 4.42 0.98 4.24 4.36 1.05 4.25 4.49 1.05 4.25 4.42 1.05 4.25 4.42 1.05 4.27 4.36 1.05 4.26 -0.01 1.05 4.26 -0.01 1.05 4.26 -0.01 1.05 4.26 -0.01 1.05 4.16 4.36 0.76 4.22 4.36 0.98 4.24 -0.01 1.05 4.24 -0.01 1.05 4.23 4.47 1.05 4.23 4.42 1.05 4.10 4.47 0.51 4.10 4.42 0.51 4.09 4.49 0.53 4.08 -0.01 0.54 4.08 -0.01 0.54 4.07 4.36 0.45 4.07 4.36 0.45 4.10 4.36 0.51 4.07 4.47 0.55 4.08 -0.01 0.44 4.08 4.47 0.44 4.08 4.42 0.44 4.10 -0.01 0.51 4.07 4.42 0.55 4.06 4.36 0.46 4.06 4.49 0.46 4.07 4.42 0.46 4.07 4.42 0.46 4.08 4.36 0.44 4.08 4.36 0.54 4.06 -0.01 0.46 4.06 -0.01 0.46 4.05 4.47 0.48 4.05 4.42 0.48 4.00 4.46 0.52 4.17 4.46 1.06 4.17 4.46 1.06 4.00 -4.48 0.52 4.00 -4.48 0.52 4.17 -4.48 1.06 4.17 -4.48 1.06 4.15 4.46 1.01 4.14 4.46 0.96 4.12 4.46 0.92 4.11 4.46 0.87 4.09 4.46 0.82 4.08 4.46 0.77 4.06 4.46 0.72 4.05 4.46 0.67 4.03 4.46 0.62 4.01 4.46 0.57 4.15 -4.48 1.01 4.14 -4.48 0.96 4.12 -4.48 0.92 4.11 -4.48 0.87 4.09 -4.48 0.82 4.08 -4.48 0.77 4.06 -4.48 0.72 4.05 -4.48 0.67 4.03 -4.48 0.62 4.01 -4.48 0.57 3.78 4.46 0.65 4.02 4.46 1.13 4.02 4.46 1.13 3.78 -4.48 0.65 3.78 -4.48 0.65 4.02 -4.48 1.13 4.02 -4.48 1.13 4.00 4.46 1.08 3.98 4.46 1.04 3.96 4.46 0.99 3.94 4.46 0.95 3.92 4.46 0.91 3.90 4.46 0.86 3.87 4.46 0.82 3.85 4.46 0.78 3.83 4.46 0.73 3.81 4.46 0.69 4.00 -4.48 1.08 3.98 -4.48 1.04 3.96 -4.48 0.99 3.94 -4.48 0.95 3.92 -4.48 0.91 3.90 -4.48 0.86 3.87 -4.48 0.82 3.85 -4.48 0.78 3.83 -4.48 0.73 3.81 -4.48 0.69 4.03 4.46 0.51 4.20 4.46 1.05 4.20 4.46 1.05 4.03 -4.48 0.51 4.03 -4.48 0.51 4.20 -4.48 1.05 4.20 -4.48 1.05 4.18 4.46 1.00 4.17 4.46 0.95 4.15 4.46 0.90 4.14 4.46 0.85 4.12 4.46 0.80 4.11 4.46 0.75 4.09 4.46 0.70 4.07 4.46 0.66 4.06 4.46 0.61 4.04 4.46 0.56 4.18 -4.48 1.00 4.17 -4.48 0.95 4.15 -4.48 0.90 4.14 -4.48 0.85 4.12 -4.48 0.80 4.11 -4.48 0.75 4.09 -4.48 0.70 4.07 -4.48 0.66 4.06 -4.48 0.61 4.04 -4.48 0.56 3.55 4.46 0.94 3.91 4.46 1.30 3.91 4.46 1.30 3.55 -4.48 0.94 3.55 -4.48 0.94 3.91 -4.48 1.30 3.91 -4.48 1.30 3.88 4.46 1.27 3.84 4.46 1.24 3.81 4.46 1.20 3.78 4.46 1.17 3.75 4.46 1.14 3.71 4.46 1.11 3.68 4.46 1.07 3.65 4.46 1.04 3.62 4.46 1.01 3.58 4.46 0.97 3.88 -4.48 1.27 3.84 -4.48 1.24 3.81 -4.48 1.20 3.78 -4.48 1.17 3.75 -4.48 1.14 3.71 -4.48 1.11 3.68 -4.48 1.07 3.65 -4.48 1.04 3.62 -4.48 1.01 3.58 -4.48 0.97 3.38 4.46 1.24 3.76 4.46 1.57 3.76 4.46 1.57 3.38 -4.48 1.24 3.38 -4.48 1.24 3.76 -4.48 1.57 3.76 -4.48 1.57 3.72 4.46 1.54 3.69 4.46 1.51 3.65 4.46 1.48 3.62 4.46 1.45 3.59 4.46 1.42 3.55 4.46 1.39 3.52 4.46 1.36 3.48 4.46 1.33 3.45 4.46 1.30 3.41 4.46 1.27 3.72 -4.48 1.54 3.69 -4.48 1.51 3.65 -4.48 1.48 3.62 -4.48 1.45 3.59 -4.48 1.42 3.55 -4.48 1.39 3.52 -4.48 1.36 3.48 -4.48 1.33 3.45 -4.48 1.30 3.41 -4.48 1.27
4.08 4.46 0.47 4.29 4.46 0.99 4.29 4.46 0.99 2.58 4.46 8.55 2.58 4.46 8.55 2.58 4.46 8.55 3.03 4.46 8.68 3.03 4.46 8.68 3.03 4.46 8.68 2.59 -4.48 8.55 2.59 -4.48 8.55 2.59 -4.48 8.55 3.03 -4.48 8.68 3.03 -4.48 8.68 3.03 -4.48 8.68 4.08 -4.48 0.47 4.08 -4.48 0.47 4.29 -4.48 0.99 4.29 -4.48 0.99 4.27 4.46 0.94 4.27 4.46 0.94 4.26 4.46 0.89 4.26 4.46 0.89 4.24 4.46 0.84 4.24 4.46 0.84 4.22 4.46 0.80 4.22 4.46 0.80 4.20 4.46 0.75 4.20 4.46 0.75 4.20 4.46 0.75 4.18 4.46 0.70 4.18 4.46 0.70 4.18 4.46 0.70 4.16 4.46 0.66 4.16 4.46 0.66 4.14 4.46 0.61 4.14 4.46 0.61 4.12 4.46 0.56 4.12 4.46 0.56 4.10 4.46 0.52 4.10 4.46 0.52 2.99 4.46 8.66 2.99 4.46 8.66 2.95 4.46 8.65 2.95 4.46 8.65 2.91 4.46 8.63 2.91 4.46 8.63 2.87 4.46 8.61 2.87 4.46 8.61 2.83 4.46 8.60 2.83 4.46 8.60 2.79 4.46 8.59 2.79 4.46 8.59 2.75 4.46 8.58 2.75 4.46 8.58 2.71 4.46 8.57 2.71 4.46 8.57 2.67 4.46 8.56 2.67 4.46 8.56 2.63 4.46 8.56 2.63 4.46 8.56 2.99 -4.48 8.66 2.99 -4.48 8.66 2.95 -4.48 8.64 2.95 -4.48 8.64 2.91 -4.48 8.63 2.91 -4.48 8.63 2.87 -4.48 8.61 2.87 -4.48 8.61 2.83 -4.48 8.60 2.83 -4.48 8.60 2.79 -4.48 8.59 2.79 -4.48 8.59 2.75 -4.48 8.58 2.75 -4.48 8.58 2.71 -4.48 8.57 2.71 -4.48 8.57 2.67 -4.48 8.56 2.67 -4.48 8.56 2.63 -4.48 8.56 2.63 -4.48 8.56 4.27 -4.48 0.94 4.27 -4.48 0.94 4.26 -4.48 0.89 4.26 -4.48 0.89 4.24 -4.48 0.84 4.24 -4.48 0.84 4.22 -4.48 0.80 4.22 -4.48 0.80 4.20 -4.48 0.75 4.20 -4.48 0.75 4.20 -4.48 0.75 4.18 -4.48 0.70 4.18 -4.48 0.70 4.18 -4.48 0.70 4.16 -4.48 0.66 4.16 -4.48 0.66 4.14 -4.48 0.61 4.14 -4.48 0.61 4.12 -4.48 0.56 4.12 -4.48 0.56 4.10 -4.48 0.52 4.10 -4.48 0.52 2.90 4.46 4.47 3.35 4.46 4.56 3.35 4.46 4.56 2.90 -4.48 4.47 2.90 -4.48 4.47 3.35 -4.48 4.56 3.35 -4.48 4.56 3.31 4.46 4.56 3.27 4.46 4.55 3.23 4.46 4.54 3.18 4.46 4.53 3.14 4.46 4.52 3.10 4.46 4.51 3.06 4.46 4.51 3.02 4.46 4.50 2.98 4.46 4.49 2.94 4.46 4.48 3.31 -4.48 4.56 3.27 -4.48 4.55 3.23 -4.48 4.54 3.18 -4.48 4.53 3.14 -4.48 4.52 3.10 -4.48 4.51 3.06 -4.48 4.51 3.02 -4.48 4.50 2.98 -4.48 4.49 2.94 -4.48 4.48 2.94 4.46 4.13 3.39 4.46 4.25 3.39 4.46 4.25 2.94 -4.48 4.13 2.94 -4.48 4.13 3.39 -4.48 4.25 3.39 -4.48 4.25 3.35 4.46 4.24 3.31 4.46 4.23 3.27 4.46 4.22 3.23 4.46 4.20 3.19 4.46 4.19 3.15 4.46 4.18 3.11 4.46 4.17 3.07 4.46 4.16 3.02 4.46 4.15 2.98 4.46 4.14 3.35 -4.48 4.24 3.31 -4.48 4.23 3.27 -4.48 4.22 3.23 -4.48 4.20 3.19 -4.48 4.19 3.15 -4.48 4.18 3.11 -4.48 4.17 3.07 -4.48 4.16 3.02 -4.48 4.15 2.98 -4.48 4.14 2.99 4.46 3.81 3.44 4.46 3.92 3.44 4.46 3.92 2.99 -4.48 3.81 2.99 -4.48 3.81 3.44 -4.48 3.92 3.44 -4.48 3.92 3.40 4.46 3.91 3.36 4.46 3.90 3.32 4.46 3.89 3.28 4.46 3.88 3.24 4.46 3.87 3.19 4.46 3.86 3.15 4.46 3.85 3.11 4.46 3.84 3.07 4.46 3.83 3.03 4.46 3.82 3.40 -4.48 3.91 3.36 -4.48 3.90 3.32 -4.48 3.89 3.28 -4.48 3.88 3.24 -4.48 3.87 3.19 -4.48 3.86 3.15 -4.48 3.85 3.11 -4.48 3.84 3.07 -4.48 3.83 3.03 -4.48 3.82 3.04 4.46 3.48 3.49 4.46 3.60 3.49 4.46 3.60 3.04 -4.48 3.48 3.04 -4.48 3.48 3.49 -4.48 3.60 3.49 -4.48 3.60 3.45 4.46 3.59 3.41 4.46 3.58 3.37 4.46 3.57 3.33 4.46 3.56 3.29 4.46 3.55 3.25 4.46 3.54 3.20 4.46 3.52 3.16 4.46 3.51 3.12 4.46 3.50 3.08 4.46 3.49 3.45 -4.48 3.59 3.41 -4.48 3.58 3.37 -4.48 3.57 3.33 -4.48 3.56 3.29 -4.48 3.55 3.25 -4.48 3.54 3.20 -4.48 3.52 3.16 -4.48 3.51 3.12 -4.48 3.50 3.08 -4.48 3.49 3.11 4.46 3.15 3.55 4.46 3.29 3.55 4.46 3.29 3.11 -4.48 3.15 3.11 -4.48 3.15 3.55 -4.48 3.29 3.55 -4.48 3.29 3.51 4.46 3.28 3.47 4.46 3.27 3.43 4.46 3.25 3.39 4.46 3.24 3.35 4.46 3.23 3.31 4.46 3.21 3.27 4.46 3.20 3.23 4.46 3.19 3.19 4.46 3.17 3.15 4.46 3.16 3.51 -4.48 3.28 3.47 -4.48 3.27 3.43 -4.48 3.25 3.39 -4.48 3.24 3.35 -4.48 3.23 3.31 -4.48 3.21 3.27 -4.48 3.20 3.23 -4.48 3.19 3.19 -4.48 3.17 3.15 -4.48 3.16 3.18 4.46 2.83 3.62 4.46 2.98 3.62 4.46 2.98 3.18 -4.48 2.83 3.18 -4.48 2.83 3.62 -4.48 2.98 3.62 -4.48 2.98 3.58 4.46 2.97 3.54 4.46 2.95 3.50 4.46 2.94 3.46 4.46 2.92 3.42 4.46 2.91 3.38 4.46 2.90 3.34 4.46 2.88 3.30 4.46 2.87 3.26 4.46 2.85 3.22 4.46 2.84 3.58 -4.48 2.97 3.54 -4.48 2.95 3.50 -4.48 2.94 3.46 -4.48 2.92 3.42 -4.48 2.91 3.38 -4.48 2.90 3.34 -4.48 2.88 3.30 -4.48 2.87 3.26 -4.48 2.85 3.22 -4.48 2.84 3.26 4.46 2.51 3.70 4.46 2.67 3.70 4.46 2.67 3.26 -4.48 2.51 3.26 -4.48 2.51 3.70 -4.48 2.67 3.70 -4.48 2.67 3.66 4.46 2.65 3.62 4.46 2.64 3.58 4.46 2.62 3.54 4.46 2.61 3.50 4.46 2.59 3.46 4.46 2.58 3.42 4.46 2.56 3.38 4.46 2.55 3.34 4.46 2.54 3.30 4.46 2.52 3.66 -4.48 2.65 3.62 -4.48 2.64 3.58 -4.48 2.62 3.54 -4.48 2.61 3.50 -4.48 2.59 3.46 -4.48 2.58 3.42 -4.48 2.56 3.38 -4.48 2.55 3.34 -4.48 2.54 3.30 -4.48 2.52 3.33 4.46 2.19 3.77 4.46 2.35 3.77 4.46 2.35 3.33 -4.48 2.19 3.33 -4.48 2.19 3.77 -4.48 2.35 3.77 -4.48 2.35 3.73 4.46 2.33 3.69 4.46 2.32 3.65 4.46 2.30 3.61 4.46 2.29 3.57 4.46 2.28 3.53 4.46 2.26 3.49 4.46 2.25 3.45 4.46 2.23 3.41 4.46 2.22 3.37 4.46 2.20 3.73 -4.48 2.33 3.69 -4.48 2.32 3.65 -4.48 2.30 3.61 -4.48 2.29 3.57 -4.48 2.28 3.53 -4.48 2.26 3.49 -4.48 2.25 3.45 -4.48 2.23 3.41 -4.48 2.22 3.37 -4.48 2.20 3.40 4.46 1.87 3.84 4.46 2.03 3.84 4.46 2.03 3.40 -4.48 1.87 3.40 -4.48 1.87 3.84 -4.48 2.03 3.84 -4.48 2.03 3.80 4.46 2.02 3.76 4.46 2.00 3.72 4.46 1.99 3.68 4.46 1.97 3.64 4.46 1.96 3.60 4.46 1.94 3.56 4.46 1.93 3.52 4.46 1.91 3.48 4.46 1.90 3.44 4.46 1.88 3.80 -4.48 2.02 3.76 -4.48 2.00 3.72 -4.48 1.99 3.68 -4.48 1.97 3.64 -4.48 1.96 3.60 -4.48 1.94 3.56 -4.48 1.93 3.52 -4.48 1.91 3.48 -4.48 1.90 3.44 -4.48 1.88 3.48 4.46 1.55 3.92 4.46 1.71 3.92 4.46 1.71 3.48 -4.48 1.55 3.48 -4.48 1.55 3.92 -4.48 1.71 3.92 -4.48 1.71 3.88 4.46 1.70 3.84 4.46 1.68 3.80 4.46 1.67 3.76 4.46 1.65 3.72 4.46 1.64 3.68 4.46 1.62 3.64 4.46 1.61 3.60 4.46 1.59 3.56 4.46 1.58 3.52 4.46 1.57 3.88 -4.48 1.70 3.84 -4.48 1.68 3.80 -4.48 1.67 3.76 -4.48 1.65 3.72 -4.48 1.64 3.68 -4.48 1.62 3.64 -4.48 1.61 3.60 -4.48 1.59 3.56 -4.48 1.58 3.52 -4.48 1.57 3.55 4.46 1.22 3.98 4.46 1.41 3.98 4.46 1.41 3.55 -4.48 1.22 3.55 -4.48 1.22 3.98 -4.48 1.41 3.98 -4.48 1.41 3.94 4.46 1.39 3.90 4.46 1.37 3.86 4.46 1.35 3.82 4.46 1.34 3.79 4.46 1.32 3.75 4.46 1.30 3.71 4.46 1.29 3.67 4.46 1.27 3.63 4.46 1.25 3.59 4.46 1.23 3.94 -4.48 1.39 3.90 -4.48 1.37 3.86 -4.48 1.35 3.82 -4.48 1.34 3.79 -4.48 1.32 3.75 -4.48 1.30 3.71 -4.48 1.29 3.67 -4.48 1.27 3.63 -4.48 1.25 3.59 -4.48 1.23 3.69 4.46 0.85 4.06 4.46 1.16 4.06 4.46 1.16 3.69 -4.48 0.85 3.69 -4.48 0.85 4.06 -4.48 1.16 4.06 -4.48 1.16 4.03 4.46 1.13 3.99 4.46 1.10 3.96 4.46 1.08 3.93 4.46 1.05 3.89 4.46 1.02 3.86 4.46 0.99 3.83 4.46 0.96 3.79 4.46 0.94 3.76 4.46 0.91 3.73 4.46 0.88 4.03 -4.48 1.13 3.99 -4.48 1.10 3.96 -4.48 1.08 3.93 -4.48 1.05 3.89 -4.48 1.02 3.86 -4.48 0.99 3.83 -4.48 0.96 3.79 -4.48 0.94 3.76 -4.48 0.91 3.73 -4.48 0.88 3.97 4.46 0.54 4.18 4.46 1.06 4.18 4.46 1.06 3.97 -4.48 0.54 3.97 -4.48 0.54 4.18 -4.48 1.06 4.18 -4.48 1.06 4.16 4.46 1.01 4.14 4.46 0.96 4.13 4.46 0.92 4.11 4.46 0.87 4.09 4.46 0.82 4.07 4.46 0.78 4.05 4.46 0.73 4.03 4.46 0.68 4.01 4.46 0.63 3.99 4.46 0.59 4.16 -4.48 1.01 4.14 -4.48 0.96 4.13 -4.48 0.92 4.11 -4.48 0.87 4.09 -4.48 0.82 4.07 -4.48 0.78 4.05 -4.48 0.73 4.03 -4.48 0.68 4.01 -4.48 0.63 3.99 -4.48 0.59 2.64 4.46 7.54 3.09 4.46 7.63 3.09 4.46 7.63 2.64 -4.48 7.54 2.64 -4.48 7.54 3.09 -4.48 7.63 3.09 -4.48 7.63 3.05 4.46 7.62 3.00 4.46 7.60 2.96 4.46 7.59 2.92 4.46 7.58 2.88 4.46 7.57 2.84 4.46 7.56 2.80 4.46 7.56 2.76 4.46 7.55 2.72 4.46 7.55 2.68 4.46 7.54 3.05 -4.48 7.61 3.01 -4.48 7.60 2.96 -4.48 7.59 2.92 -4.48 7.58 2.88 -4.48 7.57 2.84 -4.48 7.56 2.80 -4.48 7.56 2.76 -4.48 7.55 2.72 -4.48 7.54 2.68 -4.48 7.54 2.66 4.46 6.89 3.11 4.46 6.96 3.11 4.46 6.96 2.66 -4.48 6.89 2.66 -4.48 6.89 3.11 -4.48 6.96 3.11 -4.48 6.96 3.07 4.46 6.95 3.03 4.46 6.94 2.99 4.46 6.94 2.95 4.46 6.93 2.91 4.46 6.92 2.87 4.46 6.92 2.82 4.46 6.91 2.78 4.46 6.91 2.74 4.46 6.90 2.70 4.46 6.89 3.07 -4.48 6.95 3.03 -4.48 6.94 2.99 -4.48 6.94 2.95 -4.48 6.93 2.91 -4.48 6.92 2.87 -4.48 6.92 2.82 -4.48 6.91 2.78 -4.48 6.90 2.74 -4.48 6.90 2.70 -4.48 6.89 2.69 4.46 6.22 3.15 4.46 6.29 3.15 4.46 6.29 2.69 -4.48 6.22 2.69 -4.48 6.22 3.15 -4.48 6.29 3.15 -4.48 6.29 3.11 4.46 6.28 3.07 4.46 6.28 3.02 4.46 6.27 2.98 4.46 6.26 2.94 4.46 6.26 2.90 4.46 6.25 2.86 4.46 6.25 2.82 4.46 6.24 2.78 4.46 6.24 2.74 4.46 6.23 3.11 -4.48 6.28 3.07 -4.48 6.28 3.02 -4.48 6.27 2.98 -4.48 6.26 2.94 -4.48 6.26 2.90 -4.48 6.25 2.86 -4.48 6.25 2.82 -4.48 6.24 2.78 -4.48 6.24 2.74 -4.48 6.23 2.76 4.46 5.56 3.21 4.46 5.64 3.21 4.46 5.64 2.76 -4.48 5.56 2.76 -4.48 5.56 3.21 -4.48 5.64 3.21 -4.48 5.64 3.17 4.46 5.63 3.13 4.46 5.63 3.08 4.46 5.62 3.04 4.46 5.61 3.00 4.46 5.60 2.96 4.46 5.60 2.92 4.46 5.59 2.88 4.46 5.58 2.84 4.46 5.57 2.80 4.46 5.56 3.17 -4.48 5.63 3.13 -4.48 5.63 3.08 -4.48 5.62 3.04 -4.48 5.61 3.00 -4.48 5.60 2.96 -4.48 5.59 2.92 -4.48 5.59 2.88 -4.48 5.58 2.84 -4.48 5.57 2.80 -4.48 5.56 2.84 4.46 4.90 3.29 4.46 4.99 3.29 4.46 4.99 2.84 -4.48 4.90 2.84 -4.48 4.90 3.29 -4.48 4.99 3.29 -4.48 4.99 3.25 4.46 4.98 3.21 4.46 4.98 3.17 4.46 4.97 3.13 4.46 4.96 3.09 4.46 4.95 3.04 4.46 4.94 3.00 4.46 4.94 2.96 4.46 4.93 2.92 4.46 4.92 2.88 4.46 4.91 3.25 -4.48 4.98 3.21 -4.48 4.98 3.17 -4.48 4.97 3.13 -4.48 4.96 3.09 -4.48 4.95 3.04 -4.48 4.94 3.00 -4.48 4.93 2.96 -4.48 4.93 2.92 -4.48 4.92 2.88 -4.48 4.91 4.23 -4.49 0.70 4.32 -4.49 0.92 4.32 -4.44 0.92 4.23 -4.44 0.70 4.21 -4.51 0.71 4.30 -4.51 0.93 4.29 -0.01 0.93 4.29 -0.01 0.93 4.33 -4.38 1.00 4.33 -4.38 1.00 4.32 -4.38 0.92 4.23 -4.38 0.70 4.19 -4.49 0.72 4.27 -4.49 0.93 4.35 -2.37 1.00 4.35 -4.49 1.00 4.35 -4.44 1.00 4.21 -0.01 0.71 4.21 -0.01 0.71 4.23 -2.37 0.70 4.32 -2.37 0.92 4.19 -4.44 0.72 4.27 -4.44 0.93 4.32 -4.38 1.00 4.32 -4.51 1.00 4.33 -4.44 1.00 4.33 -4.44 1.00 4.35 -4.38 1.00 4.21 -4.38 0.71 4.29 -4.38 0.93 4.30 -4.49 1.00 4.30 -4.44 1.00 4.14 -4.49 0.48 4.14 -4.44 0.48 4.13 -4.51 0.50 4.10 -4.38 0.42 4.10 -4.38 0.42 4.14 -4.38 0.48 4.11 -4.49 0.52 4.11 -2.37 0.41 4.11 -4.49 0.41 4.11 -4.44 0.41 4.14 -2.37 0.48 4.11 -4.44 0.52 4.09 -4.38 0.43 4.10 -4.51 0.43 4.10 -4.44 0.43 4.10 -4.44 0.43 4.11 -4.38 0.41 4.10 -0.01 0.42 4.10 -0.01 0.42 4.10 -0.01 0.42 4.10 -0.01 0.42 4.12 -4.38 0.50 4.08 -4.49 0.45 4.08 -4.44 0.45 4.23 4.47 0.70 4.32 4.47 0.92 4.32 4.42 0.92 4.23 4.42 0.70 4.21 4.49 0.71 4.30 4.49 0.93 4.33 4.36 1.00 4.33 4.36 1.00 4.32 4.36 0.92 4.23 4.36 0.70 4.19 4.47 0.72 4.27 4.47 0.93 4.35 -0.01 1.00 4.35 4.47 1.00 4.35 4.42 1.00 4.23 -0.01 0.70 4.32 -0.01 0.92 4.19 4.42 0.72 4.27 4.42 0.93 4.32 4.36 1.00 4.32 4.49 1.00 4.33 4.42 1.00 4.33 4.42 1.00 4.35 4.36 1.00 4.33 -0.01 1.00 4.33 -0.01 1.00 4.33 -0.01 1.00 4.33 -0.01 1.00 4.21 4.36 0.71 4.29 4.36 0.93 4.32 -0.01 1.00 4.32 -0.01 1.00 4.30 4.47 1.00 4.30 4.42 1.00 4.14 4.47 0.48 4.14 4.42 0.48 4.13 4.49 0.50 4.12 -0.01 0.50 4.12 -0.01 0.50 4.10 4.36 0.42 4.10 4.36 0.42 4.14 4.36 0.48 4.11 4.47 0.52 4.11 -0.01 0.41 4.11 4.47 0.41 4.11 4.42 0.41 4.14 -0.01 0.48 4.11 4.42 0.52 4.09 4.36 0.43 4.10 4.49 0.43 4.10 4.42 0.43 4.10 4.42 0.43 4.11 4.36 0.41 4.12 4.36 0.50 4.09 -0.01 0.43 4.09 -0.01 0.43 4.08 4.47 0.45 4.08 4.42 0.45 4.03 4.46 0.50 4.24 4.46 1.02 4.24 4.46 1.02 4.03 -4.48 0.50 4.03 -4.48 0.50 4.24 -4.48 1.02 4.24 -4.48 1.02 4.22 4.46 0.97 4.21 4.46 0.92 4.19 4.46 0.88 4.17 4.46 0.83 4.15 4.46 0.78 4.13 4.46 0.74 4.11 4.46 0.69 4.09 4.46 0.64 4.07 4.46 0.59 4.05 4.46 0.55 4.22 -4.48 0.97 4.21 -4.48 0.92 4.19 -4.48 0.88 4.17 -4.48 0.83 4.15 -4.48 0.78 4.13 -4.48 0.74 4.11 -4.48 0.69 4.09 -4.48 0.64 4.07 -4.48 0.59 4.05 -4.48 0.55 3.83 4.46 0.66 4.11 4.46 1.09 4.11 4.46 1.09 3.83 -4.48 0.66 3.83 -4.48 0.66 4.11 -4.48 1.09 4.11 -4.48 1.09 4.08 4.46 1.05 4.06 4.46 1.01 4.03 4.46 0.97 4.01 4.46 0.93 3.98 4.46 0.89 3.96 4.46 0.85 3.93 4.46 0.81 3.90 4.46 0.78 3.88 4.46 0.74 3.85 4.46 0.70 4.08 -4.48 1.05 4.06 -4.48 1.01 4.03 -4.48 0.97 4.01 -4.48 0.93 3.98 -4.48 0.89 3.96 -4.48 0.85 3.93 -4.48 0.81 3.90 -4.48 0.78 3.88 -4.48 0.74 3.85 -4.48 0.70 4.06 4.46 0.48 4.27 4.46 1.00 4.27 4.46 1.00 4.06 -4.48 0.48 4.06 -4.48 0.48 4.27 -4.48 1.00 4.27 -4.48 1.00 4.25 4.46 0.95 4.23 4.46 0.91 4.21 4.46 0.86 4.20 4.46 0.81 4.18 4.46 0.76 4.16 4.46 0.72 4.14 4.46 0.67 4.12 4.46 0.62 4.10 4.46 0.58 4.08 4.46 0.53 4.25 -4.48 0.95 4.23 -4.48 0.91 4.21 -4.48 0.86 4.20 -4.48 0.81 4.18 -4.48 0.76 4.16 -4.48 0.72 4.14 -4.48 0.67 4.12 -4.48 0.62 4.10 -4.48 0.58 4.08 -4.48 0.53 3.62 4.46 1.03 4.03 4.46 1.26 4.03 4.46 1.26 3.62 -4.48 1.03 3.62 -4.48 1.03 4.03 -4.48 1.26 4.03 -4.48 1.26 3.99 4.46 1.24 3.95 4.46 1.22 3.92 4.46 1.20 3.88 4.46 1.18 3.84 4.46 1.16 3.80 4.46 1.13 3.77 4.46 1.11 3.73 4.46 1.09 3.69 4.46 1.07 3.66 4.46 1.05 3.99 -4.48 1.24 3.95 -4.48 1.22 3.92 -4.48 1.20 3.88 -4.48 1.18 3.84 -4.48 1.16 3.80 -4.48 1.13 3.77 -4.48 1.11 3.73 -4.48 1.09 3.69 -4.48 1.07 3.66 -4.48 1.05 3.51 4.46 1.39 3.95 4.46 1.55 3.95 4.46 1.55 3.51 -4.48 1.39 3.51 -4.48 1.39 3.95 -4.48 1.55 3.95 -4.48 1.55 3.91 4.46 1.54 3.87 4.46 1.52 3.83 4.46 1.51 3.79 4.46 1.49 3.75 4.46 1.48 3.71 4.46 1.46 3.67 4.46 1.45 3.63 4.46 1.43 3.59 4.46 1.42 3.55 4.46 1.40 3.91 -4.48 1.54 3.87 -4.48 1.52 3.83 -4.48 1.51 3.79 -4.48 1.49 3.75 -4.48 1.48 3.71 -4.48 1.46 3.67 -4.48 1.45 3.63 -4.48 1.43 3.59 -4.48 1.42 3.55 -4.48 1.40
4.12 4.46 0.44 4.36 4.46 0.93 4.36 4.46 0.93 4.23 4.46 8.70 4.23 4.46 8.70 4.23 4.46 8.70 4.69 4.46 8.74 4.69 4.46 8.74 4.69 4.46 8.74 4.23 -4.48 8.70 4.23 -4.48 8.70 4.23 -4.48 8.70 4.69 -4.48 8.74 4.69 -4.48 8.74 4.69 -4.48 8.74 4.12 -4.48 0.44 4.12 -4.48 0.44 4.36 -4.48 0.93 4.36 -4.48 0.93 4.34 4.46 0.88 4.34 4.46 0.88 4.32 4.46 0.84 4.32 4.46 0.84 4.30 4.46 0.79 4.30 4.46 0.79 4.28 4.46 0.75 4.28 4.46 0.75 4.25 4.46 0.70 4.25 4.46 0.70 4.25 4.46 0.70 4.23 4.46 0.66 4.23 4.46 0.66 4.23 4.46 0.66 4.21 4.46 0.61 4.21 4.46 0.61 4.19 4.46 0.57 4.19 4.46 0.57 4.16 4.46 0.52 4.16 4.46 0.52 4.14 4.46 0.48 4.14 4.46 0.48 4.65 4.46 8.73 4.65 4.46 8.73 4.61 4.46 8.72 4.61 4.46 8.72 4.57 4.46 8.71 4.57 4.46 8.71 4.52 4.46 8.71 4.52 4.46 8.71 4.48 4.46 8.70 4.48 4.46 8.70 4.44 4.46 8.70 4.44 4.46 8.70 4.40 4.46 8.69 4.40 4.46 8.69 4.36 4.46 8.69 4.36 4.46 8.69 4.32 4.46 8.69 4.32 4.46 8.69 4.28 4.46 8.70 4.28 4.46 8.70 4.65 -4.48 8.73 4.65 -4.48 8.73 4.61 -4.48 8.72 4.61 -4.48 8.72 4.57 -4.48 8.71 4.57 -4.48 8.71 4.52 -4.48 8.70 4.52 -4.48 8.70 4.48 -4.48 8.70 4.48 -4.48 8.70 4.44 -4.48 8.69 4.44 -4.48 8.69 4.40 -4.48 8.69 4.40 -4.48 8.69 4.36 -4.48 8.69 4.36 -4.48 8.69 4.32 -4.48 8.69 4.32 -4.48 8.69 4.28 -4.48 8.69 4.28 -4.48 8.69 4.34 -4.48 0.88 4.34 -4.48 0.88 4.32 -4.48 0.84 4.32 -4.48 0.84 4.30 -4.48 0.79 4.30 -4.48 0.79 4.28 -4.48 0.75 4.28 -4.48 0.75 4.25 -4.48 0.70 4.25 -4.48 0.70 4.25 -4.48 0.70 4.23 -4.48 0.66 4.23 -4.48 0.66 4.23 -4.48 0.66 4.21 -4.48 0.61 4.21 -4.48 0.61 4.19 -4.48 0.57 4.19 -4.48 0.57 4.16 -4.48 0.52 4.16 -4.48 0.52 4.14 -4.48 0.48 4.14 -4.48 0.48 3.90 4.46 4.66 4.35 4.46 4.59 4.35 4.46 4.59 3.90 -4.48 4.66 3.90 -4.48 4.66 4.35 -4.48 4.59 4.35 -4.48 4.59 4.31 4.46 4.59 4.27 4.46 4.60 4.23 4.46 4.61 4.19 4.46 4.61 4.15 4.46 4.62 4.11 4.46 4.63 4.07 4.46 4.64 4.02 4.46 4.64 3.98 4.46 4.65 3.94 4.46 4.66 4.31 -4.48 4.59 4.27 -4.48 4.60 4.23 -4.48 4.61 4.19 -4.48 4.61 4.15 -4.48 4.62 4.11 -4.48 4.63 4.07 -4.48 4.64 4.02 -4.48 4.64 3.98 -4.48 4.65 3.94 -4.48 4.66 3.85 4.46 4.34 4.30 4.46 4.26 4.30 4.46 4.26 3.85 -4.48 4.34 3.85 -4.48 4.34 4.30 -4.48 4.26 4.30 -4.48 4.26 4.26 4.46 4.27 4.22 4.46 4.28 4.18 4.46 4.28 4.14 4.46 4.29 4.10 4.46 4.30 4.06 4.46 4.30 4.02 4.46 4.31 3.97 4.46 4.32 3.93 4.46 4.32 3.89 4.46 4.33 4.26 -4.48 4.27 4.22 -4.48 4.28 4.18 -4.48 4.28 4.14 -4.48 4.29 4.10 -4.48 4.30 4.06 -4.48 4.30 4.02 -4.48 4.31 3.97 -4.48 4.32 3.93 -4.48 4.32 3.89 -4.48 4.33 3.82 4.46 4.01 4.27 4.46 3.94 4.27 4.46 3.94 3.82 -4.48 4.01 3.82 -4.48 4.01 4.27 -4.48 3.94 4.27 -4.48 3.94 4.23 4.46 3.94 4.19 4.46 3.95 4.15 4.46 3.95 4.11 4.46 3.96 4.06 4.46 3.97 4.02 4.46 3.97 3.98 4.46 3.98 3.94 4.46 3.99 3.90 4.46 3.99 3.86 4.46 4.00 4.23 -4.48 3.94 4.19 -4.48 3.95 4.15 -4.48 3.95 4.11 -4.48 3.96 4.06 -4.48 3.97 4.02 -4.48 3.97 3.98 -4.48 3.98 3.94 -4.48 3.99 3.90 -4.48 3.99 3.86 -4.48 4.00 3.78 4.46 3.68 4.24 4.46 3.61 4.24 4.46 3.61 3.78 -4.48 3.68 3.78 -4.48 3.68 4.24 -4.48 3.61 4.24 -4.48 3.61 4.20 4.46 3.61 4.16 4.46 3.62 4.11 4.46 3.63 4.07 4.46 3.63 4.03 4.46 3.64 3.99 4.46 3.65 3.95 4.46 3.65 3.91 4.46 3.66 3.87 4.46 3.66 3.83 4.46 3.67 4.20 -4.48 3.61 4.16 -4.48 3.62 4.11 -4.48 3.63 4.07 -4.48 3.63 4.03 -4.48 3.64 3.99 -4.48 3.65 3.95 -4.48 3.65 3.91 -4.48 3.66 3.87 -4.48 3.66 3.83 -4.48 3.67 3.76 4.46 3.34 4.22 4.46 3.29 4.22 4.46 3.29 3.76 -4.48 3.34 3.76 -4.48 3.34 4.22 -4.48 3.29 4.22 -4.48 3.29 4.18 4.46 3.29 4.13 4.46 3.30 4.09 4.46 3.30 4.05 4.46 3.31 4.01 4.46 3.31 3.97 4.46 3.32 3.93 4.46 3.32 3.89 4.46 3.32 3.84 4.46 3.33 3.80 4.46 3.33 4.18 -4.48 3.29 4.13 -4.48 3.30 4.09 -4.48 3.30 4.05 -4.48 3.31 4.01 -4.48 3.31 3.97 -4.48 3.32 3.93 -4.48 3.32 3.89 -4.48 3.32 3.84 -4.48 3.33 3.80 -4.48 3.33 3.75 4.46 3.00 4.20 4.46 2.96 4.20 4.46 2.96 3.75 -4.48 3.00 3.75 -4.48 3.00 4.20 -4.48 2.96 4.20 -4.48 2.96 4.16 4.46 2.97 4.12 4.46 2.97 4.08 4.46 2.97 4.04 4.46 2.98 3.99 4.46 2.98 3.95 4.46 2.98 3.91 4.46 2.99 3.87 4.46 2.99 3.83 4.46 3.00 3.79 4.46 3.00 4.16 -4.48 2.97 4.12 -4.48 2.97 4.08 -4.48 2.97 4.04 -4.48 2.98 3.99 -4.48 2.98 3.95 -4.48 2.98 3.91 -4.48 2.99 3.87 -4.48 2.99 3.83 -4.48 3.00 3.79 -4.48 3.00 3.73 4.46 2.67 4.19 4.46 2.63 4.19 4.46 2.63 3.73 -4.48 2.67 3.73 -4.48 2.67 4.19 -4.48 2.63 4.19 -4.48 2.63 4.15 4.46 2.64 4.11 4.46 2.64 4.06 4.46 2.64 4.02 4.46 2.65 3.98 4.46 2.65 3.94 4.46 2.65 3.90 4.46 2.66 3.86 4.46 2.66 3.82 4.46 2.66 3.77 4.46 2.67 4.15 -4.48 2.64 4.11 -4.48 2.64 4.06 -4.48 2.64 4.02 -4.48 2.65 3.98 -4.48 2.65 3.94 -4.48 2.65 3.90 -4.48 2.66 3.86 -4.48 2.66 3.82 -4.48 2.66 3.77 -4.48 2.67 3.72 4.46 2.34 4.17 4.46 2.30 4.17 4.46 2.30 3.72 -4.48 2.34 3.72 -4.48 2.34 4.17 -4.48 2.30 4.17 -4.48 2.30 4.13 4.46 2.31 4.09 4.46 2.31 4.05 4.46 2.31 4.01 4.46 2.32 3.96 4.46 2.32 3.92 4.46 2.32 3.88 4.46 2.33 3.84 4.46 2.33 3.80 4.46 2.33 3.76 4.46 2.34 4.13 -4.48 2.31 4.09 -4.48 2.31 4.05 -4.48 2.31 4.01 -4.48 2.32 3.96 -4.48 2.32 3.92 -4.48 2.32 3.88 -4.48 2.33 3.84 -4.48 2.33 3.80 -4.48 2.33 3.76 -4.48 2.34 3.70 4.46 2.01 4.16 4.46 1.97 4.16 4.46 1.97 3.70 -4.48 2.01 3.70 -4.48 2.01 4.16 -4.48 1.97 4.16 -4.48 1.97 4.11 4.46 1.98 4.07 4.46 1.98 4.03 4.46 1.98 3.99 4.46 1.99 3.95 4.46 1.99 3.91 4.46 1.99 3.87 4.46 2.00 3.82 4.46 2.00 3.78 4.46 2.00 3.74 4.46 2.01 4.11 -4.48 1.98 4.07 -4.48 1.98 4.03 -4.48 1.98 3.99 -4.48 1.99 3.95 -4.48 1.99 3.91 -4.48 1.99 3.87 -4.48 2.00 3.82 -4.48 2.00 3.78 -4.48 2.00 3.74 -4.48 2.01 3.68 4.46 1.68 4.14 4.46 1.64 4.14 4.46 1.64 3.68 -4.48 1.68 3.68 -4.48 1.68 4.14 -4.48 1.64 4.14 -4.48 1.64 4.10 4.46 1.64 4.06 4.46 1.65 4.01 4.46 1.65 3.97 4.46 1.65 3.93 4.46 1.66 3.89 4.46 1.66 3.85 4.46 1.67 3.81 4.46 1.67 3.77 4.46 1.67 3.72 4.46 1.68 4.10 -4.48 1.64 4.06 -4.48 1.65 4.01 -4.48 1.65 3.97 -4.48 1.65 3.93 -4.48 1.66 3.89 -4.48 1.66 3.85 -4.48 1.67 3.81 -4.48 1.67 3.77 -4.48 1.67 3.72 -4.48 1.68 3.67 4.46 1.32 4.12 4.46 1.34 4.12 4.46 1.34 3.67 -4.48 1.32 3.67 -4.48 1.32 4.12 -4.48 1.34 4.12 -4.48 1.34 4.08 4.46 1.33 4.04 4.46 1.33 3.99 4.46 1.33 3.95 4.46 1.33 3.91 4.46 1.33 3.87 4.46 1.33 3.83 4.46 1.33 3.79 4.46 1.33 3.75 4.46 1.32 3.71 4.46 1.32 4.08 -4.48 1.33 4.04 -4.48 1.33 3.99 -4.48 1.33 3.95 -4.48 1.33 3.91 -4.48 1.33 3.87 -4.48 1.33 3.83 -4.48 1.33 3.79 -4.48 1.33 3.75 -4.48 1.32 3.71 -4.48 1.32 3.75 4.46 0.90 4.15 4.46 1.11 4.15 4.46 1.11 3.75 -4.48 0.90 3.75 -4.48 0.90 4.15 -4.48 1.11 4.15 -4.48 1.11 4.11 4.46 1.09 4.08 4.46 1.07 4.04 4.46 1.05 4.00 4.46 1.03 3.97 4.46 1.01 3.93 4.46 0.99 3.89 4.46 0.97 3.86 4.46 0.95 3.82 4.46 0.93 3.79 4.46 0.92 4.11 -4.48 1.09 4.08 -4.48 1.07 4.04 -4.48 1.05 4.00 -4.48 1.03 3.97 -4.48 1.01 3.93 -4.48 0.99 3.89 -4.48 0.97 3.86 -4.48 0.95 3.82 -4.48 0.93 3.79 -4.48 0.92 4.01 4.46 0.52 4.26 4.46 1.01 4.26 4.46 1.01 4.01 -4.48 0.52 4.01 -4.48 0.52 4.26 -4.48 1.01 4.26 -4.48 1.01 4.24 4.46 0.97 4.21 4.46 0.92 4.19 4.46 0.88 4.17 4.46 0.83 4.15 4.46 0.79 4.12 4.46 0.74 4.10 4.46 0.70 4.08 4.46 0.65 4.06 4.46 0.61 4.04 4.46 0.56 4.24 -4.48 0.97 4.21 -4.48 0.92 4.19 -4.48 0.88 4.17 -4.48 0.83 4.15 -4.48 0.79 4.12 -4.48 0.74 4.10 -4.48 0.70 4.08 -4.48 0.65 4.06 -4.48 0.61 4.04 -4.48 0.56 4.16 4.46 7.69 4.62 4.46 7.69 4.62 4.46 7.69 4.16 -4.48 7.68 4.16 -4.48 7.68 4.62 -4.48 7.69 4.62 -4.48 7.69 4.58 4.46 7.69 4.54 4.46 7.68 4.50 4.46 7.68 4.45 4.46 7.68 4.41 4.46 7.67 4.37 4.46 7.67 4.33 4.46 7.67 4.29 4.46 7.68 4.25 4.46 7.68 4.21 4.46 7.68 4.58 -4.48 7.68 4.54 -4.48 7.68 4.50 -4.48 7.68 4.45 -4.48 7.67 4.41 -4.48 7.67 4.37 -4.48 7.67 4.33 -4.48 7.67 4.29 -4.48 7.67 4.25 -4.48 7.68 4.21 -4.48 7.68 4.12 4.46 7.04 4.58 4.46 7.02 4.58 4.46 7.02 4.12 -4.48 7.04 4.12 -4.48 7.04 4.58 -4.48 7.02 4.58 -4.48 7.02 4.54 4.46 7.02 4.50 4.46 7.02 4.46 4.46 7.02 4.41 4.46 7.03 4.37 4.46 7.03 4.33 4.46 7.03 4.29 4.46 7.03 4.25 4.46 7.03 4.21 4.46 7.04 4.17 4.46 7.04 4.54 -4.48 7.02 4.50 -4.48 7.02 4.46 -4.48 7.02 4.41 -4.48 7.02 4.37 -4.48 7.03 4.33 -4.48 7.03 4.29 -4.48 7.03 4.25 -4.48 7.03 4.21 -4.48 7.04 4.17 -4.48 7.04 4.08 4.46 6.39 4.53 4.46 6.34 4.53 4.46 6.34 4.08 -4.48 6.39 4.08 -4.48 6.39 4.53 -4.48 6.34 4.53 -4.48 6.34 4.49 4.46 6.35 4.45 4.46 6.35 4.41 4.46 6.35 4.37 4.46 6.36 4.33 4.46 6.36 4.29 4.46 6.37 4.24 4.46 6.37 4.20 4.46 6.38 4.16 4.46 6.38 4.12 4.46 6.38 4.49 -4.48 6.35 4.45 -4.48 6.35 4.41 -4.48 6.35 4.37 -4.48 6.36 4.33 -4.48 6.36 4.29 -4.48 6.37 4.24 -4.48 6.37 4.20 -4.48 6.38 4.16 -4.48 6.38 4.12 -4.48 6.38 4.02 4.46 5.74 4.47 4.46 5.67 4.47 4.46 5.67 4.02 -4.48 5.74 4.02 -4.48 5.74 4.47 -4.48 5.67 4.47 -4.48 5.67 4.43 4.46 5.68 4.39 4.46 5.69 4.35 4.46 5.69 4.31 4.46 5.70 4.27 4.46 5.71 4.23 4.46 5.71 4.18 4.46 5.72 4.14 4.46 5.73 4.10 4.46 5.73 4.06 4.46 5.74 4.43 -4.48 5.68 4.39 -4.48 5.69 4.35 -4.48 5.69 4.31 -4.48 5.70 4.27 -4.48 5.71 4.23 -4.48 5.71 4.18 -4.48 5.72 4.14 -4.48 5.73 4.10 -4.48 5.73 4.06 -4.48 5.74 3.95 4.46 5.09 4.40 4.46 5.02 4.40 4.46 5.02 3.95 -4.48 5.09 3.95 -4.48 5.09 4.40 -4.48 5.02 4.40 -4.48 5.02 4.36 4.46 5.02 4.32 4.46 5.03 4.28 4.46 5.04 4.24 4.46 5.05 4.20 4.46 5.05 4.16 4.46 5.06 4.11 4.46 5.07 4.07 4.46 5.07 4.03 4.46 5.08 3.99 4.46 5.09 4.36 -4.48 5.02 4.32 -4.48 5.03 4.28 -4.48 5.04 4.24 -4.48 5.05 4.20 -4.48 5.05 4.16 -4.48 5.06 4.11 -4.48 5.07 4.07 -4.48 5.07 4.03 -4.48 5.08 3.99 -4.48 5.09 4.28 -4.49 0.65 4.38 -4.49 0.86 4.38 -4.44 0.86 4.28 -4.44 0.65 4.27 -4.51 0.66 4.36 -4.51 0.87 4.36 -0.01 0.87 4.36 -0.01 0.87 4.40 -4.38 0.93 4.40 -4.38 0.93 4.38 -4.38 0.86 4.28 -4.38 0.65 4.24 -4.49 0.68 4.34 -4.49 0.87 4.42 -2.37 0.93 4.42 -4.49 0.93 4.42 -4.44 0.93 4.26 -0.01 0.66 4.26 -0.01 0.66 4.28 -2.37 0.65 4.38 -2.37 0.86 4.24 -4.44 0.68 4.34 -4.44 0.87 4.39 -4.38 0.93 4.40 -4.51 0.93 4.40 -4.44 0.93 4.40 -4.44 0.93 4.42 -4.38 0.93 4.26 -4.38 0.66 4.36 -4.38 0.87 4.37 -4.49 0.94 4.37 -4.44 0.94 4.17 -4.49 0.44 4.17 -4.44 0.44 4.16 -4.51 0.46 4.13 -4.38 0.39 4.13 -4.38 0.39 4.17 -4.38 0.44 4.14 -4.49 0.48 4.14 -2.37 0.37 4.14 -4.49 0.37 4.14 -4.44 0.37 4.17 -2.37 0.44 4.14 -4.44 0.48 4.12 -4.38 0.40 4.13 -4.51 0.39 4.13 -4.44 0.39 4.13 -4.44 0.39 4.14 -4.38 0.37 4.13 -0.01 0.39 4.13 -0.01 0.39 4.13 -0.01 0.39 4.13 -0.01 0.39 4.16 -4.38 0.47 4.11 -4.49 0.42 4.11 -4.44 0.42 4.28 4.47 0.65 4.38 4.47 0.86 4.38 4.42 0.86 4.28 4.42 0.65 4.27 4.49 0.66 4.36 4.49 0.87 4.40 4.36 0.93 4.40 4.36 0.93 4.38 4.36 0.86 4.28 4.36 0.65 4.24 4.47 0.68 4.34 4.47 0.87 4.42 -0.01 0.93 4.42 4.47 0.93 4.42 4.42 0.93 4.28 -0.01 0.65 4.38 -0.01 0.86 4.24 4.42 0.68 4.34 4.42 0.87 4.39 4.36 0.93 4.40 4.49 0.93 4.40 4.42 0.93 4.40 4.42 0.93 4.42 4.36 0.93 4.40 -0.01 0.93 4.40 -0.01 0.93 4.40 -0.01 0.93 4.40 -0.01 0.93 4.26 4.36 0.66 4.36 4.36 0.87 4.39 -0.01 0.93 4.39 -0.01 0.93 4.37 4.47 0.94 4.37 4.42 0.94 4.17 4.47 0.44 4.17 4.42 0.44 4.16 4.49 0.46 4.16 -0.01 0.47 4.16 -0.01 0.47 4.13 4.36 0.39 4.13 4.36 0.39 4.17 4.36 0.44 4.14 4.47 0.48 4.14 -0.01 0.37 4.14 4.47 0.37 4.14 4.42 0.37 4.17 -0.01 0.44 4.14 4.42 0.48 4.12 4.36 0.40 4.13 4.49 0.39 4.13 4.42 0.39 4.13 4.42 0.39 4.14 4.36 0.37 4.16 4.36 0.47 4.12 -0.01 0.40 4.12 -0.01 0.40 4.11 4.47 0.42 4.11 4.42 0.42 4.07 4.46 0.47 4.32 4.46 0.96 4.32 4.46 0.96 4.07 -4.48 0.47 4.07 -4.48 0.47 4.32 -4.48 0.96 4.32 -4.48 0.96 4.29 4.46 0.92 4.27 4.46 0.87 4.25 4.46 0.83 4.23 4.46 0.78 4.21 4.46 0.74 4.18 4.46 0.70 4.16 4.46 0.65 4.14 4.46 0.61 4.12 4.46 0.56 4.09 4.46 0.52 4.29 -4.48 0.92 4.27 -4.48 0.87 4.25 -4.48 0.83 4.23 -4.48 0.78 4.21 -4.48 0.74 4.18 -4.48 0.70 4.16 -4.48 0.65 4.14 -4.48 0.61 4.12 -4.48 0.56 4.09 -4.48 0.52 3.87 4.46 0.67 4.19 4.46 1.05 4.19 4.46 1.05 3.87 -4.48 0.67 3.87 -4.48 0.67 4.19 -4.48 1.05 4.19 -4.48 1.05 4.16 4.46 1.01 4.13 4.46 0.97 4.10 4.46 0.94 4.08 4.46 0.90 4.05 4.46 0.87 4.02 4.46 0.83 3.99 4.46 0.80 3.96 4.46 0.77 3.93 4.46 0.73 3.90 4.46 0.70 4.16 -4.48 1.01 4.13 -4.48 0.97 4.10 -4.48 0.94 4.08 -4.48 0.90 4.05 -4.48 0.87 4.02 -4.48 0.83 3.99 -4.48 0.80 3.96 -4.48 0.77 3.93 -4.48 0.73 3.90 -4.48 0.70 4.10 4.46 0.45 4.34 4.46 0.94 4.34 4.46 0.94 4.10 -4.48 0.45 4.10 -4.48 0.45 4.34 -4.48 0.94 4.34 -4.48 0.94 4.32 4.46 0.90 4.30 4.46 0.85 4.28 4.46 0.81 4.25 4.46 0.76 4.23 4.46 0.72 4.21 4.46 0.67 4.19 4.46 0.63 4.17 4.46 0.59 4.14 4.46 0.54 4.12 4.46 0.50 4.32 -4.48 0.90 4.30 -4.48 0.85 4.28 -4.48 0.81 4.25 -4.48 0.76 4.23 -4.48 0.72 4.21 -4.48 0.67 4.19 -4.48 0.63 4.17 -4.48 0.59 4.14 -4.48 0.54 4.12 -4.48 0.50 3.70 4.46 1.10 4.13 4.46 1.20 4.13 4.46 1.20 3.70 -4.48 1.10 3.70 -4.48 1.10 4.13 -4.48 1.20 4.13 -4.48 1.20 4.09 4.46 1.19 4.05 4.46 1.18 4.01 4.46 1.17 3.97 4.46 1.17 3.93 4.46 1.16 3.89 4.46 1.15 3.86 4.46 1.14 3.82 4.46 1.13 3.78 4.46 1.12 3.74 4.46 1.11 4.09 -4.48 1.19 4.05 -4.48 1.18 4.01 -4.48 1.17 3.97 -4.48 1.17 3.93 -4.48 1.16 3.89 -4.48 1.15 3.86 -4.48 1.14 3.82 -4.48 1.13 3.78 -4.48 1.12 3.74 -4.48 1.11 3.67 4.46 1.51 4.13 4.46 1.47 4.13 4.46 1.47 3.67 -4.48 1.51 3.67 -4.48 1.51 4.13 -4.48 1.47 4.13 -4.48 1.47 4.09 4.46 1.48 4.05 4.46 1.48 4.01 4.46 1.48 3.96 4.46 1.49 3.92 4.46 1.49 3.88 4.46 1.49 3.84 4.46 1.50 3.80 4.46 1.50 3.76 4.46 1.50 3.72 4.46 1.51 4.09 -4.48 1.48 4.05 -4.48 1.48 4.01 -4.48 1.48 3.96 -4.48 1.49 3.92 -4.48 1.49 3.88 -4.48 1.49 3.84 -4.48 1.50 3.80 -4.48 1.50 3.76 -4.48 1.50 3.72 -4.48 1.51
4.15 4.46 0.40 4.43 4.46 0.86 4.43 4.46 0.86 5.92 4.46 8.27 5.92 4.46 8.27 5.92 4.46 8.27 6.37 4.46 8.17 6.37 4.46 8.17 6.37 4.46 8.17 5.92 -4.48 8.27 5.92 -4.48 8.27 5.92 -4.48 8.27 6.37 -4.48 8.17 6.37 -4.48 8.17 6.37 -4.48 8.17 4.15 -4.48 0.40 4.15 -4.48 0.40 4.43 -4.48 0.86 4.43 -4.48 0.86 4.40 4.46 0.82 4.40 4.46 0.82 4.38 4.46 0.77 4.38 4.46 0.77 4.35 4.46 0.73 4.35 4.46 0.73 4.33 4.46 0.69 4.33 4.46 0.69 4.30 4.46 0.65 4.30 4.46 0.65 4.30 4.46 0.65 4.28 4.46 0.61 4.28 4.46 0.61 4.28 4.46 0.61 4.25 4.46 0.56 4.25 4.46 0.56 4.23 4.46 0.52 4.23 4.46 0.52 4.20 4.46 0.48 4.20 4.46 0.48 4.17 4.46 0.44 4.17 4.46 0.44 6.33 4.46 8.17 6.33 4.46 8.17 6.29 4.46 8.18 6.29 4.46 8.18 6.25 4.46 8.18 6.25 4.46 8.18 6.20 4.46 8.19 6.20 4.46 8.19 6.16 4.46 8.20 6.16 4.46 8.20 6.12 4.46 8.20 6.12 4.46 8.20 6.08 4.46 8.22 6.08 4.46 8.22 6.04 4.46 8.23 6.04 4.46 8.23 6.00 4.46 8.24 6.00 4.46 8.24 5.96 4.46 8.26 5.96 4.46 8.26 6.33 -4.48 8.17 6.33 -4.48 8.17 6.29 -4.48 8.18 6.29 -4.48 8.18 6.24 -4.48 8.18 6.24 -4.48 8.18 6.20 -4.48 8.19 6.20 -4.48 8.19 6.16 -4.48 8.19 6.16 -4.48 8.19 6.12 -4.48 8.20 6.12 -4.48 8.20 6.08 -4.48 8.21 6.08 -4.48 8.21 6.04 -4.48 8.23 6.04 -4.48 8.23 6.00 -4.48 8.24 6.00 -4.48 8.24 5.96 -4.48 8.25 5.96 -4.48 8.25 4.40 -4.48 0.82 4.40 -4.48 0.82 4.38 -4.48 0.77 4.38 -4.48 0.77 4.35 -4.48 0.73 4.35 -4.48 0.73 4.33 -4.48 0.69 4.33 -4.48 0.69 4.30 -4.48 0.65 4.30 -4.48 0.65 4.30 -4.48 0.65 4.28 -4.48 0.61 4.28 -4.48 0.61 4.28 -4.48 0.61 4.25 -4.48 0.56 4.25 -4.48 0.56 4.23 -4.48 0.52 4.23 -4.48 0.52 4.20 -4.48 0.48 4.20 -4.48 0.48 4.17 -4.48 0.44 4.17 -4.48 0.44 4.78 4.46 4.50 5.20 4.46 4.26 5.20 4.46 4.26 4.78 -4.48 4.50 4.78 -4.48 4.50 5.20 -4.48 4.26 5.20 -4.48 4.26 5.16 4.46 4.28 5.12 4.46 4.30 5.08 4.46 4.33 5.05 4.46 4.35 5.01 4.46 4.37 4.97 4.46 4.39 4.93 4.46 4.41 4.90 4.46 4.44 4.86 4.46 4.46 4.82 4.46 4.48 5.16 -4.48 4.28 5.12 -4.48 4.30 5.08 -4.48 4.33 5.05 -4.48 4.35 5.01 -4.48 4.37 4.97 -4.48 4.39 4.93 -4.48 4.41 4.90 -4.48 4.44 4.86 -4.48 4.46 4.82 -4.48 4.48 4.65 4.46 4.21 5.07 4.46 3.97 5.07 4.46 3.97 4.65 -4.48 4.21 4.65 -4.48 4.21 5.07 -4.48 3.97 5.07 -4.48 3.97 5.03 4.46 3.99 4.99 4.46 4.02 4.96 4.46 4.04 4.92 4.46 4.06 4.88 4.46 4.08 4.84 4.46 4.10 4.80 4.46 4.12 4.77 4.46 4.15 4.73 4.46 4.17 4.69 4.46 4.19 5.03 -4.48 3.99 4.99 -4.48 4.02 4.96 -4.48 4.04 4.92 -4.48 4.06 4.88 -4.48 4.08 4.84 -4.48 4.10 4.80 -4.48 4.12 4.77 -4.48 4.15 4.73 -4.48 4.17 4.69 -4.48 4.19 4.54 4.46 3.91 4.96 4.46 3.67 4.96 4.46 3.67 4.54 -4.48 3.91 4.54 -4.48 3.91 4.96 -4.48 3.67 4.96 -4.48 3.67 4.92 4.46 3.69 4.89 4.46 3.71 4.85 4.46 3.74 4.81 4.46 3.76 4.77 4.46 3.78 4.73 4.46 3.80 4.70 4.46 3.82 4.66 4.46 3.84 4.62 4.46 3.86 4.58 4.46 3.89 4.92 -4.48 3.69 4.89 -4.48 3.71 4.85 -4.48 3.74 4.81 -4.48 3.76 4.77 -4.48 3.78 4.73 -4.48 3.80 4.70 -4.48 3.82 4.66 -4.48 3.84 4.62 -4.48 3.86 4.58 -4.48 3.89 4.44 4.46 3.61 4.86 4.46 3.37 4.86 4.46 3.37 4.44 -4.48 3.61 4.44 -4.48 3.61 4.86 -4.48 3.37 4.86 -4.48 3.37 4.82 4.46 3.39 4.78 4.46 3.41 4.74 4.46 3.43 4.70 4.46 3.46 4.67 4.46 3.48 4.63 4.46 3.50 4.59 4.46 3.52 4.55 4.46 3.54 4.51 4.46 3.56 4.48 4.46 3.58 4.82 -4.48 3.39 4.78 -4.48 3.41 4.74 -4.48 3.43 4.70 -4.48 3.46 4.67 -4.48 3.48 4.63 -4.48 3.50 4.59 -4.48 3.52 4.55 -4.48 3.54 4.51 -4.48 3.56 4.48 -4.48 3.58 4.34 4.46 3.29 4.76 4.46 3.07 4.76 4.46 3.07 4.34 -4.48 3.29 4.34 -4.48 3.29 4.76 -4.48 3.07 4.76 -4.48 3.07 4.72 4.46 3.09 4.69 4.46 3.11 4.65 4.46 3.13 4.61 4.46 3.15 4.57 4.46 3.17 4.53 4.46 3.19 4.49 4.46 3.21 4.45 4.46 3.23 4.42 4.46 3.25 4.38 4.46 3.27 4.72 -4.48 3.09 4.69 -4.48 3.11 4.65 -4.48 3.13 4.61 -4.48 3.15 4.57 -4.48 3.17 4.53 -4.48 3.19 4.49 -4.48 3.21 4.45 -4.48 3.23 4.42 -4.48 3.25 4.38 -4.48 3.27 4.25 4.46 2.97 4.67 4.46 2.77 4.67 4.46 2.77 4.25 -4.48 2.97 4.25 -4.48 2.97 4.67 -4.48 2.77 4.67 -4.48 2.77 4.63 4.46 2.79 4.60 4.46 2.80 4.56 4.46 2.82 4.52 4.46 2.84 4.48 4.46 2.86 4.44 4.46 2.88 4.40 4.46 2.90 4.36 4.46 2.92 4.32 4.46 2.94 4.29 4.46 2.96 4.63 -4.48 2.79 4.60 -4.48 2.80 4.56 -4.48 2.82 4.52 -4.48 2.84 4.48 -4.48 2.86 4.44 -4.48 2.88 4.40 -4.48 2.90 4.36 -4.48 2.92 4.32 -4.48 2.94 4.29 -4.48 2.96 4.16 4.46 2.66 4.59 4.46 2.46 4.59 4.46 2.46 4.16 -4.48 2.66 4.16 -4.48 2.66 4.59 -4.48 2.46 4.59 -4.48 2.46 4.55 4.46 2.47 4.51 4.46 2.49 4.47 4.46 2.51 4.43 4.46 2.53 4.39 4.46 2.55 4.35 4.46 2.57 4.31 4.46 2.59 4.27 4.46 2.61 4.24 4.46 2.62 4.20 4.46 2.64 4.55 -4.48 2.47 4.51 -4.48 2.49 4.47 -4.48 2.51 4.43 -4.48 2.53 4.39 -4.48 2.55 4.35 -4.48 2.57 4.31 -4.48 2.59 4.27 -4.48 2.61 4.24 -4.48 2.62 4.20 -4.48 2.64 4.07 4.46 2.35 4.49 4.46 2.15 4.49 4.46 2.15 4.07 -4.48 2.35 4.07 -4.48 2.35 4.49 -4.48 2.15 4.49 -4.48 2.15 4.46 4.46 2.16 4.42 4.46 2.18 4.38 4.46 2.20 4.34 4.46 2.22 4.30 4.46 2.24 4.26 4.46 2.26 4.22 4.46 2.28 4.18 4.46 2.29 4.14 4.46 2.31 4.11 4.46 2.33 4.46 -4.48 2.16 4.42 -4.48 2.18 4.38 -4.48 2.20 4.34 -4.48 2.22 4.30 -4.48 2.24 4.26 -4.48 2.26 4.22 -4.48 2.28 4.18 -4.48 2.29 4.14 -4.48 2.31 4.11 -4.48 2.33 3.97 4.46 2.04 4.40 4.46 1.84 4.40 4.46 1.84 3.97 -4.48 2.04 3.97 -4.48 2.04 4.40 -4.48 1.84 4.40 -4.48 1.84 4.36 4.46 1.85 4.33 4.46 1.87 4.29 4.46 1.89 4.25 4.46 1.91 4.21 4.46 1.93 4.17 4.46 1.95 4.13 4.46 1.97 4.09 4.46 1.98 4.05 4.46 2.00 4.01 4.46 2.02 4.36 -4.48 1.85 4.33 -4.48 1.87 4.29 -4.48 1.89 4.25 -4.48 1.91 4.21 -4.48 1.93 4.17 -4.48 1.95 4.13 -4.48 1.97 4.09 -4.48 1.98 4.05 -4.48 2.00 4.01 -4.48 2.02 3.88 4.46 1.73 4.31 4.46 1.53 4.31 4.46 1.53 3.88 -4.48 1.73 3.88 -4.48 1.73 4.31 -4.48 1.53 4.31 -4.48 1.53 4.27 4.46 1.54 4.23 4.46 1.56 4.19 4.46 1.58 4.16 4.46 1.60 4.12 4.46 1.62 4.08 4.46 1.64 4.04 4.46 1.66 4.00 4.46 1.67 3.96 4.46 1.69 3.92 4.46 1.71 4.27 -4.48 1.54 4.23 -4.48 1.56 4.19 -4.48 1.58 4.16 -4.48 1.60 4.12 -4.48 1.62 4.08 -4.48 1.64 4.04 -4.48 1.66 4.00 -4.48 1.67 3.96 -4.48 1.69 3.92 -4.48 1.71 3.79 4.46 1.38 4.22 4.46 1.25 4.22 4.46 1.25 3.79 -4.48 1.38 3.79 -4.48 1.38 4.22 -4.48 1.25 4.22 -4.48 1.25 4.18 4.46 1.26 4.14 4.46 1.28 4.10 4.46 1.29 4.06 4.46 1.30 4.02 4.46 1.31 3.98 4.46 1.32 3.94 4.46 1.34 3.91 4.46 1.35 3.87 4.46 1.36 3.83 4.46 1.37 4.18 -4.48 1.26 4.14 -4.48 1.28 4.10 -4.48 1.29 4.06 -4.48 1.30 4.02 -4.48 1.31 3.98 -4.48 1.32 3.94 -4.48 1.34 3.91 -4.48 1.35 3.87 -4.48 1.36 3.83 -4.48 1.37 3.81 4.46 0.92 4.22 4.46 1.05 4.22 4.46 1.05 3.81 -4.48 0.92 3.81 -4.48 0.92 4.22 -4.48 1.05 4.22 -4.48 1.05 4.18 4.46 1.04 4.15 4.46 1.03 4.11 4.46 1.02 4.07 4.46 1.00 4.04 4.46 0.99 4.00 4.46 0.98 3.96 4.46 0.97 3.92 4.46 0.96 3.89 4.46 0.95 3.85 4.46 0.93 4.18 -4.48 1.04 4.15 -4.48 1.03 4.11 -4.48 1.02 4.07 -4.48 1.00 4.04 -4.48 0.99 4.00 -4.48 0.98 3.96 -4.48 0.97 3.92 -4.48 0.96 3.89 -4.48 0.95 3.85 -4.48 0.93 4.05 4.46 0.49 4.33 4.46 0.95 4.33 4.46 0.95 4.05 -4.48 0.49 4.05 -4.48 0.49 4.33 -4.48 0.95 4.33 -4.48 0.95 4.30 4.46 0.91 4.28 4.46 0.87 4.25 4.46 0.83 4.23 4.46 0.79 4.20 4.46 0.75 4.18 4.46 0.70 4.15 4.46 0.66 4.13 4.46 0.62 4.10 4.46 0.58 4.08 4.46 0.54 4.30 -4.48 0.91 4.28 -4.48 0.87 4.25 -4.48 0.83 4.23 -4.48 0.79 4.20 -4.48 0.75 4.18 -4.48 0.70 4.15 -4.48 0.66 4.13 -4.48 0.62 4.10 -4.48 0.58 4.08 -4.48 0.54 5.66 4.46 7.31 6.10 4.46 7.17 6.10 4.46 7.17 5.66 -4.48 7.31 5.66 -4.48 7.31 6.10 -4.48 7.17 6.10 -4.48 7.17 6.06 4.46 7.18 6.02 4.46 7.19 5.98 4.46 7.20 5.94 4.46 7.21 5.90 4.46 7.22 5.86 4.46 7.24 5.82 4.46 7.25 5.78 4.46 7.26 5.74 4.46 7.28 5.70 4.46 7.30 6.06 -4.48 7.18 6.02 -4.48 7.19 5.98 -4.48 7.20 5.94 -4.48 7.21 5.90 -4.48 7.22 5.86 -4.48 7.23 5.82 -4.48 7.25 5.78 -4.48 7.26 5.74 -4.48 7.28 5.70 -4.48 7.29 5.50 4.46 6.70 5.94 4.46 6.53 5.94 4.46 6.53 5.50 -4.48 6.70 5.50 -4.48 6.70 5.94 -4.48 6.53 5.94 -4.48 6.53 5.90 4.46 6.55 5.86 4.46 6.56 5.82 4.46 6.58 5.78 4.46 6.59 5.74 4.46 6.61 5.70 4.46 6.62 5.66 4.46 6.64 5.62 4.46 6.65 5.58 4.46 6.67 5.54 4.46 6.68 5.90 -4.48 6.54 5.86 -4.48 6.56 5.82 -4.48 6.57 5.78 -4.48 6.59 5.74 -4.48 6.61 5.70 -4.48 6.62 5.66 -4.48 6.64 5.62 -4.48 6.65 5.58 -4.48 6.67 5.54 -4.48 6.68 5.33 4.46 6.08 5.76 4.46 5.89 5.76 4.46 5.89 5.33 -4.48 6.08 5.33 -4.48 6.08 5.76 -4.48 5.89 5.76 -4.48 5.89 5.72 4.46 5.91 5.68 4.46 5.92 5.64 4.46 5.94 5.60 4.46 5.96 5.56 4.46 5.98 5.53 4.46 5.99 5.49 4.46 6.01 5.45 4.46 6.03 5.41 4.46 6.05 5.37 4.46 6.06 5.72 -4.48 5.91 5.68 -4.48 5.92 5.64 -4.48 5.94 5.60 -4.48 5.96 5.56 -4.48 5.98 5.53 -4.48 5.99 5.49 -4.48 6.01 5.45 -4.48 6.03 5.41 -4.48 6.05 5.37 -4.48 6.06 5.14 4.46 5.49 5.56 4.46 5.26 5.56 4.46 5.26 5.14 -4.48 5.49 5.14 -4.48 5.49 5.56 -4.48 5.26 5.56 -4.48 5.26 5.52 4.46 5.28 5.48 4.46 5.30 5.45 4.46 5.32 5.41 4.46 5.34 5.37 4.46 5.37 5.33 4.46 5.39 5.29 4.46 5.41 5.25 4.46 5.43 5.22 4.46 5.45 5.18 4.46 5.47 5.52 -4.48 5.28 5.48 -4.48 5.30 5.45 -4.48 5.32 5.41 -4.48 5.34 5.37 -4.48 5.36 5.33 -4.48 5.39 5.29 -4.48 5.41 5.25 -4.48 5.43 5.22 -4.48 5.45 5.18 -4.48 5.47 4.93 4.46 4.89 5.34 4.46 4.66 5.34 4.46 4.66 4.93 -4.48 4.89 4.93 -4.48 4.89 5.34 -4.48 4.66 5.34 -4.48 4.66 5.31 4.46 4.68 5.27 4.46 4.70 5.23 4.46 4.72 5.19 4.46 4.74 5.15 4.46 4.76 5.12 4.46 4.79 5.08 4.46 4.81 5.04 4.46 4.83 5.00 4.46 4.85 4.96 4.46 4.87 5.31 -4.48 4.68 5.27 -4.48 4.70 5.23 -4.48 4.72 5.19 -4.48 4.74 5.15 -4.48 4.76 5.12 -4.48 4.79 5.08 -4.48 4.81 5.04 -4.48 4.83 5.00 -4.48 4.85 4.96 -4.48 4.87 4.32 -4.49 0.59 4.44 -4.49 0.79 4.44 -4.44 0.79 4.32 -4.44 0.59 4.31 -4.51 0.60 4.42 -4.51 0.80 4.42 -0.01 0.80 4.42 -0.01 0.80 4.47 -4.38 0.86 4.47 -4.38 0.86 4.44 -4.38 0.79 4.32 -4.38 0.59 4.29 -4.49 0.62 4.40 -4.49 0.81 4.48 -2.37 0.86 4.48 -4.49 0.86 4.48 -4.44 0.86 4.31 -0.01 0.61 4.31 -0.01 0.61 4.32 -2.37 0.59 4.44 -2.37 0.79 4.29 -4.44 0.62 4.40 -4.44 0.81 4.45 -4.38 0.86 4.46 -4.51 0.86 4.46 -4.44 0.86 4.46 -4.44 0.86 4.48 -4.38 0.86 4.31 -4.38 0.61 4.42 -4.38 0.80 4.44 -4.49 0.87 4.44 -4.44 0.87 4.21 -4.49 0.39 4.21 -4.44 0.39 4.19 -4.51 0.42 4.16 -4.38 0.35 4.16 -4.38 0.35 4.21 -4.38 0.39 4.18 -4.49 0.44 4.16 -2.37 0.33 4.16 -4.49 0.33 4.16 -4.44 0.33 4.21 -2.37 0.39 4.18 -4.44 0.44 4.15 -4.38 0.36 4.15 -4.51 0.36 4.16 -4.44 0.35 4.16 -4.44 0.35 4.16 -4.38 0.33 4.16 -0.01 0.35 4.16 -0.01 0.35 4.16 -0.01 0.35 4.16 -0.01 0.35 4.19 -4.38 0.42 4.14 -4.49 0.38 4.14 -4.44 0.38 4.32 4.47 0.59 4.44 4.47 0.79 4.44 4.42 0.79 4.32 4.42 0.59 4.31 4.49 0.60 4.42 4.49 0.80 4.47 4.36 0.86 4.47 4.36 0.86 4.44 4.36 0.79 4.32 4.36 0.59 4.29 4.47 0.62 4.40 4.47 0.81 4.48 -0.01 0.86 4.48 4.47 0.86 4.48 4.42 0.86 4.32 -0.01 0.59 4.44 -0.01 0.79 4.29 4.42 0.62 4.40 4.42 0.81 4.45 4.36 0.86 4.46 4.49 0.86 4.46 4.42 0.86 4.46 4.42 0.86 4.48 4.36 0.86 4.47 -0.01 0.86 4.47 -0.01 0.86 4.47 -0.01 0.86 4.47 -0.01 0.86 4.31 4.36 0.61 4.42 4.36 0.80 4.45 -0.01 0.86 4.45 -0.01 0.86 4.44 4.47 0.87 4.44 4.42 0.87 4.21 4.47 0.39 4.21 4.42 0.39 4.19 4.49 0.42 4.19 -0.01 0.42 4.19 -0.01 0.42 4.16 4.36 0.35 4.16 4.36 0.35 4.21 4.36 0.39 4.18 4.47 0.44 4.16 -0.01 0.33 4.16 4.47 0.33 4.16 4.42 0.33 4.21 -0.01 0.39 4.18 4.42 0.44 4.15 4.36 0.36 4.15 4.49 0.36 4.16 4.42 0.35 4.16 4.42 0.35 4.16 4.36 0.33 4.19 4.36 0.42 4.15 -0.01 0.36 4.15 -0.01 0.36 4.14 4.47 0.38 4.14 4.42 0.38 4.10 4.46 0.44 4.38 4.46 0.90 4.38 4.46 0.90 4.10 -4.48 0.44 4.10 -4.48 0.44 4.38 -4.48 0.90 4.38 -4.48 0.90 4.36 4.46 0.86 4.33 4.46 0.82 4.31 4.46 0.78 4.28 4.46 0.73 4.26 4.46 0.69 4.23 4.46 0.65 4.21 4.46 0.61 4.18 4.46 0.57 4.16 4.46 0.52 4.13 4.46 0.48 4.36 -4.48 0.86 4.33 -4.48 0.82 4.31 -4.48 0.78 4.28 -4.48 0.73 4.26 -4.48 0.69 4.23 -4.48 0.65 4.21 -4.48 0.61 4.18 -4.48 0.57 4.16 -4.48 0.52 4.13 -4.48 0.48 3.92 4.46 0.66 4.26 4.46 1.00 4.26 4.46 1.00 3.92 -4.48 0.66 3.92 -4.48 0.66 4.26 -4.48 1.00 4.26 -4.48 1.00 4.23 4.46 0.96 4.20 4.46 0.93 4.17 4.46 0.90 4.14 4.46 0.87 4.11 4.46 0.84 4.08 4.46 0.81 4.05 4.46 0.78 4.02 4.46 0.75 3.98 4.46 0.72 3.95 4.46 0.69 4.23 -4.48 0.96 4.20 -4.48 0.93 4.17 -4.48 0.90 4.14 -4.48 0.87 4.11 -4.48 0.84 4.08 -4.48 0.81 4.05 -4.48 0.78 4.02 -4.48 0.75 3.98 -4.48 0.72 3.95 -4.48 0.69 4.13 4.46 0.42 4.41 4.46 0.88 4.41 4.46 0.88 4.13 -4.48 0.42 4.13 -4.48 0.42 4.41 -4.48 0.88 4.41 -4.48 0.88 4.38 4.46 0.84 4.36 4.46 0.79 4.33 4.46 0.75 4.31 4.46 0.71 4.28 4.46 0.67 4.26 4.46 0.63 4.23 4.46 0.58 4.21 4.46 0.54 4.18 4.46 0.50 4.15 4.46 0.46 4.38 -4.48 0.84 4.36 -4.48 0.79 4.33 -4.48 0.75 4.31 -4.48 0.71 4.28 -4.48 0.67 4.26 -4.48 0.63 4.23 -4.48 0.58 4.21 -4.48 0.54 4.18 -4.48 0.50 4.15 -4.48 0.46 3.78 4.46 1.15 4.21 4.46 1.14 4.21 4.46 1.14 3.78 -4.48 1.15 3.78 -4.48 1.15 4.21 -4.48 1.14 4.21 -4.48 1.14 4.17 4.46 1.14 4.13 4.46 1.14 4.09 4.46 1.14 4.06 4.46 1.14 4.02 4.46 1.14 3.98 4.46 1.14 3.94 4.46 1.14 3.90 4.46 1.14 3.86 4.46 1.14 3.82 4.46 1.15 4.17 -4.48 1.14 4.13 -4.48 1.14 4.09 -4.48 1.14 4.06 -4.48 1.14 4.02 -4.48 1.14 3.98 -4.48 1.14 3.94 -4.48 1.14 3.90 -4.48 1.14 3.86 -4.48 1.14 3.82 -4.48 1.15 3.84 4.46 1.57 4.26 4.46 1.37 4.26 4.46 1.37 3.84 -4.48 1.57 3.84 -4.48 1.57 4.26 -4.48 1.37 4.26 -4.48 1.37 4.23 4.46 1.39 4.19 4.46 1.41 4.15 4.46 1.42 4.11 4.46 1.44 4.07 4.46 1.46 4.03 4.46 1.48 3.99 4.46 1.50 3.95 4.46 1.52 3.91 4.46 1.54 3.88 4.46 1.55 4.23 -4.48 1.39 4.19 -4.48 1.41 4.15 -4.48 1.42 4.11 -4.48 1.44 4.07 -4.48 1.46 4.03 -4.48 1.48 3.99 -4.48 1.50 3.95 -4.48 1.52 3.91 -4.48 1.54 3.88 -4.48 1.55
4.18 4.46 0.36 4.49 4.46 0.79 4.49 4.46 0.79 7.41 4.46 7.34 7.41 4.46 7.34 7.41 4.46 7.34 7.82 4.46 7.09 7.82 4.46 7.09 7.82 4.46 7.09 7.41 -4.48 7.34 7.41 -4.48 7.34 7.41 -4.48 7.34 7.82 -4.48 7.09 7.82 -4.48 7.09 7.82 -4.48 7.09 4.18 -4.48 0.36 4.18 -4.48 0.36 4.49 -4.48 0.79 4.49 -4.48 0.79 4.46 4.46 0.75 4.46 4.46 0.75 4.43 4.46 0.71 4.43 4.46 0.71 4.40 4.46 0.67 4.40 4.46 0.67 4.38 4.46 0.63 4.38 4.46 0.63 4.35 4.46 0.59 4.35 4.46 0.59 4.35 4.46 0.59 4.32 4.46 0.55 4.32 4.46 0.55 4.32 4.46 0.55 4.29 4.46 0.51 4.29 4.46 0.51 4.26 4.46 0.47 4.26 4.46 0.47 4.23 4.46 0.44 4.23 4.46 0.44 4.21 4.46 0.40 4.21 4.46 0.40 7.78 4.46 7.11 7.78 4.46 7.11 7.74 4.46 7.13 7.74 4.46 7.13 7.70 4.46 7.15 7.70 4.46 7.15 7.66 4.46 7.17 7.66 4.46 7.17 7.62 4.46 7.19 7.62 4.46 7.19 7.59 4.46 7.21 7.59 4.46 7.21 7.55 4.46 7.23 7.55 4.46 7.23 7.51 4.46 7.26 7.51 4.46 7.26 7.48 4.46 7.28 7.48 4.46 7.28 7.44 4.46 7.31 7.44 4.46 7.31 7.78 -4.48 7.11 7.78 -4.48 7.11 7.74 -4.48 7.13 7.74 -4.48 7.13 7.70 -4.48 7.15 7.70 -4.48 7.15 7.66 -4.48 7.16 7.66 -4.48 7.16 7.62 -4.48 7.18 7.62 -4.48 7.18 7.59 -4.48 7.21 7.59 -4.48 7.21 7.55 -4.48 7.23 7.55 -4.48 7.23 7.51 -4.48 7.25 7.51 -4.48 7.25 7.48 -4.48 7.28 7.48 -4.48 7.28 7.44 -4.48 7.31 7.44 -4.48 7.31 4.46 -4.48 0.75 4.46 -4.48 0.75 4.43 -4.48 0.71 4.43 -4.48 0.71 4.40 -4.48 0.67 4.40 -4.48 0.67 4.38 -4.48 0.63 4.38 -4.48 0.63 4.35 -4.48 0.59 4.35 -4.48 0.59 4.35 -4.48 0.59 4.32 -4.48 0.55 4.32 -4.48 0.55 4.32 -4.48 0.55 4.29 -4.48 0.51 4.29 -4.48 0.51 4.26 -4.48 0.47 4.26 -4.48 0.47 4.23 -4.48 0.44 4.23 -4.48 0.44 4.21 -4.48 0.40 4.21 -4.48 0.40 5.54 4.46 4.08 5.89 4.46 3.71 5.89 4.46 3.71 5.54 -4.48 4.08 5.54 -4.48 4.08 5.89 -4.48 3.71 5.89 -4.48 3.71 5.86 4.46 3.74 5.82 4.46 3.77 5.79 4.46 3.81 5.76 4.46 3.84 5.73 4.46 3.88 5.70 4.46 3.91 5.67 4.46 3.94 5.63 4.46 3.98 5.60 4.46 4.01 5.57 4.46 4.05 5.86 -4.48 3.74 5.82 -4.48 3.77 5.79 -4.48 3.81 5.76 -4.48 3.84 5.73 -4.48 3.88 5.70 -4.48 3.91 5.67 -4.48 3.94 5.63 -4.48 3.98 5.60 -4.48 4.01 5.57 -4.48 4.05 5.35 4.46 3.85 5.70 4.46 3.47 5.70 4.46 3.47 5.35 -4.48 3.85 5.35 -4.48 3.85 5.70 -4.48 3.47 5.70 -4.48 3.47 5.67 4.46 3.51 5.64 4.46 3.54 5.60 4.46 3.58 5.57 4.46 3.61 5.54 4.46 3.64 5.51 4.46 3.68 5.48 4.46 3.71 5.45 4.46 3.75 5.41 4.46 3.78 5.38 4.46 3.81 5.67 -4.48 3.51 5.64 -4.48 3.54 5.60 -4.48 3.58 5.57 -4.48 3.61 5.54 -4.48 3.64 5.51 -4.48 3.68 5.48 -4.48 3.71 5.45 -4.48 3.75 5.41 -4.48 3.78 5.38 -4.48 3.81 5.18 4.46 3.59 5.53 4.46 3.22 5.53 4.46 3.22 5.18 -4.48 3.59 5.18 -4.48 3.59 5.53 -4.48 3.22 5.53 -4.48 3.22 5.50 4.46 3.26 5.47 4.46 3.29 5.44 4.46 3.32 5.40 4.46 3.36 5.37 4.46 3.39 5.34 4.46 3.43 5.31 4.46 3.46 5.28 4.46 3.49 5.25 4.46 3.53 5.21 4.46 3.56 5.50 -4.48 3.26 5.47 -4.48 3.29 5.44 -4.48 3.32 5.40 -4.48 3.36 5.37 -4.48 3.39 5.34 -4.48 3.43 5.31 -4.48 3.46 5.28 -4.48 3.49 5.25 -4.48 3.53 5.21 -4.48 3.56 5.01 4.46 3.34 5.37 4.46 2.97 5.37 4.46 2.97 5.01 -4.48 3.34 5.01 -4.48 3.34 5.37 -4.48 2.97 5.37 -4.48 2.97 5.33 4.46 3.00 5.30 4.46 3.04 5.27 4.46 3.07 5.24 4.46 3.10 5.21 4.46 3.14 5.17 4.46 3.17 5.14 4.46 3.20 5.11 4.46 3.24 5.08 4.46 3.27 5.05 4.46 3.31 5.33 -4.48 3.00 5.30 -4.48 3.04 5.27 -4.48 3.07 5.24 -4.48 3.10 5.21 -4.48 3.14 5.17 -4.48 3.17 5.14 -4.48 3.20 5.11 -4.48 3.24 5.08 -4.48 3.27 5.05 -4.48 3.31 4.85 4.46 3.07 5.21 4.46 2.72 5.21 4.46 2.72 4.85 -4.48 3.07 4.85 -4.48 3.07 5.21 -4.48 2.72 5.21 -4.48 2.72 5.18 4.46 2.75 5.15 4.46 2.78 5.11 4.46 2.81 5.08 4.46 2.84 5.05 4.46 2.88 5.01 4.46 2.91 4.98 4.46 2.94 4.95 4.46 2.97 4.92 4.46 3.01 4.88 4.46 3.04 5.18 -4.48 2.75 5.15 -4.48 2.78 5.11 -4.48 2.81 5.08 -4.48 2.84 5.05 -4.48 2.88 5.01 -4.48 2.91 4.98 -4.48 2.94 4.95 -4.48 2.97 4.92 -4.48 3.01 4.88 -4.48 3.04 4.69 4.46 2.80 5.06 4.46 2.45 5.06 4.46 2.45 4.69 -4.48 2.80 4.69 -4.48 2.80 5.06 -4.48 2.45 5.06 -4.48 2.45 5.03 4.46 2.48 4.99 4.46 2.52 4.96 4.46 2.55 4.93 4.46 2.58 4.89 4.46 2.61 4.86 4.46 2.64 4.83 4.46 2.67 4.79 4.46 2.71 4.76 4.46 2.74 4.73 4.46 2.77 5.03 -4.48 2.48 4.99 -4.48 2.52 4.96 -4.48 2.55 4.93 -4.48 2.58 4.89 -4.48 2.61 4.86 -4.48 2.64 4.83 -4.48 2.67 4.79 -4.48 2.71 4.76 -4.48 2.74 4.73 -4.48 2.77 4.54 4.46 2.53 4.91 4.46 2.18 4.91 4.46 2.18 4.54 -4.48 2.53 4.54 -4.48 2.53 4.91 -4.48 2.18 4.91 -4.48 2.18 4.88 4.46 2.22 4.84 4.46 2.25 4.81 4.46 2.28 4.78 4.46 2.31 4.74 4.46 2.34 4.71 4.46 2.37 4.68 4.46 2.40 4.64 4.46 2.44 4.61 4.46 2.47 4.58 4.46 2.50 4.88 -4.48 2.22 4.84 -4.48 2.25 4.81 -4.48 2.28 4.78 -4.48 2.31 4.74 -4.48 2.34 4.71 -4.48 2.37 4.68 -4.48 2.40 4.64 -4.48 2.44 4.61 -4.48 2.47 4.58 -4.48 2.50 4.39 4.46 2.26 4.75 4.46 1.92 4.75 4.46 1.92 4.39 -4.48 2.26 4.39 -4.48 2.26 4.75 -4.48 1.92 4.75 -4.48 1.92 4.72 4.46 1.95 4.69 4.46 1.98 4.65 4.46 2.01 4.62 4.46 2.04 4.59 4.46 2.07 4.55 4.46 2.11 4.52 4.46 2.14 4.49 4.46 2.17 4.45 4.46 2.20 4.42 4.46 2.23 4.72 -4.48 1.95 4.69 -4.48 1.98 4.65 -4.48 2.01 4.62 -4.48 2.04 4.59 -4.48 2.07 4.55 -4.48 2.11 4.52 -4.48 2.14 4.49 -4.48 2.17 4.45 -4.48 2.20 4.42 -4.48 2.23 4.23 4.46 2.00 4.60 4.46 1.65 4.60 4.46 1.65 4.23 -4.48 2.00 4.23 -4.48 2.00 4.60 -4.48 1.65 4.60 -4.48 1.65 4.57 4.46 1.68 4.53 4.46 1.71 4.50 4.46 1.75 4.47 4.46 1.78 4.43 4.46 1.81 4.40 4.46 1.84 4.37 4.46 1.87 4.33 4.46 1.90 4.30 4.46 1.93 4.27 4.46 1.97 4.57 -4.48 1.68 4.53 -4.48 1.71 4.50 -4.48 1.75 4.47 -4.48 1.78 4.43 -4.48 1.81 4.40 -4.48 1.84 4.37 -4.48 1.87 4.33 -4.48 1.90 4.30 -4.48 1.93 4.27 -4.48 1.97 4.08 4.46 1.73 4.45 4.46 1.38 4.45 4.46 1.38 4.08 -4.48 1.73 4.08 -4.48 1.73 4.45 -4.48 1.38 4.45 -4.48 1.38 4.41 4.46 1.42 4.38 4.46 1.45 4.35 4.46 1.48 4.31 4.46 1.51 4.28 4.46 1.54 4.24 4.46 1.57 4.21 4.46 1.60 4.18 4.46 1.64 4.14 4.46 1.67 4.11 4.46 1.70 4.41 -4.48 1.42 4.38 -4.48 1.45 4.35 -4.48 1.48 4.31 -4.48 1.51 4.28 -4.48 1.54 4.24 -4.48 1.57 4.21 -4.48 1.60 4.18 -4.48 1.64 4.14 -4.48 1.67 4.11 -4.48 1.70 3.91 4.46 1.42 4.30 4.46 1.16 4.30 4.46 1.16 3.91 -4.48 1.42 3.91 -4.48 1.42 4.30 -4.48 1.16 4.30 -4.48 1.16 4.26 4.46 1.19 4.23 4.46 1.21 4.19 4.46 1.23 4.16 4.46 1.26 4.12 4.46 1.28 4.09 4.46 1.30 4.05 4.46 1.33 4.02 4.46 1.35 3.98 4.46 1.37 3.95 4.46 1.40 4.26 -4.48 1.19 4.23 -4.48 1.21 4.19 -4.48 1.23 4.16 -4.48 1.26 4.12 -4.48 1.28 4.09 -4.48 1.30 4.05 -4.48 1.33 4.02 -4.48 1.35 3.98 -4.48 1.37 3.95 -4.48 1.40 3.87 4.46 0.94 4.28 4.46 1.00 4.28 4.46 1.00 3.87 -4.48 0.94 3.87 -4.48 0.94 4.28 -4.48 1.00 4.28 -4.48 1.00 4.25 4.46 0.99 4.21 4.46 0.99 4.17 4.46 0.98 4.14 4.46 0.97 4.10 4.46 0.97 4.06 4.46 0.96 4.02 4.46 0.96 3.99 4.46 0.95 3.95 4.46 0.95 3.91 4.46 0.94 4.25 -4.48 0.99 4.21 -4.48 0.99 4.17 -4.48 0.98 4.14 -4.48 0.97 4.10 -4.48 0.97 4.06 -4.48 0.96 4.02 -4.48 0.96 3.99 -4.48 0.95 3.95 -4.48 0.95 3.91 -4.48 0.94 4.09 4.46 0.47 4.40 4.46 0.89 4.40 4.46 0.89 4.09 -4.48 0.47 4.09 -4.48 0.47 4.40 -4.48 0.89 4.40 -4.48 0.89 4.37 4.46 0.85 4.34 4.46 0.82 4.31 4.46 0.78 4.28 4.46 0.74 4.25 4.46 0.70 4.23 4.46 0.66 4.20 4.46 0.62 4.17 4.46 0.58 4.14 4.46 0.54 4.11 4.46 0.50 4.37 -4.48 0.85 4.34 -4.48 0.82 4.31 -4.48 0.78 4.28 -4.48 0.74 4.25 -4.48 0.70 4.23 -4.48 0.66 4.20 -4.48 0.62 4.17 -4.48 0.58 4.14 -4.48 0.54 4.11 -4.48 0.50 6.96 4.46 6.49 7.36 4.46 6.22 7.36 4.46 6.22 6.96 -4.48 6.49 6.96 -4.48 6.49 7.36 -4.48 6.22 7.36 -4.48 6.22 7.33 4.46 6.24 7.29 4.46 6.26 7.25 4.46 6.28 7.21 4.46 6.31 7.18 4.46 6.33 7.14 4.46 6.36 7.10 4.46 6.38 7.07 4.46 6.41 7.03 4.46 6.44 7.00 4.46 6.46 7.32 -4.48 6.24 7.29 -4.48 6.26 7.25 -4.48 6.28 7.21 -4.48 6.30 7.17 -4.48 6.33 7.14 -4.48 6.35 7.10 -4.48 6.38 7.07 -4.48 6.41 7.03 -4.48 6.43 7.00 -4.48 6.46 6.69 4.46 5.95 7.08 4.46 5.65 7.08 4.46 5.65 6.69 -4.48 5.95 6.69 -4.48 5.95 7.07 -4.48 5.65 7.07 -4.48 5.65 7.04 4.46 5.67 7.00 4.46 5.70 6.97 4.46 5.73 6.93 4.46 5.76 6.90 4.46 5.78 6.86 4.46 5.81 6.83 4.46 5.84 6.79 4.46 5.87 6.76 4.46 5.90 6.72 4.46 5.92 7.04 -4.48 5.67 7.00 -4.48 5.70 6.97 -4.48 5.73 6.93 -4.48 5.76 6.90 -4.48 5.78 6.86 -4.48 5.81 6.83 -4.48 5.84 6.79 -4.48 5.87 6.76 -4.48 5.89 6.72 -4.48 5.92 6.40 4.46 5.41 6.78 4.46 5.08 6.78 4.46 5.08 6.40 -4.48 5.41 6.40 -4.48 5.41 6.78 -4.48 5.08 6.78 -4.48 5.08 6.74 4.46 5.11 6.71 4.46 5.14 6.67 4.46 5.17 6.64 4.46 5.20 6.61 4.46 5.23 6.57 4.46 5.26 6.54 4.46 5.29 6.50 4.46 5.32 6.47 4.46 5.35 6.43 4.46 5.38 6.74 -4.48 5.11 6.71 -4.48 5.14 6.67 -4.48 5.17 6.64 -4.48 5.20 6.61 -4.48 5.23 6.57 -4.48 5.26 6.54 -4.48 5.29 6.50 -4.48 5.32 6.47 -4.48 5.35 6.43 -4.48 5.38 6.10 4.46 4.91 6.45 4.46 4.54 6.45 4.46 4.54 6.10 -4.48 4.91 6.10 -4.48 4.91 6.45 -4.48 4.54 6.45 -4.48 4.54 6.42 4.46 4.58 6.39 4.46 4.61 6.35 4.46 4.64 6.32 4.46 4.67 6.29 4.46 4.71 6.26 4.46 4.74 6.23 4.46 4.77 6.19 4.46 4.81 6.16 4.46 4.84 6.13 4.46 4.87 6.42 -4.48 4.58 6.39 -4.48 4.61 6.35 -4.48 4.64 6.32 -4.48 4.67 6.29 -4.48 4.71 6.26 -4.48 4.74 6.23 -4.48 4.77 6.19 -4.48 4.81 6.16 -4.48 4.84 6.13 -4.48 4.87 5.76 4.46 4.41 6.11 4.46 4.03 6.11 4.46 4.03 5.76 -4.48 4.41 5.76 -4.48 4.41 6.11 -4.48 4.03 6.11 -4.48 4.03 6.08 4.46 4.07 6.05 4.46 4.10 6.02 4.46 4.14 5.99 4.46 4.17 5.95 4.46 4.20 5.92 4.46 4.24 5.89 4.46 4.27 5.86 4.46 4.31 5.83 4.46 4.34 5.80 4.46 4.37 6.08 -4.48 4.07 6.05 -4.48 4.10 6.02 -4.48 4.14 5.99 -4.48 4.17 5.95 -4.48 4.20 5.92 -4.48 4.24 5.89 -4.48 4.27 5.86 -4.48 4.31 5.83 -4.48 4.34 5.80 -4.48 4.37 4.37 -4.49 0.53 4.50 -4.49 0.71 4.50 -4.44 0.71 4.37 -4.44 0.53 4.35 -4.51 0.55 4.48 -4.51 0.73 4.47 -0.01 0.73 4.47 -0.01 0.73 4.53 -4.38 0.78 4.53 -4.38 0.78 4.50 -4.38 0.71 4.37 -4.38 0.53 4.33 -4.49 0.57 4.46 -4.49 0.74 4.54 -2.37 0.78 4.54 -4.49 0.78 4.54 -4.44 0.78 4.35 -0.01 0.55 4.35 -0.01 0.55 4.37 -2.37 0.53 4.50 -2.37 0.71 4.33 -4.44 0.57 4.46 -4.44 0.74 4.51 -4.38 0.79 4.52 -4.51 0.78 4.52 -4.44 0.78 4.52 -4.44 0.78 4.54 -4.38 0.78 4.35 -4.38 0.55 4.47 -4.38 0.73 4.50 -4.49 0.79 4.50 -4.44 0.79 4.23 -4.49 0.35 4.23 -4.44 0.35 4.22 -4.51 0.37 4.18 -4.38 0.31 4.18 -4.38 0.31 4.23 -4.38 0.35 4.21 -4.49 0.40 4.19 -2.37 0.29 4.19 -4.49 0.29 4.19 -4.44 0.29 4.23 -2.37 0.35 4.21 -4.44 0.40 4.18 -4.38 0.32 4.18 -4.51 0.32 4.18 -4.44 0.31 4.18 -4.44 0.31 4.19 -4.38 0.29 4.18 -0.01 0.31 4.18 -0.01 0.31 4.18 -0.01 0.31 4.18 -0.01 0.31 4.22 -4.38 0.38 4.17 -4.49 0.35 4.17 -4.44 0.35 4.37 4.47 0.53 4.50 4.47 0.71 4.50 4.42 0.71 4.37 4.42 0.53 4.35 4.49 0.55 4.48 4.49 0.73 4.53 4.36 0.78 4.53 4.36 0.78 4.50 4.36 0.71 4.37 4.36 0.53 4.33 4.47 0.57 4.46 4.47 0.74 4.54 -0.01 0.78 4.54 4.47 0.78 4.54 4.42 0.78 4.37 -0.01 0.53 4.50 -0.01 0.71 4.33 4.42 0.57 4.46 4.42 0.74 4.51 4.36 0.79 4.52 4.49 0.78 4.52 4.42 0.78 4.52 4.42 0.78 4.54 4.36 0.78 4.53 -0.01 0.78 4.53 -0.01 0.78 4.53 -0.01 0.78 4.53 -0.01 0.78 4.35 4.36 0.55 4.47 4.36 0.73 4.51 -0.01 0.79 4.51 -0.01 0.79 4.50 4.47 0.79 4.50 4.42 0.79 4.23 4.47 0.35 4.23 4.42 0.35 4.22 4.49 0.37 4.22 -0.01 0.38 4.22 -0.01 0.38 4.18 4.36 0.31 4.18 4.36 0.31 4.23 4.36 0.35 4.21 4.47 0.40 4.19 -0.01 0.29 4.19 4.47 0.29 4.19 4.42 0.29 4.23 -0.01 0.35 4.21 4.42 0.40 4.18 4.36 0.32 4.18 4.49 0.32 4.18 4.42 0.31 4.18 4.42 0.31 4.19 4.36 0.29 4.22 4.36 0.38 4.18 -0.01 0.32 4.18 -0.01 0.32 4.17 4.47 0.35 4.17 4.42 0.35 4.14 4.46 0.41 4.45 4.46 0.83 4.45 4.46 0.83 4.14 -4.48 0.41 4.14 -4.48 0.41 4.45 -4.48 0.83 4.45 -4.48 0.83 4.42 4.46 0.79 4.39 4.46 0.76 4.36 4.46 0.72 4.33 4.46 0.68 4.31 4.46 0.64 4.28 4.46 0.60 4.25 4.46 0.56 4.22 4.46 0.52 4.19 4.46 0.48 4.16 4.46 0.45 4.42 -4.48 0.79 4.39 -4.48 0.76 4.36 -4.48 0.72 4.33 -4.48 0.68 4.31 -4.48 0.64 4.28 -4.48 0.60 4.25 -4.48 0.56 4.22 -4.48 0.52 4.19 -4.48 0.48 4.16 -4.48 0.45 3.97 4.46 0.65 4.33 4.46 0.94 4.33 4.46 0.94 3.97 -4.48 0.65 3.97 -4.48 0.65 4.33 -4.48 0.94 4.33 -4.48 0.94 4.30 4.46 0.91 4.27 4.46 0.88 4.23 4.46 0.86 4.20 4.46 0.83 4.17 4.46 0.80 4.14 4.46 0.77 4.10 4.46 0.75 4.07 4.46 0.72 4.03 4.46 0.70 4.00 4.46 0.67 4.30 -4.48 0.91 4.27 -4.48 0.88 4.23 -4.48 0.86 4.20 -4.48 0.83 4.17 -4.48 0.80 4.14 -4.48 0.77 4.10 -4.48 0.75 4.07 -4.48 0.72 4.03 -4.48 0.70 4.00 -4.48 0.67 4.16 4.46 0.38 4.47 4.46 0.81 4.47 4.46 0.81 4.16 -4.48 0.38 4.16 -4.48 0.38 4.47 -4.48 0.81 4.47 -4.48 0.81 4.44 4.46 0.77 4.41 4.46 0.73 4.39 4.46 0.69 4.36 4.46 0.65 4.33 4.46 0.61 4.30 4.46 0.57 4.27 4.46 0.53 4.24 4.46 0.50 4.22 4.46 0.46 4.19 4.46 0.42 4.44 -4.48 0.77 4.41 -4.48 0.73 4.39 -4.48 0.69 4.36 -4.48 0.65 4.33 -4.48 0.61 4.30 -4.48 0.57 4.27 -4.48 0.53 4.24 -4.48 0.50 4.22 -4.48 0.46 4.19 -4.48 0.42 3.86 4.46 1.18 4.28 4.46 1.07 4.28 4.46 1.07 3.86 -4.48 1.18 3.86 -4.48 1.18 4.28 -4.48 1.07 4.28 -4.48 1.07 4.24 4.46 1.08 4.20 4.46 1.09 4.17 4.46 1.10 4.13 4.46 1.11 4.09 4.46 1.12 4.05 4.46 1.13 4.02 4.46 1.14 3.98 4.46 1.15 3.94 4.46 1.16 3.90 4.46 1.17 4.24 -4.48 1.08 4.20 -4.48 1.09 4.17 -4.48 1.10 4.13 -4.48 1.11 4.09 -4.48 1.12 4.05 -4.48 1.13 4.02 -4.48 1.14 3.98 -4.48 1.15 3.94 -4.48 1.16 3.90 -4.48 1.17 4.00 4.46 1.59 4.37 4.46 1.25 4.37 4.46 1.25 4.00 -4.48 1.59 4.00 -4.48 1.59 4.37 -4.48 1.25 4.37 -4.48 1.25 4.33 4.46 1.28 4.30 4.46 1.31 4.27 4.46 1.34 4.23 4.46 1.38 4.20 4.46 1.41 4.17 4.46 1.44 4.13 4.46 1.47 4.10 4.46 1.50 4.07 4.46 1.53 4.03 4.46 1.56 4.33 -4.48 1.28 4.30 -4.48 1.31 4.27 -4.48 1.34 4.23 -4.48 1.38 4.20 -4.48 1.41 4.17 -4.48 1.44 4.13 -4.48 1.47 4.10 -4.48 1.50 4.07 -4.48 1.53 4.03 -4.48 1.56
4.20 4.46 0.32 4.54 4.46 0.71 4.54 4.46 0.71 8.52 4.46 6.16 8.52 4.46 6.16 8.52 4.46 6.16 8.88 4.46 5.80 8.88 4.46 5.80 8.88 4.46 5.80 8.52 -4.48 6.16 8.52 -4.48 6.16 8.52 -4.48 6.16 8.88 -4.48 5.80 8.88 -4.48 5.80 8.88 -4.48 5.80 4.20 -4.48 0.32 4.20 -4.48 0.32 4.54 -4.48 0.71 4.54 -4.48 0.71 4.51 4.46 0.67 4.51 4.46 0.67 4.48 4.46 0.64 4.48 4.46 0.64 4.45 4.46 0.60 4.45 4.46 0.60 4.42 4.46 0.57 4.42 4.46 0.57 4.39 4.46 0.53 4.39 4.46 0.53 4.39 4.46 0.53 4.36 4.46 0.49 4.36 4.46 0.49 4.36 4.46 0.49 4.32 4.46 0.46 4.32 4.46 0.46 4.29 4.46 0.42 4.29 4.46 0.42 4.26 4.46 0.39 4.26 4.46 0.39 4.23 4.46 0.35 4.23 4.46 0.35 8.84 4.46 5.83 8.84 4.46 5.83 8.81 4.46 5.86 8.81 4.46 5.86 8.77 4.46 5.89 8.77 4.46 5.89 8.74 4.46 5.92 8.74 4.46 5.92 8.70 4.46 5.95 8.70 4.46 5.95 8.67 4.46 5.98 8.67 4.46 5.98 8.64 4.46 6.02 8.64 4.46 6.02 8.61 4.46 6.05 8.61 4.46 6.05 8.57 4.46 6.09 8.57 4.46 6.09 8.55 4.46 6.12 8.55 4.46 6.12 8.84 -4.48 5.83 8.84 -4.48 5.83 8.80 -4.48 5.86 8.80 -4.48 5.86 8.77 -4.48 5.89 8.77 -4.48 5.89 8.73 -4.48 5.92 8.73 -4.48 5.92 8.70 -4.48 5.95 8.70 -4.48 5.95 8.67 -4.48 5.98 8.67 -4.48 5.98 8.63 -4.48 6.01 8.63 -4.48 6.01 8.60 -4.48 6.05 8.60 -4.48 6.05 8.57 -4.48 6.09 8.57 -4.48 6.09 8.54 -4.48 6.12 8.54 -4.48 6.12 4.51 -4.48 0.67 4.51 -4.48 0.67 4.48 -4.48 0.64 4.48 -4.48 0.64 4.45 -4.48 0.60 4.45 -4.48 0.60 4.42 -4.48 0.57 4.42 -4.48 0.57 4.39 -4.48 0.53 4.39 -4.48 0.53 4.39 -4.48 0.53 4.36 -4.48 0.49 4.36 -4.48 0.49 4.36 -4.48 0.49 4.32 -4.48 0.46 4.32 -4.48 0.46 4.29 -4.48 0.42 4.29 -4.48 0.42 4.26 -4.48 0.39 4.26 -4.48 0.39 4.23 -4.48 0.35 4.23 -4.48 0.35 6.11 4.46 3.54 6.38 4.46 3.07 6.38 4.46 3.07 6.11 -4.48 3.54 6.11 -4.48 3.54 6.38 -4.48 3.07 6.38 -4.48 3.07 6.36 4.46 3.11 6.33 4.46 3.16 6.31 4.46 3.20 6.28 4.46 3.24 6.26 4.46 3.28 6.23 4.46 3.33 6.21 4.46 3.37 6.18 4.46 3.41 6.16 4.46 3.46 6.13 4.46 3.50 6.36 -4.48 3.11 6.33 -4.48 3.16 6.31 -4.48 3.20 6.28 -4.48 3.24 6.26 -4.48 3.28 6.23 -4.48 3.33 6.21 -4.48 3.37 6.18 -4.48 3.41 6.16 -4.48 3.46 6.13 -4.48 3.50 5.88 4.46 3.37 6.15 4.46 2.90 6.15 4.46 2.90 5.88 -4.48 3.37 5.88 -4.48 3.37 6.15 -4.48 2.90 6.15 -4.48 2.90 6.13 4.46 2.95 6.10 4.46 2.99 6.08 4.46 3.03 6.06 4.46 3.07 6.03 4.46 3.12 6.01 4.46 3.16 5.98 4.46 3.20 5.96 4.46 3.24 5.93 4.46 3.29 5.91 4.46 3.33 6.13 -4.48 2.95 6.10 -4.48 2.99 6.08 -4.48 3.03 6.06 -4.48 3.07 6.03 -4.48 3.12 6.01 -4.48 3.16 5.98 -4.48 3.20 5.96 -4.48 3.24 5.93 -4.48 3.29 5.91 -4.48 3.33 5.67 4.46 3.17 5.94 4.46 2.71 5.94 4.46 2.71 5.67 -4.48 3.17 5.67 -4.48 3.17 5.94 -4.48 2.71 5.94 -4.48 2.71 5.92 4.46 2.75 5.90 4.46 2.79 5.87 4.46 2.84 5.85 4.46 2.88 5.82 4.46 2.92 5.80 4.46 2.96 5.77 4.46 3.01 5.75 4.46 3.05 5.72 4.46 3.09 5.70 4.46 3.13 5.92 -4.48 2.75 5.90 -4.48 2.79 5.87 -4.48 2.84 5.85 -4.48 2.88 5.82 -4.48 2.92 5.80 -4.48 2.96 5.77 -4.48 3.01 5.75 -4.48 3.05 5.72 -4.48 3.09 5.70 -4.48 3.13 5.46 4.46 2.98 5.74 4.46 2.51 5.74 4.46 2.51 5.46 -4.48 2.98 5.46 -4.48 2.98 5.74 -4.48 2.51 5.74 -4.48 2.51 5.71 4.46 2.55 5.69 4.46 2.60 5.66 4.46 2.64 5.64 4.46 2.68 5.61 4.46 2.72 5.59 4.46 2.77 5.56 4.46 2.81 5.54 4.46 2.85 5.51 4.46 2.89 5.49 4.46 2.93 5.71 -4.48 2.55 5.69 -4.48 2.60 5.66 -4.48 2.64 5.64 -4.48 2.68 5.61 -4.48 2.72 5.59 -4.48 2.77 5.56 -4.48 2.81 5.54 -4.48 2.85 5.51 -4.48 2.89 5.49 -4.48 2.93 5.25 4.46 2.76 5.54 4.46 2.31 5.54 4.46 2.31 5.25 -4.48 2.76 5.25 -4.48 2.76 5.54 -4.48 2.31 5.54 -4.48 2.31 5.51 4.46 2.35 5.49 4.46 2.39 5.46 4.46 2.43 5.44 4.46 2.48 5.41 4.46 2.52 5.38 4.46 2.56 5.36 4.46 2.60 5.33 4.46 2.64 5.31 4.46 2.68 5.28 4.46 2.72 5.51 -4.48 2.35 5.49 -4.48 2.39 5.46 -4.48 2.43 5.44 -4.48 2.48 5.41 -4.48 2.52 5.38 -4.48 2.56 5.36 -4.48 2.60 5.33 -4.48 2.64 5.31 -4.48 2.68 5.28 -4.48 2.72 5.05 4.46 2.55 5.34 4.46 2.10 5.34 4.46 2.10 5.05 -4.48 2.55 5.05 -4.48 2.55 5.34 -4.48 2.10 5.34 -4.48 2.10 5.32 4.46 2.14 5.29 4.46 2.18 5.26 4.46 2.22 5.24 4.46 2.26 5.21 4.46 2.30 5.18 4.46 2.34 5.16 4.46 2.38 5.13 4.46 2.43 5.11 4.46 2.47 5.08 4.46 2.51 5.32 -4.48 2.14 5.29 -4.48 2.18 5.26 -4.48 2.22 5.24 -4.48 2.26 5.21 -4.48 2.30 5.18 -4.48 2.34 5.16 -4.48 2.38 5.13 -4.48 2.43 5.11 -4.48 2.47 5.08 -4.48 2.51 4.85 4.46 2.33 5.15 4.46 1.88 5.15 4.46 1.88 4.85 -4.48 2.33 4.85 -4.48 2.33 5.15 -4.48 1.88 5.15 -4.48 1.88 5.12 4.46 1.92 5.09 4.46 1.96 5.07 4.46 2.01 5.04 4.46 2.05 5.01 4.46 2.09 4.99 4.46 2.13 4.96 4.46 2.17 4.93 4.46 2.21 4.91 4.46 2.25 4.88 4.46 2.29 5.12 -4.48 1.92 5.09 -4.48 1.96 5.07 -4.48 2.01 5.04 -4.48 2.05 5.01 -4.48 2.09 4.99 -4.48 2.13 4.96 -4.48 2.17 4.93 -4.48 2.21 4.91 -4.48 2.25 4.88 -4.48 2.29 4.65 4.46 2.12 4.95 4.46 1.67 4.95 4.46 1.67 4.65 -4.48 2.12 4.65 -4.48 2.12 4.95 -4.48 1.67 4.95 -4.48 1.67 4.92 4.46 1.71 4.90 4.46 1.75 4.87 4.46 1.79 4.84 4.46 1.83 4.82 4.46 1.87 4.79 4.46 1.91 4.76 4.46 1.95 4.74 4.46 1.99 4.71 4.46 2.03 4.68 4.46 2.08 4.92 -4.48 1.71 4.90 -4.48 1.75 4.87 -4.48 1.79 4.84 -4.48 1.83 4.82 -4.48 1.87 4.79 -4.48 1.91 4.76 -4.48 1.95 4.74 -4.48 1.99 4.71 -4.48 2.03 4.68 -4.48 2.08 4.46 4.46 1.90 4.75 4.46 1.46 4.75 4.46 1.46 4.46 -4.48 1.90 4.46 -4.48 1.90 4.75 -4.48 1.46 4.75 -4.48 1.46 4.72 4.46 1.50 4.70 4.46 1.54 4.67 4.46 1.58 4.64 4.46 1.62 4.62 4.46 1.66 4.59 4.46 1.70 4.56 4.46 1.74 4.54 4.46 1.78 4.51 4.46 1.82 4.48 4.46 1.86 4.72 -4.48 1.50 4.70 -4.48 1.54 4.67 -4.48 1.58 4.64 -4.48 1.62 4.62 -4.48 1.66 4.59 -4.48 1.70 4.56 -4.48 1.74 4.54 -4.48 1.78 4.51 -4.48 1.82 4.48 -4.48 1.86 4.26 4.46 1.69 4.55 4.46 1.24 4.55 4.46 1.24 4.26 -4.48 1.69 4.26 -4.48 1.69 4.55 -4.48 1.24 4.55 -4.48 1.24 4.52 4.46 1.28 4.50 4.46 1.33 4.47 4.46 1.37 4.44 4.46 1.41 4.42 4.46 1.45 4.39 4.46 1.49 4.36 4.46 1.53 4.34 4.46 1.57 4.31 4.46 1.61 4.28 4.46 1.65 4.52 -4.48 1.28 4.50 -4.48 1.33 4.47 -4.48 1.37 4.44 -4.48 1.41 4.42 -4.48 1.45 4.39 -4.48 1.49 4.36 -4.48 1.53 4.34 -4.48 1.57 4.31 -4.48 1.61 4.28 -4.48 1.65 4.04 4.46 1.43 4.36 4.46 1.08 4.36 4.46 1.08 4.04 -4.48 1.43 4.04 -4.48 1.43 4.36 -4.48 1.08 4.36 -4.48 1.08 4.33 4.46 1.11 4.30 4.46 1.14 4.27 4.46 1.18 4.24 4.46 1.21 4.21 4.46 1.24 4.19 4.46 1.27 4.16 4.46 1.30 4.13 4.46 1.33 4.10 4.46 1.37 4.07 4.46 1.40 4.33 -4.48 1.11 4.30 -4.48 1.14 4.27 -4.48 1.18 4.24 -4.48 1.21 4.21 -4.48 1.24 4.19 -4.48 1.27 4.16 -4.48 1.30 4.13 -4.48 1.33 4.10 -4.48 1.37 4.07 -4.48 1.40 3.94 4.46 0.95 4.34 4.46 0.94 4.34 4.46 0.94 3.94 -4.48 0.95 3.94 -4.48 0.95 4.34 -4.48 0.94 4.34 -4.48 0.94 4.31 4.46 0.94 4.27 4.46 0.94 4.23 4.46 0.94 4.20 4.46 0.94 4.16 4.46 0.94 4.12 4.46 0.94 4.09 4.46 0.94 4.05 4.46 0.94 4.01 4.46 0.95 3.98 4.46 0.95 4.31 -4.48 0.94 4.27 -4.48 0.94 4.23 -4.48 0.94 4.20 -4.48 0.94 4.16 -4.48 0.94 4.12 -4.48 0.94 4.09 -4.48 0.94 4.05 -4.48 0.94 4.01 -4.48 0.95 3.98 -4.48 0.95 4.12 4.46 0.44 4.45 4.46 0.83 4.45 4.46 0.83 4.12 -4.48 0.44 4.12 -4.48 0.44 4.45 -4.48 0.83 4.45 -4.48 0.83 4.42 4.46 0.79 4.39 4.46 0.76 4.36 4.46 0.72 4.33 4.46 0.68 4.30 4.46 0.65 4.27 4.46 0.61 4.24 4.46 0.58 4.21 4.46 0.54 4.18 4.46 0.51 4.15 4.46 0.47 4.42 -4.48 0.79 4.39 -4.48 0.76 4.36 -4.48 0.72 4.33 -4.48 0.68 4.30 -4.48 0.65 4.27 -4.48 0.61 4.24 -4.48 0.58 4.21 -4.48 0.54 4.18 -4.48 0.51 4.15 -4.48 0.47 7.93 4.46 5.47 8.27 4.46 5.08 8.27 4.46 5.08 7.93 -4.48 5.47 7.93 -4.48 5.47 8.27 -4.48 5.08 8.27 -4.48 5.08 8.24 4.46 5.11 8.21 4.46 5.15 8.17 4.46 5.18 8.14 4.46 5.21 8.11 4.46 5.25 8.08 4.46 5.28 8.05 4.46 5.32 8.02 4.46 5.35 7.99 4.46 5.39 7.96 4.46 5.43 8.24 -4.48 5.11 8.21 -4.48 5.15 8.17 -4.48 5.18 8.14 -4.48 5.21 8.11 -4.48 5.25 8.08 -4.48 5.28 8.05 -4.48 5.32 8.02 -4.48 5.35 7.99 -4.48 5.39 7.96 -4.48 5.43 7.57 4.46 5.02 7.89 4.46 4.61 7.89 4.46 4.61 7.57 -4.48 5.02 7.57 -4.48 5.02 7.89 -4.48 4.61 7.89 -4.48 4.61 7.86 4.46 4.65 7.83 4.46 4.68 7.80 4.46 4.72 7.77 4.46 4.76 7.74 4.46 4.80 7.71 4.46 4.83 7.68 4.46 4.87 7.65 4.46 4.91 7.62 4.46 4.95 7.60 4.46 4.98 7.86 -4.48 4.65 7.83 -4.48 4.68 7.80 -4.48 4.72 7.77 -4.48 4.76 7.74 -4.48 4.80 7.71 -4.48 4.83 7.68 -4.48 4.87 7.65 -4.48 4.91 7.62 -4.48 4.95 7.60 -4.48 4.98 7.19 4.46 4.58 7.50 4.46 4.15 7.50 4.46 4.15 7.19 -4.48 4.58 7.19 -4.48 4.58 7.50 -4.48 4.15 7.50 -4.48 4.15 7.47 4.46 4.19 7.44 4.46 4.23 7.41 4.46 4.27 7.38 4.46 4.30 7.36 4.46 4.34 7.33 4.46 4.38 7.30 4.46 4.42 7.27 4.46 4.46 7.25 4.46 4.50 7.22 4.46 4.54 7.47 -4.48 4.19 7.44 -4.48 4.23 7.41 -4.48 4.26 7.38 -4.48 4.30 7.36 -4.48 4.34 7.33 -4.48 4.38 7.30 -4.48 4.42 7.27 -4.48 4.46 7.25 -4.48 4.50 7.22 -4.48 4.54 6.80 4.46 4.18 7.08 4.46 3.72 7.08 4.46 3.72 6.80 -4.48 4.18 6.80 -4.48 4.18 7.08 -4.48 3.72 7.08 -4.48 3.72 7.06 4.46 3.76 7.03 4.46 3.80 7.01 4.46 3.84 6.98 4.46 3.89 6.95 4.46 3.93 6.93 4.46 3.97 6.90 4.46 4.01 6.88 4.46 4.05 6.85 4.46 4.09 6.83 4.46 4.14 7.06 -4.48 3.76 7.03 -4.48 3.80 7.00 -4.48 3.84 6.98 -4.48 3.89 6.95 -4.48 3.93 6.93 -4.48 3.97 6.90 -4.48 4.01 6.88 -4.48 4.05 6.85 -4.48 4.09 6.83 -4.48 4.14 6.39 4.46 3.79 6.66 4.46 3.33 6.66 4.46 3.33 6.39 -4.48 3.79 6.39 -4.48 3.79 6.66 -4.48 3.33 6.66 -4.48 3.33 6.64 4.46 3.37 6.61 4.46 3.41 6.59 4.46 3.45 6.56 4.46 3.49 6.54 4.46 3.54 6.51 4.46 3.58 6.49 4.46 3.62 6.46 4.46 3.66 6.44 4.46 3.71 6.41 4.46 3.75 6.64 -4.48 3.37 6.61 -4.48 3.41 6.59 -4.48 3.45 6.56 -4.48 3.49 6.54 -4.48 3.54 6.51 -4.48 3.58 6.49 -4.48 3.62 6.46 -4.48 3.66 6.44 -4.48 3.71 6.41 -4.48 3.75 4.40 -4.49 0.47 4.54 -4.49 0.64 4.54 -4.44 0.64 4.40 -4.44 0.47 4.39 -4.51 0.49 4.53 -4.51 0.65 4.52 -0.01 0.66 4.52 -0.01 0.66 4.58 -4.38 0.70 4.58 -4.38 0.70 4.54 -4.38 0.64 4.40 -4.38 0.47 4.37 -4.49 0.51 4.50 -4.49 0.67 4.59 -2.37 0.70 4.59 -4.49 0.70 4.59 -4.44 0.70 4.38 -0.01 0.49 4.38 -0.01 0.49 4.40 -2.37 0.47 4.54 -2.37 0.64 4.37 -4.44 0.51 4.50 -4.44 0.67 4.56 -4.38 0.71 4.57 -4.51 0.71 4.57 -4.44 0.71 4.57 -4.44 0.71 4.59 -4.38 0.70 4.38 -4.38 0.49 4.52 -4.38 0.66 4.55 -4.49 0.72 4.55 -4.44 0.72 4.25 -4.49 0.30 4.25 -4.44 0.30 4.25 -4.51 0.33 4.20 -4.38 0.27 4.20 -4.38 0.27 4.25 -4.38 0.30 4.23 -4.49 0.36 4.20 -2.37 0.25 4.20 -4.49 0.25 4.20 -4.44 0.25 4.25 -2.37 0.30 4.23 -4.44 0.36 4.20 -4.38 0.28 4.20 -4.51 0.28 4.20 -4.44 0.27 4.20 -4.44 0.27 4.20 -4.38 0.25 4.20 -0.01 0.27 4.20 -0.01 0.27 4.20 -0.01 0.27 4.20 -0.01 0.27 4.24 -4.38 0.34 4.19 -4.49 0.31 4.19 -4.44 0.31 4.40 4.47 0.47 4.54 4.47 0.64 4.54 4.42 0.64 4.40 4.42 0.47 4.39 4.49 0.49 4.53 4.49 0.65 4.58 4.36 0.70 4.58 4.36 0.70 4.54 4.36 0.64 4.40 4.36 0.47 4.37 4.47 0.51 4.50 4.47 0.67 4.59 -0.01 0.70 4.59 4.47 0.70 4.59 4.42 0.70 4.40 -0.01 0.47 4.54 -0.01 0.64 4.37 4.42 0.51 4.50 4.42 0.67 4.56 4.36 0.71 4.57 4.49 0.71 4.57 4.42 0.71 4.57 4.42 0.71 4.59 4.36 0.70 4.58 -0.01 0.70 4.58 -0.01 0.70 4.58 -0.01 0.70 4.58 -0.01 0.70 4.38 4.36 0.49 4.52 4.36 0.66 4.56 -0.01 0.71 4.56 -0.01 0.71 4.55 4.47 0.72 4.55 4.42 0.72 4.25 4.47 0.30 4.25 4.42 0.30 4.25 4.49 0.33 4.24 -0.01 0.34 4.24 -0.01 0.34 4.20 4.36 0.27 4.20 4.36 0.27 4.25 4.36 0.30 4.23 4.47 0.36 4.20 -0.01 0.25 4.20 4.47 0.25 4.20 4.42 0.25 4.25 -0.01 0.30 4.23 4.42 0.36 4.20 4.36 0.28 4.20 4.49 0.28 4.20 4.42 0.27 4.20 4.42 0.27 4.20 4.36 0.25 4.24 4.36 0.34 4.20 -0.01 0.28 4.20 -0.01 0.28 4.19 4.47 0.31 4.19 4.42 0.31 4.16 4.46 0.37 4.50 4.46 0.76 4.50 4.46 0.76 4.16 -4.48 0.37 4.16 -4.48 0.37 4.50 -4.48 0.76 4.50 -4.48 0.76 4.47 4.46 0.73 4.44 4.46 0.69 4.41 4.46 0.66 4.38 4.46 0.62 4.35 4.46 0.58 4.32 4.46 0.55 4.29 4.46 0.51 4.26 4.46 0.48 4.22 4.46 0.44 4.19 4.46 0.41 4.47 -4.48 0.73 4.44 -4.48 0.69 4.41 -4.48 0.66 4.38 -4.48 0.62 4.35 -4.48 0.58 4.32 -4.48 0.55 4.29 -4.48 0.51 4.26 -4.48 0.48 4.22 -4.48 0.44 4.19 -4.48 0.41 4.01 4.46 0.63 4.39 4.46 0.88 4.39 4.46 0.88 4.01 -4.48 0.63 4.01 -4.48 0.63 4.39 -4.48 0.88 4.39 -4.48 0.88 4.36 4.46 0.86 4.33 4.46 0.83 4.29 4.46 0.81 4.26 4.46 0.78 4.22 4.46 0.76 4.19 4.46 0.74 4.15 4.46 0.72 4.12 4.46 0.70 4.08 4.46 0.67 4.04 4.46 0.65 4.36 -4.48 0.86 4.33 -4.48 0.83 4.29 -4.48 0.81 4.26 -4.48 0.78 4.22 -4.48 0.76 4.19 -4.48 0.74 4.15 -4.48 0.72 4.12 -4.48 0.70 4.08 -4.48 0.67 4.04 -4.48 0.65 4.18 4.46 0.34 4.52 4.46 0.74 4.52 4.46 0.74 4.18 -4.48 0.34 4.18 -4.48 0.34 4.52 -4.48 0.74 4.52 -4.48 0.74 4.49 4.46 0.70 4.46 4.46 0.66 4.43 4.46 0.63 4.40 4.46 0.59 4.37 4.46 0.55 4.34 4.46 0.52 4.31 4.46 0.48 4.28 4.46 0.45 4.24 4.46 0.41 4.21 4.46 0.38 4.49 -4.48 0.70 4.46 -4.48 0.66 4.43 -4.48 0.63 4.40 -4.48 0.59 4.37 -4.48 0.55 4.34 -4.48 0.52 4.31 -4.48 0.48 4.28 -4.48 0.45 4.24 -4.48 0.41 4.21 -4.48 0.38 3.96 4.46 1.19 4.34 4.46 1.01 4.34 4.46 1.01 3.96 -4.48 1.19 3.96 -4.48 1.19 4.34 -4.48 1.01 4.34 -4.48 1.01 4.30 4.46 1.03 4.27 4.46 1.04 4.23 4.46 1.06 4.20 4.46 1.08 4.17 4.46 1.09 4.13 4.46 1.11 4.10 4.46 1.13 4.06 4.46 1.14 4.03 4.46 1.16 3.99 4.46 1.18 4.30 -4.48 1.03 4.27 -4.48 1.04 4.23 -4.48 1.06 4.20 -4.48 1.08 4.17 -4.48 1.09 4.13 -4.48 1.11 4.10 -4.48 1.13 4.06 -4.48 1.14 4.03 -4.48 1.16 3.99 -4.48 1.18 4.16 4.46 1.58 4.45 4.46 1.14 4.45 4.46 1.14 4.16 -4.48 1.58 4.16 -4.48 1.58 4.45 -4.48 1.14 4.45 -4.48 1.14 4.42 4.46 1.18 4.40 4.46 1.22 4.37 4.46 1.26 4.34 4.46 1.30 4.32 4.46 1.34 4.29 4.46 1.38 4.26 4.46 1.42 4.24 4.46 1.46 4.21 4.46 1.50 4.18 4.46 1.54 4.42 -4.48 1.18 4.40 -4.48 1.22 4.37 -4.48 1.26 4.34 -4.48 1.30 4.32 -4.48 1.34 4.29 -4.48 1.38 4.26 -4.48 1.42 4.24 -4.48 1.46 4.21 -4.48 1.50 4.18 -4.48 1.54
4.22 4.46 0.28 4.58 4.46 0.64 4.58 4.46 0.64 9.31 4.46 4.90 9.31 4.46 4.90 9.31 4.46 4.90 9.60 4.46 4.46 9.60 4.46 4.46 9.60 4.46 4.46 9.31 -4.48 4.90 9.31 -4.48 4.90 9.31 -4.48 4.90 9.60 -4.48 4.46 9.60 -4.48 4.46 9.60 -4.48 4.46 4.22 -4.48 0.28 4.22 -4.48 0.28 4.58 -4.48 0.64 4.58 -4.48 0.64 4.55 4.46 0.61 4.55 4.46 0.61 4.51 4.46 0.57 4.51 4.46 0.57 4.48 4.46 0.54 4.48 4.46 0.54 4.45 4.46 0.51 4.45 4.46 0.51 4.42 4.46 0.47 4.42 4.46 0.47 4.42 4.46 0.47 4.38 4.46 0.44 4.38 4.46 0.44 4.38 4.46 0.44 4.35 4.46 0.41 4.35 4.46 0.41 4.32 4.46 0.38 4.32 4.46 0.38 4.28 4.46 0.34 4.28 4.46 0.34 4.25 4.46 0.31 4.25 4.46 0.31 9.57 4.46 4.50 9.57 4.46 4.50 9.54 4.46 4.53 9.54 4.46 4.53 9.51 4.46 4.57 9.51 4.46 4.57 9.48 4.46 4.61 9.48 4.46 4.61 9.45 4.46 4.65 9.45 4.46 4.65 9.43 4.46 4.69 9.43 4.46 4.69 9.40 4.46 4.73 9.40 4.46 4.73 9.38 4.46 4.77 9.38 4.46 4.77 9.35 4.46 4.82 9.35 4.46 4.82 9.33 4.46 4.86 9.33 4.46 4.86 9.57 -4.48 4.50 9.57 -4.48 4.50 9.54 -4.48 4.53 9.54 -4.48 4.53 9.51 -4.48 4.57 9.51 -4.48 4.57 9.48 -4.48 4.61 9.48 -4.48 4.61 9.45 -4.48 4.65 9.45 -4.48 4.65 9.42 -4.48 4.69 9.42 -4.48 4.69 9.40 -4.48 4.73 9.40 -4.48 4.73 9.37 -4.48 4.77 9.37 -4.48 4.77 9.35 -4.48 4.82 9.35 -4.48 4.82 9.33 -4.48 4.86 9.33 -4.48 4.86 4.55 -4.48 0.61 4.55 -4.48 0.61 4.51 -4.48 0.57 4.51 -4.48 0.57 4.48 -4.48 0.54 4.48 -4.48 0.54 4.45 -4.48 0.51 4.45 -4.48 0.51 4.42 -4.48 0.47 4.42 -4.48 0.47 4.42 -4.48 0.47 4.38 -4.48 0.44 4.38 -4.48 0.44 4.38 -4.48 0.44 4.35 -4.48 0.41 4.35 -4.48 0.41 4.32 -4.48 0.38 4.32 -4.48 0.38 4.28 -4.48 0.34 4.28 -4.48 0.34 4.25 -4.48 0.31 4.25 -4.48 0.31 6.53 4.46 2.96 6.72 4.46 2.43 6.72 4.46 2.43 6.53 -4.48 2.96 6.53 -4.48 2.96 6.72 -4.48 2.43 6.72 -4.48 2.43 6.70 4.46 2.48 6.69 4.46 2.52 6.67 4.46 2.57 6.65 4.46 2.62 6.63 4.46 2.67 6.62 4.46 2.72 6.60 4.46 2.76 6.58 4.46 2.81 6.56 4.46 2.86 6.55 4.46 2.91 6.70 -4.48 2.48 6.69 -4.48 2.52 6.67 -4.48 2.57 6.65 -4.48 2.62 6.63 -4.48 2.67 6.62 -4.48 2.72 6.60 -4.48 2.76 6.58 -4.48 2.81 6.56 -4.48 2.86 6.55 -4.48 2.91 6.28 4.46 2.84 6.48 4.46 2.32 6.48 4.46 2.32 6.28 -4.48 2.84 6.28 -4.48 2.84 6.48 -4.48 2.32 6.48 -4.48 2.32 6.46 4.46 2.36 6.44 4.46 2.41 6.42 4.46 2.46 6.41 4.46 2.51 6.39 4.46 2.56 6.37 4.46 2.60 6.35 4.46 2.65 6.34 4.46 2.70 6.32 4.46 2.75 6.30 4.46 2.80 6.46 -4.48 2.36 6.44 -4.48 2.41 6.42 -4.48 2.46 6.41 -4.48 2.51 6.39 -4.48 2.56 6.37 -4.48 2.60 6.35 -4.48 2.65 6.34 -4.48 2.70 6.32 -4.48 2.75 6.30 -4.48 2.80 6.05 4.46 2.70 6.24 4.46 2.18 6.24 4.46 2.18 6.05 -4.48 2.70 6.05 -4.48 2.70 6.24 -4.48 2.18 6.24 -4.48 2.18 6.22 4.46 2.23 6.20 4.46 2.27 6.19 4.46 2.32 6.17 4.46 2.37 6.15 4.46 2.42 6.13 4.46 2.46 6.12 4.46 2.51 6.10 4.46 2.56 6.08 4.46 2.61 6.06 4.46 2.66 6.22 -4.48 2.23 6.20 -4.48 2.27 6.19 -4.48 2.32 6.17 -4.48 2.37 6.15 -4.48 2.42 6.13 -4.48 2.46 6.12 -4.48 2.51 6.10 -4.48 2.56 6.08 -4.48 2.61 6.06 -4.48 2.66 5.81 4.46 2.56 6.00 4.46 2.04 6.00 4.46 2.04 5.81 -4.48 2.56 5.81 -4.48 2.56 6.00 -4.48 2.04 6.00 -4.48 2.04 5.99 4.46 2.08 5.97 4.46 2.13 5.95 4.46 2.18 5.93 4.46 2.23 5.92 4.46 2.28 5.90 4.46 2.32 5.88 4.46 2.37 5.86 4.46 2.42 5.85 4.46 2.47 5.83 4.46 2.51 5.99 -4.48 2.08 5.97 -4.48 2.13 5.95 -4.48 2.18 5.93 -4.48 2.23 5.92 -4.48 2.28 5.90 -4.48 2.32 5.88 -4.48 2.37 5.86 -4.48 2.42 5.85 -4.48 2.47 5.83 -4.48 2.51 5.57 4.46 2.41 5.78 4.46 1.89 5.78 4.46 1.89 5.57 -4.48 2.41 5.57 -4.48 2.41 5.78 -4.48 1.89 5.78 -4.48 1.89 5.76 4.46 1.94 5.74 4.46 1.99 5.72 4.46 2.03 5.70 4.46 2.08 5.69 4.46 2.13 5.67 4.46 2.17 5.65 4.46 2.22 5.63 4.46 2.27 5.61 4.46 2.31 5.59 4.46 2.36 5.76 -4.48 1.94 5.74 -4.48 1.99 5.72 -4.48 2.03 5.70 -4.48 2.08 5.69 -4.48 2.13 5.67 -4.48 2.17 5.65 -4.48 2.22 5.63 -4.48 2.27 5.61 -4.48 2.31 5.59 -4.48 2.36 5.34 4.46 2.25 5.55 4.46 1.74 5.55 4.46 1.74 5.34 -4.48 2.25 5.34 -4.48 2.25 5.55 -4.48 1.74 5.55 -4.48 1.74 5.53 4.46 1.78 5.51 4.46 1.83 5.50 4.46 1.88 5.48 4.46 1.92 5.46 4.46 1.97 5.44 4.46 2.02 5.42 4.46 2.06 5.40 4.46 2.11 5.38 4.46 2.16 5.36 4.46 2.20 5.53 -4.48 1.78 5.51 -4.48 1.83 5.50 -4.48 1.88 5.48 -4.48 1.92 5.46 -4.48 1.97 5.44 -4.48 2.02 5.42 -4.48 2.06 5.40 -4.48 2.11 5.38 -4.48 2.16 5.36 -4.48 2.20 5.11 4.46 2.09 5.33 4.46 1.58 5.33 4.46 1.58 5.11 -4.48 2.09 5.11 -4.48 2.09 5.33 -4.48 1.58 5.33 -4.48 1.58 5.31 4.46 1.62 5.29 4.46 1.67 5.27 4.46 1.72 5.25 4.46 1.76 5.23 4.46 1.81 5.21 4.46 1.86 5.19 4.46 1.90 5.17 4.46 1.95 5.15 4.46 2.00 5.13 4.46 2.04 5.31 -4.48 1.62 5.29 -4.48 1.67 5.27 -4.48 1.72 5.25 -4.48 1.76 5.23 -4.48 1.81 5.21 -4.48 1.86 5.19 -4.48 1.90 5.17 -4.48 1.95 5.15 -4.48 2.00 5.13 -4.48 2.04 4.88 4.46 1.93 5.10 4.46 1.42 5.10 4.46 1.42 4.88 -4.48 1.93 4.88 -4.48 1.93 5.10 -4.48 1.42 5.10 -4.48 1.42 5.08 4.46 1.47 5.06 4.46 1.51 5.04 4.46 1.56 5.02 4.46 1.61 5.00 4.46 1.65 4.98 4.46 1.70 4.96 4.46 1.75 4.94 4.46 1.79 4.92 4.46 1.84 4.90 4.46 1.89 5.08 -4.48 1.47 5.06 -4.48 1.51 5.04 -4.48 1.56 5.02 -4.48 1.61 5.00 -4.48 1.65 4.98 -4.48 1.70 4.96 -4.48 1.75 4.94 -4.48 1.79 4.92 -4.48 1.84 4.90 -4.48 1.89 4.65 4.46 1.78 4.87 4.46 1.26 4.87 4.46 1.26 4.65 -4.48 1.78 4.65 -4.48 1.78 4.87 -4.48 1.26 4.87 -4.48 1.26 4.85 4.46 1.31 4.83 4.46 1.36 4.81 4.46 1.40 4.79 4.46 1.45 4.77 4.46 1.50 4.75 4.46 1.54 4.73 4.46 1.59 4.71 4.46 1.64 4.69 4.46 1.68 4.67 4.46 1.73 4.85 -4.48 1.31 4.83 -4.48 1.36 4.81 -4.48 1.40 4.79 -4.48 1.45 4.77 -4.48 1.50 4.75 -4.48 1.54 4.73 -4.48 1.59 4.71 -4.48 1.64 4.69 -4.48 1.68 4.67 -4.48 1.73 4.42 4.46 1.62 4.64 4.46 1.11 4.64 4.46 1.11 4.42 -4.48 1.62 4.42 -4.48 1.62 4.64 -4.48 1.11 4.64 -4.48 1.11 4.62 4.46 1.15 4.60 4.46 1.20 4.58 4.46 1.25 4.56 4.46 1.29 4.54 4.46 1.34 4.52 4.46 1.39 4.50 4.46 1.43 4.48 4.46 1.48 4.46 4.46 1.53 4.44 4.46 1.57 4.62 -4.48 1.15 4.60 -4.48 1.20 4.58 -4.48 1.25 4.56 -4.48 1.29 4.54 -4.48 1.34 4.52 -4.48 1.39 4.50 -4.48 1.43 4.48 -4.48 1.48 4.46 -4.48 1.53 4.44 -4.48 1.57 4.16 4.46 1.42 4.43 4.46 1.00 4.43 4.46 1.00 4.16 -4.48 1.42 4.16 -4.48 1.42 4.43 -4.48 1.00 4.43 -4.48 1.00 4.40 4.46 1.04 4.38 4.46 1.08 4.36 4.46 1.12 4.33 4.46 1.15 4.31 4.46 1.19 4.28 4.46 1.23 4.26 4.46 1.27 4.24 4.46 1.31 4.21 4.46 1.34 4.19 4.46 1.38 4.40 -4.48 1.04 4.38 -4.48 1.08 4.36 -4.48 1.12 4.33 -4.48 1.15 4.31 -4.48 1.19 4.28 -4.48 1.23 4.26 -4.48 1.27 4.24 -4.48 1.31 4.21 -4.48 1.34 4.19 -4.48 1.38 4.01 4.46 0.95 4.40 4.46 0.88 4.40 4.46 0.88 4.01 -4.48 0.95 4.01 -4.48 0.95 4.40 -4.48 0.88 4.40 -4.48 0.88 4.36 4.46 0.88 4.33 4.46 0.89 4.29 4.46 0.90 4.26 4.46 0.90 4.22 4.46 0.91 4.19 4.46 0.92 4.15 4.46 0.93 4.12 4.46 0.93 4.08 4.46 0.94 4.05 4.46 0.95 4.36 -4.48 0.88 4.33 -4.48 0.89 4.29 -4.48 0.90 4.26 -4.48 0.90 4.22 -4.48 0.91 4.19 -4.48 0.92 4.15 -4.48 0.93 4.12 -4.48 0.93 4.08 -4.48 0.94 4.05 -4.48 0.95 4.14 4.46 0.41 4.50 4.46 0.76 4.50 4.46 0.76 4.14 -4.48 0.41 4.14 -4.48 0.41 4.50 -4.48 0.76 4.50 -4.48 0.76 4.47 4.46 0.73 4.44 4.46 0.70 4.40 4.46 0.66 4.37 4.46 0.63 4.34 4.46 0.60 4.31 4.46 0.57 4.27 4.46 0.53 4.24 4.46 0.50 4.21 4.46 0.47 4.18 4.46 0.44 4.47 -4.48 0.73 4.44 -4.48 0.70 4.40 -4.48 0.66 4.37 -4.48 0.63 4.34 -4.48 0.60 4.31 -4.48 0.57 4.27 -4.48 0.53 4.24 -4.48 0.50 4.21 -4.48 0.47 4.18 -4.48 0.44 8.62 4.46 4.38 8.89 4.46 3.91 8.89 4.46 3.91 8.62 -4.48 4.38 8.62 -4.48 4.38 8.89 -4.48 3.91 8.89 -4.48 3.91 8.87 4.46 3.95 8.84 4.46 3.99 8.81 4.46 4.03 8.79 4.46 4.08 8.76 4.46 4.12 8.74 4.46 4.16 8.71 4.46 4.20 8.69 4.46 4.25 8.67 4.46 4.29 8.64 4.46 4.34 8.86 -4.48 3.95 8.84 -4.48 3.99 8.81 -4.48 4.03 8.78 -4.48 4.07 8.76 -4.48 4.12 8.73 -4.48 4.16 8.71 -4.48 4.20 8.69 -4.48 4.25 8.66 -4.48 4.29 8.64 -4.48 4.33 8.19 4.46 4.04 8.44 4.46 3.55 8.44 4.46 3.55 8.19 -4.48 4.04 8.19 -4.48 4.04 8.44 -4.48 3.55 8.44 -4.48 3.55 8.42 4.46 3.60 8.40 4.46 3.64 8.37 4.46 3.68 8.35 4.46 3.73 8.33 4.46 3.77 8.30 4.46 3.82 8.28 4.46 3.86 8.26 4.46 3.91 8.24 4.46 3.95 8.21 4.46 3.99 8.42 -4.48 3.60 8.39 -4.48 3.64 8.37 -4.48 3.68 8.35 -4.48 3.73 8.33 -4.48 3.77 8.30 -4.48 3.82 8.28 -4.48 3.86 8.26 -4.48 3.90 8.24 -4.48 3.95 8.21 -4.48 3.99 7.75 4.46 3.70 7.98 4.46 3.20 7.98 4.46 3.20 7.75 -4.48 3.70 7.75 -4.48 3.70 7.98 -4.48 3.20 7.98 -4.48 3.20 7.96 4.46 3.25 7.94 4.46 3.29 7.92 4.46 3.34 7.90 4.46 3.38 7.88 4.46 3.43 7.86 4.46 3.48 7.84 4.46 3.52 7.81 4.46 3.57 7.79 4.46 3.61 7.77 4.46 3.66 7.96 -4.48 3.25 7.94 -4.48 3.29 7.92 -4.48 3.34 7.90 -4.48 3.38 7.88 -4.48 3.43 7.86 -4.48 3.48 7.83 -4.48 3.52 7.81 -4.48 3.57 7.79 -4.48 3.61 7.77 -4.48 3.66 7.31 4.46 3.41 7.51 4.46 2.89 7.51 4.46 2.89 7.31 -4.48 3.41 7.31 -4.48 3.41 7.51 -4.48 2.89 7.51 -4.48 2.89 7.49 4.46 2.94 7.47 4.46 2.98 7.45 4.46 3.03 7.44 4.46 3.08 7.42 4.46 3.13 7.40 4.46 3.17 7.38 4.46 3.22 7.36 4.46 3.27 7.34 4.46 3.31 7.33 4.46 3.36 7.49 -4.48 2.94 7.47 -4.48 2.98 7.45 -4.48 3.03 7.44 -4.48 3.08 7.42 -4.48 3.12 7.40 -4.48 3.17 7.38 -4.48 3.22 7.36 -4.48 3.27 7.34 -4.48 3.31 7.33 -4.48 3.36 6.84 4.46 3.13 7.04 4.46 2.61 7.04 4.46 2.61 6.84 -4.48 3.13 6.84 -4.48 3.13 7.04 -4.48 2.61 7.04 -4.48 2.61 7.02 4.46 2.66 7.00 4.46 2.70 6.98 4.46 2.75 6.96 4.46 2.80 6.95 4.46 2.85 6.93 4.46 2.89 6.91 4.46 2.94 6.89 4.46 2.99 6.88 4.46 3.04 6.86 4.46 3.09 7.02 -4.48 2.66 7.00 -4.48 2.70 6.98 -4.48 2.75 6.96 -4.48 2.80 6.95 -4.48 2.85 6.93 -4.48 2.89 6.91 -4.48 2.94 6.89 -4.48 2.99 6.88 -4.48 3.04 6.86 -4.48 3.09 4.43 -4.49 0.41 4.58 -4.49 0.56 4.58 -4.44 0.56 4.43 -4.44 0.41 4.42 -4.51 0.43 4.56 -4.51 0.58 4.56 -0.01 0.59 4.56 -0.01 0.59 4.62 -4.38 0.63 4.62 -4.38 0.63 4.58 -4.38 0.56 4.43 -4.38 0.41 4.40 -4.49 0.45 4.54 -4.49 0.60 4.63 -2.37 0.62 4.63 -4.49 0.62 4.63 -4.44 0.62 4.41 -0.01 0.44 4.41 -0.01 0.44 4.43 -2.37 0.41 4.58 -2.37 0.56 4.40 -4.44 0.45 4.54 -4.44 0.60 4.61 -4.38 0.63 4.61 -4.51 0.63 4.61 -4.44 0.63 4.61 -4.44 0.63 4.63 -4.38 0.62 4.41 -4.38 0.44 4.56 -4.38 0.59 4.59 -4.49 0.64 4.59 -4.44 0.64 4.27 -4.49 0.26 4.27 -4.44 0.26 4.26 -4.51 0.28 4.22 -4.38 0.23 4.22 -4.38 0.23 4.27 -4.38 0.26 4.26 -4.49 0.31 4.22 -2.37 0.21 4.22 -4.49 0.21 4.22 -4.44 0.21 4.27 -2.37 0.26 4.26 -4.44 0.31 4.21 -4.38 0.25 4.22 -4.51 0.24 4.22 -4.44 0.23 4.22 -4.44 0.23 4.22 -4.38 0.21 4.22 -0.01 0.23 4.22 -0.01 0.23 4.22 -0.01 0.23 4.22 -0.01 0.23 4.26 -4.38 0.29 4.21 -4.49 0.27 4.21 -4.44 0.27 4.43 4.47 0.41 4.58 4.47 0.56 4.58 4.42 0.56 4.43 4.42 0.41 4.42 4.49 0.43 4.56 4.49 0.58 4.62 4.36 0.63 4.62 4.36 0.63 4.58 4.36 0.56 4.43 4.36 0.41 4.40 4.47 0.45 4.54 4.47 0.60 4.63 -0.01 0.62 4.63 4.47 0.62 4.63 4.42 0.62 4.43 -0.01 0.41 4.58 -0.01 0.56 4.40 4.42 0.45 4.54 4.42 0.60 4.61 4.36 0.63 4.61 4.49 0.63 4.61 4.42 0.63 4.61 4.42 0.63 4.63 4.36 0.62 4.62 -0.01 0.63 4.62 -0.01 0.63 4.62 -0.01 0.63 4.62 -0.01 0.63 4.41 4.36 0.44 4.56 4.36 0.59 4.61 -0.01 0.63 4.61 -0.01 0.63 4.59 4.47 0.64 4.59 4.42 0.64 4.27 4.47 0.26 4.27 4.42 0.26 4.26 4.49 0.28 4.26 -0.01 0.29 4.26 -0.01 0.29 4.22 4.36 0.23 4.22 4.36 0.23 4.27 4.36 0.26 4.26 4.47 0.31 4.22 -0.01 0.21 4.22 4.47 0.21 4.22 4.42 0.21 4.27 -0.01 0.26 4.26 4.42 0.31 4.21 4.36 0.25 4.22 4.49 0.24 4.22 4.42 0.23 4.22 4.42 0.23 4.22 4.36 0.21 4.26 4.36 0.29 4.21 -0.01 0.25 4.21 -0.01 0.25 4.21 4.47 0.27 4.21 4.42 0.27 4.18 4.46 0.34 4.54 4.46 0.69 4.54 4.46 0.69 4.18 -4.48 0.34 4.18 -4.48 0.34 4.54 -4.48 0.69 4.54 -4.48 0.69 4.51 4.46 0.66 4.48 4.46 0.63 4.45 4.46 0.60 4.41 4.46 0.56 4.38 4.46 0.53 4.35 4.46 0.50 4.32 4.46 0.47 4.28 4.46 0.43 4.25 4.46 0.40 4.22 4.46 0.37 4.51 -4.48 0.66 4.48 -4.48 0.63 4.45 -4.48 0.60 4.41 -4.48 0.56 4.38 -4.48 0.53 4.35 -4.48 0.50 4.32 -4.48 0.47 4.28 -4.48 0.43 4.25 -4.48 0.40 4.22 -4.48 0.37 4.05 4.46 0.62 4.45 4.46 0.82 4.45 4.46 0.82 4.05 -4.48 0.62 4.05 -4.48 0.62 4.45 -4.48 0.82 4.45 -4.48 0.82 4.41 4.46 0.80 4.37 4.46 0.78 4.34 4.46 0.76 4.30 4.46 0.74 4.27 4.46 0.72 4.23 4.46 0.70 4.19 4.46 0.68 4.16 4.46 0.67 4.12 4.46 0.65 4.08 4.46 0.63 4.41 -4.48 0.80 4.37 -4.48 0.78 4.34 -4.48 0.76 4.30 -4.48 0.74 4.27 -4.48 0.72 4.23 -4.48 0.70 4.19 -4.48 0.68 4.16 -4.48 0.67 4.12 -4.48 0.65 4.08 -4.48 0.63 4.20 4.46 0.31 4.56 4.46 0.66 4.56 4.46 0.66 4.20 -4.48 0.31 4.20 -4.48 0.31 4.56 -4.48 0.66 4.56 -4.48 0.66 4.53 4.46 0.63 4.50 4.46 0.60 4.47 4.46 0.56 4.43 4.46 0.53 4.40 4.46 0.50 4.37 4.46 0.47 4.34 4.46 0.43 4.30 4.46 0.40 4.27 4.46 0.37 4.24 4.46 0.34 4.53 -4.48 0.63 4.50 -4.48 0.60 4.47 -4.48 0.56 4.43 -4.48 0.53 4.40 -4.48 0.50 4.37 -4.48 0.47 4.34 -4.48 0.43 4.30 -4.48 0.40 4.27 -4.48 0.37 4.24 -4.48 0.34 4.05 4.46 1.20 4.40 4.46 0.95 4.40 4.46 0.95 4.05 -4.48 1.20 4.05 -4.48 1.20 4.40 -4.48 0.95 4.40 -4.48 0.95 4.37 4.46 0.97 4.34 4.46 0.99 4.30 4.46 1.02 4.27 4.46 1.04 4.24 4.46 1.06 4.21 4.46 1.09 4.18 4.46 1.11 4.15 4.46 1.13 4.12 4.46 1.15 4.08 4.46 1.18 4.37 -4.48 0.97 4.34 -4.48 0.99 4.30 -4.48 1.02 4.27 -4.48 1.04 4.24 -4.48 1.06 4.21 -4.48 1.09 4.18 -4.48 1.11 4.15 -4.48 1.13 4.12 -4.48 1.15 4.08 -4.48 1.18 4.31 4.46 1.54 4.52 4.46 1.03 4.52 4.46 1.03 4.31 -4.48 1.54 4.31 -4.48 1.54 4.52 -4.48 1.03 4.52 -4.48 1.03 4.50 4.46 1.08 4.48 4.46 1.12 4.46 4.46 1.17 4.44 4.46 1.22 4.42 4.46 1.26 4.40 4.46 1.31 4.38 4.46 1.36 4.36 4.46 1.40 4.34 4.46 1.45 4.32 4.46 1.49 4.50 -4.48 1.08 4.48 -4.48 1.12 4.46 -4.48 1.17 4.44 -4.48 1.22 4.42 -4.48 1.26 4.40 -4.48 1.31 4.38 -4.48 1.36 4.36 -4.48 1.40 4.34 -4.48 1.45 4.32 -4.48 1.49
4.23 4.46 0.25 4.61 4.46 0.57 4.61 4.46 0.57 9.86 4.46 3.59 9.86 4.46 3.59 9.86 4.46 3.59 10.08 4.46 3.08 10.08 4.46 3.08 10.08 4.46 3.08 9.86 -4.48 3.59 9.86 -4.48 3.59 9.86 -4.48 3.59 10.08 -4.48 3.07 10.08 -4.48 3.07 10.08 -4.48 3.07 4.23 -4.48 0.25 4.23 -4.48 0.25 4.61 -4.48 0.57 4.61 -4.48 0.57 4.58 4.46 0.54 4.58 4.46 0.54 4.54 4.46 0.51 4.54 4.46 0.51 4.51 4.46 0.48 4.51 4.46 0.48 4.48 4.46 0.45 4.48 4.46 0.45 4.44 4.46 0.42 4.44 4.46 0.42 4.44 4.46 0.42 4.41 4.46 0.39 4.41 4.46 0.39 4.41 4.46 0.39 4.37 4.46 0.36 4.37 4.46 0.36 4.34 4.46 0.33 4.34 4.46 0.33 4.30 4.46 0.30 4.30 4.46 0.30 4.27 4.46 0.27 4.27 4.46 0.27 10.06 4.46 3.12 10.06 4.46 3.12 10.03 4.46 3.16 10.03 4.46 3.16 10.01 4.46 3.21 10.01 4.46 3.21 9.98 4.46 3.25 9.98 4.46 3.25 9.96 4.46 3.30 9.96 4.46 3.30 9.94 4.46 3.35 9.94 4.46 3.35 9.92 4.46 3.39 9.92 4.46 3.39 9.91 4.46 3.44 9.91 4.46 3.44 9.89 4.46 3.49 9.89 4.46 3.49 9.87 4.46 3.54 9.87 4.46 3.54 10.05 -4.48 3.12 10.05 -4.48 3.12 10.03 -4.48 3.16 10.03 -4.48 3.16 10.01 -4.48 3.21 10.01 -4.48 3.21 9.98 -4.48 3.25 9.98 -4.48 3.25 9.96 -4.48 3.30 9.96 -4.48 3.30 9.94 -4.48 3.35 9.94 -4.48 3.35 9.92 -4.48 3.39 9.92 -4.48 3.39 9.90 -4.48 3.44 9.90 -4.48 3.44 9.89 -4.48 3.49 9.89 -4.48 3.49 9.87 -4.48 3.54 9.87 -4.48 3.54 4.58 -4.48 0.54 4.58 -4.48 0.54 4.54 -4.48 0.51 4.54 -4.48 0.51 4.51 -4.48 0.48 4.51 -4.48 0.48 4.48 -4.48 0.45 4.48 -4.48 0.45 4.44 -4.48 0.42 4.44 -4.48 0.42 4.44 -4.48 0.42 4.41 -4.48 0.39 4.41 -4.48 0.39 4.41 -4.48 0.39 4.37 -4.48 0.36 4.37 -4.48 0.36 4.34 -4.48 0.33 4.34 -4.48 0.33 4.30 -4.48 0.30 4.30 -4.48 0.30 4.27 -4.48 0.27 4.27 -4.48 0.27 6.83 4.46 2.34 6.95 4.46 1.77 6.95 4.46 1.77 6.83 -4.48 2.34 6.83 -4.48 2.34 6.95 -4.48 1.77 6.95 -4.48 1.77 6.94 4.46 1.82 6.93 4.46 1.88 6.92 4.46 1.93 6.91 4.46 1.98 6.90 4.46 2.03 6.89 4.46 2.08 6.88 4.46 2.13 6.87 4.46 2.18 6.86 4.46 2.23 6.85 4.46 2.28 6.94 -4.48 1.82 6.93 -4.48 1.88 6.92 -4.48 1.93 6.91 -4.48 1.98 6.90 -4.48 2.03 6.89 -4.48 2.08 6.88 -4.48 2.13 6.87 -4.48 2.18 6.86 -4.48 2.23 6.85 -4.48 2.28 6.58 4.46 2.27 6.70 4.46 1.71 6.70 4.46 1.71 6.58 -4.48 2.27 6.58 -4.48 2.27 6.70 -4.48 1.71 6.70 -4.48 1.71 6.69 4.46 1.76 6.67 4.46 1.81 6.66 4.46 1.86 6.65 4.46 1.91 6.64 4.46 1.96 6.63 4.46 2.02 6.62 4.46 2.07 6.61 4.46 2.12 6.60 4.46 2.17 6.59 4.46 2.22 6.69 -4.48 1.76 6.67 -4.48 1.81 6.66 -4.48 1.86 6.65 -4.48 1.91 6.64 -4.48 1.96 6.63 -4.48 2.02 6.62 -4.48 2.07 6.61 -4.48 2.12 6.60 -4.48 2.17 6.59 -4.48 2.22 6.33 4.46 2.19 6.44 4.46 1.62 6.44 4.46 1.62 6.33 -4.48 2.19 6.33 -4.48 2.19 6.44 -4.48 1.62 6.44 -4.48 1.62 6.43 4.46 1.68 6.42 4.46 1.73 6.41 4.46 1.78 6.40 4.46 1.83 6.39 4.46 1.88 6.38 4.46 1.93 6.37 4.46 1.98 6.36 4.46 2.03 6.35 4.46 2.08 6.34 4.46 2.13 6.43 -4.48 1.68 6.42 -4.48 1.73 6.41 -4.48 1.78 6.40 -4.48 1.83 6.39 -4.48 1.88 6.38 -4.48 1.93 6.37 -4.48 1.98 6.36 -4.48 2.03 6.35 -4.48 2.08 6.34 -4.48 2.13 6.08 4.46 2.10 6.19 4.46 1.54 6.19 4.46 1.54 6.08 -4.48 2.10 6.08 -4.48 2.10 6.19 -4.48 1.54 6.19 -4.48 1.54 6.18 4.46 1.59 6.17 4.46 1.64 6.16 4.46 1.69 6.15 4.46 1.74 6.14 4.46 1.79 6.13 4.46 1.84 6.12 4.46 1.90 6.11 4.46 1.95 6.10 4.46 2.00 6.09 4.46 2.05 6.18 -4.48 1.59 6.17 -4.48 1.64 6.16 -4.48 1.69 6.15 -4.48 1.74 6.14 -4.48 1.79 6.13 -4.48 1.84 6.12 -4.48 1.90 6.11 -4.48 1.95 6.10 -4.48 2.00 6.09 -4.48 2.05 5.82 4.46 2.01 5.95 4.46 1.45 5.95 4.46 1.45 5.82 -4.48 2.01 5.82 -4.48 2.01 5.95 -4.48 1.45 5.95 -4.48 1.45 5.94 4.46 1.50 5.92 4.46 1.55 5.91 4.46 1.60 5.90 4.46 1.65 5.89 4.46 1.70 5.88 4.46 1.75 5.87 4.46 1.80 5.86 4.46 1.85 5.84 4.46 1.91 5.83 4.46 1.96 5.94 -4.48 1.50 5.92 -4.48 1.55 5.91 -4.48 1.60 5.90 -4.48 1.65 5.89 -4.48 1.70 5.88 -4.48 1.75 5.87 -4.48 1.80 5.86 -4.48 1.85 5.84 -4.48 1.91 5.83 -4.48 1.96 5.57 4.46 1.91 5.70 4.46 1.35 5.70 4.46 1.35 5.57 -4.48 1.91 5.57 -4.48 1.91 5.70 -4.48 1.35 5.70 -4.48 1.35 5.69 4.46 1.40 5.68 4.46 1.46 5.66 4.46 1.51 5.65 4.46 1.56 5.64 4.46 1.61 5.63 4.46 1.66 5.62 4.46 1.71 5.61 4.46 1.76 5.59 4.46 1.81 5.58 4.46 1.86 5.69 -4.48 1.40 5.68 -4.48 1.46 5.66 -4.48 1.51 5.65 -4.48 1.56 5.64 -4.48 1.61 5.63 -4.48 1.66 5.62 -4.48 1.71 5.61 -4.48 1.76 5.59 -4.48 1.81 5.58 -4.48 1.86 5.32 4.46 1.81 5.45 4.46 1.26 5.45 4.46 1.26 5.32 -4.48 1.81 5.32 -4.48 1.81 5.45 -4.48 1.26 5.45 -4.48 1.26 5.44 4.46 1.31 5.43 4.46 1.36 5.42 4.46 1.41 5.40 4.46 1.46 5.39 4.46 1.51 5.38 4.46 1.56 5.37 4.46 1.61 5.36 4.46 1.66 5.34 4.46 1.71 5.33 4.46 1.76 5.44 -4.48 1.31 5.43 -4.48 1.36 5.42 -4.48 1.41 5.40 -4.48 1.46 5.39 -4.48 1.51 5.38 -4.48 1.56 5.37 -4.48 1.61 5.36 -4.48 1.66 5.34 -4.48 1.71 5.33 -4.48 1.76 5.07 4.46 1.72 5.20 4.46 1.16 5.20 4.46 1.16 5.07 -4.48 1.72 5.07 -4.48 1.72 5.20 -4.48 1.16 5.20 -4.48 1.16 5.19 4.46 1.21 5.18 4.46 1.26 5.17 4.46 1.31 5.15 4.46 1.36 5.14 4.46 1.42 5.13 4.46 1.47 5.12 4.46 1.52 5.11 4.46 1.57 5.09 4.46 1.62 5.08 4.46 1.67 5.19 -4.48 1.21 5.18 -4.48 1.26 5.17 -4.48 1.31 5.15 -4.48 1.36 5.14 -4.48 1.42 5.13 -4.48 1.47 5.12 -4.48 1.52 5.11 -4.48 1.57 5.09 -4.48 1.62 5.08 -4.48 1.67 4.82 4.46 1.62 4.95 4.46 1.07 4.95 4.46 1.07 4.82 -4.48 1.62 4.82 -4.48 1.62 4.95 -4.48 1.07 4.95 -4.48 1.07 4.94 4.46 1.12 4.93 4.46 1.17 4.92 4.46 1.22 4.90 4.46 1.27 4.89 4.46 1.32 4.88 4.46 1.37 4.87 4.46 1.42 4.86 4.46 1.47 4.85 4.46 1.52 4.83 4.46 1.57 4.94 -4.48 1.12 4.93 -4.48 1.17 4.92 -4.48 1.22 4.90 -4.48 1.27 4.89 -4.48 1.32 4.88 -4.48 1.37 4.87 -4.48 1.42 4.86 -4.48 1.47 4.85 -4.48 1.52 4.83 -4.48 1.57 4.57 4.46 1.53 4.70 4.46 0.97 4.70 4.46 0.97 4.57 -4.48 1.53 4.57 -4.48 1.53 4.70 -4.48 0.97 4.70 -4.48 0.97 4.69 4.46 1.02 4.68 4.46 1.07 4.67 4.46 1.12 4.66 4.46 1.17 4.64 4.46 1.23 4.63 4.46 1.28 4.62 4.46 1.33 4.61 4.46 1.38 4.60 4.46 1.43 4.58 4.46 1.48 4.69 -4.48 1.02 4.68 -4.48 1.07 4.67 -4.48 1.12 4.66 -4.48 1.17 4.64 -4.48 1.23 4.63 -4.48 1.28 4.62 -4.48 1.33 4.61 -4.48 1.38 4.60 -4.48 1.43 4.58 -4.48 1.48 4.29 4.46 1.39 4.48 4.46 0.92 4.48 4.46 0.92 4.29 -4.48 1.39 4.29 -4.48 1.39 4.48 -4.48 0.92 4.48 -4.48 0.92 4.46 4.46 0.97 4.45 4.46 1.01 4.43 4.46 1.05 4.41 4.46 1.10 4.39 4.46 1.14 4.37 4.46 1.18 4.36 4.46 1.22 4.34 4.46 1.27 4.32 4.46 1.31 4.30 4.46 1.35 4.46 -4.48 0.97 4.45 -4.48 1.01 4.43 -4.48 1.05 4.41 -4.48 1.10 4.39 -4.48 1.14 4.37 -4.48 1.18 4.36 -4.48 1.22 4.34 -4.48 1.27 4.32 -4.48 1.31 4.30 -4.48 1.35 4.08 4.46 0.95 4.45 4.46 0.82 4.45 4.46 0.82 4.08 -4.48 0.95 4.08 -4.48 0.95 4.45 -4.48 0.82 4.45 -4.48 0.82 4.41 4.46 0.83 4.38 4.46 0.84 4.34 4.46 0.86 4.31 4.46 0.87 4.28 4.46 0.88 4.24 4.46 0.89 4.21 4.46 0.90 4.18 4.46 0.92 4.14 4.46 0.93 4.11 4.46 0.94 4.41 -4.48 0.83 4.38 -4.48 0.84 4.34 -4.48 0.86 4.31 -4.48 0.87 4.28 -4.48 0.88 4.24 -4.48 0.89 4.21 -4.48 0.90 4.18 -4.48 0.92 4.14 -4.48 0.93 4.11 -4.48 0.94 4.16 4.46 0.38 4.54 4.46 0.70 4.54 4.46 0.70 4.16 -4.48 0.38 4.16 -4.48 0.38 4.54 -4.48 0.70 4.54 -4.48 0.70 4.51 4.46 0.67 4.47 4.46 0.64 4.44 4.46 0.61 4.40 4.46 0.58 4.37 4.46 0.55 4.34 4.46 0.52 4.30 4.46 0.49 4.27 4.46 0.47 4.23 4.46 0.44 4.20 4.46 0.41 4.51 -4.48 0.67 4.47 -4.48 0.64 4.44 -4.48 0.61 4.40 -4.48 0.58 4.37 -4.48 0.55 4.34 -4.48 0.52 4.30 -4.48 0.49 4.27 -4.48 0.47 4.23 -4.48 0.44 4.20 -4.48 0.41 9.11 4.46 3.24 9.30 4.46 2.72 9.30 4.46 2.72 9.10 -4.48 3.24 9.10 -4.48 3.24 9.30 -4.48 2.72 9.30 -4.48 2.72 9.28 4.46 2.76 9.26 4.46 2.81 9.24 4.46 2.86 9.22 4.46 2.90 9.20 4.46 2.95 9.18 4.46 3.00 9.17 4.46 3.05 9.15 4.46 3.10 9.14 4.46 3.15 9.12 4.46 3.19 9.28 -4.48 2.76 9.26 -4.48 2.81 9.24 -4.48 2.86 9.22 -4.48 2.90 9.20 -4.48 2.95 9.18 -4.48 3.00 9.17 -4.48 3.05 9.15 -4.48 3.10 9.13 -4.48 3.14 9.12 -4.48 3.19 8.63 4.46 3.02 8.80 4.46 2.48 8.80 4.46 2.48 8.63 -4.48 3.02 8.63 -4.48 3.02 8.80 -4.48 2.48 8.80 -4.48 2.48 8.79 4.46 2.53 8.77 4.46 2.58 8.75 4.46 2.63 8.74 4.46 2.68 8.72 4.46 2.73 8.71 4.46 2.77 8.69 4.46 2.82 8.68 4.46 2.87 8.66 4.46 2.92 8.65 4.46 2.97 8.78 -4.48 2.53 8.77 -4.48 2.58 8.75 -4.48 2.63 8.74 -4.48 2.68 8.72 -4.48 2.72 8.71 -4.48 2.77 8.69 -4.48 2.82 8.68 -4.48 2.87 8.66 -4.48 2.92 8.64 -4.48 2.97 8.15 4.46 2.80 8.30 4.46 2.25 8.30 4.46 2.25 8.15 -4.48 2.80 8.15 -4.48 2.80 8.30 -4.48 2.25 8.30 -4.48 2.25 8.28 4.46 2.30 8.27 4.46 2.35 8.26 4.46 2.40 8.24 4.46 2.45 8.23 4.46 2.50 8.21 4.46 2.55 8.20 4.46 2.60 8.19 4.46 2.65 8.17 4.46 2.70 8.16 4.46 2.75 8.28 -4.48 2.30 8.27 -4.48 2.35 8.26 -4.48 2.40 8.24 -4.48 2.45 8.23 -4.48 2.50 8.21 -4.48 2.55 8.20 -4.48 2.60 8.19 -4.48 2.65 8.17 -4.48 2.70 8.16 -4.48 2.75 7.66 4.46 2.61 7.79 4.46 2.05 7.79 4.46 2.05 7.66 -4.48 2.61 7.66 -4.48 2.61 7.79 -4.48 2.05 7.79 -4.48 2.05 7.78 4.46 2.11 7.77 4.46 2.16 7.76 4.46 2.21 7.74 4.46 2.26 7.73 4.46 2.31 7.72 4.46 2.36 7.71 4.46 2.41 7.70 4.46 2.46 7.69 4.46 2.51 7.67 4.46 2.56 7.78 -4.48 2.11 7.77 -4.48 2.16 7.75 -4.48 2.21 7.74 -4.48 2.26 7.73 -4.48 2.31 7.72 -4.48 2.36 7.71 -4.48 2.41 7.70 -4.48 2.46 7.69 -4.48 2.51 7.67 -4.48 2.56 7.16 4.46 2.44 7.29 4.46 1.88 7.29 4.46 1.88 7.16 -4.48 2.44 7.16 -4.48 2.44 7.29 -4.48 1.88 7.29 -4.48 1.88 7.27 4.46 1.93 7.26 4.46 1.98 7.25 4.46 2.04 7.24 4.46 2.09 7.23 4.46 2.14 7.22 4.46 2.19 7.21 4.46 2.24 7.20 4.46 2.29 7.19 4.46 2.34 7.18 4.46 2.39 7.27 -4.48 1.93 7.26 -4.48 1.98 7.25 -4.48 2.04 7.24 -4.48 2.09 7.23 -4.48 2.14 7.22 -4.48 2.19 7.21 -4.48 2.24 7.20 -4.48 2.29 7.19 -4.48 2.34 7.18 -4.48 2.39 4.45 -4.49 0.36 4.61 -4.49 0.50 4.61 -4.44 0.50 4.45 -4.44 0.36 4.44 -4.51 0.38 4.59 -4.51 0.52 4.59 -0.01 0.52 4.59 -0.01 0.52 4.65 -4.38 0.56 4.65 -4.38 0.56 4.61 -4.38 0.50 4.45 -4.38 0.36 4.42 -4.49 0.40 4.57 -4.49 0.54 4.66 -2.37 0.55 4.66 -4.49 0.55 4.66 -4.44 0.55 4.43 -0.01 0.38 4.43 -0.01 0.38 4.45 -2.37 0.36 4.61 -2.37 0.50 4.42 -4.44 0.40 4.57 -4.44 0.54 4.64 -4.38 0.56 4.64 -4.51 0.56 4.65 -4.44 0.56 4.65 -4.44 0.56 4.66 -4.38 0.55 4.43 -4.38 0.38 4.59 -4.38 0.52 4.62 -4.49 0.58 4.62 -4.44 0.58 4.29 -4.49 0.22 4.29 -4.44 0.22 4.28 -4.51 0.25 4.23 -4.38 0.19 4.23 -4.38 0.19 4.29 -4.38 0.22 4.27 -4.49 0.28 4.23 -2.37 0.18 4.23 -4.49 0.18 4.23 -4.44 0.18 4.29 -2.37 0.22 4.27 -4.44 0.28 4.23 -4.38 0.21 4.23 -4.51 0.20 4.23 -4.44 0.20 4.23 -4.44 0.20 4.23 -4.38 0.18 4.23 -0.01 0.19 4.23 -0.01 0.19 4.23 -0.01 0.19 4.23 -0.01 0.19 4.28 -4.38 0.25 4.23 -4.49 0.24 4.23 -4.44 0.24 4.45 4.47 0.36 4.61 4.47 0.50 4.61 4.42 0.50 4.45 4.42 0.36 4.44 4.49 0.38 4.59 4.49 0.52 4.65 4.36 0.56 4.65 4.36 0.56 4.61 4.36 0.50 4.45 4.36 0.36 4.42 4.47 0.40 4.57 4.47 0.54 4.66 -0.01 0.55 4.66 4.47 0.55 4.66 4.42 0.55 4.45 -0.01 0.36 4.61 -0.01 0.50 4.42 4.42 0.40 4.57 4.42 0.54 4.64 4.36 0.56 4.64 4.49 0.56 4.65 4.42 0.56 4.65 4.42 0.56 4.66 4.36 0.55 4.65 -0.01 0.56 4.65 -0.01 0.56 4.65 -0.01 0.56 4.65 -0.01 0.56 4.43 4.36 0.38 4.59 4.36 0.52 4.64 -0.01 0.56 4.64 -0.01 0.56 4.62 4.47 0.58 4.62 4.42 0.58 4.29 4.47 0.22 4.29 4.42 0.22 4.28 4.49 0.25 4.28 -0.01 0.25 4.28 -0.01 0.25 4.23 4.36 0.19 4.23 4.36 0.19 4.29 4.36 0.22 4.27 4.47 0.28 4.23 -0.01 0.18 4.23 4.47 0.18 4.23 4.42 0.18 4.29 -0.01 0.22 4.27 4.42 0.28 4.23 4.36 0.21 4.23 4.49 0.20 4.23 4.42 0.20 4.23 4.42 0.20 4.23 4.36 0.18 4.28 4.36 0.25 4.23 -0.01 0.21 4.23 -0.01 0.21 4.23 4.47 0.24 4.23 4.42 0.24 4.20 4.46 0.31 4.58 4.46 0.63 4.58 4.46 0.63 4.20 -4.48 0.31 4.20 -4.48 0.31 4.58 -4.48 0.63 4.58 -4.48 0.63 4.55 4.46 0.60 4.51 4.46 0.57 4.48 4.46 0.54 4.44 4.46 0.51 4.41 4.46 0.48 4.37 4.46 0.45 4.34 4.46 0.42 4.31 4.46 0.39 4.27 4.46 0.36 4.24 4.46 0.33 4.55 -4.48 0.60 4.51 -4.48 0.57 4.48 -4.48 0.54 4.44 -4.48 0.51 4.41 -4.48 0.48 4.37 -4.48 0.45 4.34 -4.48 0.42 4.31 -4.48 0.39 4.27 -4.48 0.36 4.24 -4.48 0.33 4.08 4.46 0.60 4.49 4.46 0.75 4.49 4.46 0.75 4.08 -4.48 0.60 4.08 -4.48 0.60 4.49 -4.48 0.75 4.49 -4.48 0.75 4.45 4.46 0.74 4.41 4.46 0.72 4.38 4.46 0.71 4.34 4.46 0.69 4.31 4.46 0.67 4.27 4.46 0.66 4.23 4.46 0.65 4.19 4.46 0.64 4.16 4.46 0.63 4.12 4.46 0.62 4.45 -4.48 0.74 4.41 -4.48 0.72 4.38 -4.48 0.71 4.34 -4.48 0.69 4.31 -4.48 0.67 4.27 -4.48 0.66 4.23 -4.48 0.65 4.19 -4.48 0.64 4.16 -4.48 0.63 4.12 -4.48 0.62 4.22 4.46 0.27 4.60 4.46 0.60 4.60 4.46 0.60 4.22 -4.48 0.27 4.22 -4.48 0.27 4.60 -4.48 0.60 4.60 -4.48 0.60 4.56 4.46 0.57 4.53 4.46 0.54 4.50 4.46 0.51 4.46 4.46 0.48 4.43 4.46 0.45 4.39 4.46 0.42 4.36 4.46 0.39 4.32 4.46 0.36 4.29 4.46 0.33 4.25 4.46 0.30 4.56 -4.48 0.57 4.53 -4.48 0.54 4.50 -4.48 0.51 4.46 -4.48 0.48 4.43 -4.48 0.45 4.39 -4.48 0.42 4.36 -4.48 0.39 4.32 -4.48 0.36 4.29 -4.48 0.33 4.25 -4.48 0.30 4.15 4.46 1.20 4.45 4.46 0.88 4.45 4.46 0.88 4.15 -4.48 1.20 4.15 -4.48 1.20 4.45 -4.48 0.88 4.45 -4.48 0.88 4.42 4.46 0.91 4.40 4.46 0.94 4.37 4.46 0.97 4.34 4.46 1.00 4.31 4.46 1.03 4.29 4.46 1.06 4.26 4.46 1.08 4.23 4.46 1.11 4.20 4.46 1.14 4.17 4.46 1.17 4.42 -4.48 0.91 4.40 -4.48 0.94 4.37 -4.48 0.97 4.34 -4.48 1.00 4.31 -4.48 1.03 4.29 -4.48 1.06 4.26 -4.48 1.08 4.23 -4.48 1.11 4.20 -4.48 1.14 4.17 -4.48 1.17 4.45 4.46 1.48 4.58 4.46 0.92 4.58 4.46 0.92 4.45 -4.48 1.48 4.45 -4.48 1.48 4.58 -4.48 0.92 4.58 -4.48 0.92 4.56 4.46 0.97 4.55 4.46 1.03 4.54 4.46 1.08 4.53 4.46 1.13 4.52 4.46 1.18 4.50 4.46 1.23 4.49 4.46 1.28 4.48 4.46 1.33 4.47 4.46 1.38 4.46 4.46 1.43 4.56 -4.48 0.97 4.55 -4.48 1.03 4.54 -4.48 1.08 4.53 -4.48 1.13 4.52 -4.48 1.18 4.50 -4.48 1.23 4.49 -4.48 1.28 4.48 -4.48 1.33 4.47 -4.48 1.38 4.46 -4.48 1.43
4.24 4.46 0.22 4.64 4.46 0.51 4.64 4.46 0.51 10.18 4.46 2.36 10.18 4.46 2.36 10.18 4.46 2.36 10.33 4.46 1.81 10.33 4.46 1.81 10.33 4.46 1.81 10.18 -4.48 2.36 10.18 -4.48 2.36 10.18 -4.48 2.36 10.32 -4.48 1.81 10.32 -4.48 1.81 10.32 -4.48 1.81 4.24 -4.48 0.22 4.24 -4.48 0.22 4.64 -4.48 0.51 4.64 -4.48 0.51 4.60 4.46 0.49 4.60 4.46 0.49 4.57 4.46 0.46 4.57 4.46 0.46 4.53 4.46 0.43 4.53 4.46 0.43 4.49 4.46 0.40 4.49 4.46 0.40 4.46 4.46 0.38 4.46 4.46 0.38 4.46 4.46 0.38 4.42 4.46 0.35 4.42 4.46 0.35 4.42 4.46 0.35 4.39 4.46 0.32 4.39 4.46 0.32 4.35 4.46 0.29 4.35 4.46 0.29 4.32 4.46 0.27 4.32 4.46 0.27 4.28 4.46 0.24 4.28 4.46 0.24 10.31 4.46 1.86 10.31 4.46 1.86 10.29 4.46 1.91 10.29 4.46 1.91 10.27 4.46 1.96 10.27 4.46 1.96 10.26 4.46 2.00 10.26 4.46 2.00 10.24 4.46 2.05 10.24 4.46 2.05 10.23 4.46 2.10 10.23 4.46 2.10 10.21 4.46 2.16 10.21 4.46 2.16 10.20 4.46 2.21 10.20 4.46 2.21 10.19 4.46 2.26 10.19 4.46 2.26 10.19 4.46 2.31 10.19 4.46 2.31 10.31 -4.48 1.86 10.31 -4.48 1.86 10.29 -4.48 1.91 10.29 -4.48 1.91 10.27 -4.48 1.95 10.27 -4.48 1.95 10.25 -4.48 2.00 10.25 -4.48 2.00 10.24 -4.48 2.05 10.24 -4.48 2.05 10.23 -4.48 2.10 10.23 -4.48 2.10 10.21 -4.48 2.15 10.21 -4.48 2.15 10.20 -4.48 2.21 10.20 -4.48 2.21 10.19 -4.48 2.26 10.19 -4.48 2.26 10.18 -4.48 2.31 10.18 -4.48 2.31 4.60 -4.48 0.49 4.60 -4.48 0.49 4.57 -4.48 0.46 4.57 -4.48 0.46 4.53 -4.48 0.43 4.53 -4.48 0.43 4.49 -4.48 0.40 4.49 -4.48 0.40 4.46 -4.48 0.38 4.46 -4.48 0.38 4.46 -4.48 0.38 4.42 -4.48 0.35 4.42 -4.48 0.35 4.42 -4.48 0.35 4.39 -4.48 0.32 4.39 -4.48 0.32 4.35 -4.48 0.29 4.35 -4.48 0.29 4.32 -4.48 0.27 4.32 -4.48 0.27 4.28 -4.48 0.24 4.28 -4.48 0.24 7.02 4.46 1.75 7.08 4.46 1.18 7.08 4.46 1.18 7.02 -4.48 1.75 7.02 -4.48 1.75 7.08 -4.48 1.18 7.08 -4.48 1.18 7.07 4.46 1.23 7.07 4.46 1.28 7.06 4.46 1.33 7.06 4.46 1.39 7.05 4.46 1.44 7.05 4.46 1.49 7.04 4.46 1.54 7.04 4.46 1.60 7.03 4.46 1.65 7.03 4.46 1.70 7.07 -4.48 1.23 7.07 -4.48 1.28 7.06 -4.48 1.33 7.06 -4.48 1.39 7.05 -4.48 1.44 7.05 -4.48 1.49 7.04 -4.48 1.54 7.04 -4.48 1.60 7.03 -4.48 1.65 7.03 -4.48 1.70 6.77 4.46 1.72 6.82 4.46 1.15 6.82 4.46 1.15 6.77 -4.48 1.72 6.77 -4.48 1.72 6.82 -4.48 1.15 6.82 -4.48 1.15 6.81 4.46 1.20 6.81 4.46 1.25 6.80 4.46 1.30 6.80 4.46 1.36 6.79 4.46 1.41 6.79 4.46 1.46 6.78 4.46 1.51 6.78 4.46 1.57 6.77 4.46 1.62 6.77 4.46 1.67 6.81 -4.48 1.20 6.81 -4.48 1.25 6.80 -4.48 1.30 6.80 -4.48 1.36 6.79 -4.48 1.41 6.79 -4.48 1.46 6.78 -4.48 1.51 6.78 -4.48 1.57 6.77 -4.48 1.62 6.77 -4.48 1.67 6.51 4.46 1.69 6.56 4.46 1.11 6.56 4.46 1.11 6.51 -4.48 1.69 6.51 -4.48 1.69 6.56 -4.48 1.11 6.56 -4.48 1.11 6.55 4.46 1.16 6.55 4.46 1.21 6.54 4.46 1.27 6.54 4.46 1.32 6.53 4.46 1.37 6.53 4.46 1.42 6.53 4.46 1.48 6.52 4.46 1.53 6.52 4.46 1.58 6.51 4.46 1.63 6.55 -4.48 1.16 6.55 -4.48 1.21 6.54 -4.48 1.27 6.54 -4.48 1.32 6.53 -4.48 1.37 6.53 -4.48 1.42 6.53 -4.48 1.48 6.52 -4.48 1.53 6.52 -4.48 1.58 6.51 -4.48 1.63 6.25 4.46 1.65 6.30 4.46 1.07 6.30 4.46 1.07 6.25 -4.48 1.65 6.25 -4.48 1.65 6.30 -4.48 1.07 6.30 -4.48 1.07 6.29 4.46 1.12 6.29 4.46 1.18 6.29 4.46 1.23 6.28 4.46 1.28 6.28 4.46 1.33 6.27 4.46 1.39 6.27 4.46 1.44 6.26 4.46 1.49 6.26 4.46 1.54 6.25 4.46 1.60 6.29 -4.48 1.12 6.29 -4.48 1.18 6.29 -4.48 1.23 6.28 -4.48 1.28 6.28 -4.48 1.33 6.27 -4.48 1.39 6.27 -4.48 1.44 6.26 -4.48 1.49 6.26 -4.48 1.54 6.25 -4.48 1.60 5.99 4.46 1.61 6.04 4.46 1.04 6.04 4.46 1.04 5.99 -4.48 1.61 5.99 -4.48 1.61 6.04 -4.48 1.04 6.04 -4.48 1.04 6.04 4.46 1.09 6.03 4.46 1.14 6.03 4.46 1.19 6.02 4.46 1.25 6.02 4.46 1.30 6.01 4.46 1.35 6.01 4.46 1.40 6.00 4.46 1.46 6.00 4.46 1.51 5.99 4.46 1.56 6.04 -4.48 1.09 6.03 -4.48 1.14 6.03 -4.48 1.19 6.02 -4.48 1.25 6.02 -4.48 1.30 6.01 -4.48 1.35 6.01 -4.48 1.40 6.00 -4.48 1.46 6.00 -4.48 1.51 5.99 -4.48 1.56 5.73 4.46 1.58 5.78 4.46 1.00 5.78 4.46 1.00 5.73 -4.48 1.58 5.73 -4.48 1.58 5.78 -4.48 1.00 5.78 -4.48 1.00 5.78 4.46 1.05 5.77 4.46 1.10 5.77 4.46 1.16 5.76 4.46 1.21 5.76 4.46 1.26 5.75 4.46 1.31 5.75 4.46 1.37 5.74 4.46 1.42 5.74 4.46 1.47 5.74 4.46 1.52 5.78 -4.48 1.05 5.77 -4.48 1.10 5.77 -4.48 1.16 5.76 -4.48 1.21 5.76 -4.48 1.26 5.75 -4.48 1.31 5.75 -4.48 1.37 5.74 -4.48 1.42 5.74 -4.48 1.47 5.74 -4.48 1.52 5.47 4.46 1.54 5.52 4.46 0.96 5.52 4.46 0.96 5.47 -4.48 1.54 5.47 -4.48 1.54 5.52 -4.48 0.96 5.52 -4.48 0.96 5.52 4.46 1.01 5.51 4.46 1.07 5.51 4.46 1.12 5.50 4.46 1.17 5.50 4.46 1.22 5.49 4.46 1.28 5.49 4.46 1.33 5.49 4.46 1.38 5.48 4.46 1.43 5.48 4.46 1.49 5.52 -4.48 1.01 5.51 -4.48 1.07 5.51 -4.48 1.12 5.50 -4.48 1.17 5.50 -4.48 1.22 5.49 -4.48 1.28 5.49 -4.48 1.33 5.49 -4.48 1.38 5.48 -4.48 1.43 5.48 -4.48 1.49 5.21 4.46 1.50 5.26 4.46 0.92 5.26 4.46 0.92 5.21 -4.48 1.50 5.21 -4.48 1.50 5.26 -4.48 0.92 5.26 -4.48 0.92 5.26 4.46 0.98 5.25 4.46 1.03 5.25 4.46 1.08 5.25 4.46 1.13 5.24 4.46 1.19 5.24 4.46 1.24 5.23 4.46 1.29 5.23 4.46 1.34 5.22 4.46 1.40 5.22 4.46 1.45 5.26 -4.48 0.98 5.25 -4.48 1.03 5.25 -4.48 1.08 5.25 -4.48 1.13 5.24 -4.48 1.19 5.24 -4.48 1.24 5.23 -4.48 1.29 5.23 -4.48 1.34 5.22 -4.48 1.40 5.22 -4.48 1.45 4.95 4.46 1.46 5.00 4.46 0.89 5.00 4.46 0.89 4.95 -4.48 1.47 4.95 -4.48 1.47 5.00 -4.48 0.89 5.00 -4.48 0.89 5.00 4.46 0.94 5.00 4.46 0.99 4.99 4.46 1.04 4.99 4.46 1.10 4.98 4.46 1.15 4.98 4.46 1.20 4.97 4.46 1.25 4.97 4.46 1.31 4.96 4.46 1.36 4.96 4.46 1.41 5.00 -4.48 0.94 5.00 -4.48 0.99 4.99 -4.48 1.04 4.99 -4.48 1.10 4.98 -4.48 1.15 4.98 -4.48 1.20 4.97 -4.48 1.25 4.97 -4.48 1.31 4.96 -4.48 1.36 4.96 -4.48 1.41 4.70 4.46 1.43 4.75 4.46 0.85 4.75 4.46 0.85 4.70 -4.48 1.43 4.70 -4.48 1.43 4.75 -4.48 0.85 4.75 -4.48 0.85 4.74 4.46 0.90 4.74 4.46 0.96 4.73 4.46 1.01 4.73 4.46 1.06 4.72 4.46 1.11 4.72 4.46 1.17 4.71 4.46 1.22 4.71 4.46 1.27 4.70 4.46 1.32 4.70 4.46 1.38 4.74 -4.48 0.90 4.74 -4.48 0.96 4.73 -4.48 1.01 4.73 -4.48 1.06 4.72 -4.48 1.11 4.72 -4.48 1.17 4.71 -4.48 1.22 4.71 -4.48 1.27 4.70 -4.48 1.32 4.70 -4.48 1.38 4.39 4.46 1.36 4.52 4.46 0.86 4.52 4.46 0.86 4.39 -4.48 1.36 4.39 -4.48 1.36 4.52 -4.48 0.86 4.52 -4.48 0.86 4.51 4.46 0.90 4.50 4.46 0.95 4.49 4.46 0.99 4.48 4.46 1.04 4.46 4.46 1.08 4.45 4.46 1.13 4.44 4.46 1.17 4.43 4.46 1.22 4.42 4.46 1.26 4.41 4.46 1.31 4.51 -4.48 0.90 4.50 -4.48 0.95 4.49 -4.48 0.99 4.48 -4.48 1.04 4.46 -4.48 1.08 4.45 -4.48 1.13 4.44 -4.48 1.17 4.43 -4.48 1.22 4.42 -4.48 1.26 4.41 -4.48 1.31 4.14 4.46 0.95 4.48 4.46 0.77 4.48 4.46 0.77 4.14 -4.48 0.95 4.14 -4.48 0.95 4.48 -4.48 0.77 4.48 -4.48 0.77 4.45 4.46 0.78 4.42 4.46 0.80 4.39 4.46 0.82 4.36 4.46 0.83 4.32 4.46 0.85 4.29 4.46 0.87 4.26 4.46 0.88 4.23 4.46 0.90 4.20 4.46 0.92 4.17 4.46 0.93 4.45 -4.48 0.78 4.42 -4.48 0.80 4.39 -4.48 0.82 4.36 -4.48 0.83 4.32 -4.48 0.85 4.29 -4.48 0.87 4.26 -4.48 0.88 4.23 -4.48 0.90 4.20 -4.48 0.92 4.17 -4.48 0.93 4.18 4.46 0.35 4.57 4.46 0.65 4.57 4.46 0.65 4.18 -4.48 0.35 4.18 -4.48 0.35 4.57 -4.48 0.65 4.57 -4.48 0.65 4.54 4.46 0.62 4.50 4.46 0.60 4.47 4.46 0.57 4.43 4.46 0.54 4.39 4.46 0.51 4.36 4.46 0.49 4.32 4.46 0.46 4.29 4.46 0.43 4.25 4.46 0.41 4.22 4.46 0.38 4.54 -4.48 0.62 4.50 -4.48 0.60 4.47 -4.48 0.57 4.43 -4.48 0.54 4.39 -4.48 0.51 4.36 -4.48 0.49 4.32 -4.48 0.46 4.29 -4.48 0.43 4.25 -4.48 0.41 4.22 -4.48 0.38 9.39 4.46 2.19 9.51 4.46 1.63 9.51 4.46 1.63 9.39 -4.48 2.19 9.39 -4.48 2.19 9.51 -4.48 1.63 9.51 -4.48 1.63 9.49 4.46 1.68 9.48 4.46 1.73 9.47 4.46 1.78 9.45 4.46 1.83 9.44 4.46 1.88 9.43 4.46 1.93 9.42 4.46 1.98 9.41 4.46 2.03 9.40 4.46 2.09 9.40 4.46 2.14 9.49 -4.48 1.68 9.48 -4.48 1.73 9.47 -4.48 1.78 9.45 -4.48 1.83 9.44 -4.48 1.88 9.43 -4.48 1.93 9.42 -4.48 1.98 9.41 -4.48 2.03 9.40 -4.48 2.09 9.40 -4.48 2.14 8.89 4.46 2.08 8.98 4.46 1.51 8.98 4.46 1.51 8.89 -4.48 2.08 8.89 -4.48 2.08 8.98 -4.48 1.51 8.98 -4.48 1.51 8.98 4.46 1.56 8.97 4.46 1.61 8.96 4.46 1.66 8.95 4.46 1.72 8.94 4.46 1.77 8.93 4.46 1.82 8.92 4.46 1.87 8.92 4.46 1.92 8.91 4.46 1.97 8.90 4.46 2.03 8.98 -4.48 1.56 8.97 -4.48 1.61 8.96 -4.48 1.66 8.95 -4.48 1.72 8.94 -4.48 1.77 8.93 -4.48 1.82 8.92 -4.48 1.87 8.91 -4.48 1.92 8.91 -4.48 1.97 8.90 -4.48 2.03 8.38 4.46 1.97 8.46 4.46 1.40 8.46 4.46 1.40 8.38 -4.48 1.97 8.38 -4.48 1.97 8.46 -4.48 1.40 8.46 -4.48 1.40 8.45 4.46 1.45 8.45 4.46 1.50 8.44 4.46 1.55 8.43 4.46 1.60 8.42 4.46 1.66 8.42 4.46 1.71 8.41 4.46 1.76 8.40 4.46 1.81 8.39 4.46 1.86 8.39 4.46 1.92 8.45 -4.48 1.45 8.44 -4.48 1.50 8.44 -4.48 1.55 8.43 -4.48 1.60 8.42 -4.48 1.66 8.42 -4.48 1.71 8.41 -4.48 1.76 8.40 -4.48 1.81 8.39 -4.48 1.86 8.39 -4.48 1.92 7.88 4.46 1.88 7.94 4.46 1.30 7.94 4.46 1.30 7.88 -4.48 1.88 7.88 -4.48 1.88 7.94 -4.48 1.30 7.94 -4.48 1.30 7.93 4.46 1.35 7.93 4.46 1.41 7.92 4.46 1.46 7.91 4.46 1.51 7.91 4.46 1.56 7.90 4.46 1.62 7.90 4.46 1.67 7.89 4.46 1.72 7.89 4.46 1.77 7.88 4.46 1.83 7.93 -4.48 1.35 7.93 -4.48 1.41 7.92 -4.48 1.46 7.91 -4.48 1.51 7.91 -4.48 1.56 7.90 -4.48 1.62 7.90 -4.48 1.67 7.89 -4.48 1.72 7.89 -4.48 1.77 7.88 -4.48 1.83 7.36 4.46 1.80 7.42 4.46 1.22 7.42 4.46 1.22 7.36 -4.48 1.80 7.36 -4.48 1.80 7.42 -4.48 1.22 7.42 -4.48 1.22 7.41 4.46 1.28 7.41 4.46 1.33 7.40 4.46 1.38 7.40 4.46 1.43 7.39 4.46 1.49 7.39 4.46 1.54 7.38 4.46 1.59 7.38 4.46 1.64 7.37 4.46 1.70 7.37 4.46 1.75 7.41 -4.48 1.28 7.41 -4.48 1.33 7.40 -4.48 1.38 7.40 -4.48 1.43 7.39 -4.48 1.49 7.39 -4.48 1.54 7.38 -4.48 1.59 7.38 -4.48 1.64 7.37 -4.48 1.70 7.37 -4.48 1.75 4.46 -4.49 0.31 4.63 -4.49 0.44 4.63 -4.44 0.44 4.46 -4.44 0.31 4.45 -4.51 0.33 4.62 -4.51 0.46 4.61 -0.01 0.47 4.61 -0.01 0.47 4.67 -4.38 0.50 4.67 -4.38 0.50 4.63 -4.38 0.44 4.46 -4.38 0.31 4.44 -4.49 0.36 4.60 -4.49 0.48 4.69 -2.37 0.49 4.69 -4.49 0.49 4.69 -4.44 0.49 4.45 -0.01 0.34 4.45 -0.01 0.34 4.46 -2.37 0.31 4.63 -2.37 0.44 4.44 -4.44 0.36 4.60 -4.44 0.48 4.66 -4.38 0.51 4.67 -4.51 0.50 4.67 -4.44 0.50 4.67 -4.44 0.50 4.69 -4.38 0.49 4.45 -4.38 0.34 4.61 -4.38 0.47 4.65 -4.49 0.52 4.65 -4.44 0.52 4.29 -4.49 0.19 4.29 -4.44 0.19 4.29 -4.51 0.21 4.24 -4.38 0.16 4.24 -4.38 0.16 4.29 -4.38 0.19 4.28 -4.49 0.24 4.24 -2.37 0.15 4.24 -4.49 0.15 4.24 -4.44 0.15 4.29 -2.37 0.19 4.28 -4.44 0.24 4.24 -4.38 0.18 4.24 -4.51 0.17 4.24 -4.44 0.17 4.24 -4.44 0.17 4.24 -4.38 0.15 4.24 -0.01 0.16 4.24 -0.01 0.16 4.24 -0.01 0.16 4.24 -0.01 0.16 4.29 -4.38 0.22 4.24 -4.49 0.21 4.24 -4.44 0.21 4.46 4.47 0.31 4.63 4.47 0.44 4.63 4.42 0.44 4.46 4.42 0.31 4.45 4.49 0.33 4.62 4.49 0.46 4.67 4.36 0.50 4.67 4.36 0.50 4.63 4.36 0.44 4.46 4.36 0.31 4.44 4.47 0.36 4.60 4.47 0.48 4.69 -0.01 0.49 4.69 4.47 0.49 4.69 4.42 0.49 4.46 -0.01 0.31 4.63 -0.01 0.44 4.44 4.42 0.36 4.60 4.42 0.48 4.66 4.36 0.51 4.67 4.49 0.50 4.67 4.42 0.50 4.67 4.42 0.50 4.69 4.36 0.49 4.67 -0.01 0.50 4.67 -0.01 0.50 4.67 -0.01 0.50 4.67 -0.01 0.50 4.45 4.36 0.34 4.61 4.36 0.47 4.66 -0.01 0.51 4.66 -0.01 0.51 4.65 4.47 0.52 4.65 4.42 0.52 4.30 4.47 0.19 4.30 4.42 0.19 4.29 4.49 0.21 4.29 -0.01 0.22 4.29 -0.01 0.22 4.24 4.36 0.16 4.24 4.36 0.16 4.30 4.36 0.19 4.28 4.47 0.24 4.24 -0.01 0.15 4.24 4.47 0.15 4.24 4.42 0.15 4.30 -0.01 0.19 4.28 4.42 0.24 4.24 4.36 0.18 4.24 4.49 0.17 4.24 4.42 0.17 4.24 4.42 0.17 4.24 4.36 0.15 4.29 4.36 0.22 4.24 -0.01 0.18 4.24 -0.01 0.18 4.24 4.47 0.21 4.24 4.42 0.21 4.21 4.46 0.28 4.61 4.46 0.58 4.61 4.46 0.58 4.21 -4.48 0.28 4.21 -4.48 0.28 4.61 -4.48 0.58 4.61 -4.48 0.58 4.57 4.46 0.55 4.54 4.46 0.52 4.50 4.46 0.49 4.47 4.46 0.47 4.43 4.46 0.44 4.39 4.46 0.41 4.36 4.46 0.38 4.32 4.46 0.36 4.29 4.46 0.33 4.25 4.46 0.30 4.57 -4.48 0.55 4.54 -4.48 0.52 4.50 -4.48 0.49 4.47 -4.48 0.47 4.43 -4.48 0.44 4.39 -4.48 0.41 4.36 -4.48 0.38 4.32 -4.48 0.36 4.29 -4.48 0.33 4.25 -4.48 0.30 4.11 4.46 0.59 4.52 4.46 0.70 4.52 4.46 0.70 4.11 -4.48 0.59 4.11 -4.48 0.59 4.52 -4.48 0.70 4.52 -4.48 0.70 4.48 4.46 0.69 4.45 4.46 0.68 4.41 4.46 0.66 4.37 4.46 0.65 4.33 4.46 0.64 4.30 4.46 0.63 4.26 4.46 0.62 4.22 4.46 0.62 4.19 4.46 0.61 4.15 4.46 0.60 4.48 -4.48 0.69 4.45 -4.48 0.68 4.41 -4.48 0.66 4.37 -4.48 0.65 4.33 -4.48 0.64 4.30 -4.48 0.63 4.26 -4.48 0.62 4.22 -4.48 0.62 4.19 -4.48 0.61 4.15 -4.48 0.60 4.23 4.46 0.24 4.62 4.46 0.54 4.62 4.46 0.54 4.23 -4.48 0.24 4.23 -4.48 0.24 4.62 -4.48 0.54 4.62 -4.48 0.54 4.59 4.46 0.51 4.55 4.46 0.49 4.52 4.46 0.46 4.48 4.46 0.43 4.45 4.46 0.40 4.41 4.46 0.38 4.37 4.46 0.35 4.34 4.46 0.32 4.30 4.46 0.30 4.27 4.46 0.27 4.59 -4.48 0.51 4.55 -4.48 0.49 4.52 -4.48 0.46 4.48 -4.48 0.43 4.45 -4.48 0.40 4.41 -4.48 0.38 4.37 -4.48 0.35 4.34 -4.48 0.32 4.30 -4.48 0.30 4.27 -4.48 0.27 4.23 4.46 1.19 4.49 4.46 0.83 4.49 4.46 0.83 4.23 -4.48 1.19 4.23 -4.48 1.19 4.49 -4.48 0.83 4.49 -4.48 0.83 4.47 4.46 0.86 4.45 4.46 0.89 4.42 4.46 0.93 4.40 4.46 0.96 4.37 4.46 0.99 4.35 4.46 1.02 4.33 4.46 1.06 4.30 4.46 1.09 4.28 4.46 1.12 4.26 4.46 1.15 4.47 -4.48 0.86 4.45 -4.48 0.89 4.42 -4.48 0.93 4.40 -4.48 0.96 4.37 -4.48 0.99 4.35 -4.48 1.02 4.33 -4.48 1.06 4.30 -4.48 1.09 4.28 -4.48 1.12 4.26 -4.48 1.15 4.56 4.46 1.41 4.61 4.46 0.83 4.61 4.46 0.83 4.56 -4.48 1.41 4.56 -4.48 1.41 4.61 -4.48 0.83 4.61 -4.48 0.83 4.61 4.46 0.88 4.61 4.46 0.94 4.60 4.46 0.99 4.60 4.46 1.04 4.59 4.46 1.09 4.59 4.46 1.15 4.58 4.46 1.20 4.58 4.46 1.25 4.57 4.46 1.30 4.57 4.46 1.36 4.61 -4.48 0.88 4.61 -4.48 0.94 4.60 -4.48 0.99 4.60 -4.48 1.04 4.59 -4.48 1.09 4.59 -4.48 1.15 4.58 -4.48 1.20 4.58 -4.48 1.25 4.57 -4.48 1.30 4.57 -4.48 1.36
4.25 4.46 0.19 4.65 4.46 0.47 4.65 4.46 0.47 10.32 4.46 1.37 10.32 4.46 1.37 10.32 4.46 1.37 10.40 4.46 0.80 10.40 4.46 0.80 10.40 4.46 0.80 10.32 -4.48 1.37 10.32 -4.48 1.37 10.32 -4.48 1.37 10.40 -4.48 0.80 10.40 -4.48 0.80 10.40 -4.48 0.80 4.25 -4.48 0.19 4.25 -4.48 0.19 4.65 -4.48 0.47 4.65 -4.48 0.47 4.62 4.46 0.45 4.62 4.46 0.45 4.58 4.46 0.42 4.58 4.46 0.42 4.54 4.46 0.39 4.54 4.46 0.39 4.51 4.46 0.37 4.51 4.46 0.37 4.47 4.46 0.34 4.47 4.46 0.34 4.47 4.46 0.34 4.43 4.46 0.32 4.43 4.46 0.32 4.43 4.46 0.32 4.40 4.46 0.29 4.40 4.46 0.29 4.36 4.46 0.27 4.36 4.46 0.27 4.32 4.46 0.24 4.32 4.46 0.24 4.29 4.46 0.22 4.29 4.46 0.22 10.39 4.46 0.85 10.39 4.46 0.85 10.38 4.46 0.90 10.38 4.46 0.90 10.37 4.46 0.95 10.37 4.46 0.95 10.36 4.46 1.00 10.36 4.46 1.00 10.35 4.46 1.06 10.35 4.46 1.06 10.34 4.46 1.11 10.34 4.46 1.11 10.33 4.46 1.16 10.33 4.46 1.16 10.33 4.46 1.21 10.33 4.46 1.21 10.32 4.46 1.26 10.32 4.46 1.26 10.32 4.46 1.32 10.32 4.46 1.32 10.39 -4.48 0.85 10.39 -4.48 0.85 10.38 -4.48 0.90 10.38 -4.48 0.90 10.37 -4.48 0.95 10.37 -4.48 0.95 10.35 -4.48 1.00 10.35 -4.48 1.00 10.34 -4.48 1.06 10.34 -4.48 1.06 10.34 -4.48 1.11 10.34 -4.48 1.11 10.33 -4.48 1.16 10.33 -4.48 1.16 10.32 -4.48 1.21 10.32 -4.48 1.21 10.32 -4.48 1.26 10.32 -4.48 1.26 10.32 -4.48 1.32 10.32 -4.48 1.32 4.62 -4.48 0.45 4.62 -4.48 0.45 4.58 -4.48 0.42 4.58 -4.48 0.42 4.54 -4.48 0.39 4.54 -4.48 0.39 4.51 -4.48 0.37 4.51 -4.48 0.37 4.47 -4.48 0.34 4.47 -4.48 0.34 4.47 -4.48 0.34 4.43 -4.48 0.32 4.43 -4.48 0.32 4.43 -4.48 0.32 4.40 -4.48 0.29 4.40 -4.48 0.29 4.36 -4.48 0.27 4.36 -4.48 0.27 4.32 -4.48 0.24 4.32 -4.48 0.24 4.29 -4.48 0.22 4.29 -4.48 0.22 7.12 4.46 1.28 7.12 4.46 0.70 7.12 4.46 0.70 7.12 -4.48 1.28 7.12 -4.48 1.28 7.12 -4.48 0.70 7.12 -4.48 0.70 7.12 4.46 0.75 7.12 4.46 0.80 7.12 4.46 0.86 7.12 4.46 0.91 7.12 4.46 0.96 7.12 4.46 1.02 7.12 4.46 1.07 7.12 4.46 1.12 7.12 4.46 1.17 7.12 4.46 1.23 7.12 -4.48 0.75 7.12 -4.48 0.80 7.12 -4.48 0.86 7.12 -4.48 0.91 7.12 -4.48 0.96 7.12 -4.48 1.02 7.12 -4.48 1.07 7.12 -4.48 1.12 7.12 -4.48 1.17 7.12 -4.48 1.23 6.86 4.46 1.28 6.86 4.46 0.69 6.86 4.46 0.69 6.86 -4.48 1.28 6.86 -4.48 1.28 6.86 -4.48 0.69 6.86 -4.48 0.69 6.86 4.46 0.75 6.86 4.46 0.80 6.86 4.46 0.85 6.86 4.46 0.91 6.86 4.46 0.96 6.86 4.46 1.01 6.86 4.46 1.06 6.86 4.46 1.12 6.86 4.46 1.17 6.86 4.46 1.22 6.86 -4.48 0.75 6.86 -4.48 0.80 6.86 -4.48 0.85 6.86 -4.48 0.91 6.86 -4.48 0.96 6.86 -4.48 1.01 6.86 -4.48 1.06 6.86 -4.48 1.12 6.86 -4.48 1.17 6.86 -4.48 1.22 6.60 4.46 1.27 6.60 4.46 0.69 6.60 4.46 0.69 6.60 -4.48 1.27 6.60 -4.48 1.27 6.60 -4.48 0.69 6.60 -4.48 0.69 6.60 4.46 0.75 6.60 4.46 0.80 6.60 4.46 0.85 6.60 4.46 0.90 6.60 4.46 0.96 6.60 4.46 1.01 6.60 4.46 1.06 6.60 4.46 1.12 6.60 4.46 1.17 6.60 4.46 1.22 6.60 -4.48 0.75 6.60 -4.48 0.80 6.60 -4.48 0.85 6.60 -4.48 0.90 6.60 -4.48 0.96 6.60 -4.48 1.01 6.60 -4.48 1.06 6.60 -4.48 1.12 6.60 -4.48 1.17 6.60 -4.48 1.22 6.34 4.46 1.28 6.34 4.46 0.69 6.34 4.46 0.69 6.34 -4.48 1.28 6.34 -4.48 1.28 6.34 -4.48 0.69 6.34 -4.48 0.69 6.34 4.46 0.75 6.34 4.46 0.80 6.34 4.46 0.85 6.34 4.46 0.91 6.34 4.46 0.96 6.34 4.46 1.01 6.34 4.46 1.06 6.34 4.46 1.12 6.34 4.46 1.17 6.34 4.46 1.22 6.34 -4.48 0.75 6.34 -4.48 0.80 6.34 -4.48 0.85 6.34 -4.48 0.91 6.34 -4.48 0.96 6.34 -4.48 1.01 6.34 -4.48 1.06 6.34 -4.48 1.12 6.34 -4.48 1.17 6.34 -4.48 1.22 6.08 4.46 1.28 6.07 4.46 0.70 6.07 4.46 0.70 6.08 -4.48 1.28 6.08 -4.48 1.28 6.07 -4.48 0.70 6.07 -4.48 0.70 6.08 4.46 0.75 6.08 4.46 0.81 6.08 4.46 0.86 6.08 4.46 0.91 6.08 4.46 0.96 6.08 4.46 1.02 6.08 4.46 1.07 6.08 4.46 1.12 6.08 4.46 1.18 6.08 4.46 1.23 6.08 -4.48 0.75 6.08 -4.48 0.81 6.08 -4.48 0.86 6.08 -4.48 0.91 6.08 -4.48 0.96 6.08 -4.48 1.02 6.08 -4.48 1.07 6.08 -4.48 1.12 6.08 -4.48 1.18 6.08 -4.48 1.23 5.83 4.46 1.29 5.81 4.46 0.71 5.81 4.46 0.71 5.83 -4.48 1.29 5.83 -4.48 1.29 5.81 -4.48 0.71 5.81 -4.48 0.71 5.81 4.46 0.76 5.82 4.46 0.82 5.82 4.46 0.87 5.82 4.46 0.92 5.82 4.46 0.98 5.82 4.46 1.03 5.82 4.46 1.08 5.82 4.46 1.13 5.82 4.46 1.19 5.82 4.46 1.24 5.81 -4.48 0.76 5.82 -4.48 0.82 5.82 -4.48 0.87 5.82 -4.48 0.92 5.82 -4.48 0.98 5.82 -4.48 1.03 5.82 -4.48 1.08 5.82 -4.48 1.13 5.82 -4.48 1.19 5.82 -4.48 1.24 5.57 4.46 1.30 5.55 4.46 0.72 5.55 4.46 0.72 5.57 -4.48 1.30 5.57 -4.48 1.30 5.55 -4.48 0.72 5.55 -4.48 0.72 5.55 4.46 0.78 5.55 4.46 0.83 5.56 4.46 0.88 5.56 4.46 0.93 5.56 4.46 0.99 5.56 4.46 1.04 5.56 4.46 1.09 5.56 4.46 1.15 5.56 4.46 1.20 5.56 4.46 1.25 5.55 -4.48 0.78 5.55 -4.48 0.83 5.56 -4.48 0.88 5.56 -4.48 0.93 5.56 -4.48 0.99 5.56 -4.48 1.04 5.56 -4.48 1.09 5.56 -4.48 1.15 5.56 -4.48 1.20 5.56 -4.48 1.25 5.31 4.46 1.31 5.29 4.46 0.73 5.29 4.46 0.73 5.31 -4.48 1.31 5.31 -4.48 1.31 5.29 -4.48 0.73 5.29 -4.48 0.73 5.29 4.46 0.79 5.29 4.46 0.84 5.30 4.46 0.89 5.30 4.46 0.94 5.30 4.46 1.00 5.30 4.46 1.05 5.30 4.46 1.10 5.30 4.46 1.16 5.30 4.46 1.21 5.30 4.46 1.26 5.29 -4.48 0.79 5.29 -4.48 0.84 5.30 -4.48 0.89 5.30 -4.48 0.94 5.30 -4.48 1.00 5.30 -4.48 1.05 5.30 -4.48 1.10 5.30 -4.48 1.16 5.30 -4.48 1.21 5.30 -4.48 1.26 5.05 4.46 1.32 5.03 4.46 0.74 5.03 4.46 0.74 5.05 -4.48 1.32 5.05 -4.48 1.32 5.03 -4.48 0.74 5.03 -4.48 0.74 5.03 4.46 0.80 5.03 4.46 0.85 5.04 4.46 0.90 5.04 4.46 0.95 5.04 4.46 1.01 5.04 4.46 1.06 5.04 4.46 1.11 5.04 4.46 1.17 5.04 4.46 1.22 5.04 4.46 1.27 5.03 -4.48 0.80 5.03 -4.48 0.85 5.04 -4.48 0.90 5.04 -4.48 0.95 5.04 -4.48 1.01 5.04 -4.48 1.06 5.04 -4.48 1.11 5.04 -4.48 1.17 5.04 -4.48 1.22 5.04 -4.48 1.27 4.78 4.46 1.33 4.77 4.46 0.75 4.77 4.46 0.75 4.78 -4.48 1.33 4.78 -4.48 1.33 4.77 -4.48 0.75 4.77 -4.48 0.75 4.77 4.46 0.81 4.77 4.46 0.86 4.77 4.46 0.91 4.78 4.46 0.97 4.78 4.46 1.02 4.78 4.46 1.07 4.78 4.46 1.12 4.78 4.46 1.18 4.78 4.46 1.23 4.78 4.46 1.28 4.77 -4.48 0.81 4.77 -4.48 0.86 4.77 -4.48 0.91 4.78 -4.48 0.97 4.78 -4.48 1.02 4.78 -4.48 1.07 4.78 -4.48 1.12 4.78 -4.48 1.18 4.78 -4.48 1.23 4.78 -4.48 1.28 4.48 4.46 1.31 4.55 4.46 0.80 4.55 4.46 0.80 4.48 -4.48 1.31 4.48 -4.48 1.31 4.55 -4.48 0.80 4.55 -4.48 0.80 4.54 4.46 0.85 4.54 4.46 0.90 4.53 4.46 0.94 4.52 4.46 0.99 4.52 4.46 1.04 4.51 4.46 1.08 4.50 4.46 1.13 4.50 4.46 1.18 4.49 4.46 1.22 4.48 4.46 1.27 4.54 -4.48 0.85 4.54 -4.48 0.90 4.53 -4.48 0.94 4.52 -4.48 0.99 4.52 -4.48 1.04 4.51 -4.48 1.08 4.50 -4.48 1.13 4.50 -4.48 1.18 4.49 -4.48 1.22 4.48 -4.48 1.27 4.18 4.46 0.94 4.51 4.46 0.72 4.51 4.46 0.72 4.18 -4.48 0.94 4.18 -4.48 0.94 4.51 -4.48 0.72 4.51 -4.48 0.72 4.48 4.46 0.74 4.45 4.46 0.76 4.42 4.46 0.78 4.39 4.46 0.80 4.36 4.46 0.82 4.33 4.46 0.84 4.30 4.46 0.86 4.27 4.46 0.88 4.24 4.46 0.90 4.21 4.46 0.92 4.48 -4.48 0.74 4.45 -4.48 0.76 4.42 -4.48 0.78 4.39 -4.48 0.80 4.36 -4.48 0.82 4.33 -4.48 0.84 4.30 -4.48 0.86 4.27 -4.48 0.88 4.24 -4.48 0.90 4.21 -4.48 0.92 4.19 4.46 0.33 4.59 4.46 0.61 4.59 4.46 0.61 4.19 -4.48 0.33 4.19 -4.48 0.33 4.59 -4.48 0.61 4.59 -4.48 0.61 4.56 4.46 0.58 4.52 4.46 0.56 4.48 4.46 0.53 4.45 4.46 0.51 4.41 4.46 0.48 4.37 4.46 0.46 4.34 4.46 0.43 4.30 4.46 0.41 4.26 4.46 0.38 4.23 4.46 0.36 4.56 -4.48 0.58 4.52 -4.48 0.56 4.48 -4.48 0.53 4.45 -4.48 0.51 4.41 -4.48 0.48 4.37 -4.48 0.46 4.34 -4.48 0.43 4.30 -4.48 0.41 4.26 -4.48 0.38 4.23 -4.48 0.36 9.52 4.46 1.34 9.57 4.46 0.76 9.57 4.46 0.76 9.52 -4.48 1.34 9.52 -4.48 1.34 9.57 -4.48 0.76 9.57 -4.48 0.76 9.57 4.46 0.82 9.56 4.46 0.87 9.55 4.46 0.92 9.54 4.46 0.97 9.54 4.46 1.02 9.53 4.46 1.08 9.53 4.46 1.13 9.52 4.46 1.18 9.52 4.46 1.23 9.52 4.46 1.29 9.57 -4.48 0.82 9.56 -4.48 0.87 9.55 -4.48 0.92 9.54 -4.48 0.97 9.54 -4.48 1.02 9.53 -4.48 1.08 9.53 -4.48 1.13 9.52 -4.48 1.18 9.52 -4.48 1.23 9.52 -4.48 1.29 9.01 4.46 1.32 9.04 4.46 0.74 9.04 4.46 0.74 9.01 -4.48 1.32 9.01 -4.48 1.32 9.04 -4.48 0.74 9.04 -4.48 0.74 9.04 4.46 0.79 9.04 4.46 0.85 9.03 4.46 0.90 9.03 4.46 0.95 9.03 4.46 1.00 9.02 4.46 1.06 9.02 4.46 1.11 9.02 4.46 1.16 9.02 4.46 1.21 9.01 4.46 1.27 9.04 -4.48 0.79 9.04 -4.48 0.85 9.03 -4.48 0.90 9.03 -4.48 0.95 9.03 -4.48 1.00 9.02 -4.48 1.06 9.02 -4.48 1.11 9.02 -4.48 1.16 9.01 -4.48 1.21 9.01 -4.48 1.27 8.49 4.46 1.30 8.51 4.46 0.72 8.51 4.46 0.72 8.49 -4.48 1.30 8.49 -4.48 1.30 8.51 -4.48 0.72 8.51 -4.48 0.72 8.51 4.46 0.77 8.51 4.46 0.83 8.51 4.46 0.88 8.51 4.46 0.93 8.50 4.46 0.98 8.50 4.46 1.04 8.50 4.46 1.09 8.50 4.46 1.14 8.50 4.46 1.20 8.49 4.46 1.25 8.51 -4.48 0.77 8.51 -4.48 0.83 8.51 -4.48 0.88 8.50 -4.48 0.93 8.50 -4.48 0.98 8.50 -4.48 1.04 8.50 -4.48 1.09 8.50 -4.48 1.14 8.50 -4.48 1.20 8.49 -4.48 1.25 7.98 4.46 1.29 7.99 4.46 0.71 7.99 4.46 0.71 7.98 -4.48 1.29 7.98 -4.48 1.29 7.99 -4.48 0.71 7.99 -4.48 0.71 7.99 4.46 0.76 7.99 4.46 0.81 7.99 4.46 0.87 7.98 4.46 0.92 7.98 4.46 0.97 7.98 4.46 1.03 7.98 4.46 1.08 7.98 4.46 1.13 7.98 4.46 1.18 7.98 4.46 1.24 7.99 -4.48 0.76 7.99 -4.48 0.81 7.99 -4.48 0.87 7.98 -4.48 0.92 7.98 -4.48 0.97 7.98 -4.48 1.03 7.98 -4.48 1.08 7.98 -4.48 1.13 7.98 -4.48 1.18 7.98 -4.48 1.24 7.46 4.46 1.28 7.47 4.46 0.70 7.47 4.46 0.70 7.46 -4.48 1.28 7.46 -4.48 1.28 7.47 -4.48 0.70 7.47 -4.48 0.70 7.47 4.46 0.75 7.47 4.46 0.81 7.47 4.46 0.86 7.46 4.46 0.91 7.46 4.46 0.97 7.46 4.46 1.02 7.46 4.46 1.07 7.46 4.46 1.12 7.46 4.46 1.18 7.46 4.46 1.23 7.47 -4.48 0.75 7.47 -4.48 0.81 7.47 -4.48 0.86 7.46 -4.48 0.91 7.46 -4.48 0.97 7.46 -4.48 1.02 7.46 -4.48 1.07 7.46 -4.48 1.12 7.46 -4.48 1.18 7.46 -4.48 1.23 4.47 -4.49 0.28 4.64 -4.49 0.40 4.64 -4.44 0.40 4.47 -4.44 0.28 4.46 -4.51 0.30 4.63 -4.51 0.42 4.62 -0.01 0.42 4.62 -0.01 0.42 4.69 -4.38 0.45 4.69 -4.38 0.45 4.64 -4.38 0.40 4.47 -4.38 0.28 4.45 -4.49 0.33 4.61 -4.49 0.44 4.70 -2.37 0.44 4.70 -4.49 0.44 4.70 -4.44 0.44 4.46 -0.01 0.31 4.46 -0.01 0.31 4.47 -2.37 0.28 4.64 -2.37 0.40 4.45 -4.44 0.33 4.61 -4.44 0.44 4.68 -4.38 0.46 4.68 -4.51 0.46 4.68 -4.44 0.45 4.68 -4.44 0.45 4.70 -4.38 0.44 4.46 -4.38 0.31 4.62 -4.38 0.42 4.66 -4.49 0.47 4.66 -4.44 0.47 4.30 -4.49 0.16 4.30 -4.44 0.16 4.30 -4.51 0.19 4.24 -4.38 0.14 4.24 -4.38 0.14 4.30 -4.38 0.16 4.29 -4.49 0.22 4.24 -2.37 0.12 4.24 -4.49 0.12 4.24 -4.44 0.12 4.30 -2.37 0.16 4.29 -4.44 0.22 4.24 -4.38 0.16 4.24 -4.51 0.15 4.24 -4.44 0.15 4.24 -4.44 0.15 4.24 -4.38 0.12 4.24 -0.01 0.14 4.24 -0.01 0.14 4.24 -0.01 0.14 4.24 -0.01 0.14 4.29 -4.38 0.20 4.24 -4.49 0.18 4.24 -4.44 0.18 4.47 4.47 0.28 4.64 4.47 0.40 4.64 4.42 0.40 4.47 4.42 0.28 4.46 4.49 0.30 4.63 4.49 0.42 4.69 4.36 0.45 4.69 4.36 0.45 4.64 4.36 0.40 4.47 4.36 0.28 4.45 4.47 0.33 4.61 4.47 0.44 4.70 -0.01 0.44 4.70 4.47 0.44 4.70 4.42 0.44 4.47 -0.01 0.28 4.64 -0.01 0.40 4.45 4.42 0.33 4.61 4.42 0.44 4.68 4.36 0.46 4.68 4.49 0.46 4.68 4.42 0.45 4.68 4.42 0.45 4.70 4.36 0.44 4.69 -0.01 0.45 4.69 -0.01 0.45 4.69 -0.01 0.45 4.69 -0.01 0.45 4.46 4.36 0.31 4.62 4.36 0.42 4.68 -0.01 0.46 4.68 -0.01 0.46 4.66 4.47 0.47 4.66 4.42 0.47 4.30 4.47 0.16 4.30 4.42 0.16 4.30 4.49 0.19 4.29 -0.01 0.20 4.29 -0.01 0.20 4.24 4.36 0.14 4.24 4.36 0.14 4.30 4.36 0.16 4.29 4.47 0.22 4.24 -0.01 0.12 4.24 4.47 0.12 4.24 4.42 0.12 4.30 -0.01 0.16 4.29 4.42 0.22 4.24 4.36 0.16 4.24 4.49 0.15 4.24 4.42 0.15 4.24 4.42 0.15 4.24 4.36 0.12 4.29 4.36 0.20 4.24 -0.01 0.16 4.24 -0.01 0.16 4.24 4.47 0.18 4.24 4.42 0.18 4.22 4.46 0.26 4.63 4.46 0.53 4.63 4.46 0.53 4.22 -4.48 0.26 4.22 -4.48 0.26 4.63 -4.48 0.53 4.63 -4.48 0.53 4.59 4.46 0.51 4.55 4.46 0.48 4.52 4.46 0.46 4.48 4.46 0.43 4.44 4.46 0.41 4.41 4.46 0.38 4.37 4.46 0.36 4.33 4.46 0.33 4.30 4.46 0.31 4.26 4.46 0.28 4.59 -4.48 0.51 4.55 -4.48 0.48 4.52 -4.48 0.46 4.48 -4.48 0.43 4.44 -4.48 0.41 4.41 -4.48 0.38 4.37 -4.48 0.36 4.33 -4.48 0.33 4.30 -4.48 0.31 4.26 -4.48 0.28 4.13 4.46 0.58 4.54 4.46 0.66 4.54 4.46 0.66 4.13 -4.48 0.58 4.13 -4.48 0.58 4.54 -4.48 0.66 4.54 -4.48 0.66 4.50 4.46 0.65 4.47 4.46 0.64 4.43 4.46 0.63 4.39 4.46 0.62 4.36 4.46 0.61 4.32 4.46 0.61 4.28 4.46 0.60 4.24 4.46 0.60 4.21 4.46 0.59 4.17 4.46 0.59 4.50 -4.48 0.65 4.47 -4.48 0.64 4.43 -4.48 0.63 4.39 -4.48 0.62 4.36 -4.48 0.61 4.32 -4.48 0.61 4.28 -4.48 0.60 4.24 -4.48 0.60 4.21 -4.48 0.59 4.17 -4.48 0.59 4.24 4.46 0.22 4.64 4.46 0.50 4.64 4.46 0.50 4.24 -4.48 0.22 4.24 -4.48 0.22 4.64 -4.48 0.50 4.64 -4.48 0.50 4.60 4.46 0.47 4.57 4.46 0.45 4.53 4.46 0.42 4.50 4.46 0.40 4.46 4.46 0.37 4.42 4.46 0.35 4.39 4.46 0.32 4.35 4.46 0.30 4.31 4.46 0.27 4.27 4.46 0.25 4.60 -4.48 0.47 4.57 -4.48 0.45 4.53 -4.48 0.42 4.50 -4.48 0.40 4.46 -4.48 0.37 4.42 -4.48 0.35 4.39 -4.48 0.32 4.35 -4.48 0.30 4.31 -4.48 0.27 4.27 -4.48 0.25 4.30 4.46 1.17 4.52 4.46 0.78 4.52 4.46 0.78 4.30 -4.48 1.17 4.30 -4.48 1.17 4.52 -4.48 0.78 4.52 -4.48 0.78 4.50 4.46 0.82 4.48 4.46 0.85 4.46 4.46 0.89 4.44 4.46 0.92 4.42 4.46 0.96 4.40 4.46 0.99 4.38 4.46 1.03 4.36 4.46 1.07 4.34 4.46 1.10 4.32 4.46 1.14 4.50 -4.48 0.82 4.48 -4.48 0.85 4.46 -4.48 0.89 4.44 -4.48 0.92 4.42 -4.48 0.96 4.40 -4.48 0.99 4.38 -4.48 1.03 4.36 -4.48 1.07 4.34 -4.48 1.10 4.32 -4.48 1.14 4.65 4.46 1.34 4.64 4.46 0.76 4.64 4.46 0.76 4.65 -4.48 1.34 4.65 -4.48 1.34 4.64 -4.48 0.76 4.64 -4.48 0.76 4.64 4.46 0.81 4.64 4.46 0.86 4.64 4.46 0.92 4.64 4.46 0.97 4.65 4.46 1.02 4.65 4.46 1.08 4.65 4.46 1.13 4.65 4.46 1.18 4.65 4.46 1.23 4.65 4.46 1.29 4.64 -4.48 0.81 4.64 -4.48 0.86 4.64 -4.48 0.92 4.64 -4.48 0.97 4.65 -4.48 1.02 4.65 -4.48 1.08 4.65 -4.48 1.13 4.65 -4.48 1.18 4.65 -4.48 1.23 4.65 -4.48 1.29
4.25 4.46 0.18 4.66 4.46 0.45 4.66 4.46 0.45 10.35 4.46 0.73 10.35 4.46 0.73 10.35 4.46 0.73 10.40 4.46 0.15 10.40 4.46 0.15 10.40 4.46 0.15 10.35 -4.48 0.73 10.35 -4.48 0.73 10.35 -4.48 0.73 10.40 -4.48 0.15 10.40 -4.48 0.15 10.40 -4.48 0.15 4.25 -4.48 0.18 4.25 -4.48 0.18 4.66 -4.48 0.45 4.66 -4.48 0.45 4.62 4.46 0.42 4.62 4.46 0.42 4.59 4.46 0.40 4.59 4.46 0.40 4.55 4.46 0.37 4.55 4.46 0.37 4.51 4.46 0.35 4.51 4.46 0.35 4.48 4.46 0.32 4.48 4.46 0.32 4.48 4.46 0.32 4.44 4.46 0.30 4.44 4.46 0.30 4.44 4.46 0.30 4.40 4.46 0.27 4.40 4.46 0.27 4.37 4.46 0.25 4.37 4.46 0.25 4.33 4.46 0.23 4.33 4.46 0.23 4.29 4.46 0.20 4.29 4.46 0.20 10.39 4.46 0.21 10.39 4.46 0.21 10.38 4.46 0.26 10.38 4.46 0.26 10.37 4.46 0.31 10.37 4.46 0.31 10.37 4.46 0.36 10.37 4.46 0.36 10.36 4.46 0.42 10.36 4.46 0.42 10.36 4.46 0.47 10.36 4.46 0.47 10.35 4.46 0.52 10.35 4.46 0.52 10.35 4.46 0.58 10.35 4.46 0.58 10.35 4.46 0.63 10.35 4.46 0.63 10.35 4.46 0.68 10.35 4.46 0.68 10.39 -4.48 0.21 10.39 -4.48 0.21 10.38 -4.48 0.26 10.38 -4.48 0.26 10.37 -4.48 0.31 10.37 -4.48 0.31 10.37 -4.48 0.36 10.37 -4.48 0.36 10.36 -4.48 0.42 10.36 -4.48 0.42 10.35 -4.48 0.47 10.35 -4.48 0.47 10.35 -4.48 0.52 10.35 -4.48 0.52 10.35 -4.48 0.58 10.35 -4.48 0.58 10.35 -4.48 0.63 10.35 -4.48 0.63 10.35 -4.48 0.68 10.35 -4.48 0.68 4.62 -4.48 0.42 4.62 -4.48 0.42 4.59 -4.48 0.39 4.59 -4.48 0.39 4.55 -4.48 0.37 4.55 -4.48 0.37 4.51 -4.48 0.35 4.51 -4.48 0.35 4.48 -4.48 0.32 4.48 -4.48 0.32 4.48 -4.48 0.32 4.44 -4.48 0.30 4.44 -4.48 0.30 4.44 -4.48 0.30 4.40 -4.48 0.27 4.40 -4.48 0.27 4.37 -4.48 0.25 4.37 -4.48 0.25 4.33 -4.48 0.23 4.33 -4.48 0.23 4.29 -4.48 0.20 4.29 -4.48 0.20 7.16 4.46 0.98 7.13 4.46 0.40 7.13 4.46 0.40 7.16 -4.48 0.98 7.16 -4.48 0.98 7.13 -4.48 0.40 7.13 -4.48 0.40 7.13 4.46 0.45 7.13 4.46 0.50 7.14 4.46 0.55 7.14 4.46 0.61 7.14 4.46 0.66 7.14 4.46 0.71 7.15 4.46 0.76 7.15 4.46 0.82 7.15 4.46 0.87 7.15 4.46 0.92 7.13 -4.48 0.45 7.13 -4.48 0.50 7.14 -4.48 0.55 7.14 -4.48 0.61 7.14 -4.48 0.66 7.14 -4.48 0.71 7.15 -4.48 0.76 7.15 -4.48 0.82 7.15 -4.48 0.87 7.15 -4.48 0.92 6.90 4.46 0.98 6.87 4.46 0.40 6.87 4.46 0.40 6.90 -4.48 0.98 6.90 -4.48 0.98 6.87 -4.48 0.40 6.87 -4.48 0.40 6.87 4.46 0.46 6.87 4.46 0.51 6.87 4.46 0.56 6.88 4.46 0.62 6.88 4.46 0.67 6.88 4.46 0.72 6.89 4.46 0.77 6.89 4.46 0.83 6.89 4.46 0.88 6.89 4.46 0.93 6.87 -4.48 0.46 6.87 -4.48 0.51 6.87 -4.48 0.56 6.88 -4.48 0.62 6.88 -4.48 0.67 6.88 -4.48 0.72 6.89 -4.48 0.77 6.89 -4.48 0.83 6.89 -4.48 0.88 6.89 -4.48 0.93 6.64 4.46 1.01 6.60 4.46 0.43 6.60 4.46 0.43 6.64 -4.48 1.01 6.64 -4.48 1.01 6.60 -4.48 0.43 6.60 -4.48 0.43 6.61 4.46 0.48 6.61 4.46 0.53 6.61 4.46 0.58 6.62 4.46 0.64 6.62 4.46 0.69 6.62 4.46 0.74 6.63 4.46 0.79 6.63 4.46 0.85 6.63 4.46 0.90 6.64 4.46 0.95 6.61 -4.48 0.48 6.61 -4.48 0.53 6.61 -4.48 0.58 6.62 -4.48 0.64 6.62 -4.48 0.69 6.62 -4.48 0.74 6.63 -4.48 0.79 6.63 -4.48 0.85 6.63 -4.48 0.90 6.64 -4.48 0.95 6.38 4.46 1.03 6.35 4.46 0.45 6.35 4.46 0.45 6.38 -4.48 1.03 6.38 -4.48 1.03 6.35 -4.48 0.45 6.35 -4.48 0.45 6.35 4.46 0.50 6.35 4.46 0.56 6.35 4.46 0.61 6.36 4.46 0.66 6.36 4.46 0.71 6.36 4.46 0.77 6.37 4.46 0.82 6.37 4.46 0.87 6.37 4.46 0.92 6.38 4.46 0.98 6.35 -4.48 0.50 6.35 -4.48 0.56 6.35 -4.48 0.61 6.36 -4.48 0.66 6.36 -4.48 0.71 6.36 -4.48 0.77 6.37 -4.48 0.82 6.37 -4.48 0.87 6.37 -4.48 0.92 6.38 -4.48 0.98 6.13 4.46 1.06 6.08 4.46 0.48 6.08 4.46 0.48 6.13 -4.48 1.06 6.13 -4.48 1.06 6.08 -4.48 0.49 6.08 -4.48 0.49 6.08 4.46 0.54 6.09 4.46 0.59 6.09 4.46 0.64 6.10 4.46 0.70 6.10 4.46 0.75 6.10 4.46 0.80 6.11 4.46 0.85 6.11 4.46 0.91 6.12 4.46 0.96 6.12 4.46 1.01 6.08 -4.48 0.54 6.09 -4.48 0.59 6.09 -4.48 0.64 6.10 -4.48 0.70 6.10 -4.48 0.75 6.10 -4.48 0.80 6.11 -4.48 0.85 6.11 -4.48 0.91 6.12 -4.48 0.96 6.12 -4.48 1.01 5.87 4.46 1.10 5.82 4.46 0.53 5.82 4.46 0.53 5.87 -4.48 1.10 5.87 -4.48 1.10 5.82 -4.48 0.53 5.82 -4.48 0.53 5.82 4.46 0.58 5.83 4.46 0.63 5.83 4.46 0.68 5.84 4.46 0.74 5.84 4.46 0.79 5.85 4.46 0.84 5.85 4.46 0.89 5.86 4.46 0.95 5.86 4.46 1.00 5.87 4.46 1.05 5.82 -4.48 0.58 5.83 -4.48 0.63 5.83 -4.48 0.68 5.84 -4.48 0.74 5.84 -4.48 0.79 5.85 -4.48 0.84 5.85 -4.48 0.89 5.86 -4.48 0.95 5.86 -4.48 1.00 5.87 -4.48 1.05 5.61 4.46 1.15 5.56 4.46 0.57 5.56 4.46 0.57 5.61 -4.48 1.15 5.61 -4.48 1.15 5.56 -4.48 0.57 5.56 -4.48 0.57 5.56 4.46 0.62 5.57 4.46 0.68 5.57 4.46 0.73 5.58 4.46 0.78 5.58 4.46 0.83 5.59 4.46 0.89 5.59 4.46 0.94 5.60 4.46 0.99 5.60 4.46 1.04 5.61 4.46 1.10 5.56 -4.48 0.62 5.57 -4.48 0.68 5.57 -4.48 0.73 5.58 -4.48 0.78 5.58 -4.48 0.83 5.59 -4.48 0.89 5.59 -4.48 0.94 5.60 -4.48 0.99 5.60 -4.48 1.04 5.61 -4.48 1.10 5.35 4.46 1.19 5.30 4.46 0.61 5.30 4.46 0.61 5.35 -4.48 1.19 5.35 -4.48 1.19 5.30 -4.48 0.61 5.30 -4.48 0.61 5.30 4.46 0.66 5.31 4.46 0.72 5.31 4.46 0.77 5.32 4.46 0.82 5.32 4.46 0.87 5.33 4.46 0.93 5.33 4.46 0.98 5.34 4.46 1.03 5.34 4.46 1.08 5.35 4.46 1.14 5.30 -4.48 0.66 5.31 -4.48 0.72 5.31 -4.48 0.77 5.32 -4.48 0.82 5.32 -4.48 0.87 5.33 -4.48 0.93 5.33 -4.48 0.98 5.34 -4.48 1.03 5.34 -4.48 1.08 5.35 -4.48 1.14 5.10 4.46 1.23 5.04 4.46 0.65 5.04 4.46 0.65 5.10 -4.48 1.23 5.10 -4.48 1.23 5.04 -4.48 0.65 5.04 -4.48 0.65 5.05 4.46 0.70 5.05 4.46 0.76 5.06 4.46 0.81 5.06 4.46 0.86 5.07 4.46 0.91 5.07 4.46 0.97 5.08 4.46 1.02 5.08 4.46 1.07 5.09 4.46 1.12 5.09 4.46 1.18 5.05 -4.48 0.70 5.05 -4.48 0.76 5.06 -4.48 0.81 5.06 -4.48 0.86 5.07 -4.48 0.91 5.07 -4.48 0.97 5.08 -4.48 1.02 5.08 -4.48 1.07 5.09 -4.48 1.12 5.09 -4.48 1.18 4.84 4.46 1.27 4.78 4.46 0.69 4.78 4.46 0.69 4.84 -4.48 1.27 4.84 -4.48 1.27 4.78 -4.48 0.69 4.78 -4.48 0.69 4.79 4.46 0.75 4.79 4.46 0.80 4.80 4.46 0.85 4.80 4.46 0.90 4.81 4.46 0.96 4.81 4.46 1.01 4.82 4.46 1.06 4.82 4.46 1.11 4.83 4.46 1.17 4.83 4.46 1.22 4.79 -4.48 0.75 4.79 -4.48 0.80 4.80 -4.48 0.85 4.80 -4.48 0.90 4.81 -4.48 0.96 4.81 -4.48 1.01 4.82 -4.48 1.06 4.82 -4.48 1.11 4.83 -4.48 1.17 4.83 -4.48 1.22 4.53 4.46 1.28 4.57 4.46 0.77 4.57 4.46 0.77 4.53 -4.48 1.28 4.53 -4.48 1.28 4.57 -4.48 0.77 4.57 -4.48 0.77 4.56 4.46 0.82 4.56 4.46 0.86 4.56 4.46 0.91 4.55 4.46 0.96 4.55 4.46 1.00 4.55 4.46 1.05 4.54 4.46 1.10 4.54 4.46 1.14 4.54 4.46 1.19 4.53 4.46 1.24 4.56 -4.48 0.82 4.56 -4.48 0.86 4.56 -4.48 0.91 4.55 -4.48 0.96 4.55 -4.48 1.00 4.55 -4.48 1.05 4.54 -4.48 1.10 4.54 -4.48 1.14 4.54 -4.48 1.19 4.53 -4.48 1.24 4.21 4.46 0.94 4.52 4.46 0.70 4.52 4.46 0.70 4.21 -4.48 0.94 4.21 -4.48 0.94 4.52 -4.48 0.70 4.52 -4.48 0.70 4.49 4.46 0.72 4.47 4.46 0.74 4.44 4.46 0.76 4.41 4.46 0.78 4.38 4.46 0.81 4.35 4.46 0.83 4.33 4.46 0.85 4.30 4.46 0.87 4.27 4.46 0.89 4.24 4.46 0.92 4.49 -4.48 0.72 4.47 -4.48 0.74 4.44 -4.48 0.76 4.41 -4.48 0.78 4.38 -4.48 0.81 4.35 -4.48 0.83 4.33 -4.48 0.85 4.30 -4.48 0.87 4.27 -4.48 0.89 4.24 -4.48 0.92 4.20 4.46 0.32 4.60 4.46 0.59 4.60 4.46 0.59 4.20 -4.48 0.32 4.20 -4.48 0.32 4.60 -4.48 0.59 4.60 -4.48 0.59 4.57 4.46 0.56 4.53 4.46 0.54 4.49 4.46 0.51 4.46 4.46 0.49 4.42 4.46 0.46 4.38 4.46 0.44 4.35 4.46 0.42 4.31 4.46 0.39 4.27 4.46 0.37 4.23 4.46 0.34 4.57 -4.48 0.56 4.53 -4.48 0.54 4.49 -4.48 0.51 4.46 -4.48 0.49 4.42 -4.48 0.46 4.38 -4.48 0.44 4.35 -4.48 0.42 4.31 -4.48 0.39 4.27 -4.48 0.37 4.23 -4.48 0.34 9.56 4.46 0.80 9.57 4.46 0.22 9.57 4.46 0.22 9.55 -4.48 0.80 9.55 -4.48 0.80 9.57 -4.48 0.22 9.57 -4.48 0.22 9.57 4.46 0.27 9.56 4.46 0.32 9.56 4.46 0.37 9.56 4.46 0.43 9.55 4.46 0.48 9.55 4.46 0.53 9.55 4.46 0.58 9.55 4.46 0.64 9.55 4.46 0.69 9.55 4.46 0.74 9.57 -4.48 0.27 9.56 -4.48 0.32 9.56 -4.48 0.37 9.55 -4.48 0.43 9.55 -4.48 0.48 9.55 -4.48 0.53 9.55 -4.48 0.58 9.55 -4.48 0.64 9.55 -4.48 0.69 9.55 -4.48 0.74 9.05 4.46 0.84 9.04 4.46 0.26 9.04 4.46 0.26 9.05 -4.48 0.84 9.05 -4.48 0.84 9.04 -4.48 0.26 9.04 -4.48 0.26 9.04 4.46 0.31 9.04 4.46 0.36 9.04 4.46 0.41 9.04 4.46 0.47 9.04 4.46 0.52 9.04 4.46 0.57 9.05 4.46 0.62 9.05 4.46 0.68 9.05 4.46 0.73 9.05 4.46 0.78 9.04 -4.48 0.31 9.04 -4.48 0.36 9.04 -4.48 0.41 9.04 -4.48 0.47 9.04 -4.48 0.52 9.04 -4.48 0.57 9.04 -4.48 0.63 9.04 -4.48 0.68 9.05 -4.48 0.73 9.05 -4.48 0.78 8.53 4.46 0.88 8.51 4.46 0.30 8.51 4.46 0.30 8.53 -4.48 0.88 8.53 -4.48 0.88 8.51 -4.48 0.30 8.51 -4.48 0.30 8.51 4.46 0.35 8.52 4.46 0.40 8.52 4.46 0.45 8.52 4.46 0.51 8.52 4.46 0.56 8.52 4.46 0.61 8.52 4.46 0.66 8.53 4.46 0.72 8.53 4.46 0.77 8.53 4.46 0.82 8.51 -4.48 0.35 8.51 -4.48 0.40 8.52 -4.48 0.45 8.52 -4.48 0.51 8.52 -4.48 0.56 8.52 -4.48 0.61 8.52 -4.48 0.66 8.52 -4.48 0.72 8.53 -4.48 0.77 8.53 -4.48 0.82 8.01 4.46 0.91 7.99 4.46 0.33 7.99 4.46 0.33 8.01 -4.48 0.91 8.01 -4.48 0.91 7.99 -4.48 0.33 7.99 -4.48 0.33 7.99 4.46 0.39 8.00 4.46 0.44 8.00 4.46 0.49 8.00 4.46 0.54 8.00 4.46 0.60 8.00 4.46 0.65 8.01 4.46 0.70 8.01 4.46 0.76 8.01 4.46 0.81 8.01 4.46 0.86 7.99 -4.48 0.39 7.99 -4.48 0.44 8.00 -4.48 0.49 8.00 -4.48 0.54 8.00 -4.48 0.60 8.00 -4.48 0.65 8.01 -4.48 0.70 8.01 -4.48 0.76 8.01 -4.48 0.81 8.01 -4.48 0.86 7.50 4.46 0.95 7.47 4.46 0.37 7.47 4.46 0.37 7.50 -4.48 0.95 7.50 -4.48 0.95 7.47 -4.48 0.37 7.47 -4.48 0.37 7.47 4.46 0.42 7.48 4.46 0.48 7.48 4.46 0.53 7.48 4.46 0.58 7.48 4.46 0.63 7.49 4.46 0.69 7.49 4.46 0.74 7.49 4.46 0.79 7.49 4.46 0.85 7.49 4.46 0.90 7.47 -4.48 0.42 7.48 -4.48 0.48 7.48 -4.48 0.53 7.48 -4.48 0.58 7.48 -4.48 0.63 7.49 -4.48 0.69 7.49 -4.48 0.74 7.49 -4.48 0.79 7.49 -4.48 0.85 7.49 -4.48 0.90 4.48 -4.49 0.26 4.65 -4.49 0.37 4.65 -4.44 0.37 4.48 -4.44 0.26 4.47 -4.51 0.28 4.64 -4.51 0.39 4.63 -0.01 0.40 4.63 -0.01 0.40 4.70 -4.38 0.42 4.70 -4.38 0.42 4.65 -4.38 0.37 4.48 -4.38 0.26 4.46 -4.49 0.31 4.62 -4.49 0.42 4.71 -2.37 0.41 4.71 -4.49 0.41 4.71 -4.44 0.41 4.47 -0.01 0.29 4.47 -0.01 0.29 4.48 -2.37 0.26 4.65 -2.37 0.37 4.46 -4.44 0.31 4.62 -4.44 0.42 4.69 -4.38 0.43 4.69 -4.51 0.43 4.69 -4.44 0.43 4.69 -4.44 0.43 4.71 -4.38 0.41 4.47 -4.38 0.29 4.63 -4.38 0.40 4.67 -4.49 0.45 4.67 -4.44 0.45 4.30 -4.49 0.15 4.30 -4.44 0.15 4.30 -4.51 0.17 4.24 -4.38 0.13 4.24 -4.38 0.13 4.30 -4.38 0.15 4.30 -4.49 0.20 4.24 -2.37 0.11 4.24 -4.49 0.11 4.24 -4.44 0.11 4.30 -2.37 0.15 4.30 -4.44 0.20 4.24 -4.38 0.15 4.24 -4.51 0.14 4.24 -4.44 0.14 4.24 -4.44 0.14 4.24 -4.38 0.11 4.24 -0.01 0.13 4.24 -0.01 0.13 4.24 -0.01 0.13 4.24 -0.01 0.13 4.30 -4.38 0.18 4.25 -4.49 0.17 4.25 -4.44 0.17 4.48 4.47 0.26 4.65 4.47 0.37 4.65 4.42 0.37 4.48 4.42 0.26 4.47 4.49 0.28 4.64 4.49 0.39 4.70 4.36 0.42 4.70 4.36 0.42 4.65 4.36 0.37 4.48 4.36 0.26 4.46 4.47 0.31 4.62 4.47 0.42 4.71 -0.01 0.41 4.71 4.47 0.41 4.71 4.42 0.41 4.48 -0.01 0.26 4.65 -0.01 0.37 4.46 4.42 0.31 4.62 4.42 0.42 4.69 4.36 0.43 4.69 4.49 0.43 4.69 4.42 0.43 4.69 4.42 0.43 4.71 4.36 0.41 4.70 -0.01 0.42 4.70 -0.01 0.42 4.70 -0.01 0.42 4.70 -0.01 0.42 4.47 4.36 0.29 4.63 4.36 0.40 4.69 -0.01 0.43 4.69 -0.01 0.43 4.67 4.47 0.45 4.67 4.42 0.45 4.30 4.47 0.15 4.30 4.42 0.15 4.30 4.49 0.17 4.30 -0.01 0.18 4.30 -0.01 0.18 4.24 4.36 0.13 4.24 4.36 0.13 4.30 4.36 0.15 4.30 4.47 0.20 4.24 -0.01 0.11 4.24 4.47 0.11 4.24 4.42 0.11 4.30 -0.01 0.15 4.30 4.42 0.20 4.24 4.36 0.15 4.24 4.49 0.14 4.24 4.42 0.14 4.24 4.42 0.14 4.24 4.36 0.11 4.30 4.36 0.18 4.24 -0.01 0.15 4.24 -0.01 0.15 4.25 4.47 0.17 4.25 4.42 0.17 4.23 4.46 0.24 4.64 4.46 0.51 4.64 4.46 0.51 4.23 -4.48 0.24 4.23 -4.48 0.24 4.64 -4.48 0.51 4.64 -4.48 0.51 4.60 4.46 0.48 4.56 4.46 0.46 4.53 4.46 0.43 4.49 4.46 0.41 4.45 4.46 0.39 4.41 4.46 0.36 4.38 4.46 0.34 4.34 4.46 0.31 4.30 4.46 0.29 4.27 4.46 0.27 4.60 -4.48 0.48 4.56 -4.48 0.46 4.53 -4.48 0.43 4.49 -4.48 0.41 4.45 -4.48 0.39 4.41 -4.48 0.36 4.38 -4.48 0.34 4.34 -4.48 0.31 4.30 -4.48 0.29 4.27 -4.48 0.27 4.15 4.46 0.58 4.55 4.46 0.63 4.55 4.46 0.63 4.15 -4.48 0.58 4.15 -4.48 0.58 4.55 -4.48 0.63 4.55 -4.48 0.63 4.51 4.46 0.62 4.48 4.46 0.62 4.44 4.46 0.61 4.40 4.46 0.60 4.37 4.46 0.59 4.33 4.46 0.59 4.29 4.46 0.59 4.26 4.46 0.59 4.22 4.46 0.58 4.18 4.46 0.58 4.51 -4.48 0.62 4.48 -4.48 0.62 4.44 -4.48 0.61 4.40 -4.48 0.60 4.37 -4.48 0.59 4.33 -4.48 0.59 4.29 -4.48 0.59 4.26 -4.48 0.59 4.22 -4.48 0.58 4.18 -4.48 0.58 4.24 4.46 0.21 4.65 4.46 0.47 4.65 4.46 0.47 4.24 -4.48 0.21 4.24 -4.48 0.21 4.65 -4.48 0.47 4.65 -4.48 0.47 4.61 4.46 0.45 4.58 4.46 0.42 4.54 4.46 0.40 4.50 4.46 0.37 4.47 4.46 0.35 4.43 4.46 0.33 4.39 4.46 0.30 4.35 4.46 0.28 4.32 4.46 0.26 4.28 4.46 0.23 4.61 -4.48 0.45 4.58 -4.48 0.42 4.54 -4.48 0.40 4.50 -4.48 0.37 4.47 -4.48 0.35 4.43 -4.48 0.33 4.39 -4.48 0.30 4.35 -4.48 0.28 4.32 -4.48 0.26 4.28 -4.48 0.23 4.34 4.46 1.16 4.54 4.46 0.75 4.54 4.46 0.75 4.34 -4.48 1.16 4.34 -4.48 1.16 4.54 -4.48 0.75 4.54 -4.48 0.75 4.52 4.46 0.79 4.50 4.46 0.83 4.49 4.46 0.86 4.47 4.46 0.90 4.45 4.46 0.94 4.43 4.46 0.97 4.41 4.46 1.01 4.40 4.46 1.05 4.38 4.46 1.09 4.36 4.46 1.12 4.52 -4.48 0.79 4.50 -4.48 0.83 4.49 -4.48 0.86 4.47 -4.48 0.90 4.45 -4.48 0.94 4.43 -4.48 0.97 4.41 -4.48 1.01 4.40 -4.48 1.05 4.38 -4.48 1.09 4.36 -4.48 1.12 4.71 4.46 1.29 4.65 4.46 0.71 4.65 4.46 0.71 4.71 -4.48 1.29 4.71 -4.48 1.29 4.65 -4.48 0.71 4.65 -4.48 0.71 4.66 4.46 0.77 4.66 4.46 0.82 4.67 4.46 0.87 4.67 4.46 0.92 4.68 4.46 0.98 4.68 4.46 1.03 4.69 4.46 1.08 4.69 4.46 1.13 4.70 4.46 1.19 4.70 4.46 1.24 4.66 -4.48 0.77 4.66 -4.48 0.82 4.67 -4.48 0.87 4.67 -4.48 0.92 4.68 -4.48 0.98 4.68 -4.48 1.03 4.69 -4.48 1.08 4.69 -4.48 1.13 4.70 -4.48 1.19 4.70 -4.48 1.24
4.25 4.46 0.18 4.66 4.46 0.44 4.66 4.46 0.44 10.36 4.46 0.54 10.36 4.46 0.54 10.36 4.46 0.54 10.39 4.46 -0.04 10.39 4.46 -0.04 10.39 4.46 -0.04 10.36 -4.48 0.54 10.36 -4.48 0.54 10.36 -4.48 0.54 10.39 -4.48 -0.04 10.39 -4.48 -0.04 10.39 -4.48 -0.04 4.25 -4.48 0.18 4.25 -4.48 0.18 4.66 -4.48 0.44 4.66 -4.48 0.44 4.63 4.46 0.41 4.63 4.46 0.41 4.59 4.46 0.39 4.59 4.46 0.39 4.55 4.46 0.36 4.55 4.46 0.36 4.52 4.46 0.34 4.52 4.46 0.34 4.48 4.46 0.32 4.48 4.46 0.32 4.48 4.46 0.32 4.44 4.46 0.29 4.44 4.46 0.29 4.44 4.46 0.29 4.40 4.46 0.27 4.40 4.46 0.27 4.37 4.46 0.25 4.37 4.46 0.25 4.33 4.46 0.22 4.33 4.46 0.22 4.29 4.46 0.20 4.29 4.46 0.20 10.38 4.46 0.01 10.38 4.46 0.01 10.37 4.46 0.07 10.37 4.46 0.07 10.37 4.46 0.12 10.37 4.46 0.12 10.36 4.46 0.17 10.36 4.46 0.17 10.36 4.46 0.23 10.36 4.46 0.23 10.35 4.46 0.28 10.35 4.46 0.28 10.35 4.46 0.33 10.35 4.46 0.33 10.35 4.46 0.39 10.35 4.46 0.39 10.35 4.46 0.44 10.35 4.46 0.44 10.35 4.46 0.49 10.35 4.46 0.49 10.38 -4.48 0.01 10.38 -4.48 0.01 10.37 -4.48 0.07 10.37 -4.48 0.07 10.37 -4.48 0.12 10.37 -4.48 0.12 10.36 -4.48 0.17 10.36 -4.48 0.17 10.36 -4.48 0.23 10.36 -4.48 0.23 10.35 -4.48 0.28 10.35 -4.48 0.28 10.35 -4.48 0.33 10.35 -4.48 0.33 10.35 -4.48 0.39 10.35 -4.48 0.39 10.35 -4.48 0.44 10.35 -4.48 0.44 10.35 -4.48 0.49 10.35 -4.48 0.49 4.63 -4.48 0.41 4.63 -4.48 0.41 4.59 -4.48 0.39 4.59 -4.48 0.39 4.55 -4.48 0.36 4.55 -4.48 0.36 4.52 -4.48 0.34 4.52 -4.48 0.34 4.48 -4.48 0.32 4.48 -4.48 0.32 4.48 -4.48 0.32 4.44 -4.48 0.29 4.44 -4.48 0.29 4.44 -4.48 0.29 4.40 -4.48 0.27 4.40 -4.48 0.27 4.37 -4.48 0.25 4.37 -4.48 0.25 4.33 -4.48 0.22 4.33 -4.48 0.22 4.29 -4.48 0.20 4.29 -4.48 0.20 7.16 4.46 0.88 7.13 4.46 0.31 7.13 4.46 0.31 7.16 -4.48 0.88 7.16 -4.48 0.88 7.13 -4.48 0.31 7.13 -4.48 0.31 7.13 4.46 0.36 7.13 4.46 0.41 7.14 4.46 0.46 7.14 4.46 0.52 7.14 4.46 0.57 7.15 4.46 0.62 7.15 4.46 0.67 7.15 4.46 0.73 7.16 4.46 0.78 7.16 4.46 0.83 7.13 -4.48 0.36 7.13 -4.48 0.41 7.14 -4.48 0.46 7.14 -4.48 0.52 7.14 -4.48 0.57 7.15 -4.48 0.62 7.15 -4.48 0.67 7.15 -4.48 0.73 7.16 -4.48 0.78 7.16 -4.48 0.83 6.90 4.46 0.90 6.86 4.46 0.32 6.86 4.46 0.32 6.90 -4.48 0.90 6.90 -4.48 0.90 6.86 -4.48 0.32 6.86 -4.48 0.32 6.87 4.46 0.37 6.87 4.46 0.42 6.87 4.46 0.48 6.88 4.46 0.53 6.88 4.46 0.58 6.88 4.46 0.63 6.89 4.46 0.69 6.89 4.46 0.74 6.90 4.46 0.79 6.90 4.46 0.84 6.87 -4.48 0.37 6.87 -4.48 0.42 6.87 -4.48 0.48 6.88 -4.48 0.53 6.88 -4.48 0.58 6.88 -4.48 0.63 6.89 -4.48 0.69 6.89 -4.48 0.74 6.90 -4.48 0.79 6.90 -4.48 0.84 6.64 4.46 0.92 6.60 4.46 0.35 6.60 4.46 0.35 6.64 -4.48 0.92 6.64 -4.48 0.92 6.60 -4.48 0.35 6.60 -4.48 0.35 6.61 4.46 0.40 6.61 4.46 0.45 6.61 4.46 0.50 6.62 4.46 0.56 6.62 4.46 0.61 6.63 4.46 0.66 6.63 4.46 0.71 6.63 4.46 0.77 6.64 4.46 0.82 6.64 4.46 0.87 6.61 -4.48 0.40 6.61 -4.48 0.45 6.61 -4.48 0.50 6.62 -4.48 0.56 6.62 -4.48 0.61 6.63 -4.48 0.66 6.63 -4.48 0.71 6.63 -4.48 0.77 6.64 -4.48 0.82 6.64 -4.48 0.87 6.39 4.46 0.96 6.34 4.46 0.38 6.34 4.46 0.38 6.39 -4.48 0.96 6.39 -4.48 0.96 6.34 -4.48 0.38 6.34 -4.48 0.38 6.35 4.46 0.43 6.35 4.46 0.48 6.35 4.46 0.53 6.36 4.46 0.59 6.36 4.46 0.64 6.37 4.46 0.69 6.37 4.46 0.74 6.37 4.46 0.80 6.38 4.46 0.85 6.38 4.46 0.90 6.35 -4.48 0.43 6.35 -4.48 0.48 6.35 -4.48 0.53 6.36 -4.48 0.59 6.36 -4.48 0.64 6.37 -4.48 0.69 6.37 -4.48 0.74 6.37 -4.48 0.80 6.38 -4.48 0.85 6.38 -4.48 0.90 6.14 4.46 1.00 6.08 4.46 0.42 6.08 4.46 0.42 6.14 -4.48 1.00 6.14 -4.48 1.00 6.08 -4.48 0.42 6.08 -4.48 0.42 6.08 4.46 0.47 6.09 4.46 0.53 6.09 4.46 0.58 6.10 4.46 0.63 6.10 4.46 0.68 6.11 4.46 0.73 6.11 4.46 0.79 6.12 4.46 0.84 6.12 4.46 0.89 6.13 4.46 0.94 6.08 -4.48 0.47 6.09 -4.48 0.53 6.09 -4.48 0.58 6.10 -4.48 0.63 6.10 -4.48 0.68 6.11 -4.48 0.73 6.11 -4.48 0.79 6.12 -4.48 0.84 6.12 -4.48 0.89 6.13 -4.48 0.94 5.88 4.46 1.05 5.82 4.46 0.47 5.82 4.46 0.47 5.88 -4.48 1.05 5.88 -4.48 1.05 5.82 -4.48 0.47 5.82 -4.48 0.47 5.82 4.46 0.52 5.83 4.46 0.58 5.83 4.46 0.63 5.84 4.46 0.68 5.85 4.46 0.73 5.85 4.46 0.79 5.86 4.46 0.84 5.86 4.46 0.89 5.87 4.46 0.94 5.87 4.46 0.99 5.82 -4.48 0.52 5.83 -4.48 0.58 5.83 -4.48 0.63 5.84 -4.48 0.68 5.85 -4.48 0.73 5.85 -4.48 0.79 5.86 -4.48 0.84 5.86 -4.48 0.89 5.87 -4.48 0.94 5.87 -4.48 0.99 5.63 4.46 1.10 5.56 4.46 0.53 5.56 4.46 0.53 5.63 -4.48 1.10 5.63 -4.48 1.10 5.56 -4.48 0.53 5.56 -4.48 0.53 5.56 4.46 0.58 5.57 4.46 0.63 5.58 4.46 0.68 5.58 4.46 0.74 5.59 4.46 0.79 5.59 4.46 0.84 5.60 4.46 0.89 5.61 4.46 0.94 5.61 4.46 1.00 5.62 4.46 1.05 5.56 -4.48 0.58 5.57 -4.48 0.63 5.58 -4.48 0.68 5.58 -4.48 0.74 5.59 -4.48 0.79 5.59 -4.48 0.84 5.60 -4.48 0.89 5.61 -4.48 0.94 5.61 -4.48 1.00 5.62 -4.48 1.05 5.37 4.46 1.15 5.30 4.46 0.58 5.30 4.46 0.58 5.37 -4.48 1.15 5.37 -4.48 1.15 5.30 -4.48 0.58 5.30 -4.48 0.58 5.31 4.46 0.63 5.31 4.46 0.68 5.32 4.46 0.73 5.32 4.46 0.79 5.33 4.46 0.84 5.34 4.46 0.89 5.34 4.46 0.94 5.35 4.46 0.99 5.36 4.46 1.05 5.36 4.46 1.10 5.31 -4.48 0.63 5.31 -4.48 0.68 5.32 -4.48 0.73 5.32 -4.48 0.79 5.33 -4.48 0.84 5.34 -4.48 0.89 5.34 -4.48 0.94 5.35 -4.48 0.99 5.36 -4.48 1.05 5.36 -4.48 1.10 5.11 4.46 1.20 5.04 4.46 0.63 5.04 4.46 0.63 5.11 -4.48 1.20 5.11 -4.48 1.20 5.04 -4.48 0.63 5.04 -4.48 0.63 5.05 4.46 0.68 5.05 4.46 0.73 5.06 4.46 0.78 5.07 4.46 0.83 5.07 4.46 0.89 5.08 4.46 0.94 5.09 4.46 0.99 5.09 4.46 1.04 5.10 4.46 1.10 5.10 4.46 1.15 5.05 -4.48 0.68 5.05 -4.48 0.73 5.06 -4.48 0.78 5.07 -4.48 0.83 5.07 -4.48 0.89 5.08 -4.48 0.94 5.09 -4.48 0.99 5.09 -4.48 1.04 5.10 -4.48 1.10 5.10 -4.48 1.15 4.85 4.46 1.25 4.78 4.46 0.68 4.78 4.46 0.68 4.85 -4.48 1.25 4.85 -4.48 1.25 4.78 -4.48 0.68 4.78 -4.48 0.68 4.79 4.46 0.73 4.80 4.46 0.78 4.80 4.46 0.83 4.81 4.46 0.88 4.82 4.46 0.94 4.82 4.46 0.99 4.83 4.46 1.04 4.83 4.46 1.09 4.84 4.46 1.15 4.85 4.46 1.20 4.79 -4.48 0.73 4.80 -4.48 0.78 4.80 -4.48 0.83 4.81 -4.48 0.88 4.82 -4.48 0.94 4.82 -4.48 0.99 4.83 -4.48 1.04 4.83 -4.48 1.09 4.84 -4.48 1.15 4.85 -4.48 1.20 4.54 4.46 1.28 4.57 4.46 0.76 4.57 4.46 0.76 4.54 -4.48 1.28 4.54 -4.48 1.28 4.57 -4.48 0.76 4.57 -4.48 0.76 4.57 4.46 0.81 4.57 4.46 0.85 4.56 4.46 0.90 4.56 4.46 0.95 4.56 4.46 0.99 4.56 4.46 1.04 4.55 4.46 1.09 4.55 4.46 1.14 4.55 4.46 1.18 4.55 4.46 1.23 4.57 -4.48 0.81 4.57 -4.48 0.85 4.56 -4.48 0.90 4.56 -4.48 0.95 4.56 -4.48 0.99 4.56 -4.48 1.04 4.55 -4.48 1.09 4.55 -4.48 1.14 4.55 -4.48 1.18 4.55 -4.48 1.23 4.22 4.46 0.94 4.53 4.46 0.69 4.53 4.46 0.69 4.22 -4.48 0.94 4.22 -4.48 0.94 4.53 -4.48 0.69 4.53 -4.48 0.69 4.50 4.46 0.71 4.47 4.46 0.73 4.44 4.46 0.76 4.41 4.46 0.78 4.39 4.46 0.80 4.36 4.46 0.82 4.33 4.46 0.85 4.30 4.46 0.87 4.28 4.46 0.89 4.25 4.46 0.92 4.50 -4.48 0.71 4.47 -4.48 0.73 4.44 -4.48 0.76 4.41 -4.48 0.78 4.39 -4.48 0.80 4.36 -4.48 0.82 4.33 -4.48 0.85 4.30 -4.48 0.87 4.28 -4.48 0.89 4.25 -4.48 0.92 4.20 4.46 0.32 4.61 4.46 0.58 4.61 4.46 0.58 4.20 -4.48 0.32 4.20 -4.48 0.32 4.61 -4.48 0.58 4.61 -4.48 0.58 4.57 4.46 0.56 4.53 4.46 0.53 4.50 4.46 0.51 4.46 4.46 0.48 4.42 4.46 0.46 4.38 4.46 0.44 4.35 4.46 0.41 4.31 4.46 0.39 4.27 4.46 0.37 4.24 4.46 0.34 4.57 -4.48 0.56 4.53 -4.48 0.53 4.50 -4.48 0.51 4.46 -4.48 0.48 4.42 -4.48 0.46 4.38 -4.48 0.44 4.35 -4.48 0.41 4.31 -4.48 0.39 4.27 -4.48 0.37 4.24 -4.48 0.34 9.56 4.46 0.63 9.56 4.46 0.05 9.56 4.46 0.05 9.56 -4.48 0.63 9.56 -4.48 0.63 9.56 -4.48 0.05 9.56 -4.48 0.05 9.56 4.46 0.11 9.56 4.46 0.16 9.55 4.46 0.21 9.55 4.46 0.26 9.55 4.46 0.32 9.55 4.46 0.37 9.55 4.46 0.42 9.55 4.46 0.48 9.55 4.46 0.53 9.56 4.46 0.58 9.56 -4.48 0.11 9.56 -4.48 0.16 9.55 -4.48 0.21 9.55 -4.48 0.26 9.55 -4.48 0.32 9.55 -4.48 0.37 9.55 -4.48 0.42 9.55 -4.48 0.48 9.55 -4.48 0.53 9.56 -4.48 0.58 9.05 4.46 0.69 9.03 4.46 0.11 9.03 4.46 0.11 9.05 -4.48 0.69 9.05 -4.48 0.69 9.03 -4.48 0.11 9.03 -4.48 0.11 9.04 4.46 0.17 9.04 4.46 0.22 9.04 4.46 0.27 9.04 4.46 0.32 9.04 4.46 0.38 9.04 4.46 0.43 9.05 4.46 0.48 9.05 4.46 0.53 9.05 4.46 0.59 9.05 4.46 0.64 9.04 -4.48 0.17 9.04 -4.48 0.22 9.04 -4.48 0.27 9.04 -4.48 0.32 9.04 -4.48 0.38 9.04 -4.48 0.43 9.04 -4.48 0.48 9.05 -4.48 0.53 9.05 -4.48 0.59 9.05 -4.48 0.64 8.54 4.46 0.75 8.51 4.46 0.17 8.51 4.46 0.17 8.54 -4.48 0.75 8.54 -4.48 0.75 8.51 -4.48 0.17 8.51 -4.48 0.17 8.51 4.46 0.22 8.51 4.46 0.28 8.51 4.46 0.33 8.52 4.46 0.38 8.52 4.46 0.43 8.52 4.46 0.49 8.53 4.46 0.54 8.53 4.46 0.59 8.53 4.46 0.64 8.53 4.46 0.70 8.51 -4.48 0.22 8.51 -4.48 0.28 8.51 -4.48 0.33 8.52 -4.48 0.38 8.52 -4.48 0.43 8.52 -4.48 0.49 8.52 -4.48 0.54 8.53 -4.48 0.59 8.53 -4.48 0.64 8.53 -4.48 0.70 8.02 4.46 0.80 7.99 4.46 0.22 7.99 4.46 0.22 8.02 -4.48 0.80 8.02 -4.48 0.80 7.99 -4.48 0.22 7.99 -4.48 0.22 7.99 4.46 0.28 7.99 4.46 0.33 8.00 4.46 0.38 8.00 4.46 0.43 8.00 4.46 0.49 8.00 4.46 0.54 8.01 4.46 0.59 8.01 4.46 0.65 8.01 4.46 0.70 8.02 4.46 0.75 7.99 -4.48 0.28 7.99 -4.48 0.33 8.00 -4.48 0.38 8.00 -4.48 0.43 8.00 -4.48 0.49 8.00 -4.48 0.54 8.01 -4.48 0.59 8.01 -4.48 0.65 8.01 -4.48 0.70 8.02 -4.48 0.75 7.50 4.46 0.85 7.47 4.46 0.27 7.47 4.46 0.27 7.50 -4.48 0.85 7.50 -4.48 0.85 7.47 -4.48 0.27 7.47 -4.48 0.27 7.47 4.46 0.33 7.47 4.46 0.38 7.48 4.46 0.43 7.48 4.46 0.48 7.48 4.46 0.54 7.49 4.46 0.59 7.49 4.46 0.64 7.49 4.46 0.69 7.50 4.46 0.75 7.50 4.46 0.80 7.47 -4.48 0.33 7.47 -4.48 0.38 7.48 -4.48 0.43 7.48 -4.48 0.48 7.48 -4.48 0.54 7.49 -4.48 0.59 7.49 -4.48 0.64 7.49 -4.48 0.69 7.50 -4.48 0.75 7.50 -4.48 0.80 4.48 -4.49 0.25 4.65 -4.49 0.37 4.65 -4.44 0.37 4.48 -4.44 0.25 4.47 -4.51 0.27 4.64 -4.51 0.39 4.63 -0.01 0.39 4.63 -0.01 0.39 4.70 -4.38 0.42 4.70 -4.38 0.42 4.65 -4.38 0.37 4.48 -4.38 0.25 4.46 -4.49 0.30 4.62 -4.49 0.41 4.71 -2.37 0.41 4.71 -4.49 0.41 4.71 -4.44 0.41 4.47 -0.01 0.28 4.47 -0.01 0.28 4.48 -2.37 0.25 4.65 -2.37 0.37 4.46 -4.44 0.30 4.62 -4.44 0.41 4.69 -4.38 0.43 4.69 -4.51 0.42 4.70 -4.44 0.42 4.70 -4.44 0.42 4.71 -4.38 0.41 4.47 -4.38 0.28 4.63 -4.38 0.39 4.67 -4.49 0.44 4.67 -4.44 0.44 4.30 -4.49 0.14 4.30 -4.44 0.14 4.30 -4.51 0.17 4.25 -4.38 0.13 4.25 -4.38 0.13 4.30 -4.38 0.14 4.30 -4.49 0.20 4.24 -2.37 0.11 4.24 -4.49 0.11 4.24 -4.44 0.11 4.30 -2.37 0.14 4.30 -4.44 0.20 4.25 -4.38 0.14 4.25 -4.51 0.14 4.25 -4.44 0.13 4.25 -4.44 0.13 4.24 -4.38 0.11 4.25 -0.01 0.13 4.25 -0.01 0.13 4.25 -0.01 0.13 4.25 -0.01 0.13 4.30 -4.38 0.18 4.25 -4.49 0.17 4.25 -4.44 0.17 4.48 4.47 0.25 4.65 4.47 0.37 4.65 4.42 0.37 4.48 4.42 0.25 4.47 4.49 0.27 4.64 4.49 0.39 4.70 4.36 0.42 4.70 4.36 0.42 4.65 4.36 0.37 4.48 4.36 0.25 4.46 4.47 0.30 4.62 4.47 0.41 4.71 -0.01 0.41 4.71 4.47 0.41 4.71 4.42 0.41 4.48 -0.01 0.25 4.65 -0.01 0.37 4.46 4.42 0.30 4.62 4.42 0.41 4.69 4.36 0.43 4.69 4.49 0.42 4.70 4.42 0.42 4.70 4.42 0.42 4.71 4.36 0.41 4.70 -0.01 0.42 4.70 -0.01 0.42 4.70 -0.01 0.42 4.70 -0.01 0.42 4.47 4.36 0.28 4.63 4.36 0.39 4.69 -0.01 0.43 4.69 -0.01 0.43 4.67 4.47 0.44 4.67 4.42 0.44 4.30 4.47 0.14 4.30 4.42 0.14 4.30 4.49 0.17 4.30 -0.01 0.18 4.30 -0.01 0.18 4.25 4.36 0.13 4.25 4.36 0.13 4.30 4.36 0.14 4.30 4.47 0.20 4.24 -0.01 0.11 4.24 4.47 0.11 4.24 4.42 0.11 4.30 -0.01 0.14 4.30 4.42 0.20 4.25 4.36 0.14 4.25 4.49 0.14 4.25 4.42 0.13 4.25 4.42 0.13 4.24 4.36 0.11 4.30 4.36 0.18 4.25 -0.01 0.14 4.25 -0.01 0.14 4.25 4.47 0.17 4.25 4.42 0.17 4.23 4.46 0.24 4.64 4.46 0.50 4.64 4.46 0.50 4.23 -4.48 0.24 4.23 -4.48 0.24 4.64 -4.48 0.50 4.64 -4.48 0.50 4.60 4.46 0.48 4.56 4.46 0.45 4.53 4.46 0.43 4.49 4.46 0.41 4.45 4.46 0.38 4.42 4.46 0.36 4.38 4.46 0.33 4.34 4.46 0.31 4.30 4.46 0.29 4.27 4.46 0.26 4.60 -4.48 0.48 4.56 -4.48 0.45 4.53 -4.48 0.43 4.49 -4.48 0.41 4.45 -4.48 0.38 4.42 -4.48 0.36 4.38 -4.48 0.33 4.34 -4.48 0.31 4.30 -4.48 0.29 4.27 -4.48 0.26 4.15 4.46 0.58 4.55 4.46 0.62 4.55 4.46 0.62 4.15 -4.48 0.58 4.15 -4.48 0.58 4.55 -4.48 0.62 4.55 -4.48 0.62 4.52 4.46 0.62 4.48 4.46 0.61 4.44 4.46 0.60 4.41 4.46 0.60 4.37 4.46 0.59 4.33 4.46 0.59 4.30 4.46 0.59 4.26 4.46 0.58 4.22 4.46 0.58 4.19 4.46 0.58 4.52 -4.48 0.62 4.48 -4.48 0.61 4.44 -4.48 0.60 4.41 -4.48 0.60 4.37 -4.48 0.59 4.33 -4.48 0.59 4.30 -4.48 0.59 4.26 -4.48 0.58 4.22 -4.48 0.58 4.19 -4.48 0.58 4.24 4.46 0.21 4.65 4.46 0.47 4.65 4.46 0.47 4.24 -4.48 0.21 4.24 -4.48 0.21 4.65 -4.48 0.47 4.65 -4.48 0.47 4.61 4.46 0.44 4.58 4.46 0.42 4.54 4.46 0.39 4.50 4.46 0.37 4.47 4.46 0.35 4.43 4.46 0.32 4.39 4.46 0.30 4.36 4.46 0.27 4.32 4.46 0.25 4.28 4.46 0.23 4.61 -4.48 0.44 4.58 -4.48 0.42 4.54 -4.48 0.39 4.50 -4.48 0.37 4.47 -4.48 0.35 4.43 -4.48 0.32 4.39 -4.48 0.30 4.36 -4.48 0.27 4.32 -4.48 0.25 4.28 -4.48 0.23 4.35 4.46 1.16 4.55 4.46 0.75 4.55 4.46 0.75 4.35 -4.48 1.16 4.35 -4.48 1.16 4.55 -4.48 0.75 4.55 -4.48 0.75 4.53 4.46 0.78 4.51 4.46 0.82 4.49 4.46 0.86 4.48 4.46 0.89 4.46 4.46 0.93 4.44 4.46 0.97 4.42 4.46 1.01 4.41 4.46 1.04 4.39 4.46 1.08 4.37 4.46 1.12 4.53 -4.48 0.78 4.51 -4.48 0.82 4.49 -4.48 0.86 4.48 -4.48 0.89 4.46 -4.48 0.93 4.44 -4.48 0.97 4.42 -4.48 1.01 4.41 -4.48 1.04 4.39 -4.48 1.08 4.37 -4.48 1.12 4.72 4.46 1.28 4.65 4.46 0.70 4.65 4.46 0.70 4.72 -4.48 1.28 4.72 -4.48 1.28 4.65 -4.48 0.70 4.65 -4.48 0.70 4.66 4.46 0.75 4.67 4.46 0.81 4.67 4.46 0.86 4.68 4.46 0.91 4.68 4.46 0.96 4.69 4.46 1.01 4.70 4.46 1.07 4.70 4.46 1.12 4.71 4.46 1.17 4.72 4.46 1.22 4.66 -4.48 0.75 4.67 -4.48 0.81 4.67 -4.48 0.86 4.68 -4.48 0.91 4.68 -4.48 0.96 4.69 -4.48 1.01 4.70 -4.48 1.07 4.70 -4.48 1.12 4.71 -4.48 1.17 4.72 -4.48 1.22
			'/>
	</Scene>
</X3D>