<?xml version="1.0" encoding="UTF-8"?>
<!DOCTYPE X3D PUBLIC "ISO//Web3D//DTD X3D 3.0//EN" "http://www.web3d.org/specifications/x3d-3.0.dtd">
<X3D version="3.0" profile="Immersive" xmlns:xsd="http://www.w3.org/2001/XMLSchema-instance" xsd:noNamespaceSchemaLocation="http://www.web3d.org/specifications/x3d-3.0.xsd">
	<head>
		<meta name="filename" content="Bool Double texture Flipp paper002edgesplit.x3d" />
		<meta name="generator" content="Blender 2.93.7" />
	</head>
	<Scene>
		<NavigationInfo headlight="true"
		                visibilityLimit="0.0"
		                type='"EXAMINE", "ANY"'
		                avatarSize="0.25, 1.75, 0.75"
		                />
		<Background DEF="WO_World"
		            groundColor="0.051 0.051 0.051"
		            skyColor="0.051 0.051 0.051"
		            />
		<Transform DEF="book_TRANSFORM"
		           translation="-92.315819 2.547369 13.725975"
		           scale="3.300685 3.135651 2.595227"
		           rotation="-1.000000 -0.000000 -0.000000 1.570796"
		           >
			<Transform DEF="book_ifs_TRANSFORM"
			           translation="-0.000003 0.000001 0.000000"
			           scale="1.000000 1.000000 1.000000"
			           rotation="0.000000 0.000000 0.000000 0.000000"
			           >
				<Group DEF="group_ME_book_001">
				</Group>
			</Transform>
			<Transform DEF="Subdivisio_TRANSFORM"
			           translation="-0.033071 0.000001 -0.008713"
			           scale="1.000000 1.000000 1.000000"
			           rotation="-0.000000 -0.707107 0.707107 3.141593"
			           >
				<Transform DEF="Subdivisio_ifs_TRANSFORM"
				           translation="-0.000001 0.000000 -0.000000"
				           scale="1.000000 1.000000 1.000000"
				           rotation="0.000000 0.000000 0.000000 0.000000"
				           >
					<Group DEF="group_ME_Subdivisio_001">
					</Group>
				</Transform>
				<Transform DEF="paper_2_po_TRANSFORM"
				           translation="-1.372745 -0.047107 -0.102353"
				           scale="1.000000 1.000000 1.000000"
				           rotation="-0.000000 -0.707107 0.707107 3.141593"
				           >
					<Transform DEF="paper_2_po_ifs_TRANSFORM"
					           translation="-0.000002 0.000000 0.000000"
					           scale="1.000000 1.000000 1.000000"
					           rotation="0.000000 0.000000 -0.000000 0.000000"
					           >
						<Group DEF="group_ME_paper_2_po_001">
						</Group>
					</Transform>
					<Transform DEF="paper_2_ro_TRANSFORM"
					           translation="-0.000002 -0.102245 0.000000"
					           scale="1.000000 1.000000 1.000000"
					           rotation="0.000000 0.000000 -0.000000 0.000000"
					           >
						<Transform DEF="paper_2_ro_ifs_TRANSFORM"
						           translation="-0.000004 0.000000 -0.000000"
						           scale="1.000000 1.000000 1.000000"
						           rotation="0.000000 0.000000 -0.000000 0.000000"
						           >
							<Group DEF="group_ME_paper_2_ro_001">
							</Group>
						</Transform>
						<Transform DEF="paper002_TRANSFORM"
						           translation="-0.105862 0.000000 0.373860"
						           scale="-1.000000 -1.000000 -1.000000"
						           rotation="0.001745 0.000000 0.999999 3.141593"
						           >
							<Transform DEF="paper002_ifs_TRANSFORM"
							           translation="0.000001 -0.000000 -0.000000"
							           scale="1.000000 1.000000 1.000000"
							           rotation="0.000000 -0.000000 0.000000 0.000000"
							           >
								<Group DEF="group_ME_paper002_001">
									<Shape>
										<Appearance>
											<Material DEF="MA_Max_MaterialID_0"
											          diffuseColor="0.800 0.800 0.800"
											          specularColor="0.401 0.401 0.401"
											          emissiveColor="0.000 0.000 0.000"
											          ambientIntensity="0.000"
											          shininess="0.500"
											          transparency="0.0"
											          />
										</Appearance>
										<IndexedFaceSet solid="false"
										                creaseAngle="6.5236"
										                texCoordIndex="0 1 2 3 -1 4 5 6 7 -1 8 9 10 11 -1 12 13 14 15 -1 16 17 18 19 -1 20 21 22 23 -1 24 25 26 27 -1 28 29 30 31 -1 32 33 34 35 -1 36 37 38 39 -1 40 41 42 43 -1 44 45 46 47 -1 48 49 50 51 -1 52 53 54 55 -1 56 57 58 59 -1 60 61 62 63 -1 64 65 66 67 -1 68 69 70 71 -1 72 73 74 75 -1 76 77 78 79 -1 80 81 82 83 -1 84 85 86 87 -1 88 89 90 91 -1 92 93 94 95 -1 96 97 98 99 -1 100 101 102 103 -1 104 105 106 107 -1 108 109 110 111 -1 112 113 114 -1 115 116 117 118 -1 119 120 121 122 -1 123 124 125 126 -1 127 128 129 130 -1 131 132 133 134 -1 135 136 137 138 -1 139 140 141 142 -1 143 144 145 146 -1 147 148 149 150 -1 151 152 153 -1 154 155 156 157 -1 158 159 160 161 -1 162 163 164 165 -1 166 167 168 169 -1 170 171 172 173 -1 174 175 176 177 -1 178 179 180 181 -1 182 183 184 185 -1 186 187 188 189 -1 190 191 192 193 -1 194 195 196 197 -1 198 199 200 201 -1 202 203 204 205 -1 206 207 208 209 -1 210 211 212 213 -1 214 215 216 -1 217 218 219 220 -1 221 222 223 224 -1 225 226 227 228 -1 229 230 231 232 -1 233 234 235 236 -1 237 238 239 240 -1 241 242 243 244 -1 245 246 247 248 -1 249 250 251 252 -1 253 254 255 256 -1 257 258 259 260 -1 261 262 263 264 -1 265 266 267 268 -1 269 270 271 272 -1 273 274 275 276 -1 277 278 279 280 -1 281 282 283 284 -1 285 286 287 288 -1 289 290 291 292 -1 293 294 295 296 -1 297 298 299 300 -1 301 302 303 304 -1 305 306 307 308 -1 309 310 311 312 -1 313 314 315 316 -1 317 318 319 320 -1 321 322 323 324 -1 325 326 327 328 -1 329 330 331 332 -1 333 334 335 336 -1 337 338 339 340 -1 341 342 343 344 -1 345 346 347 348 -1 349 350 351 352 -1 353 354 355 356 -1 357 358 359 360 -1 361 362 363 364 -1 365 366 367 368 -1 369 370 371 372 -1 373 374 375 376 -1 377 378 379 380 -1 381 382 383 384 -1 385 386 387 388 -1 389 390 391 392 -1 393 394 395 396 -1 397 398 399 400 -1 401 402 403 404 -1 405 406 407 408 -1 409 410 411 412 -1 413 414 415 416 -1 417 418 419 420 -1 421 422 423 424 -1 425 426 427 428 -1 429 430 431 432 -1 433 434 435 436 -1 437 438 439 440 -1 441 442 443 444 -1 445 446 447 448 -1 449 450 451 452 -1 453 454 455 456 -1 457 458 459 460 -1 461 462 463 464 -1 465 466 467 468 -1 469 470 471 472 -1 473 474 475 476 -1 477 478 479 480 -1 481 482 483 484 -1 485 486 487 488 -1 489 490 491 492 -1 493 494 495 496 -1 497 498 499 500 -1 501 502 503 504 -1 505 506 507 508 -1 509 510 511 512 -1 513 514 515 516 -1 517 518 519 520 -1 521 522 523 524 -1 525 526 527 528 -1 529 530 531 532 -1 533 534 535 536 -1 537 538 539 540 -1 541 542 543 544 -1 545 546 547 548 -1 549 550 551 552 -1 553 554 555 556 -1 557 558 559 560 -1 561 562 563 564 -1 565 566 567 568 -1 569 570 571 572 -1 573 574 575 576 -1 577 578 579 580 -1 581 582 583 584 -1 585 586 587 588 -1 589 590 591 592 -1 593 594 595 596 -1 597 598 599 600 -1 601 602 603 604 -1 605 606 607 608 -1 609 610 611 612 -1 613 614 615 616 -1 617 618 619 620 -1 621 622 623 624 -1 625 626 627 628 -1 629 630 631 632 -1 633 634 635 636 -1 637 638 639 640 -1 641 642 643 644 -1 645 646 647 648 -1 649 650 651 652 -1 653 654 655 656 -1 657 658 659 660 -1 661 662 663 664 -1 665 666 667 668 -1 669 670 671 672 -1 673 674 675 676 -1 677 678 679 680 -1 681 682 683 684 -1 685 686 687 688 -1 689 690 691 692 -1 693 694 695 696 -1 697 698 699 700 -1 701 702 703 704 -1 705 706 707 708 -1 709 710 711 712 -1 713 714 715 716 -1 717 718 719 720 -1 721 722 723 724 -1 725 726 727 728 -1 729 730 731 732 -1 733 734 735 736 -1 737 738 739 740 -1 741 742 743 744 -1 745 746 747 748 -1 749 750 751 752 -1 753 754 755 756 -1 757 758 759 760 -1 761 762 763 764 -1 765 766 767 768 -1 769 770 771 772 -1 773 774 775 776 -1 777 778 779 780 -1 781 782 783 784 -1 785 786 787 788 -1 789 790 791 792 -1 793 794 795 796 -1 797 798 799 800 -1 801 802 803 804 -1 805 806 807 808 -1 809 810 811 812 -1 813 814 815 816 -1 817 818 819 820 -1 821 822 823 824 -1 825 826 827 828 -1 829 830 831 832 -1 833 834 835 836 -1 837 838 839 840 -1 841 842 843 844 -1 845 846 847 848 -1 849 850 851 852 -1 853 854 855 856 -1 857 858 859 860 -1 861 862 863 864 -1 865 866 867 868 -1 869 870 871 872 -1 873 874 875 876 -1 877 878 879 880 -1 881 882 883 884 -1 885 886 887 888 -1 889 890 891 892 -1 893 894 895 896 -1 897 898 899 900 -1 901 902 903 904 -1 905 906 907 908 -1 909 910 911 912 -1 913 914 915 916 -1 917 918 919 920 -1 921 922 923 924 -1 925 926 927 928 -1 929 930 931 932 -1 933 934 935 936 -1 937 938 939 940 -1 941 942 943 944 -1 945 946 947 948 -1 949 950 951 952 -1 953 954 955 956 -1 957 958 959 960 -1 961 962 963 964 -1 965 966 967 968 -1 969 970 971 972 -1 973 974 975 976 -1 977 978 979 980 -1 981 982 983 984 -1 985 986 987 988 -1 989 990 991 992 -1 993 994 995 996 -1 997 998 999 1000 -1 1001 1002 1003 1004 -1 1005 1006 1007 1008 -1 1009 1010 1011 1012 -1 1013 1014 1015 1016 -1 1017 1018 1019 1020 -1 1021 1022 1023 1024 -1 1025 1026 1027 1028 -1 1029 1030 1031 1032 -1 1033 1034 1035 1036 -1 1037 1038 1039 1040 -1 1041 1042 1043 1044 -1 1045 1046 1047 1048 -1 1049 1050 1051 1052 -1 1053 1054 1055 1056 -1 1057 1058 1059 1060 -1 1061 1062 1063 1064 -1 1065 1066 1067 1068 -1 1069 1070 1071 1072 -1 1073 1074 1075 1076 -1 1077 1078 1079 1080 -1 1081 1082 1083 1084 -1 1085 1086 1087 1088 -1 1089 1090 1091 1092 -1 1093 1094 1095 1096 -1 1097 1098 1099 1100 -1 1101 1102 1103 1104 -1 1105 1106 1107 1108 -1 1109 1110 1111 1112 -1 1113 1114 1115 1116 -1 1117 1118 1119 1120 -1 1121 1122 1123 1124 -1 1125 1126 1127 1128 -1 1129 1130 1131 1132 -1 1133 1134 1135 1136 -1 1137 1138 1139 1140 -1 1141 1142 1143 1144 -1 1145 1146 1147 1148 -1 1149 1150 1151 1152 -1 1153 1154 1155 1156 -1 1157 1158 1159 1160 -1 1161 1162 1163 1164 -1 1165 1166 1167 1168 -1 1169 1170 1171 1172 -1 1173 1174 1175 1176 -1 1177 1178 1179 1180 -1 1181 1182 1183 1184 -1 1185 1186 1187 1188 -1 1189 1190 1191 1192 -1 1193 1194 1195 1196 -1 1197 1198 1199 1200 -1 1201 1202 1203 1204 -1 1205 1206 1207 1208 -1 1209 1210 1211 1212 -1 1213 1214 1215 1216 -1 1217 1218 1219 1220 -1 1221 1222 1223 1224 -1 1225 1226 1227 1228 -1 1229 1230 1231 1232 -1 1233 1234 1235 1236 -1 1237 1238 1239 1240 -1 1241 1242 1243 1244 -1 1245 1246 1247 1248 -1 1249 1250 1251 1252 -1 1253 1254 1255 1256 -1 1257 1258 1259 1260 -1 1261 1262 1263 1264 -1 1265 1266 1267 1268 -1 1269 1270 1271 1272 -1 1273 1274 1275 1276 -1 1277 1278 1279 1280 -1 1281 1282 1283 1284 -1 1285 1286 1287 1288 -1 1289 1290 1291 1292 -1 1293 1294 1295 1296 -1 1297 1298 1299 1300 -1 1301 1302 1303 1304 -1 1305 1306 1307 1308 -1 1309 1310 1311 1312 -1 1313 1314 1315 1316 -1 1317 1318 1319 1320 -1 1321 1322 1323 1324 -1 1325 1326 1327 1328 -1 1329 1330 1331 1332 -1 1333 1334 1335 1336 -1 1337 1338 1339 1340 -1 1341 1342 1343 1344 -1 1345 1346 1347 1348 -1 1349 1350 1351 1352 -1 1353 1354 1355 1356 -1 1357 1358 1359 1360 -1 1361 1362 1363 1364 -1 1365 1366 1367 1368 -1 1369 1370 1371 1372 -1 1373 1374 1375 1376 -1 1377 1378 1379 1380 -1 1381 1382 1383 1384 -1 1385 1386 1387 1388 -1 1389 1390 1391 1392 -1 1393 1394 1395 1396 -1 1397 1398 1399 1400 -1 1401 1402 1403 1404 -1 1405 1406 1407 1408 -1 1409 1410 1411 1412 -1 1413 1414 1415 1416 -1 1417 1418 1419 1420 -1 1421 1422 1423 -1 1424 1425 1426 1427 -1 1428 1429 1430 1431 -1 1432 1433 1434 1435 -1 1436 1437 1438 1439 -1 1440 1441 1442 1443 -1 1444 1445 1446 1447 -1 1448 1449 1450 1451 -1 1452 1453 1454 -1 1455 1456 1457 1458 -1 1459 1460 1461 1462 -1 1463 1464 1465 1466 -1 1467 1468 1469 1470 -1 1471 1472 1473 1474 -1 1475 1476 1477 1478 -1 1479 1480 1481 1482 -1 1483 1484 1485 1486 -1 1487 1488 1489 1490 -1 1491 1492 1493 1494 -1 1495 1496 1497 1498 -1 1499 1500 1501 1502 -1 1503 1504 1505 1506 -1 1507 1508 1509 1510 -1 1511 1512 1513 1514 -1 1515 1516 1517 1518 -1 1519 1520 1521 1522 -1 1523 1524 1525 1526 -1 1527 1528 1529 1530 -1 1531 1532 1533 1534 -1 1535 1536 1537 1538 -1 1539 1540 1541 1542 -1 1543 1544 1545 1546 -1 1547 1548 1549 1550 -1 1551 1552 1553 1554 -1 1555 1556 1557 1558 -1 1559 1560 1561 1562 -1 1563 1564 1565 -1 1566 1567 1568 1569 -1 1570 1571 1572 1573 -1 1574 1575 1576 1577 -1 1578 1579 1580 1581 -1 1582 1583 1584 1585 -1 1586 1587 1588 1589 -1 1590 1591 1592 1593 -1 1594 1595 1596 1597 -1 1598 1599 1600 1601 -1 1602 1603 1604 1605 -1 1606 1607 1608 1609 -1 1610 1611 1612 1613 -1 1614 1615 1616 1617 -1 1618 1619 1620 1621 -1 1622 1623 1624 1625 -1 1626 1627 1628 1629 -1 1630 1631 1632 1633 -1 1634 1635 1636 1637 -1 1638 1639 1640 1641 -1 1642 1643 1644 1645 -1 1646 1647 1648 1649 -1 1650 1651 1652 1653 -1 1654 1655 1656 1657 -1 1658 1659 1660 1661 -1 1662 1663 1664 1665 -1 1666 1667 1668 1669 -1 1670 1671 1672 1673 -1 1674 1675 1676 1677 -1 1678 1679 1680 1681 -1 1682 1683 1684 1685 -1 1686 1687 1688 1689 -1 1690 1691 1692 1693 -1 1694 1695 1696 1697 -1 1698 1699 1700 1701 -1 1702 1703 1704 1705 -1 1706 1707 1708 1709 -1 1710 1711 1712 1713 -1 1714 1715 1716 1717 -1 1718 1719 1720 1721 -1 1722 1723 1724 1725 -1 1726 1727 1728 1729 -1 1730 1731 1732 1733 -1 1734 1735 1736 1737 -1 1738 1739 1740 1741 -1 1742 1743 1744 1745 -1 1746 1747 1748 1749 -1 1750 1751 1752 1753 -1 1754 1755 1756 1757 -1 1758 1759 1760 1761 -1 1762 1763 1764 1765 -1 1766 1767 1768 1769 -1 1770 1771 1772 1773 -1 1774 1775 1776 1777 -1 1778 1779 1780 1781 -1 1782 1783 1784 1785 -1 1786 1787 1788 1789 -1 1790 1791 1792 1793 -1 1794 1795 1796 1797 -1 1798 1799 1800 1801 -1 1802 1803 1804 1805 -1 1806 1807 1808 1809 -1 1810 1811 1812 1813 -1 1814 1815 1816 1817 -1 1818 1819 1820 1821 -1 1822 1823 1824 1825 -1 1826 1827 1828 1829 -1 1830 1831 1832 1833 -1 1834 1835 1836 1837 -1 1838 1839 1840 1841 -1 1842 1843 1844 1845 -1 1846 1847 1848 1849 -1 1850 1851 1852 1853 -1 1854 1855 1856 1857 -1 1858 1859 1860 1861 -1 1862 1863 1864 1865 -1 1866 1867 1868 1869 -1 1870 1871 1872 1873 -1 1874 1875 1876 1877 -1 1878 1879 1880 1881 -1 1882 1883 1884 1885 -1 1886 1887 1888 1889 -1 1890 1891 1892 1893 -1 1894 1895 1896 1897 -1 1898 1899 1900 1901 -1 1902 1903 1904 1905 -1 1906 1907 1908 1909 -1 1910 1911 1912 1913 -1 1914 1915 1916 1917 -1 1918 1919 1920 1921 -1 1922 1923 1924 1925 -1 1926 1927 1928 1929 -1 1930 1931 1932 1933 -1 1934 1935 1936 1937 -1 1938 1939 1940 1941 -1 1942 1943 1944 1945 -1 1946 1947 1948 1949 -1 1950 1951 1952 1953 -1 1954 1955 1956 1957 -1 1958 1959 1960 1961 -1 1962 1963 1964 1965 -1 1966 1967 1968 1969 -1 1970 1971 1972 1973 -1 1974 1975 1976 1977 -1 1978 1979 1980 1981 -1 1982 1983 1984 1985 -1 1986 1987 1988 1989 -1 1990 1991 1992 1993 -1 1994 1995 1996 1997 -1 1998 1999 2000 2001 -1 2002 2003 2004 2005 -1 2006 2007 2008 2009 -1 2010 2011 2012 2013 -1 2014 2015 2016 2017 -1 2018 2019 2020 2021 -1 2022 2023 2024 2025 -1 2026 2027 2028 2029 -1 2030 2031 2032 2033 -1 2034 2035 2036 2037 -1 2038 2039 2040 2041 -1 2042 2043 2044 2045 -1 2046 2047 2048 2049 -1 2050 2051 2052 2053 -1 2054 2055 2056 2057 -1 2058 2059 2060 2061 -1 2062 2063 2064 2065 -1 2066 2067 2068 2069 -1 2070 2071 2072 2073 -1 2074 2075 2076 2077 -1 2078 2079 2080 2081 -1 2082 2083 2084 2085 -1 2086 2087 2088 2089 -1 2090 2091 2092 2093 -1 2094 2095 2096 2097 -1 2098 2099 2100 2101 -1 2102 2103 2104 2105 -1 2106 2107 2108 2109 -1 2110 2111 2112 2113 -1 2114 2115 2116 2117 -1 2118 2119 2120 2121 -1 2122 2123 2124 2125 -1 2126 2127 2128 2129 -1 2130 2131 2132 2133 -1 2134 2135 2136 2137 -1 2138 2139 2140 2141 -1 2142 2143 2144 2145 -1 2146 2147 2148 2149 -1 2150 2151 2152 2153 -1 2154 2155 2156 2157 -1 2158 2159 2160 2161 -1 2162 2163 2164 2165 -1 2166 2167 2168 2169 -1 2170 2171 2172 2173 -1 2174 2175 2176 2177 -1 2178 2179 2180 2181 -1 2182 2183 2184 2185 -1 2186 2187 2188 2189 -1 2190 2191 2192 2193 -1 2194 2195 2196 2197 -1 2198 2199 2200 2201 -1 2202 2203 2204 2205 -1 2206 2207 2208 2209 -1 2210 2211 2212 2213 -1 2214 2215 2216 2217 -1 2218 2219 2220 2221 -1 2222 2223 2224 2225 -1 2226 2227 2228 2229 -1 2230 2231 2232 2233 -1 2234 2235 2236 2237 -1 2238 2239 2240 2241 -1 2242 2243 2244 2245 -1 2246 2247 2248 2249 -1 2250 2251 2252 2253 -1 2254 2255 2256 2257 -1 2258 2259 2260 2261 -1 2262 2263 2264 2265 -1 2266 2267 2268 2269 -1 2270 2271 2272 2273 -1 2274 2275 2276 2277 -1 2278 2279 2280 2281 -1 2282 2283 2284 2285 -1 2286 2287 2288 2289 -1 2290 2291 2292 2293 -1 2294 2295 2296 2297 -1 2298 2299 2300 2301 -1 2302 2303 2304 2305 -1 2306 2307 2308 2309 -1 2310 2311 2312 2313 -1 2314 2315 2316 2317 -1 2318 2319 2320 2321 -1 2322 2323 2324 2325 -1 2326 2327 2328 2329 -1 2330 2331 2332 2333 -1 2334 2335 2336 2337 -1 2338 2339 2340 2341 -1 2342 2343 2344 2345 -1 2346 2347 2348 2349 -1 2350 2351 2352 2353 -1 2354 2355 2356 2357 -1 2358 2359 2360 2361 -1 2362 2363 2364 2365 -1 2366 2367 2368 2369 -1 2370 2371 2372 2373 -1 2374 2375 2376 2377 -1 2378 2379 2380 2381 -1 2382 2383 2384 2385 -1 2386 2387 2388 2389 -1 2390 2391 2392 2393 -1 2394 2395 2396 2397 -1 2398 2399 2400 2401 -1 2402 2403 2404 2405 -1 2406 2407 2408 2409 -1 2410 2411 2412 2413 -1 2414 2415 2416 2417 -1 2418 2419 2420 2421 -1 2422 2423 2424 2425 -1 2426 2427 2428 2429 -1 2430 2431 2432 2433 -1 2434 2435 2436 2437 -1 2438 2439 2440 2441 -1 2442 2443 2444 2445 -1 2446 2447 2448 2449 -1 2450 2451 2452 2453 -1 2454 2455 2456 2457 -1 2458 2459 2460 2461 -1 2462 2463 2464 2465 -1 2466 2467 2468 2469 -1 2470 2471 2472 2473 -1 2474 2475 2476 2477 -1 2478 2479 2480 2481 -1 2482 2483 2484 2485 -1 2486 2487 2488 2489 -1 2490 2491 2492 2493 -1 2494 2495 2496 2497 -1 2498 2499 2500 2501 -1 2502 2503 2504 2505 -1 2506 2507 2508 2509 -1 2510 2511 2512 2513 -1 2514 2515 2516 2517 -1 2518 2519 2520 2521 -1 2522 2523 2524 2525 -1 2526 2527 2528 2529 -1 2530 2531 2532 2533 -1 2534 2535 2536 2537 -1 2538 2539 2540 2541 -1 2542 2543 2544 2545 -1 2546 2547 2548 2549 -1 2550 2551 2552 2553 -1 2554 2555 2556 2557 -1 "
										                coordIndex="5 59 389 373 -1 80 60 4 11 -1 107 129 507 485 -1 40 102 786 784 -1 483 487 109 105 -1 10 3 791 376 -1 43 41 375 380 -1 381 45 43 380 -1 110 104 131 137 -1 389 388 415 416 -1 118 117 144 145 -1 144 143 170 171 -1 116 115 142 143 -1 115 114 141 142 -1 114 113 140 141 -1 383 382 408 409 -1 410 384 383 409 -1 139 138 165 166 -1 62 42 44 64 -1 14 8 42 62 -1 78 58 60 80 -1 76 56 58 78 -1 74 54 56 76 -1 72 52 54 74 -1 70 50 52 72 -1 68 48 50 70 -1 66 46 48 68 -1 64 44 46 66 -1 390 61 63 -1 391 390 63 65 -1 471 460 433 444 -1 398 77 79 399 -1 155 154 127 128 -1 181 180 153 154 -1 180 179 152 153 -1 152 151 124 125 -1 178 177 150 151 -1 123 122 500 501 -1 392 391 65 -1 20 82 84 22 -1 1 18 82 20 -1 38 100 102 40 -1 36 98 100 38 -1 34 96 98 36 -1 32 94 96 34 -1 29 91 93 31 -1 26 88 90 28 -1 24 86 88 26 -1 22 84 86 24 -1 146 787 797 119 -1 133 156 129 107 -1 136 132 105 109 -1 785 16 680 792 -1 164 165 138 137 -1 380 375 401 -1 407 381 380 401 -1 199 200 173 172 -1 388 387 414 415 -1 55 53 385 386 -1 387 57 55 386 -1 386 385 411 412 -1 413 387 386 412 -1 412 411 438 439 -1 411 385 384 410 -1 193 194 167 166 -1 409 408 435 436 -1 148 147 120 121 -1 147 135 108 120 -1 237 236 209 210 -1 424 425 452 451 -1 73 75 397 396 -1 395 396 423 422 -1 69 71 395 394 -1 447 448 475 474 -1 204 203 176 177 -1 176 175 148 149 -1 186 191 164 159 -1 225 226 199 198 -1 117 116 143 144 -1 196 197 170 169 -1 168 169 142 141 -1 167 168 141 140 -1 112 111 138 139 -1 182 181 154 155 -1 126 127 154 153 -1 125 126 153 152 -1 179 178 151 152 -1 123 124 151 150 -1 173 788 787 146 -1 269 291 264 242 -1 163 158 132 136 -1 106 103 130 134 -1 111 110 137 138 -1 119 118 145 146 -1 113 112 139 140 -1 202 201 174 175 -1 774 763 352 363 -1 128 129 156 155 -1 122 123 150 149 -1 121 122 149 148 -1 251 252 225 224 -1 192 193 166 165 -1 208 207 180 181 -1 288 287 260 261 -1 286 285 258 259 -1 134 130 157 161 -1 191 192 165 164 -1 146 145 172 173 -1 140 139 166 167 -1 155 156 183 182 -1 149 150 177 176 -1 230 229 202 203 -1 137 131 159 164 -1 145 144 171 172 -1 143 142 169 170 -1 195 196 169 168 -1 767 768 357 356 -1 209 208 181 182 -1 206 205 178 179 -1 200 184 788 173 -1 156 133 160 183 -1 189 185 158 163 -1 147 148 175 174 -1 135 147 174 162 -1 161 157 804 188 -1 280 281 254 253 -1 220 221 194 193 -1 182 183 210 209 -1 231 230 203 204 -1 266 272 245 240 -1 172 171 198 199 -1 250 251 224 223 -1 183 160 187 210 -1 256 255 228 229 -1 162 174 201 190 -1 171 170 197 198 -1 273 274 247 246 -1 235 234 207 208 -1 179 180 207 206 -1 177 178 205 204 -1 218 219 192 191 -1 175 176 203 202 -1 276 277 250 249 -1 168 167 194 195 -1 236 235 208 209 -1 233 232 205 206 -1 227 211 184 200 -1 736 732 758 762 -1 188 804 793 215 -1 291 290 263 264 -1 306 307 280 279 -1 210 187 214 237 -1 190 201 228 217 -1 198 197 224 225 -1 206 207 234 233 -1 204 205 232 231 -1 257 256 229 230 -1 195 194 221 222 -1 200 199 226 227 -1 739 740 767 766 -1 723 722 641 642 -1 191 186 213 218 -1 197 196 223 224 -1 201 202 229 228 -1 193 192 219 220 -1 262 261 234 235 -1 245 246 219 218 -1 196 195 222 223 -1 290 289 262 263 -1 260 259 232 233 -1 254 794 211 227 -1 185 189 216 212 -1 215 793 238 241 -1 237 214 242 264 -1 217 228 255 244 -1 305 306 279 278 -1 233 234 261 260 -1 231 232 259 258 -1 222 221 248 249 -1 227 226 253 254 -1 218 213 240 245 -1 331 332 305 304 -1 775 774 363 364 -1 220 219 246 247 -1 223 222 249 250 -1 212 216 243 239 -1 236 237 264 263 -1 226 225 252 253 -1 284 283 256 257 -1 221 220 247 248 -1 230 231 258 257 -1 289 288 261 262 -1 272 273 246 245 -1 235 236 263 262 -1 287 286 259 260 -1 308 292 265 281 -1 241 238 803 268 -1 295 318 291 269 -1 244 255 282 271 -1 315 314 287 288 -1 340 339 312 313 -1 249 248 275 276 -1 334 335 308 307 -1 320 326 299 294 -1 327 328 301 300 -1 303 304 277 276 -1 239 243 270 267 -1 756 755 782 783 -1 253 252 279 280 -1 248 247 274 275 -1 257 258 285 284 -1 344 343 316 317 -1 252 251 278 279 -1 251 250 277 278 -1 255 256 283 282 -1 311 310 283 284 -1 316 315 288 289 -1 299 300 273 272 -1 314 313 286 287 -1 794 254 281 265 -1 268 803 795 296 -1 271 282 309 298 -1 276 275 302 303 -1 267 270 297 293 -1 663 664 745 744 -1 275 274 301 302 -1 284 285 312 311 -1 332 333 306 305 -1 278 277 304 305 -1 282 283 310 309 -1 335 796 292 308 -1 733 756 783 761 -1 342 341 314 315 -1 285 286 313 312 -1 281 280 307 308 -1 272 266 294 299 -1 274 273 300 301 -1 330 331 304 303 -1 290 291 318 317 -1 289 290 317 316 -1 338 337 310 311 -1 343 342 315 316 -1 326 327 300 299 -1 341 340 313 314 -1 296 795 319 323 -1 298 309 336 325 -1 303 302 329 330 -1 293 297 324 321 -1 302 301 328 329 -1 311 312 339 338 -1 358 359 332 331 -1 309 310 337 336 -1 778 777 366 367 -1 772 773 362 361 -1 759 764 353 348 -1 354 355 328 327 -1 317 318 345 344 -1 755 754 781 782 -1 307 306 333 334 -1 359 360 333 332 -1 362 346 796 335 -1 318 295 322 345 -1 753 752 779 780 -1 660 661 742 741 -1 749 748 775 776 -1 754 753 780 781 -1 737 738 765 764 -1 368 367 340 341 -1 323 319 800 349 -1 325 336 363 352 -1 330 329 356 357 -1 321 324 351 347 -1 329 328 355 356 -1 338 339 366 365 -1 336 337 364 363 -1 344 345 372 371 -1 334 333 360 361 -1 345 322 350 372 -1 30 33 689 688 -1 339 340 367 366 -1 335 334 361 362 -1 326 320 348 353 -1 738 739 766 765 -1 343 344 371 370 -1 662 663 744 743 -1 746 730 801 773 -1 341 342 369 368 -1 331 330 357 358 -1 337 338 365 364 -1 342 343 370 369 -1 327 326 353 354 -1 779 778 367 368 -1 760 757 805 734 -1 720 708 628 639 -1 686 687 714 713 -1 365 366 777 776 -1 640 639 666 667 -1 772 771 744 745 -1 625 648 675 653 -1 751 750 777 778 -1 745 746 773 772 -1 651 656 737 731 -1 769 768 741 742 -1 673 672 753 754 -1 656 657 738 737 -1 359 358 769 770 -1 355 354 765 766 -1 771 770 743 744 -1 752 751 778 779 -1 734 805 649 652 -1 709 705 624 627 -1 749 750 669 668 -1 35 37 691 690 -1 743 742 661 662 -1 684 685 712 711 -1 763 774 747 735 -1 741 740 659 660 -1 658 659 740 739 -1 747 748 667 666 -1 702 701 728 729 -1 756 733 653 675 -1 643 642 669 670 -1 637 638 665 664 -1 647 646 673 674 -1 726 725 644 645 -1 641 640 667 668 -1 683 684 711 710 -1 638 622 806 665 -1 644 643 670 671 -1 652 649 807 626 -1 696 695 722 723 -1 714 715 634 633 -1 662 661 634 635 -1 693 681 708 720 -1 633 632 713 714 -1 83 81 693 694 -1 679 702 729 706 -1 637 636 717 718 -1 739 738 657 658 -1 716 717 636 635 -1 685 686 713 712 -1 674 675 648 647 -1 724 723 642 643 -1 718 719 638 637 -1 677 683 710 704 -1 99 97 700 701 -1 695 694 721 722 -1 727 726 645 646 -1 692 676 799 719 -1 698 697 724 725 -1 497 481 802 470 -1 79 9 377 399 -1 7 13 379 374 -1 454 458 431 427 -1 407 408 382 381 -1 59 57 387 388 -1 389 59 388 -1 47 45 381 382 -1 383 49 47 382 -1 445 444 417 418 -1 12 61 390 378 -1 426 425 398 399 -1 65 67 393 392 -1 446 445 418 419 -1 41 6 375 -1 440 441 414 413 -1 53 51 384 385 -1 51 49 383 384 -1 75 77 398 397 -1 451 450 423 424 -1 71 73 396 395 -1 422 421 394 395 -1 67 69 394 393 -1 399 377 404 426 -1 374 379 406 402 -1 442 443 416 415 -1 463 464 437 436 -1 378 390 417 405 -1 392 393 420 419 -1 455 461 434 429 -1 441 442 415 414 -1 439 440 413 412 -1 113 114 492 491 -1 397 398 425 424 -1 126 125 503 504 -1 393 394 421 420 -1 373 389 416 400 -1 376 791 789 403 -1 434 435 408 407 -1 390 391 418 417 -1 453 452 425 426 -1 391 392 419 418 -1 414 387 413 -1 396 397 424 423 -1 449 448 421 422 -1 426 404 430 453 -1 402 406 432 428 -1 405 417 444 433 -1 419 420 447 446 -1 492 493 466 465 -1 489 490 463 462 -1 479 478 451 452 -1 420 421 448 447 -1 400 416 443 790 -1 403 789 427 431 -1 121 120 498 499 -1 122 121 499 500 -1 467 468 441 440 -1 478 477 450 451 -1 496 497 470 469 -1 410 409 436 437 -1 407 401 429 434 -1 468 469 442 441 -1 466 467 440 439 -1 411 410 437 438 -1 422 423 450 449 -1 461 462 435 434 -1 480 479 452 453 -1 476 475 448 449 -1 453 430 457 480 -1 428 432 459 456 -1 498 486 460 471 -1 446 447 474 473 -1 502 501 474 475 -1 790 443 470 802 -1 798 484 458 454 -1 490 491 464 463 -1 104 110 488 482 -1 438 437 464 465 -1 449 450 477 476 -1 439 438 465 466 -1 436 435 462 463 -1 128 127 505 506 -1 444 445 472 471 -1 445 446 473 472 -1 494 495 468 467 -1 505 504 477 478 -1 443 442 469 470 -1 117 118 496 495 -1 493 494 467 466 -1 488 489 462 461 -1 507 506 479 480 -1 503 502 475 476 -1 480 457 485 507 -1 456 459 487 483 -1 473 474 501 500 -1 119 797 481 497 -1 465 464 491 492 -1 476 477 504 503 -1 114 115 493 492 -1 111 112 490 489 -1 471 472 499 498 -1 472 473 500 499 -1 118 119 497 496 -1 120 108 486 498 -1 124 123 501 502 -1 103 106 484 798 -1 112 113 491 490 -1 461 455 482 488 -1 478 479 506 505 -1 116 117 495 494 -1 127 126 504 505 -1 469 468 495 496 -1 115 116 494 493 -1 110 111 489 488 -1 129 128 506 507 -1 125 124 502 503 -1 542 553 548 540 -1 553 554 549 548 -1 565 566 567 564 -1 593 582 581 592 -1 568 569 565 564 -1 578 587 572 566 -1 566 572 573 567 -1 597 596 575 582 -1 575 596 584 569 -1 596 597 586 584 -1 574 575 569 568 -1 583 597 582 593 -1 577 578 566 565 -1 597 583 570 586 -1 573 572 580 579 -1 585 571 587 578 -1 515 595 583 593 -1 572 587 576 580 -1 526 515 593 592 -1 587 571 591 576 -1 582 575 574 581 -1 570 583 595 590 -1 569 584 577 565 -1 584 585 578 577 -1 598 564 567 599 -1 617 592 581 611 -1 568 564 598 600 -1 609 599 605 616 -1 599 567 573 605 -1 621 611 606 620 -1 606 600 613 620 -1 620 613 615 621 -1 574 568 600 606 -1 612 617 611 621 -1 608 598 599 609 -1 621 615 603 612 -1 573 579 610 605 -1 614 609 616 604 -1 602 617 612 619 -1 605 610 607 616 -1 526 592 617 602 -1 616 607 560 604 -1 611 581 574 606 -1 603 559 619 612 -1 600 598 608 613 -1 613 608 609 614 -1 509 508 511 510 -1 537 536 529 530 -1 512 508 509 513 -1 524 510 518 535 -1 510 511 519 518 -1 539 530 521 538 -1 521 513 532 538 -1 538 532 534 539 -1 520 512 513 521 -1 531 537 530 539 -1 523 509 510 524 -1 539 534 516 531 -1 519 527 528 518 -1 533 524 535 517 -1 514 537 531 594 -1 518 528 522 535 -1 525 536 537 514 -1 535 522 589 517 -1 530 529 520 521 -1 516 588 594 531 -1 513 509 523 532 -1 532 523 524 533 -1 540 541 511 508 -1 561 551 529 536 -1 512 542 540 508 -1 549 556 545 541 -1 541 545 519 511 -1 563 562 546 551 -1 546 562 553 542 -1 562 563 555 553 -1 520 546 542 512 -1 552 563 551 561 -1 548 549 541 540 -1 563 552 543 555 -1 519 545 550 527 -1 554 544 556 549 -1 601 618 552 561 -1 545 556 547 550 -1 525 601 561 536 -1 556 544 558 547 -1 551 546 520 529 -1 543 552 618 557 -1 626 807 703 707 -1 635 634 715 716 -1 25 27 687 686 -1 682 678 705 709 -1 95 92 698 699 -1 27 30 688 687 -1 639 640 721 720 -1 689 690 717 716 -1 697 696 723 724 -1 691 692 719 718 -1 2 19 683 677 -1 646 647 728 727 -1 640 641 722 721 -1 700 699 726 727 -1 735 747 666 655 -1 631 632 659 658 -1 704 710 629 623 -1 754 755 674 673 -1 646 645 672 673 -1 730 746 665 806 -1 751 752 671 670 -1 660 659 632 633 -1 732 736 654 650 -1 664 663 636 637 -1 711 712 631 630 -1 671 672 645 644 -1 629 630 657 656 -1 668 669 642 641 -1 655 666 639 628 -1 719 799 622 638 -1 725 724 643 644 -1 650 654 627 624 -1 661 660 633 634 -1 706 729 648 625 -1 663 662 635 636 -1 712 713 632 631 -1 656 651 623 629 -1 658 657 630 631 -1 729 728 647 648 -1 710 711 630 629 -1 748 749 668 667 -1 755 756 675 674 -1 750 751 670 669 -1 746 745 664 665 -1 752 753 672 671 -1 707 703 792 680 -1 716 715 688 689 -1 718 717 690 691 -1 21 23 685 684 -1 101 99 701 702 -1 19 21 684 683 -1 87 85 695 696 -1 720 721 694 693 -1 15 101 702 679 -1 23 25 686 685 -1 727 728 701 700 -1 85 83 694 695 -1 39 0 676 692 -1 18 1 678 682 -1 725 726 699 698 -1 715 714 687 688 -1 81 17 681 693 -1 33 35 690 689 -1 89 87 696 697 -1 37 39 692 691 -1 97 95 699 700 -1 92 89 697 698 -1 764 759 731 737 -1 776 777 750 749 -1 770 769 742 743 -1 768 767 740 741 -1 774 775 748 747 -1 356 355 766 767 -1 371 372 783 782 -1 372 350 761 783 -1 370 371 782 781 -1 368 369 780 779 -1 364 365 776 775 -1 369 370 781 780 -1 354 353 764 765 -1 346 362 773 801 -1 349 800 757 760 -1 347 351 762 758 -1 361 360 771 772 -1 358 357 768 769 -1 360 359 770 771 -1 "
										                >
											<Coordinate DEF="coords_ME_paper002_001"
											            point="3.885181 4.463027 -0.195273 3.883613 4.463027 0.386168 3.883613 4.463027 0.386168 -2.567105 4.463033 -0.237835 -2.567105 4.463033 -0.237835 -2.567105 4.463033 -0.237835 -2.641677 4.463033 0.338079 -2.641677 4.463033 0.338079 -2.641677 4.463033 0.338079 -2.565464 -4.479330 -0.237825 -2.565464 -4.479330 -0.237825 -2.565464 -4.479330 -0.237825 -2.640107 -4.479330 0.338089 -2.640107 -4.479330 0.338089 -2.640107 -4.479330 0.338089 3.885179 -4.479336 -0.195274 3.885179 -4.479336 -0.195274 3.883610 -4.479336 0.386167 3.883610 -4.479336 0.386167 3.885014 4.463027 0.333318 3.885014 4.463027 0.333318 3.886162 4.463027 0.280466 3.886162 4.463027 0.280466 3.887059 4.463027 0.227613 3.887059 4.463027 0.227613 3.887705 4.463027 0.174758 3.887705 4.463027 0.174758 3.888099 4.463027 0.121901 3.888099 4.463027 0.121901 3.888099 4.463027 0.121901 3.888242 4.463027 0.069043 3.888242 4.463027 0.069043 3.888242 4.463027 0.069043 3.888133 4.463027 0.016183 3.888133 4.463027 0.016183 3.887772 4.463027 -0.036678 3.887772 4.463027 -0.036678 3.887160 4.463027 -0.089542 3.887160 4.463027 -0.089542 3.886297 4.463027 -0.142406 3.886297 4.463027 -0.142406 -2.629967 4.463033 0.285904 -2.629967 4.463033 0.285904 -2.618585 4.463033 0.233739 -2.618585 4.463033 0.233739 -2.607870 4.463033 0.181557 -2.607870 4.463033 0.181557 -2.598145 4.463033 0.129335 -2.598145 4.463033 0.129335 -2.589679 4.463033 0.077056 -2.589679 4.463033 0.077056 -2.582640 4.463033 0.024708 -2.582640 4.463033 0.024708 -2.577078 4.463033 -0.027710 -2.577078 4.463033 -0.027710 -2.572927 4.463033 -0.080189 -2.572927 4.463033 -0.080189 -2.570030 4.463033 -0.132715 -2.570030 4.463033 -0.132715 -2.568169 4.463033 -0.185269 -2.568169 4.463033 -0.185269 -2.628384 -4.479330 0.285914 -2.628384 -4.479330 0.285914 -2.616993 -4.479330 0.233749 -2.616993 -4.479330 0.233749 -2.606271 -4.479330 0.181567 -2.606271 -4.479330 0.181567 -2.596542 -4.479330 0.129345 -2.596542 -4.479330 0.129345 -2.588073 -4.479330 0.077065 -2.588073 -4.479330 0.077065 -2.581030 -4.479330 0.024717 -2.581030 -4.479330 0.024717 -2.575464 -4.479330 -0.027701 -2.575464 -4.479330 -0.027701 -2.571307 -4.479330 -0.080180 -2.571307 -4.479330 -0.080180 -2.568404 -4.479330 -0.132706 -2.568404 -4.479330 -0.132706 -2.566535 -4.479330 -0.185260 -2.566535 -4.479330 -0.185260 3.885011 -4.479336 0.333317 3.885011 -4.479336 0.333317 3.886159 -4.479336 0.280465 3.886159 -4.479336 0.280465 3.887057 -4.479336 0.227612 3.887057 -4.479336 0.227612 3.887702 -4.479336 0.174757 3.887702 -4.479336 0.174757 3.888096 -4.479336 0.121900 3.888096 -4.479336 0.121900 3.888096 -4.479336 0.121900 3.888239 -4.479336 0.069042 3.888239 -4.479336 0.069042 3.888239 -4.479336 0.069042 3.888130 -4.479336 0.016182 3.888130 -4.479336 0.016182 3.887770 -4.479336 -0.036679 3.887770 -4.479336 -0.036679 3.887157 -4.479336 -0.089542 3.887157 -4.479336 -0.089542 3.886294 -4.479336 -0.142407 3.886294 -4.479336 -0.142407 0.636572 4.463030 -0.216431 0.635003 4.463030 0.365010 0.635003 4.463030 0.365010 0.636569 -4.479332 -0.216432 0.636569 -4.479332 -0.216432 0.635000 -4.479332 0.365009 0.635000 -4.479332 0.365009 0.635146 4.463030 0.312152 0.635288 4.463030 0.259294 0.635431 4.463030 0.206435 0.635573 4.463030 0.153577 0.635716 4.463030 0.100719 0.635859 4.463030 0.047861 0.636001 4.463030 -0.004998 0.636143 4.463030 -0.057856 0.636286 4.463030 -0.110714 0.636429 4.463030 -0.163573 0.635142 -4.479332 0.312151 0.635285 -4.479332 0.259293 0.635427 -4.479332 0.206434 0.635570 -4.479332 0.153576 0.635713 -4.479332 0.100718 0.635855 -4.479332 0.047860 0.635998 -4.479332 -0.004998 0.636140 -4.479332 -0.057857 0.636283 -4.479332 -0.110715 0.636426 -4.479332 -0.163574 0.897029 4.463030 -0.214733 0.895461 4.463030 0.366708 0.895461 4.463030 0.366708 0.897026 -4.479332 -0.214734 0.897026 -4.479332 -0.214734 0.895458 -4.479332 0.366707 0.895458 -4.479332 0.366707 0.895604 4.463030 0.313849 0.895746 4.463030 0.260991 0.895889 4.463030 0.208133 0.896031 4.463030 0.155275 0.896174 4.463030 0.102417 0.896317 4.463030 0.049558 0.896459 4.463030 -0.003300 0.896601 4.463030 -0.056158 0.896744 4.463030 -0.109016 0.896887 4.463030 -0.161875 0.895600 -4.479332 0.313848 0.895743 -4.479332 0.260990 0.895885 -4.479332 0.208132 0.896028 -4.479332 0.155274 0.896171 -4.479332 0.102416 0.896313 -4.479332 0.049557 0.896456 -4.479332 -0.003301 0.896598 -4.479332 -0.056159 0.896741 -4.479332 -0.109017 0.896883 -4.479332 -0.161875 1.157488 4.463030 -0.213035 1.155919 4.463030 0.368405 1.155919 4.463030 0.368405 1.157484 -4.479332 -0.213036 1.157484 -4.479332 -0.213036 1.155916 -4.479332 0.368404 1.155916 -4.479332 0.368404 1.156062 4.463030 0.315547 1.156204 4.463030 0.262689 1.156347 4.463030 0.209831 1.156489 4.463030 0.156972 1.156632 4.463030 0.104114 1.156775 4.463030 0.051256 1.156917 4.463030 -0.001602 1.157060 4.463030 -0.054461 1.157202 4.463030 -0.107319 1.157345 4.463030 -0.160177 1.156058 -4.479332 0.315546 1.156201 -4.479332 0.262688 1.156344 -4.479332 0.209830 1.156486 -4.479332 0.156972 1.156629 -4.479332 0.104113 1.156771 -4.479332 0.051255 1.156914 -4.479332 -0.001603 1.157056 -4.479332 -0.054461 1.157199 -4.479332 -0.107320 1.157342 -4.479332 -0.160178 1.417946 4.463030 -0.211338 1.416378 4.463030 0.370103 1.416378 4.463030 0.370103 1.417942 -4.479332 -0.211338 1.417942 -4.479332 -0.211338 1.416374 -4.479332 0.370102 1.416374 -4.479332 0.370102 1.416520 4.463030 0.317245 1.416663 4.463030 0.264386 1.416805 4.463030 0.211528 1.416948 4.463030 0.158670 1.417090 4.463030 0.105812 1.417233 4.463030 0.052953 1.417375 4.463030 0.000095 1.417518 4.463030 -0.052763 1.417660 4.463030 -0.105621 1.417803 4.463030 -0.158479 1.416517 -4.479332 0.317244 1.416659 -4.479332 0.264385 1.416802 -4.479332 0.211527 1.416945 -4.479332 0.158669 1.417087 -4.479332 0.105811 1.417230 -4.479332 0.052953 1.417372 -4.479332 0.000094 1.417515 -4.479332 -0.052764 1.417657 -4.479332 -0.105622 1.417800 -4.479332 -0.158480 1.678405 4.463030 -0.209640 1.676837 4.463030 0.371801 1.676837 4.463030 0.371801 1.678402 -4.479332 -0.209641 1.678402 -4.479332 -0.209641 1.676834 -4.479332 0.371800 1.676834 -4.479332 0.371800 1.676980 4.463030 0.318943 1.677122 4.463030 0.266084 1.677265 4.463030 0.213226 1.677407 4.463030 0.160368 1.677550 4.463030 0.107510 1.677692 4.463030 0.054651 1.677835 4.463030 0.001793 1.677977 4.463030 -0.051065 1.678120 4.463030 -0.103923 1.678262 4.463030 -0.156781 1.676976 -4.479332 0.318942 1.677119 -4.479332 0.266083 1.677261 -4.479332 0.213225 1.677404 -4.479332 0.160367 1.677547 -4.479332 0.107509 1.677689 -4.479332 0.054651 1.677831 -4.479332 0.001792 1.677974 -4.479332 -0.051066 1.678117 -4.479332 -0.103924 1.678259 -4.479332 -0.156782 1.938864 4.463030 -0.207942 1.937296 4.463030 0.373498 1.937296 4.463030 0.373498 1.938860 -4.479332 -0.207943 1.938860 -4.479332 -0.207943 1.937293 -4.479332 0.373497 1.937293 -4.479332 0.373497 1.937439 4.463030 0.320640 1.937581 4.463030 0.267782 1.937724 4.463030 0.214924 1.937866 4.463030 0.162065 1.938009 4.463030 0.109207 1.938151 4.463030 0.056349 1.938294 4.463030 0.003491 1.938436 4.463030 -0.049368 1.938579 4.463030 -0.102226 1.938721 4.463030 -0.155084 1.937435 -4.479332 0.320639 1.937578 -4.479332 0.267781 1.937720 -4.479332 0.214923 1.937863 -4.479332 0.162065 1.938005 -4.479332 0.109206 1.938148 -4.479332 0.056348 1.938290 -4.479332 0.003490 1.938433 -4.479332 -0.049368 1.938575 -4.479332 -0.102227 1.938718 -4.479332 -0.155085 2.199323 4.463030 -0.206245 2.197755 4.463030 0.375196 2.197755 4.463030 0.375196 2.199319 -4.479332 -0.206245 2.199319 -4.479332 -0.206245 2.197752 -4.479332 0.375195 2.197752 -4.479332 0.375195 2.197897 4.463030 0.322338 2.198040 4.463030 0.269480 2.198183 4.463030 0.216621 2.198325 4.463030 0.163763 2.198467 4.463030 0.110905 2.198610 4.463030 0.058047 2.198752 4.463030 0.005188 2.198895 4.463030 -0.047670 2.199038 4.463030 -0.100528 2.199180 4.463030 -0.153386 2.197894 -4.479332 0.322337 2.198037 -4.479332 0.269479 2.198179 -4.479332 0.216620 2.198322 -4.479332 0.163762 2.198464 -4.479332 0.110904 2.198606 -4.479332 0.058046 2.198749 -4.479332 0.005188 2.198892 -4.479332 -0.047671 2.199034 -4.479332 -0.100529 2.199177 -4.479332 -0.153387 2.459782 4.463030 -0.204547 2.458214 4.463030 0.376894 2.458214 4.463030 0.376894 2.459778 -4.479333 -0.204548 2.459778 -4.479333 -0.204548 2.458210 -4.479333 0.376893 2.458210 -4.479333 0.376893 2.458356 4.463030 0.324035 2.458499 4.463030 0.271177 2.458642 4.463030 0.218319 2.458784 4.463030 0.165461 2.458926 4.463030 0.112602 2.459069 4.463030 0.059744 2.459212 4.463030 0.006886 2.459354 4.463030 -0.045972 2.459496 4.463030 -0.098831 2.459639 4.463030 -0.151689 2.458353 -4.479333 0.324034 2.458496 -4.479333 0.271176 2.458638 -4.479333 0.218318 2.458781 -4.479333 0.165460 2.458923 -4.479333 0.112602 2.459065 -4.479333 0.059743 2.459208 -4.479333 0.006885 2.459351 -4.479333 -0.045973 2.459493 -4.479333 -0.098831 2.459636 -4.479333 -0.151690 2.720241 4.463029 -0.202849 2.718673 4.463029 0.378591 2.718673 4.463029 0.378591 2.720237 -4.479333 -0.202850 2.720237 -4.479333 -0.202850 2.718669 -4.479333 0.378590 2.718669 -4.479333 0.378590 2.718815 4.463029 0.325733 2.718958 4.463029 0.272875 2.719100 4.463029 0.220017 2.719243 4.463029 0.167158 2.719385 4.463029 0.114300 2.719528 4.463029 0.061442 2.719670 4.463029 0.008584 2.719813 4.463029 -0.044275 2.719955 4.463029 -0.097133 2.720098 4.463029 -0.149991 2.718812 -4.479333 0.325732 2.718955 -4.479333 0.272874 2.719097 -4.479333 0.220016 2.719240 -4.479333 0.167157 2.719382 -4.479333 0.114299 2.719524 -4.479333 0.061441 2.719667 -4.479333 0.008583 2.719810 -4.479333 -0.044276 2.719952 -4.479333 -0.097134 2.720095 -4.479333 -0.149992 2.980700 4.463029 -0.201152 2.979132 4.463029 0.380289 2.979132 4.463029 0.380289 2.980696 -4.479333 -0.201153 2.980696 -4.479333 -0.201153 2.979128 -4.479333 0.380288 2.979128 -4.479333 0.380288 2.979274 4.463029 0.327431 2.979417 4.463029 0.274572 2.979559 4.463029 0.221714 2.979702 4.463029 0.168856 2.979845 4.463029 0.115998 2.979987 4.463029 0.063139 2.980129 4.463029 0.010281 2.980272 4.463029 -0.042577 2.980414 4.463029 -0.095435 2.980557 4.463029 -0.148294 2.979271 -4.479333 0.327430 2.979413 -4.479333 0.274571 2.979556 -4.479333 0.221713 2.979698 -4.479333 0.168855 2.979841 -4.479333 0.115997 2.979983 -4.479333 0.063139 2.980126 -4.479333 0.010280 2.980268 -4.479333 -0.042578 2.980411 -4.479333 -0.095436 2.980554 -4.479333 -0.148294 -1.767140 4.463032 -0.232074 -1.812089 4.463032 0.345640 -1.812089 4.463032 0.345640 -1.765839 -4.479330 -0.232060 -1.765839 -4.479330 -0.232060 -1.810808 -4.479330 0.345658 -1.810808 -4.479330 0.345658 -1.805085 4.463032 0.293323 -1.798123 4.463032 0.241011 -1.791491 4.463032 0.188680 -1.785469 4.463032 0.136308 -1.780282 4.463032 0.083873 -1.776071 4.463032 0.031366 -1.772859 4.463032 -0.021217 -1.770560 4.463032 -0.073869 -1.768996 4.463032 -0.126575 -1.767938 4.463032 -0.179317 -1.803794 -4.479330 0.293340 -1.796825 -4.479330 0.241028 -1.790187 -4.479330 0.188698 -1.784161 -4.479330 0.136324 -1.778974 -4.479330 0.083890 -1.774762 -4.479330 0.031382 -1.771550 -4.479330 -0.021201 -1.769252 -4.479330 -0.073853 -1.767689 -4.479330 -0.126560 -1.766633 -4.479330 -0.179302 -1.258187 4.463032 -0.229203 -1.281543 4.463032 0.350301 -1.281543 4.463032 0.350301 -1.257279 -4.479330 -0.229194 -1.257279 -4.479330 -0.229194 -1.280669 -4.479330 0.350312 -1.280669 -4.479330 0.350312 -1.279351 4.463032 0.297603 -1.277109 4.463032 0.244920 -1.274848 4.463032 0.192243 -1.272599 4.463032 0.139566 -1.270389 4.463032 0.086887 -1.268234 4.463032 0.034207 -1.266138 4.463032 -0.018477 -1.264098 4.463032 -0.071163 -1.262102 4.463032 -0.123851 -1.260132 4.463032 -0.176529 -1.278472 -4.479330 0.297613 -1.276224 -4.479330 0.244929 -1.273959 -4.479330 0.192252 -1.271707 -4.479330 0.139575 -1.269493 -4.479330 0.086896 -1.267335 -4.479330 0.034216 -1.265236 -4.479330 -0.018468 -1.263193 -4.479330 -0.071155 -1.261194 -4.479330 -0.123841 -1.259222 -4.479330 -0.176520 -0.740221 4.463032 -0.225398 -0.750652 4.463032 0.355198 -0.750652 4.463032 0.355198 -0.739698 -4.479331 -0.225394 -0.739698 -4.479331 -0.225394 -0.750155 -4.479331 0.355202 -0.750155 -4.479331 0.355202 -0.749650 4.463032 0.302407 -0.748644 4.463032 0.249620 -0.747638 4.463032 0.196835 -0.746638 4.463032 0.144051 -0.745651 4.463032 0.091269 -0.744679 4.463032 0.038489 -0.743728 4.463032 -0.014290 -0.742802 4.463032 -0.067069 -0.741907 4.463032 -0.119847 -0.741044 4.463032 -0.172623 -0.749148 -4.479331 0.302412 -0.748136 -4.479331 0.249624 -0.747126 -4.479331 0.196839 -0.746123 -4.479331 0.144056 -0.745132 -4.479331 0.091274 -0.744159 -4.479331 0.038493 -0.743206 -4.479331 -0.014286 -0.742279 -4.479331 -0.067065 -0.741382 -4.479331 -0.119843 -0.740520 -4.479331 -0.172618 -0.223594 4.463031 -0.221997 -0.227969 4.463031 0.359119 -0.227969 4.463031 0.359119 -0.223354 -4.479331 -0.221996 -0.223354 -4.479331 -0.221996 -0.227747 -4.479331 0.359120 -0.227747 -4.479331 0.359120 -0.227568 4.463031 0.306284 -0.227166 4.463031 0.253450 -0.226762 4.463031 0.200616 -0.226358 4.463031 0.147783 -0.225953 4.463031 0.094950 -0.225550 4.463031 0.042114 -0.225147 4.463031 -0.010714 -0.224749 4.463031 -0.063536 -0.224357 4.463031 -0.116357 -0.223971 4.463031 -0.169177 -0.227343 -4.479331 0.306285 -0.226938 -4.479331 0.253451 -0.226531 -4.479331 0.200618 -0.226125 -4.479331 0.147784 -0.225718 -4.479331 0.094951 -0.225312 -4.479331 0.042115 -0.224910 -4.479331 -0.010713 -0.224510 -4.479331 -0.063535 -0.224117 -4.479331 -0.116356 -0.223731 -4.479331 -0.169176 0.294303 4.463030 -0.218609 0.292439 4.463030 0.362800 0.292439 4.463030 0.362800 0.294367 -4.479332 -0.218609 0.294367 -4.479332 -0.218609 0.292495 -4.479332 0.362800 0.292495 -4.479332 0.362800 0.292636 4.463030 0.309948 0.292829 4.463030 0.257095 0.293014 4.463030 0.204241 0.293193 4.463030 0.151387 0.293365 4.463030 0.098531 0.293531 4.463030 0.045675 0.293695 4.463030 -0.007182 0.293854 4.463030 -0.060038 0.294008 4.463030 -0.112895 0.294158 4.463030 -0.165752 0.292693 -4.479332 0.309947 0.292887 -4.479332 0.257095 0.293074 -4.479332 0.204240 0.293254 -4.479332 0.151386 0.293427 -4.479332 0.098530 0.293594 -4.479332 0.045674 0.293758 -4.479332 -0.007182 0.293918 -4.479332 -0.060039 0.294072 -4.479332 -0.112895 0.294222 -4.479332 -0.165752 3.931533 -4.486057 0.094771 3.930847 -4.486057 0.343233 3.930847 -4.440514 0.343233 3.931533 -4.440514 0.094771 3.914946 -4.505695 0.094663 3.910759 -4.505715 0.335693 3.904067 -0.008316 0.333185 3.904067 -0.008316 0.333185 3.915706 -4.376041 0.418310 3.915706 -4.376041 0.418310 3.930847 -4.376041 0.343233 3.931533 -4.376041 0.094771 3.890241 -4.486057 0.094502 3.886662 -4.486057 0.326655 3.928199 -2.368343 0.426999 3.928198 -4.486057 0.426999 3.928199 -4.440514 0.426999 3.908064 -0.008316 0.094619 3.908064 -0.008316 0.094619 3.931534 -2.368343 0.094771 3.930848 -2.368343 0.343233 3.890241 -4.440514 0.094502 3.886662 -4.440514 0.326655 3.903214 -4.376041 0.409621 3.909487 -4.505693 0.413984 3.911117 -4.440514 0.415118 3.911117 -4.440514 0.415118 3.928198 -4.376041 0.426999 3.908062 -4.376041 0.094618 3.904065 -4.376041 0.333184 3.886979 -4.486057 0.398328 3.886979 -4.440514 0.398328 3.932188 -4.486057 -0.153691 3.932188 -4.440514 -0.153691 3.912060 -4.505715 -0.146412 3.917452 -4.376041 -0.228963 3.917452 -4.376041 -0.228963 3.932187 -4.376041 -0.153691 3.887915 -4.486057 -0.137689 3.929991 -2.368343 -0.237488 3.929991 -4.486057 -0.237489 3.929991 -4.440514 -0.237489 3.932188 -2.368343 -0.153690 3.887915 -4.440514 -0.137689 3.904913 -4.376041 -0.220437 3.911209 -4.505693 -0.224718 3.912846 -4.440514 -0.225830 3.912846 -4.440514 -0.225830 3.929991 -4.376041 -0.237489 3.917454 -0.008316 -0.228962 3.917454 -0.008316 -0.228962 3.917454 -0.008316 -0.228962 3.917454 -0.008316 -0.228962 3.905352 -4.376041 -0.143991 3.888618 -4.486057 -0.209356 3.888618 -4.440514 -0.209356 3.931536 4.469425 0.094772 3.930850 4.469425 0.343234 3.930850 4.423882 0.343234 3.931536 4.423882 0.094772 3.914948 4.489063 0.094664 3.910762 4.489083 0.335693 3.915709 4.359409 0.418311 3.915709 4.359409 0.418311 3.930851 4.359409 0.343234 3.931536 4.359409 0.094772 3.890244 4.469425 0.094503 3.886665 4.469425 0.326656 3.928200 -0.008316 0.427000 3.928201 4.469425 0.427000 3.928201 4.423882 0.427000 3.931535 -0.008316 0.094772 3.930849 -0.008316 0.343233 3.890244 4.423882 0.094503 3.886665 4.423882 0.326656 3.903216 4.359409 0.409622 3.909490 4.489062 0.413985 3.911119 4.423882 0.415119 3.911119 4.423882 0.415119 3.928201 4.359409 0.427000 3.915708 -0.008316 0.418311 3.915708 -0.008316 0.418311 3.915708 -0.008316 0.418311 3.915708 -0.008316 0.418311 3.908065 4.359409 0.094619 3.904068 4.359409 0.333185 3.903215 -0.008316 0.409621 3.903215 -0.008316 0.409621 3.886981 4.469425 0.398329 3.886981 4.423882 0.398329 3.932190 4.469425 -0.153690 3.932190 4.423882 -0.153690 3.912062 4.489083 -0.146412 3.905354 -0.008316 -0.143991 3.905354 -0.008316 -0.143991 3.917455 4.359409 -0.228962 3.917455 4.359409 -0.228962 3.932191 4.359409 -0.153690 3.887918 4.469425 -0.137688 3.929992 -0.008316 -0.237488 3.929993 4.469425 -0.237488 3.929993 4.423882 -0.237488 3.932189 -0.008316 -0.153690 3.887918 4.423882 -0.137688 3.904916 4.359409 -0.220436 3.911212 4.489062 -0.224717 3.912848 4.423882 -0.225829 3.912848 4.423882 -0.225829 3.929993 4.359409 -0.237488 3.905355 4.359409 -0.143991 3.904915 -0.008316 -0.220436 3.904915 -0.008316 -0.220436 3.888621 4.469425 -0.209355 3.888621 4.423882 -0.209355 3.706429 4.463027 -0.196434 3.704861 4.463027 0.385006 3.704861 4.463027 0.385006 3.706426 -4.479335 -0.196435 3.706426 -4.479335 -0.196435 3.704858 -4.479335 0.385005 3.704858 -4.479335 0.385005 3.705003 4.463027 0.332148 3.705146 4.463027 0.279290 3.705289 4.463027 0.226431 3.705431 4.463027 0.173573 3.705574 4.463027 0.120715 3.705716 4.463027 0.067857 3.705859 4.463027 0.014998 3.706001 4.463027 -0.037860 3.706144 4.463027 -0.090718 3.706286 4.463027 -0.143576 3.705000 -4.479335 0.332147 3.705143 -4.479335 0.279289 3.705286 -4.479335 0.226431 3.705428 -4.479335 0.173572 3.705571 -4.479335 0.120714 3.705713 -4.479335 0.067856 3.705855 -4.479335 0.014998 3.705998 -4.479335 -0.037861 3.706141 -4.479335 -0.090719 3.706283 -4.479335 -0.143577 3.579965 4.463028 -0.197253 3.578397 4.463028 0.384187 3.578397 4.463028 0.384187 3.579962 -4.479334 -0.197254 3.579962 -4.479334 -0.197254 3.578393 -4.479334 0.384186 3.578393 -4.479334 0.384186 3.578539 4.463028 0.331329 3.578682 4.463028 0.278471 3.578825 4.463028 0.225613 3.578967 4.463028 0.172755 3.579110 4.463028 0.119896 3.579252 4.463028 0.067038 3.579395 4.463028 0.014180 3.579537 4.463028 -0.038678 3.579680 4.463028 -0.091537 3.579823 4.463028 -0.144395 3.578536 -4.479334 0.331328 3.578679 -4.479334 0.278470 3.578821 -4.479334 0.225612 3.578964 -4.479334 0.172754 3.579106 -4.479334 0.119895 3.579249 -4.479334 0.067037 3.579391 -4.479334 0.014179 3.579534 -4.479334 -0.038679 3.579676 -4.479334 -0.091537 3.579819 -4.479334 -0.144396 3.860070 4.463027 -0.195436 3.858501 4.463027 0.386004 3.858501 4.463027 0.386004 3.860067 -4.479336 -0.195437 3.860067 -4.479336 -0.195437 3.858499 -4.479336 0.386003 3.858499 -4.479336 0.386003 3.859645 4.463027 0.333152 3.860589 4.463027 0.280299 3.861332 4.463027 0.227445 3.861875 4.463027 0.174589 3.862218 4.463027 0.121732 3.862360 4.463027 0.068874 3.862303 4.463027 0.016015 3.862045 4.463027 -0.036846 3.861587 4.463027 -0.089708 3.860929 4.463027 -0.142572 3.859642 -4.479336 0.333151 3.860586 -4.479336 0.280298 3.861329 -4.479336 0.227444 3.861872 -4.479336 0.174589 3.862215 -4.479336 0.121732 3.862358 -4.479336 0.068873 3.862300 -4.479336 0.016014 3.862042 -4.479336 -0.036847 3.861584 -4.479336 -0.089709 3.860926 -4.479336 -0.142573 3.797221 4.463027 -0.195845 3.795653 4.463027 0.385596 3.795653 4.463027 0.385596 3.797218 -4.479335 -0.195846 3.797218 -4.479335 -0.195846 3.795650 -4.479335 0.385595 3.795650 -4.479335 0.385595 3.796154 4.463027 0.332740 3.796584 4.463027 0.279884 3.796942 4.463027 0.227027 3.797229 4.463027 0.174169 3.797443 4.463027 0.121312 3.797586 4.463027 0.068453 3.797656 4.463027 0.015595 3.797655 4.463027 -0.037264 3.797582 4.463027 -0.090124 3.797438 4.463027 -0.142984 3.796151 -4.479335 0.332739 3.796581 -4.479335 0.279883 3.796939 -4.479335 0.227026 3.797225 -4.479335 0.174169 3.797440 -4.479335 0.121311 3.797582 -4.479335 0.068453 3.797653 -4.479335 0.015594 3.797652 -4.479335 -0.037265 3.797579 -4.479335 -0.090125 3.797434 -4.479335 -0.142985 3.385171 4.463029 -0.198518 3.383603 4.463029 0.382923 3.383603 4.463029 0.382923 3.385168 -4.479333 -0.198519 3.385168 -4.479333 -0.198519 3.383600 -4.479333 0.382922 3.383600 -4.479333 0.382922 3.383746 4.463029 0.330065 3.383888 4.463029 0.277206 3.384031 4.463029 0.224348 3.384173 4.463029 0.171490 3.384316 4.463029 0.118632 3.384458 4.463029 0.065773 3.384601 4.463029 0.012915 3.384743 4.463029 -0.039943 3.384886 4.463029 -0.092801 3.385028 4.463029 -0.145659 3.383742 -4.479333 0.330064 3.383885 -4.479333 0.277205 3.384027 -4.479333 0.224347 3.384170 -4.479333 0.171489 3.384313 -4.479333 0.118631 3.384455 -4.479333 0.065773 3.384598 -4.479333 0.012914 3.384740 -4.479333 -0.039944 3.384883 -4.479333 -0.092802 3.385025 -4.479333 -0.145660 3.112749 4.463029 -0.200291 3.111181 4.463029 0.381150 3.111181 4.463029 0.381150 3.112745 -4.479333 -0.200292 3.112745 -4.479333 -0.200292 3.111177 -4.479333 0.381149 3.111177 -4.479333 0.381149 3.111323 4.463029 0.328291 3.111466 4.463029 0.275433 3.111608 4.463029 0.222575 3.111751 4.463029 0.169717 3.111893 4.463029 0.116858 3.112036 4.463029 0.064000 3.112178 4.463029 0.011142 3.112321 4.463029 -0.041716 3.112463 4.463029 -0.094575 3.112606 4.463029 -0.147433 3.111320 -4.479333 0.328290 3.111463 -4.479333 0.275432 3.111605 -4.479333 0.222574 3.111747 -4.479333 0.169716 3.111890 -4.479333 0.116857 3.112032 -4.479333 0.063999 3.112175 -4.479333 0.011141 3.112318 -4.479333 -0.041717 3.112460 -4.479333 -0.094575 3.112603 -4.479333 -0.147434 3.885181 4.463027 -0.195273 3.885181 4.463027 -0.195273 3.885179 -4.479336 -0.195274 0.897029 4.463030 -0.214733 1.157488 4.463030 -0.213035 -1.258187 4.463032 -0.229203 -0.740221 4.463032 -0.225398 -1.767140 4.463032 -0.232074 3.860070 4.463027 -0.195436 1.678405 4.463030 -0.209640 1.938864 4.463030 -0.207942 2.459782 4.463030 -0.204547 2.720241 4.463029 -0.202849 0.636572 4.463030 -0.216431 0.294303 4.463030 -0.218609 3.797221 4.463027 -0.195845 2.980700 4.463029 -0.201152 3.112749 4.463029 -0.200291 -0.223594 4.463031 -0.221997 2.199323 4.463030 -0.206245 1.417946 4.463030 -0.211338 3.385171 4.463029 -0.198518 3.579965 4.463028 -0.197253 3.706429 4.463027 -0.196434 "
											           opoint="3.885181 4.463027 -0.195273 3.883613 4.463027 0.386168 3.883613 4.463027 0.386168 -2.567105 4.463033 -0.237835 -2.567105 4.463033 -0.237835 -2.567105 4.463033 -0.237835 -2.641677 4.463033 0.338079 -2.641677 4.463033 0.338079 -2.641677 4.463033 0.338079 -2.565464 -4.479330 -0.237825 -2.565464 -4.479330 -0.237825 -2.565464 -4.479330 -0.237825 -2.640107 -4.479330 0.338089 -2.640107 -4.479330 0.338089 -2.640107 -4.479330 0.338089 3.885179 -4.479336 -0.195274 3.885179 -4.479336 -0.195274 3.883610 -4.479336 0.386167 3.883610 -4.479336 0.386167 3.885014 4.463027 0.333318 3.885014 4.463027 0.333318 3.886162 4.463027 0.280466 3.886162 4.463027 0.280466 3.887059 4.463027 0.227613 3.887059 4.463027 0.227613 3.887705 4.463027 0.174758 3.887705 4.463027 0.174758 3.888099 4.463027 0.121901 3.888099 4.463027 0.121901 3.888099 4.463027 0.121901 3.888242 4.463027 0.069043 3.888242 4.463027 0.069043 3.888242 4.463027 0.069043 3.888133 4.463027 0.016183 3.888133 4.463027 0.016183 3.887772 4.463027 -0.036678 3.887772 4.463027 -0.036678 3.887160 4.463027 -0.089542 3.887160 4.463027 -0.089542 3.886297 4.463027 -0.142406 3.886297 4.463027 -0.142406 -2.629967 4.463033 0.285904 -2.629967 4.463033 0.285904 -2.618585 4.463033 0.233739 -2.618585 4.463033 0.233739 -2.607870 4.463033 0.181557 -2.607870 4.463033 0.181557 -2.598145 4.463033 0.129335 -2.598145 4.463033 0.129335 -2.589679 4.463033 0.077056 -2.589679 4.463033 0.077056 -2.582640 4.463033 0.024708 -2.582640 4.463033 0.024708 -2.577078 4.463033 -0.027710 -2.577078 4.463033 -0.027710 -2.572927 4.463033 -0.080189 -2.572927 4.463033 -0.080189 -2.570030 4.463033 -0.132715 -2.570030 4.463033 -0.132715 -2.568169 4.463033 -0.185269 -2.568169 4.463033 -0.185269 -2.628384 -4.479330 0.285914 -2.628384 -4.479330 0.285914 -2.616993 -4.479330 0.233749 -2.616993 -4.479330 0.233749 -2.606271 -4.479330 0.181567 -2.606271 -4.479330 0.181567 -2.596542 -4.479330 0.129345 -2.596542 -4.479330 0.129345 -2.588073 -4.479330 0.077065 -2.588073 -4.479330 0.077065 -2.581030 -4.479330 0.024717 -2.581030 -4.479330 0.024717 -2.575464 -4.479330 -0.027701 -2.575464 -4.479330 -0.027701 -2.571307 -4.479330 -0.080180 -2.571307 -4.479330 -0.080180 -2.568404 -4.479330 -0.132706 -2.568404 -4.479330 -0.132706 -2.566535 -4.479330 -0.185260 -2.566535 -4.479330 -0.185260 3.885011 -4.479336 0.333317 3.885011 -4.479336 0.333317 3.886159 -4.479336 0.280465 3.886159 -4.479336 0.280465 3.887057 -4.479336 0.227612 3.887057 -4.479336 0.227612 3.887702 -4.479336 0.174757 3.887702 -4.479336 0.174757 3.888096 -4.479336 0.121900 3.888096 -4.479336 0.121900 3.888096 -4.479336 0.121900 3.888239 -4.479336 0.069042 3.888239 -4.479336 0.069042 3.888239 -4.479336 0.069042 3.888130 -4.479336 0.016182 3.888130 -4.479336 0.016182 3.887770 -4.479336 -0.036679 3.887770 -4.479336 -0.036679 3.887157 -4.479336 -0.089542 3.887157 -4.479336 -0.089542 3.886294 -4.479336 -0.142407 3.886294 -4.479336 -0.142407 0.636572 4.463030 -0.216431 0.635003 4.463030 0.365010 0.635003 4.463030 0.365010 0.636569 -4.479332 -0.216432 0.636569 -4.479332 -0.216432 0.635000 -4.479332 0.365009 0.635000 -4.479332 0.365009 0.635146 4.463030 0.312152 0.635288 4.463030 0.259294 0.635431 4.463030 0.206435 0.635573 4.463030 0.153577 0.635716 4.463030 0.100719 0.635859 4.463030 0.047861 0.636001 4.463030 -0.004998 0.636143 4.463030 -0.057856 0.636286 4.463030 -0.110714 0.636429 4.463030 -0.163573 0.635142 -4.479332 0.312151 0.635285 -4.479332 0.259293 0.635427 -4.479332 0.206434 0.635570 -4.479332 0.153576 0.635713 -4.479332 0.100718 0.635855 -4.479332 0.047860 0.635998 -4.479332 -0.004998 0.636140 -4.479332 -0.057857 0.636283 -4.479332 -0.110715 0.636426 -4.479332 -0.163574 0.897029 4.463030 -0.214733 0.895461 4.463030 0.366708 0.895461 4.463030 0.366708 0.897026 -4.479332 -0.214734 0.897026 -4.479332 -0.214734 0.895458 -4.479332 0.366707 0.895458 -4.479332 0.366707 0.895604 4.463030 0.313849 0.895746 4.463030 0.260991 0.895889 4.463030 0.208133 0.896031 4.463030 0.155275 0.896174 4.463030 0.102417 0.896317 4.463030 0.049558 0.896459 4.463030 -0.003300 0.896601 4.463030 -0.056158 0.896744 4.463030 -0.109016 0.896887 4.463030 -0.161875 0.895600 -4.479332 0.313848 0.895743 -4.479332 0.260990 0.895885 -4.479332 0.208132 0.896028 -4.479332 0.155274 0.896171 -4.479332 0.102416 0.896313 -4.479332 0.049557 0.896456 -4.479332 -0.003301 0.896598 -4.479332 -0.056159 0.896741 -4.479332 -0.109017 0.896883 -4.479332 -0.161875 1.157488 4.463030 -0.213035 1.155919 4.463030 0.368405 1.155919 4.463030 0.368405 1.157484 -4.479332 -0.213036 1.157484 -4.479332 -0.213036 1.155916 -4.479332 0.368404 1.155916 -4.479332 0.368404 1.156062 4.463030 0.315547 1.156204 4.463030 0.262689 1.156347 4.463030 0.209831 1.156489 4.463030 0.156972 1.156632 4.463030 0.104114 1.156775 4.463030 0.051256 1.156917 4.463030 -0.001602 1.157060 4.463030 -0.054461 1.157202 4.463030 -0.107319 1.157345 4.463030 -0.160177 1.156058 -4.479332 0.315546 1.156201 -4.479332 0.262688 1.156344 -4.479332 0.209830 1.156486 -4.479332 0.156972 1.156629 -4.479332 0.104113 1.156771 -4.479332 0.051255 1.156914 -4.479332 -0.001603 1.157056 -4.479332 -0.054461 1.157199 -4.479332 -0.107320 1.157342 -4.479332 -0.160178 1.417946 4.463030 -0.211338 1.416378 4.463030 0.370103 1.416378 4.463030 0.370103 1.417942 -4.479332 -0.211338 1.417942 -4.479332 -0.211338 1.416374 -4.479332 0.370102 1.416374 -4.479332 0.370102 1.416520 4.463030 0.317245 1.416663 4.463030 0.264386 1.416805 4.463030 0.211528 1.416948 4.463030 0.158670 1.417090 4.463030 0.105812 1.417233 4.463030 0.052953 1.417375 4.463030 0.000095 1.417518 4.463030 -0.052763 1.417660 4.463030 -0.105621 1.417803 4.463030 -0.158479 1.416517 -4.479332 0.317244 1.416659 -4.479332 0.264385 1.416802 -4.479332 0.211527 1.416945 -4.479332 0.158669 1.417087 -4.479332 0.105811 1.417230 -4.479332 0.052953 1.417372 -4.479332 0.000094 1.417515 -4.479332 -0.052764 1.417657 -4.479332 -0.105622 1.417800 -4.479332 -0.158480 1.678405 4.463030 -0.209640 1.676837 4.463030 0.371801 1.676837 4.463030 0.371801 1.678402 -4.479332 -0.209641 1.678402 -4.479332 -0.209641 1.676834 -4.479332 0.371800 1.676834 -4.479332 0.371800 1.676980 4.463030 0.318943 1.677122 4.463030 0.266084 1.677265 4.463030 0.213226 1.677407 4.463030 0.160368 1.677550 4.463030 0.107510 1.677692 4.463030 0.054651 1.677835 4.463030 0.001793 1.677977 4.463030 -0.051065 1.678120 4.463030 -0.103923 1.678262 4.463030 -0.156781 1.676976 -4.479332 0.318942 1.677119 -4.479332 0.266083 1.677261 -4.479332 0.213225 1.677404 -4.479332 0.160367 1.677547 -4.479332 0.107509 1.677689 -4.479332 0.054651 1.677831 -4.479332 0.001792 1.677974 -4.479332 -0.051066 1.678117 -4.479332 -0.103924 1.678259 -4.479332 -0.156782 1.938864 4.463030 -0.207942 1.937296 4.463030 0.373498 1.937296 4.463030 0.373498 1.938860 -4.479332 -0.207943 1.938860 -4.479332 -0.207943 1.937293 -4.479332 0.373497 1.937293 -4.479332 0.373497 1.937439 4.463030 0.320640 1.937581 4.463030 0.267782 1.937724 4.463030 0.214924 1.937866 4.463030 0.162065 1.938009 4.463030 0.109207 1.938151 4.463030 0.056349 1.938294 4.463030 0.003491 1.938436 4.463030 -0.049368 1.938579 4.463030 -0.102226 1.938721 4.463030 -0.155084 1.937435 -4.479332 0.320639 1.937578 -4.479332 0.267781 1.937720 -4.479332 0.214923 1.937863 -4.479332 0.162065 1.938005 -4.479332 0.109206 1.938148 -4.479332 0.056348 1.938290 -4.479332 0.003490 1.938433 -4.479332 -0.049368 1.938575 -4.479332 -0.102227 1.938718 -4.479332 -0.155085 2.199323 4.463030 -0.206245 2.197755 4.463030 0.375196 2.197755 4.463030 0.375196 2.199319 -4.479332 -0.206245 2.199319 -4.479332 -0.206245 2.197752 -4.479332 0.375195 2.197752 -4.479332 0.375195 2.197897 4.463030 0.322338 2.198040 4.463030 0.269480 2.198183 4.463030 0.216621 2.198325 4.463030 0.163763 2.198467 4.463030 0.110905 2.198610 4.463030 0.058047 2.198752 4.463030 0.005188 2.198895 4.463030 -0.047670 2.199038 4.463030 -0.100528 2.199180 4.463030 -0.153386 2.197894 -4.479332 0.322337 2.198037 -4.479332 0.269479 2.198179 -4.479332 0.216620 2.198322 -4.479332 0.163762 2.198464 -4.479332 0.110904 2.198606 -4.479332 0.058046 2.198749 -4.479332 0.005188 2.198892 -4.479332 -0.047671 2.199034 -4.479332 -0.100529 2.199177 -4.479332 -0.153387 2.459782 4.463030 -0.204547 2.458214 4.463030 0.376894 2.458214 4.463030 0.376894 2.459778 -4.479333 -0.204548 2.459778 -4.479333 -0.204548 2.458210 -4.479333 0.376893 2.458210 -4.479333 0.376893 2.458356 4.463030 0.324035 2.458499 4.463030 0.271177 2.458642 4.463030 0.218319 2.458784 4.463030 0.165461 2.458926 4.463030 0.112602 2.459069 4.463030 0.059744 2.459212 4.463030 0.006886 2.459354 4.463030 -0.045972 2.459496 4.463030 -0.098831 2.459639 4.463030 -0.151689 2.458353 -4.479333 0.324034 2.458496 -4.479333 0.271176 2.458638 -4.479333 0.218318 2.458781 -4.479333 0.165460 2.458923 -4.479333 0.112602 2.459065 -4.479333 0.059743 2.459208 -4.479333 0.006885 2.459351 -4.479333 -0.045973 2.459493 -4.479333 -0.098831 2.459636 -4.479333 -0.151690 2.720241 4.463029 -0.202849 2.718673 4.463029 0.378591 2.718673 4.463029 0.378591 2.720237 -4.479333 -0.202850 2.720237 -4.479333 -0.202850 2.718669 -4.479333 0.378590 2.718669 -4.479333 0.378590 2.718815 4.463029 0.325733 2.718958 4.463029 0.272875 2.719100 4.463029 0.220017 2.719243 4.463029 0.167158 2.719385 4.463029 0.114300 2.719528 4.463029 0.061442 2.719670 4.463029 0.008584 2.719813 4.463029 -0.044275 2.719955 4.463029 -0.097133 2.720098 4.463029 -0.149991 2.718812 -4.479333 0.325732 2.718955 -4.479333 0.272874 2.719097 -4.479333 0.220016 2.719240 -4.479333 0.167157 2.719382 -4.479333 0.114299 2.719524 -4.479333 0.061441 2.719667 -4.479333 0.008583 2.719810 -4.479333 -0.044276 2.719952 -4.479333 -0.097134 2.720095 -4.479333 -0.149992 2.980700 4.463029 -0.201152 2.979132 4.463029 0.380289 2.979132 4.463029 0.380289 2.980696 -4.479333 -0.201153 2.980696 -4.479333 -0.201153 2.979128 -4.479333 0.380288 2.979128 -4.479333 0.380288 2.979274 4.463029 0.327431 2.979417 4.463029 0.274572 2.979559 4.463029 0.221714 2.979702 4.463029 0.168856 2.979845 4.463029 0.115998 2.979987 4.463029 0.063139 2.980129 4.463029 0.010281 2.980272 4.463029 -0.042577 2.980414 4.463029 -0.095435 2.980557 4.463029 -0.148294 2.979271 -4.479333 0.327430 2.979413 -4.479333 0.274571 2.979556 -4.479333 0.221713 2.979698 -4.479333 0.168855 2.979841 -4.479333 0.115997 2.979983 -4.479333 0.063139 2.980126 -4.479333 0.010280 2.980268 -4.479333 -0.042578 2.980411 -4.479333 -0.095436 2.980554 -4.479333 -0.148294 -1.767140 4.463032 -0.232074 -1.812089 4.463032 0.345640 -1.812089 4.463032 0.345640 -1.765839 -4.479330 -0.232060 -1.765839 -4.479330 -0.232060 -1.810808 -4.479330 0.345658 -1.810808 -4.479330 0.345658 -1.805085 4.463032 0.293323 -1.798123 4.463032 0.241011 -1.791491 4.463032 0.188680 -1.785469 4.463032 0.136308 -1.780282 4.463032 0.083873 -1.776071 4.463032 0.031366 -1.772859 4.463032 -0.021217 -1.770560 4.463032 -0.073869 -1.768996 4.463032 -0.126575 -1.767938 4.463032 -0.179317 -1.803794 -4.479330 0.293340 -1.796825 -4.479330 0.241028 -1.790187 -4.479330 0.188698 -1.784161 -4.479330 0.136324 -1.778974 -4.479330 0.083890 -1.774762 -4.479330 0.031382 -1.771550 -4.479330 -0.021201 -1.769252 -4.479330 -0.073853 -1.767689 -4.479330 -0.126560 -1.766633 -4.479330 -0.179302 -1.258187 4.463032 -0.229203 -1.281543 4.463032 0.350301 -1.281543 4.463032 0.350301 -1.257279 -4.479330 -0.229194 -1.257279 -4.479330 -0.229194 -1.280669 -4.479330 0.350312 -1.280669 -4.479330 0.350312 -1.279351 4.463032 0.297603 -1.277109 4.463032 0.244920 -1.274848 4.463032 0.192243 -1.272599 4.463032 0.139566 -1.270389 4.463032 0.086887 -1.268234 4.463032 0.034207 -1.266138 4.463032 -0.018477 -1.264098 4.463032 -0.071163 -1.262102 4.463032 -0.123851 -1.260132 4.463032 -0.176529 -1.278472 -4.479330 0.297613 -1.276224 -4.479330 0.244929 -1.273959 -4.479330 0.192252 -1.271707 -4.479330 0.139575 -1.269493 -4.479330 0.086896 -1.267335 -4.479330 0.034216 -1.265236 -4.479330 -0.018468 -1.263193 -4.479330 -0.071155 -1.261194 -4.479330 -0.123841 -1.259222 -4.479330 -0.176520 -0.740221 4.463032 -0.225398 -0.750652 4.463032 0.355198 -0.750652 4.463032 0.355198 -0.739698 -4.479331 -0.225394 -0.739698 -4.479331 -0.225394 -0.750155 -4.479331 0.355202 -0.750155 -4.479331 0.355202 -0.749650 4.463032 0.302407 -0.748644 4.463032 0.249620 -0.747638 4.463032 0.196835 -0.746638 4.463032 0.144051 -0.745651 4.463032 0.091269 -0.744679 4.463032 0.038489 -0.743728 4.463032 -0.014290 -0.742802 4.463032 -0.067069 -0.741907 4.463032 -0.119847 -0.741044 4.463032 -0.172623 -0.749148 -4.479331 0.302412 -0.748136 -4.479331 0.249624 -0.747126 -4.479331 0.196839 -0.746123 -4.479331 0.144056 -0.745132 -4.479331 0.091274 -0.744159 -4.479331 0.038493 -0.743206 -4.479331 -0.014286 -0.742279 -4.479331 -0.067065 -0.741382 -4.479331 -0.119843 -0.740520 -4.479331 -0.172618 -0.223594 4.463031 -0.221997 -0.227969 4.463031 0.359119 -0.227969 4.463031 0.359119 -0.223354 -4.479331 -0.221996 -0.223354 -4.479331 -0.221996 -0.227747 -4.479331 0.359120 -0.227747 -4.479331 0.359120 -0.227568 4.463031 0.306284 -0.227166 4.463031 0.253450 -0.226762 4.463031 0.200616 -0.226358 4.463031 0.147783 -0.225953 4.463031 0.094950 -0.225550 4.463031 0.042114 -0.225147 4.463031 -0.010714 -0.224749 4.463031 -0.063536 -0.224357 4.463031 -0.116357 -0.223971 4.463031 -0.169177 -0.227343 -4.479331 0.306285 -0.226938 -4.479331 0.253451 -0.226531 -4.479331 0.200618 -0.226125 -4.479331 0.147784 -0.225718 -4.479331 0.094951 -0.225312 -4.479331 0.042115 -0.224910 -4.479331 -0.010713 -0.224510 -4.479331 -0.063535 -0.224117 -4.479331 -0.116356 -0.223731 -4.479331 -0.169176 0.294303 4.463030 -0.218609 0.292439 4.463030 0.362800 0.292439 4.463030 0.362800 0.294367 -4.479332 -0.218609 0.294367 -4.479332 -0.218609 0.292495 -4.479332 0.362800 0.292495 -4.479332 0.362800 0.292636 4.463030 0.309948 0.292829 4.463030 0.257095 0.293014 4.463030 0.204241 0.293193 4.463030 0.151387 0.293365 4.463030 0.098531 0.293531 4.463030 0.045675 0.293695 4.463030 -0.007182 0.293854 4.463030 -0.060038 0.294008 4.463030 -0.112895 0.294158 4.463030 -0.165752 0.292693 -4.479332 0.309947 0.292887 -4.479332 0.257095 0.293074 -4.479332 0.204240 0.293254 -4.479332 0.151386 0.293427 -4.479332 0.098530 0.293594 -4.479332 0.045674 0.293758 -4.479332 -0.007182 0.293918 -4.479332 -0.060039 0.294072 -4.479332 -0.112895 0.294222 -4.479332 -0.165752 3.931533 -4.486057 0.094771 3.930847 -4.486057 0.343233 3.930847 -4.440514 0.343233 3.931533 -4.440514 0.094771 3.914946 -4.505695 0.094663 3.910759 -4.505715 0.335693 3.904067 -0.008316 0.333185 3.904067 -0.008316 0.333185 3.915706 -4.376041 0.418310 3.915706 -4.376041 0.418310 3.930847 -4.376041 0.343233 3.931533 -4.376041 0.094771 3.890241 -4.486057 0.094502 3.886662 -4.486057 0.326655 3.928199 -2.368343 0.426999 3.928198 -4.486057 0.426999 3.928199 -4.440514 0.426999 3.908064 -0.008316 0.094619 3.908064 -0.008316 0.094619 3.931534 -2.368343 0.094771 3.930848 -2.368343 0.343233 3.890241 -4.440514 0.094502 3.886662 -4.440514 0.326655 3.903214 -4.376041 0.409621 3.909487 -4.505693 0.413984 3.911117 -4.440514 0.415118 3.911117 -4.440514 0.415118 3.928198 -4.376041 0.426999 3.908062 -4.376041 0.094618 3.904065 -4.376041 0.333184 3.886979 -4.486057 0.398328 3.886979 -4.440514 0.398328 3.932188 -4.486057 -0.153691 3.932188 -4.440514 -0.153691 3.912060 -4.505715 -0.146412 3.917452 -4.376041 -0.228963 3.917452 -4.376041 -0.228963 3.932187 -4.376041 -0.153691 3.887915 -4.486057 -0.137689 3.929991 -2.368343 -0.237488 3.929991 -4.486057 -0.237489 3.929991 -4.440514 -0.237489 3.932188 -2.368343 -0.153690 3.887915 -4.440514 -0.137689 3.904913 -4.376041 -0.220437 3.911209 -4.505693 -0.224718 3.912846 -4.440514 -0.225830 3.912846 -4.440514 -0.225830 3.929991 -4.376041 -0.237489 3.917454 -0.008316 -0.228962 3.917454 -0.008316 -0.228962 3.917454 -0.008316 -0.228962 3.917454 -0.008316 -0.228962 3.905352 -4.376041 -0.143991 3.888618 -4.486057 -0.209356 3.888618 -4.440514 -0.209356 3.931536 4.469425 0.094772 3.930850 4.469425 0.343234 3.930850 4.423882 0.343234 3.931536 4.423882 0.094772 3.914948 4.489063 0.094664 3.910762 4.489083 0.335693 3.915709 4.359409 0.418311 3.915709 4.359409 0.418311 3.930851 4.359409 0.343234 3.931536 4.359409 0.094772 3.890244 4.469425 0.094503 3.886665 4.469425 0.326656 3.928200 -0.008316 0.427000 3.928201 4.469425 0.427000 3.928201 4.423882 0.427000 3.931535 -0.008316 0.094772 3.930849 -0.008316 0.343233 3.890244 4.423882 0.094503 3.886665 4.423882 0.326656 3.903216 4.359409 0.409622 3.909490 4.489062 0.413985 3.911119 4.423882 0.415119 3.911119 4.423882 0.415119 3.928201 4.359409 0.427000 3.915708 -0.008316 0.418311 3.915708 -0.008316 0.418311 3.915708 -0.008316 0.418311 3.915708 -0.008316 0.418311 3.908065 4.359409 0.094619 3.904068 4.359409 0.333185 3.903215 -0.008316 0.409621 3.903215 -0.008316 0.409621 3.886981 4.469425 0.398329 3.886981 4.423882 0.398329 3.932190 4.469425 -0.153690 3.932190 4.423882 -0.153690 3.912062 4.489083 -0.146412 3.905354 -0.008316 -0.143991 3.905354 -0.008316 -0.143991 3.917455 4.359409 -0.228962 3.917455 4.359409 -0.228962 3.932191 4.359409 -0.153690 3.887918 4.469425 -0.137688 3.929992 -0.008316 -0.237488 3.929993 4.469425 -0.237488 3.929993 4.423882 -0.237488 3.932189 -0.008316 -0.153690 3.887918 4.423882 -0.137688 3.904916 4.359409 -0.220436 3.911212 4.489062 -0.224717 3.912848 4.423882 -0.225829 3.912848 4.423882 -0.225829 3.929993 4.359409 -0.237488 3.905355 4.359409 -0.143991 3.904915 -0.008316 -0.220436 3.904915 -0.008316 -0.220436 3.888621 4.469425 -0.209355 3.888621 4.423882 -0.209355 3.706429 4.463027 -0.196434 3.704861 4.463027 0.385006 3.704861 4.463027 0.385006 3.706426 -4.479335 -0.196435 3.706426 -4.479335 -0.196435 3.704858 -4.479335 0.385005 3.704858 -4.479335 0.385005 3.705003 4.463027 0.332148 3.705146 4.463027 0.279290 3.705289 4.463027 0.226431 3.705431 4.463027 0.173573 3.705574 4.463027 0.120715 3.705716 4.463027 0.067857 3.705859 4.463027 0.014998 3.706001 4.463027 -0.037860 3.706144 4.463027 -0.090718 3.706286 4.463027 -0.143576 3.705000 -4.479335 0.332147 3.705143 -4.479335 0.279289 3.705286 -4.479335 0.226431 3.705428 -4.479335 0.173572 3.705571 -4.479335 0.120714 3.705713 -4.479335 0.067856 3.705855 -4.479335 0.014998 3.705998 -4.479335 -0.037861 3.706141 -4.479335 -0.090719 3.706283 -4.479335 -0.143577 3.579965 4.463028 -0.197253 3.578397 4.463028 0.384187 3.578397 4.463028 0.384187 3.579962 -4.479334 -0.197254 3.579962 -4.479334 -0.197254 3.578393 -4.479334 0.384186 3.578393 -4.479334 0.384186 3.578539 4.463028 0.331329 3.578682 4.463028 0.278471 3.578825 4.463028 0.225613 3.578967 4.463028 0.172755 3.579110 4.463028 0.119896 3.579252 4.463028 0.067038 3.579395 4.463028 0.014180 3.579537 4.463028 -0.038678 3.579680 4.463028 -0.091537 3.579823 4.463028 -0.144395 3.578536 -4.479334 0.331328 3.578679 -4.479334 0.278470 3.578821 -4.479334 0.225612 3.578964 -4.479334 0.172754 3.579106 -4.479334 0.119895 3.579249 -4.479334 0.067037 3.579391 -4.479334 0.014179 3.579534 -4.479334 -0.038679 3.579676 -4.479334 -0.091537 3.579819 -4.479334 -0.144396 3.860070 4.463027 -0.195436 3.858501 4.463027 0.386004 3.858501 4.463027 0.386004 3.860067 -4.479336 -0.195437 3.860067 -4.479336 -0.195437 3.858499 -4.479336 0.386003 3.858499 -4.479336 0.386003 3.859645 4.463027 0.333152 3.860589 4.463027 0.280299 3.861332 4.463027 0.227445 3.861875 4.463027 0.174589 3.862218 4.463027 0.121732 3.862360 4.463027 0.068874 3.862303 4.463027 0.016015 3.862045 4.463027 -0.036846 3.861587 4.463027 -0.089708 3.860929 4.463027 -0.142572 3.859642 -4.479336 0.333151 3.860586 -4.479336 0.280298 3.861329 -4.479336 0.227444 3.861872 -4.479336 0.174589 3.862215 -4.479336 0.121732 3.862358 -4.479336 0.068873 3.862300 -4.479336 0.016014 3.862042 -4.479336 -0.036847 3.861584 -4.479336 -0.089709 3.860926 -4.479336 -0.142573 3.797221 4.463027 -0.195845 3.795653 4.463027 0.385596 3.795653 4.463027 0.385596 3.797218 -4.479335 -0.195846 3.797218 -4.479335 -0.195846 3.795650 -4.479335 0.385595 3.795650 -4.479335 0.385595 3.796154 4.463027 0.332740 3.796584 4.463027 0.279884 3.796942 4.463027 0.227027 3.797229 4.463027 0.174169 3.797443 4.463027 0.121312 3.797586 4.463027 0.068453 3.797656 4.463027 0.015595 3.797655 4.463027 -0.037264 3.797582 4.463027 -0.090124 3.797438 4.463027 -0.142984 3.796151 -4.479335 0.332739 3.796581 -4.479335 0.279883 3.796939 -4.479335 0.227026 3.797225 -4.479335 0.174169 3.797440 -4.479335 0.121311 3.797582 -4.479335 0.068453 3.797653 -4.479335 0.015594 3.797652 -4.479335 -0.037265 3.797579 -4.479335 -0.090125 3.797434 -4.479335 -0.142985 3.385171 4.463029 -0.198518 3.383603 4.463029 0.382923 3.383603 4.463029 0.382923 3.385168 -4.479333 -0.198519 3.385168 -4.479333 -0.198519 3.383600 -4.479333 0.382922 3.383600 -4.479333 0.382922 3.383746 4.463029 0.330065 3.383888 4.463029 0.277206 3.384031 4.463029 0.224348 3.384173 4.463029 0.171490 3.384316 4.463029 0.118632 3.384458 4.463029 0.065773 3.384601 4.463029 0.012915 3.384743 4.463029 -0.039943 3.384886 4.463029 -0.092801 3.385028 4.463029 -0.145659 3.383742 -4.479333 0.330064 3.383885 -4.479333 0.277205 3.384027 -4.479333 0.224347 3.384170 -4.479333 0.171489 3.384313 -4.479333 0.118631 3.384455 -4.479333 0.065773 3.384598 -4.479333 0.012914 3.384740 -4.479333 -0.039944 3.384883 -4.479333 -0.092802 3.385025 -4.479333 -0.145660 3.112749 4.463029 -0.200291 3.111181 4.463029 0.381150 3.111181 4.463029 0.381150 3.112745 -4.479333 -0.200292 3.112745 -4.479333 -0.200292 3.111177 -4.479333 0.381149 3.111177 -4.479333 0.381149 3.111323 4.463029 0.328291 3.111466 4.463029 0.275433 3.111608 4.463029 0.222575 3.111751 4.463029 0.169717 3.111893 4.463029 0.116858 3.112036 4.463029 0.064000 3.112178 4.463029 0.011142 3.112321 4.463029 -0.041716 3.112463 4.463029 -0.094575 3.112606 4.463029 -0.147433 3.111320 -4.479333 0.328290 3.111463 -4.479333 0.275432 3.111605 -4.479333 0.222574 3.111747 -4.479333 0.169716 3.111890 -4.479333 0.116857 3.112032 -4.479333 0.063999 3.112175 -4.479333 0.011141 3.112318 -4.479333 -0.041717 3.112460 -4.479333 -0.094575 3.112603 -4.479333 -0.147434 "
											            />
											<TextureCoordinate point="-0.0077 1.0095 -0.0104 1.0117 -0.1381 1.0117 -0.1355 1.0095 -0.6725 1.0128 -0.2293 1.0128 -0.2293 1.0110 -0.6725 1.0110 -0.4941 1.0101 -0.4968 1.0122 -0.4459 1.0122 -0.4432 1.0101 -0.9854 1.0095 -0.9854 1.0338 -0.9821 1.0338 -0.9821 1.0095 0.7701 0.4336 0.7701 0.9948 0.7447 0.9948 0.7447 0.4336 0.9927 0.9948 0.9927 0.4326 0.9280 0.4326 0.9280 0.9948 -0.0126 1.0294 -0.0104 1.0316 -0.1355 1.0338 -0.1381 1.0316 -0.1401 1.0294 -0.0142 1.0272 -0.0126 1.0294 -0.1381 1.0316 -0.5003 1.0316 -0.4976 1.0338 -0.5364 1.0338 -0.5392 1.0316 -0.1381 1.0117 -0.1401 1.0139 -0.2179 1.0139 -0.2158 1.0117 -0.5026 1.0139 -0.5043 1.0161 -0.5432 1.0161 -0.5415 1.0139 -0.5432 1.0161 -0.5443 1.0184 -0.5832 1.0184 -0.5821 1.0161 -0.5054 1.0184 -0.5059 1.0206 -0.5449 1.0206 -0.5443 1.0184 -0.5059 1.0206 -0.5059 1.0228 -0.5449 1.0228 -0.5449 1.0206 -0.5059 1.0228 -0.5054 1.0250 -0.5443 1.0250 -0.5449 1.0228 -0.1427 1.0250 -0.1417 1.0272 -0.2179 1.0294 -0.2195 1.0272 -0.2205 1.0250 -0.1432 1.0228 -0.1427 1.0250 -0.2195 1.0272 -0.5432 1.0272 -0.5415 1.0294 -0.5804 1.0294 -0.5821 1.0272 -0.6725 1.0292 -0.2293 1.0292 -0.2293 1.0274 -0.6725 1.0274 -0.6725 1.0310 -0.2293 1.0310 -0.2293 1.0292 -0.6725 1.0292 -0.6725 1.0146 -0.2293 1.0146 -0.2293 1.0128 -0.6725 1.0128 -0.6725 1.0165 -0.2293 1.0165 -0.2293 1.0146 -0.6725 1.0146 -0.6725 1.0183 -0.2293 1.0183 -0.2293 1.0165 -0.6725 1.0165 -0.6725 1.0201 -0.2293 1.0201 -0.2293 1.0183 -0.6725 1.0183 -0.6725 1.0219 -0.2293 1.0219 -0.2293 1.0201 -0.6725 1.0201 -0.6725 1.0237 -0.2293 1.0237 -0.2293 1.0219 -0.6725 1.0219 -0.6725 1.0255 -0.2293 1.0255 -0.2293 1.0237 -0.6725 1.0237 -0.6725 1.0274 -0.2293 1.0274 -0.2293 1.0255 -0.6725 1.0255 -0.1372 1.0314 -0.0104 1.0314 -0.0126 1.0292 -0.1392 1.0292 -0.1372 1.0314 -0.0126 1.0292 -0.0142 1.0271 -0.3687 1.0314 -0.3660 1.0335 -0.2889 1.0335 -0.2915 1.0314 -0.1392 1.0144 -0.0126 1.0144 -0.0104 1.0122 -0.1372 1.0122 -0.5377 1.0144 -0.5393 1.0165 -0.5007 1.0165 -0.4990 1.0144 -0.5780 1.0165 -0.5791 1.0186 -0.5405 1.0186 -0.5393 1.0165 -0.5791 1.0186 -0.5797 1.0207 -0.5410 1.0207 -0.5405 1.0186 -0.5410 1.0207 -0.5410 1.0229 -0.5024 1.0229 -0.5024 1.0207 -0.5797 1.0229 -0.5791 1.0250 -0.5405 1.0250 -0.5410 1.0229 -0.5018 1.0250 -0.5007 1.0271 -0.4498 1.0271 -0.4508 1.0250 -0.1407 1.0271 -0.1392 1.0292 -0.0142 1.0271 0.5028 0.4336 0.5028 0.9948 0.5015 0.9948 0.5015 0.4336 0.5044 0.4336 0.5044 0.9948 0.5028 0.9948 0.5028 0.4336 -0.9880 1.0095 -0.9880 1.0338 -0.9854 1.0338 -0.9854 1.0095 -0.9900 1.0095 -0.9900 1.0338 -0.9880 1.0338 -0.9880 1.0095 -0.9913 1.0095 -0.9913 1.0338 -0.9900 1.0338 -0.9900 1.0095 -0.9920 1.0095 -0.9920 1.0338 -0.9913 1.0338 -0.9913 1.0095 -0.9251 1.0396 -0.9879 1.0396 -0.9879 1.0453 -0.9251 1.0453 0.4998 0.4336 0.4998 0.9948 0.4995 0.9948 0.4995 0.4336 0.5005 0.4336 0.5005 0.9948 0.4998 0.9948 0.4998 0.4336 0.5015 0.4336 0.5015 0.9948 0.5005 0.9948 0.5005 0.4336 -0.5392 1.0117 -0.5364 1.0095 -0.4976 1.0095 -0.5003 1.0117 -0.5326 1.0101 -0.5354 1.0122 -0.4968 1.0122 -0.4941 1.0101 0.7254 0.9948 0.7254 0.4336 0.7447 0.4336 0.7447 0.9948 0.4995 0.4326 0.4995 0.9948 0.5014 0.9948 0.5014 0.4326 -0.5781 1.0316 -0.5804 1.0294 -0.5415 1.0294 -0.5392 1.0316 -0.1381 1.0316 -0.1355 1.0338 -0.2132 1.0338 -0.2158 1.0316 -0.1401 1.0294 -0.1381 1.0316 -0.2132 1.0338 -0.6193 1.0139 -0.6170 1.0117 -0.5781 1.0117 -0.5804 1.0139 -0.1401 1.0139 -0.1417 1.0161 -0.2195 1.0161 -0.2179 1.0139 -0.0142 1.0161 -0.0153 1.0184 -0.1432 1.0206 -0.1427 1.0184 -0.1417 1.0161 -0.0126 1.0139 -0.0142 1.0161 -0.1427 1.0184 -0.1427 1.0184 -0.1432 1.0206 -0.2210 1.0228 -0.2210 1.0206 -0.2205 1.0184 -0.1417 1.0161 -0.1427 1.0184 -0.2210 1.0206 -0.2210 1.0206 -0.2210 1.0228 -0.2989 1.0228 -0.2989 1.0206 -0.2210 1.0228 -0.1432 1.0206 -0.1432 1.0228 -0.2205 1.0250 -0.6210 1.0272 -0.6221 1.0250 -0.5832 1.0250 -0.5821 1.0272 -0.2195 1.0272 -0.2179 1.0294 -0.2957 1.0294 -0.2973 1.0272 -0.5377 1.0292 -0.5354 1.0314 -0.4968 1.0314 -0.4990 1.0292 -0.5354 1.0314 -0.5326 1.0335 -0.4941 1.0335 -0.4968 1.0314 -0.6512 1.0122 -0.6535 1.0144 -0.6149 1.0144 -0.6126 1.0122 -0.2180 1.0165 -0.2164 1.0144 -0.2936 1.0144 -0.2952 1.0165 -0.0153 1.0186 -0.0142 1.0165 -0.1407 1.0165 -0.1417 1.0186 -0.1422 1.0207 -0.1417 1.0186 -0.2190 1.0186 -0.2195 1.0207 -0.0158 1.0229 -0.0158 1.0207 -0.1422 1.0207 -0.1422 1.0229 -0.2963 1.0250 -0.2968 1.0229 -0.3741 1.0229 -0.3736 1.0250 -0.6177 1.0250 -0.6166 1.0271 -0.5780 1.0271 -0.5791 1.0250 -0.5780 1.0271 -0.5763 1.0292 -0.5377 1.0292 -0.5393 1.0271 -0.6141 1.0338 -0.6170 1.0316 -0.5781 1.0316 -0.5753 1.0338 -0.6599 1.0161 -0.6582 1.0139 -0.6193 1.0139 -0.6210 1.0161 -0.5043 1.0161 -0.5054 1.0184 -0.5443 1.0184 -0.5432 1.0161 -0.6227 1.0206 -0.6221 1.0184 -0.5832 1.0184 -0.5838 1.0206 -0.5838 1.0228 -0.5838 1.0206 -0.5449 1.0206 -0.5449 1.0228 -0.5832 1.0250 -0.5838 1.0228 -0.5449 1.0228 -0.5443 1.0250 -0.5043 1.0272 -0.5026 1.0294 -0.5415 1.0294 -0.5432 1.0272 -0.5763 1.0144 -0.5780 1.0165 -0.5393 1.0165 -0.5377 1.0144 -0.5018 1.0186 -0.5007 1.0165 -0.5393 1.0165 -0.5405 1.0186 -0.5024 1.0207 -0.5018 1.0186 -0.5405 1.0186 -0.5410 1.0207 -0.5797 1.0207 -0.5797 1.0229 -0.5410 1.0229 -0.5410 1.0207 -0.5018 1.0250 -0.5024 1.0229 -0.5410 1.0229 -0.5405 1.0250 -0.5781 1.0117 -0.5753 1.0095 -0.5364 1.0095 -0.5392 1.0117 -0.7255 1.0101 -0.7284 1.0122 -0.6898 1.0122 -0.6869 1.0101 0.7061 0.9948 0.7061 0.4336 0.7254 0.4336 0.7254 0.9948 0.7448 0.9948 0.7448 0.4326 0.7251 0.4326 0.7251 0.9948 -0.5026 1.0294 -0.5003 1.0316 -0.5392 1.0316 -0.5415 1.0294 -0.5003 1.0117 -0.5026 1.0139 -0.5415 1.0139 -0.5392 1.0117 -0.5054 1.0250 -0.5043 1.0272 -0.5432 1.0272 -0.5443 1.0250 -0.6149 1.0292 -0.6126 1.0314 -0.5740 1.0314 -0.5763 1.0292 -0.8637 1.0314 -0.8607 1.0335 -0.8412 1.0335 -0.8442 1.0314 -0.4990 1.0144 -0.4968 1.0122 -0.5354 1.0122 -0.5377 1.0144 -0.5007 1.0271 -0.5018 1.0250 -0.5405 1.0250 -0.5393 1.0271 -0.4990 1.0292 -0.5007 1.0271 -0.5393 1.0271 -0.5377 1.0292 -0.7000 1.0184 -0.6988 1.0161 -0.6599 1.0161 -0.6611 1.0184 -0.6193 1.0294 -0.6210 1.0272 -0.5821 1.0272 -0.5804 1.0294 -0.6166 1.0165 -0.6177 1.0186 -0.5791 1.0186 -0.5780 1.0165 -0.7337 1.0186 -0.7342 1.0207 -0.6956 1.0207 -0.6950 1.0186 -0.7342 1.0229 -0.7337 1.0250 -0.6950 1.0250 -0.6956 1.0229 0.7251 0.9948 0.7251 0.4326 0.7054 0.4326 0.7054 0.9948 -0.6170 1.0316 -0.6193 1.0294 -0.5804 1.0294 -0.5781 1.0316 -0.5392 1.0117 -0.5415 1.0139 -0.5804 1.0139 -0.5781 1.0117 -0.5443 1.0250 -0.5432 1.0272 -0.5821 1.0272 -0.5832 1.0250 -0.5377 1.0144 -0.5354 1.0122 -0.5740 1.0122 -0.5763 1.0144 -0.5393 1.0271 -0.5405 1.0250 -0.5791 1.0250 -0.5780 1.0271 -0.6552 1.0271 -0.6535 1.0292 -0.6149 1.0292 -0.6166 1.0271 -0.5392 1.0316 -0.5364 1.0338 -0.5753 1.0338 -0.5781 1.0316 -0.5415 1.0139 -0.5432 1.0161 -0.5821 1.0161 -0.5804 1.0139 -0.5443 1.0184 -0.5449 1.0206 -0.5838 1.0206 -0.5832 1.0184 -0.6227 1.0228 -0.6227 1.0206 -0.5838 1.0206 -0.5838 1.0228 -0.8754 1.0250 -0.8760 1.0228 -0.8563 1.0228 -0.8556 1.0250 -0.6149 1.0144 -0.6166 1.0165 -0.5780 1.0165 -0.5763 1.0144 -0.6183 1.0207 -0.6183 1.0229 -0.5797 1.0229 -0.5797 1.0207 -0.6170 1.0117 -0.6141 1.0095 -0.5753 1.0095 -0.5781 1.0117 -0.5354 1.0122 -0.5326 1.0101 -0.5712 1.0101 -0.5740 1.0122 0.6869 0.9948 0.6869 0.4336 0.7061 0.4336 0.7061 0.9948 -0.5354 1.0314 -0.5377 1.0292 -0.5763 1.0292 -0.5740 1.0314 -0.5326 1.0335 -0.5354 1.0314 -0.5740 1.0314 -0.5712 1.0335 0.7054 0.9948 0.7054 0.4326 0.6858 0.4326 0.6858 0.9948 -0.7359 1.0139 -0.7336 1.0117 -0.6947 1.0117 -0.6971 1.0139 -0.6599 1.0272 -0.6611 1.0250 -0.6221 1.0250 -0.6210 1.0272 -0.5763 1.0144 -0.5740 1.0122 -0.6126 1.0122 -0.6149 1.0144 -0.6564 1.0250 -0.6552 1.0271 -0.6166 1.0271 -0.6177 1.0250 -0.7306 1.0338 -0.7336 1.0316 -0.6947 1.0316 -0.6918 1.0338 -0.5804 1.0139 -0.5821 1.0161 -0.6210 1.0161 -0.6193 1.0139 -0.7006 1.0206 -0.7000 1.0184 -0.6611 1.0184 -0.6616 1.0206 -0.5740 1.0122 -0.5712 1.0101 -0.6098 1.0101 -0.6126 1.0122 -0.6921 1.0292 -0.6898 1.0314 -0.6512 1.0314 -0.6535 1.0292 -0.5712 1.0335 -0.5740 1.0314 -0.6126 1.0314 -0.6098 1.0335 -0.5821 1.0161 -0.5832 1.0184 -0.6221 1.0184 -0.6210 1.0161 -0.7359 1.0294 -0.7377 1.0272 -0.6988 1.0272 -0.6971 1.0294 -0.6552 1.0165 -0.6564 1.0186 -0.6177 1.0186 -0.6166 1.0165 -0.5797 1.0207 -0.5791 1.0186 -0.6177 1.0186 -0.6183 1.0207 -0.5791 1.0250 -0.5797 1.0229 -0.6183 1.0229 -0.6177 1.0250 -0.6558 1.0316 -0.6582 1.0294 -0.6193 1.0294 -0.6170 1.0316 -0.5763 1.0292 -0.5780 1.0271 -0.6166 1.0271 -0.6149 1.0292 -0.7395 1.0228 -0.7395 1.0206 -0.7006 1.0206 -0.7006 1.0228 -0.5838 1.0228 -0.5832 1.0250 -0.6221 1.0250 -0.6227 1.0228 -0.6535 1.0144 -0.6552 1.0165 -0.6166 1.0165 -0.6149 1.0144 -0.6570 1.0207 -0.6570 1.0229 -0.6183 1.0229 -0.6183 1.0207 -0.6558 1.0117 -0.6529 1.0095 -0.6141 1.0095 -0.6170 1.0117 0.5414 0.9948 0.5414 0.4336 0.5615 0.4336 0.5615 0.9948 0.6858 0.9948 0.6858 0.4326 0.6661 0.4326 0.6661 0.9948 -0.7284 1.0122 -0.7307 1.0144 -0.6921 1.0144 -0.6898 1.0122 -0.7766 1.0161 -0.7748 1.0139 -0.7359 1.0139 -0.7377 1.0161 -0.6126 1.0122 -0.6098 1.0101 -0.6483 1.0101 -0.6512 1.0122 -0.6098 1.0335 -0.6126 1.0314 -0.6512 1.0314 -0.6483 1.0335 -0.6210 1.0161 -0.6221 1.0184 -0.6611 1.0184 -0.6599 1.0161 -0.6183 1.0207 -0.6177 1.0186 -0.6564 1.0186 -0.6570 1.0207 -0.6177 1.0250 -0.6183 1.0229 -0.6570 1.0229 -0.6564 1.0250 -0.6939 1.0271 -0.6921 1.0292 -0.6535 1.0292 -0.6552 1.0271 -0.6227 1.0228 -0.6221 1.0250 -0.6611 1.0250 -0.6616 1.0228 -0.6170 1.0117 -0.6193 1.0139 -0.6582 1.0139 -0.6558 1.0117 -0.9149 1.0272 -0.9161 1.0250 -0.8754 1.0250 -0.8742 1.0272 -0.9709 1.0250 -0.9696 1.0271 -0.9560 1.0271 -0.9573 1.0250 -0.6170 1.0316 -0.6141 1.0338 -0.6529 1.0338 -0.6558 1.0316 -0.6221 1.0184 -0.6227 1.0206 -0.6616 1.0206 -0.6611 1.0184 -0.6126 1.0314 -0.6149 1.0292 -0.6535 1.0292 -0.6512 1.0314 -0.6210 1.0272 -0.6193 1.0294 -0.6582 1.0294 -0.6599 1.0272 -0.6939 1.0165 -0.6950 1.0186 -0.6564 1.0186 -0.6552 1.0165 -0.6947 1.0316 -0.6971 1.0294 -0.6582 1.0294 -0.6558 1.0316 -0.6227 1.0206 -0.6227 1.0228 -0.6616 1.0228 -0.6616 1.0206 -0.7307 1.0144 -0.7325 1.0165 -0.6939 1.0165 -0.6921 1.0144 -0.6956 1.0207 -0.6956 1.0229 -0.6570 1.0229 -0.6570 1.0207 -0.6947 1.0117 -0.6918 1.0095 -0.6529 1.0095 -0.6558 1.0117 0.6869 0.4336 0.6869 0.9948 0.6676 0.9948 0.6676 0.4336 0.6661 0.9948 0.6661 0.4326 0.6464 0.4326 0.6464 0.9948 -0.6512 1.0122 -0.6483 1.0101 -0.6869 1.0101 -0.6898 1.0122 -0.6483 1.0335 -0.6512 1.0314 -0.6898 1.0314 -0.6869 1.0335 -0.7778 1.0184 -0.7766 1.0161 -0.7377 1.0161 -0.7389 1.0184 -0.6570 1.0207 -0.6564 1.0186 -0.6950 1.0186 -0.6956 1.0207 -0.6564 1.0250 -0.6570 1.0229 -0.6956 1.0229 -0.6950 1.0250 -0.6616 1.0228 -0.6611 1.0250 -0.7000 1.0250 -0.7006 1.0228 -0.6558 1.0117 -0.6582 1.0139 -0.6971 1.0139 -0.6947 1.0117 -0.6558 1.0316 -0.6529 1.0338 -0.6918 1.0338 -0.6947 1.0316 -0.8173 1.0206 -0.8167 1.0184 -0.7778 1.0184 -0.7784 1.0206 -0.8662 1.0292 -0.8637 1.0314 -0.8442 1.0314 -0.8466 1.0292 -0.6599 1.0272 -0.6582 1.0294 -0.6971 1.0294 -0.6988 1.0272 -0.6616 1.0206 -0.6616 1.0228 -0.7006 1.0228 -0.7006 1.0206 0.6676 0.4336 0.6676 0.9948 0.6484 0.9948 0.6484 0.4336 -0.6535 1.0144 -0.6512 1.0122 -0.6898 1.0122 -0.6921 1.0144 -0.6582 1.0139 -0.6599 1.0161 -0.6988 1.0161 -0.6971 1.0139 -0.7325 1.0271 -0.7307 1.0292 -0.6921 1.0292 -0.6939 1.0271 -0.6611 1.0250 -0.6599 1.0272 -0.6988 1.0272 -0.7000 1.0250 -0.6552 1.0271 -0.6564 1.0250 -0.6950 1.0250 -0.6939 1.0271 -0.7325 1.0165 -0.7337 1.0186 -0.6950 1.0186 -0.6939 1.0165 -0.7336 1.0316 -0.7359 1.0294 -0.6971 1.0294 -0.6947 1.0316 -0.6552 1.0165 -0.6535 1.0144 -0.6921 1.0144 -0.6939 1.0165 -0.7342 1.0207 -0.7342 1.0229 -0.6956 1.0229 -0.6956 1.0207 -0.7725 1.0117 -0.7695 1.0095 -0.7306 1.0095 -0.7336 1.0117 0.6464 0.9948 0.6464 0.4326 0.6268 0.4326 0.6268 0.9948 -0.7640 1.0101 -0.7670 1.0122 -0.7284 1.0122 -0.7255 1.0101 -0.6869 1.0335 -0.6898 1.0314 -0.7284 1.0314 -0.7255 1.0335 -0.7723 1.0186 -0.7729 1.0207 -0.7342 1.0207 -0.7337 1.0186 -0.8115 1.0229 -0.8109 1.0250 -0.7723 1.0250 -0.7729 1.0229 -0.7006 1.0228 -0.7000 1.0250 -0.7389 1.0250 -0.7395 1.0228 -0.8137 1.0139 -0.8113 1.0117 -0.7725 1.0117 -0.7748 1.0139 -0.8083 1.0338 -0.8113 1.0316 -0.7725 1.0316 -0.7695 1.0338 -0.8137 1.0294 -0.8155 1.0272 -0.7766 1.0272 -0.7748 1.0294 -0.7784 1.0228 -0.7784 1.0206 -0.7395 1.0206 -0.7395 1.0228 0.6484 0.4336 0.6484 0.9948 0.6291 0.9948 0.6291 0.4336 -0.9041 1.0122 -0.9065 1.0144 -0.8662 1.0144 -0.8637 1.0122 -0.6971 1.0139 -0.6988 1.0161 -0.7377 1.0161 -0.7359 1.0139 -0.7000 1.0250 -0.6988 1.0272 -0.7377 1.0272 -0.7389 1.0250 -0.6939 1.0271 -0.6950 1.0250 -0.7337 1.0250 -0.7325 1.0271 -0.8080 1.0144 -0.8098 1.0165 -0.7711 1.0165 -0.7694 1.0144 -0.6988 1.0161 -0.7000 1.0184 -0.7389 1.0184 -0.7377 1.0161 -0.7000 1.0184 -0.7006 1.0206 -0.7395 1.0206 -0.7389 1.0184 -0.6898 1.0314 -0.6921 1.0292 -0.7307 1.0292 -0.7284 1.0314 -0.7711 1.0271 -0.7694 1.0292 -0.7307 1.0292 -0.7325 1.0271 -0.7711 1.0165 -0.7723 1.0186 -0.7337 1.0186 -0.7325 1.0165 -0.7725 1.0316 -0.7748 1.0294 -0.7359 1.0294 -0.7336 1.0316 -0.7729 1.0207 -0.7729 1.0229 -0.7342 1.0229 -0.7342 1.0207 -0.6918 1.0095 -0.6947 1.0117 -0.7336 1.0117 -0.7306 1.0095 0.6268 0.9948 0.6268 0.4326 0.6071 0.4326 0.6071 0.9948 -0.7255 1.0335 -0.7284 1.0314 -0.7670 1.0314 -0.7640 1.0335 -0.7395 1.0228 -0.7389 1.0250 -0.7778 1.0250 -0.7784 1.0228 0.6291 0.4336 0.6291 0.9948 0.6098 0.9948 0.6098 0.4336 -0.9440 1.0161 -0.9421 1.0139 -0.9130 1.0139 -0.9149 1.0161 -0.7389 1.0250 -0.7377 1.0272 -0.7766 1.0272 -0.7778 1.0250 -0.7325 1.0271 -0.7337 1.0250 -0.7723 1.0250 -0.7711 1.0271 -0.8167 1.0184 -0.8155 1.0161 -0.7766 1.0161 -0.7778 1.0184 -0.7389 1.0184 -0.7395 1.0206 -0.7784 1.0206 -0.7778 1.0184 -0.7284 1.0314 -0.7307 1.0292 -0.7694 1.0292 -0.7670 1.0314 -0.8113 1.0117 -0.8083 1.0095 -0.7695 1.0095 -0.7725 1.0117 -0.9011 1.0101 -0.9041 1.0122 -0.8637 1.0122 -0.8607 1.0101 -0.8109 1.0186 -0.8115 1.0207 -0.7729 1.0207 -0.7723 1.0186 -0.7337 1.0250 -0.7342 1.0229 -0.7729 1.0229 -0.7723 1.0250 -0.7336 1.0117 -0.7359 1.0139 -0.7748 1.0139 -0.7725 1.0117 -0.7336 1.0316 -0.7306 1.0338 -0.7695 1.0338 -0.7725 1.0316 -0.7377 1.0272 -0.7359 1.0294 -0.7748 1.0294 -0.7766 1.0272 -0.8173 1.0228 -0.8173 1.0206 -0.7784 1.0206 -0.7784 1.0228 -0.7307 1.0144 -0.7284 1.0122 -0.7670 1.0122 -0.7694 1.0144 -0.7325 1.0165 -0.7307 1.0144 -0.7694 1.0144 -0.7711 1.0165 -0.8098 1.0271 -0.8080 1.0292 -0.7694 1.0292 -0.7711 1.0271 -0.8098 1.0165 -0.8109 1.0186 -0.7723 1.0186 -0.7711 1.0165 -0.8113 1.0316 -0.8137 1.0294 -0.7748 1.0294 -0.7725 1.0316 -0.8115 1.0207 -0.8115 1.0229 -0.7729 1.0229 -0.7729 1.0207 0.6071 0.9948 0.6071 0.4326 0.5874 0.4326 0.5874 0.9948 -0.7640 1.0335 -0.7670 1.0314 -0.8056 1.0314 -0.8026 1.0335 -0.7784 1.0228 -0.7778 1.0250 -0.8167 1.0250 -0.8173 1.0228 0.6098 0.4336 0.6098 0.9948 0.5906 0.9948 0.5906 0.4336 -0.7778 1.0250 -0.7766 1.0272 -0.8155 1.0272 -0.8167 1.0250 -0.7711 1.0271 -0.7723 1.0250 -0.8109 1.0250 -0.8098 1.0271 -0.8563 1.0206 -0.8556 1.0184 -0.8167 1.0184 -0.8173 1.0206 -0.7670 1.0314 -0.7694 1.0292 -0.8080 1.0292 -0.8056 1.0314 -0.8698 1.0229 -0.8692 1.0250 -0.8496 1.0250 -0.8502 1.0229 -0.8723 1.0139 -0.8699 1.0117 -0.8502 1.0117 -0.8526 1.0139 -0.8669 1.0338 -0.8699 1.0316 -0.8502 1.0316 -0.8472 1.0338 -0.8526 1.0294 -0.8544 1.0272 -0.8155 1.0272 -0.8137 1.0294 -0.7694 1.0144 -0.7670 1.0122 -0.8056 1.0122 -0.8080 1.0144 -0.9065 1.0144 -0.9084 1.0165 -0.8680 1.0165 -0.8662 1.0144 -0.7748 1.0139 -0.7766 1.0161 -0.8155 1.0161 -0.8137 1.0139 -0.8556 1.0184 -0.8544 1.0161 -0.8155 1.0161 -0.8167 1.0184 -0.8502 1.0117 -0.8472 1.0095 -0.8083 1.0095 -0.8113 1.0117 -0.7670 1.0122 -0.7640 1.0101 -0.8026 1.0101 -0.8056 1.0122 -0.9096 1.0186 -0.9102 1.0207 -0.8698 1.0207 -0.8692 1.0186 -0.9458 1.0228 -0.9458 1.0206 -0.9167 1.0206 -0.9167 1.0228 -0.9084 1.0271 -0.9065 1.0292 -0.8662 1.0292 -0.8680 1.0271 -0.9084 1.0165 -0.9096 1.0186 -0.8692 1.0186 -0.8680 1.0165 -0.9106 1.0316 -0.9130 1.0294 -0.8723 1.0294 -0.8699 1.0316 -0.8502 1.0207 -0.8502 1.0229 -0.8115 1.0229 -0.8115 1.0207 0.5874 0.9948 0.5874 0.4326 0.5678 0.4326 0.5678 0.9948 -0.8026 1.0335 -0.8056 1.0314 -0.8442 1.0314 -0.8412 1.0335 -0.8173 1.0228 -0.8167 1.0250 -0.8556 1.0250 -0.8563 1.0228 0.5906 0.4336 0.5906 0.9948 0.5713 0.9948 0.5713 0.4336 -0.8167 1.0250 -0.8155 1.0272 -0.8544 1.0272 -0.8556 1.0250 -0.8098 1.0271 -0.8109 1.0250 -0.8496 1.0250 -0.8484 1.0271 -0.8056 1.0314 -0.8080 1.0292 -0.8466 1.0292 -0.8442 1.0314 -0.8080 1.0144 -0.8056 1.0122 -0.8442 1.0122 -0.8466 1.0144 -0.8137 1.0139 -0.8155 1.0161 -0.8544 1.0161 -0.8526 1.0139 -0.8056 1.0122 -0.8026 1.0101 -0.8412 1.0101 -0.8442 1.0122 -0.9920 1.0206 -0.9913 1.0184 -0.9875 1.0184 -0.9881 1.0206 -0.8109 1.0250 -0.8115 1.0229 -0.8502 1.0229 -0.8496 1.0250 -0.8113 1.0117 -0.8137 1.0139 -0.8526 1.0139 -0.8502 1.0117 -0.8113 1.0316 -0.8083 1.0338 -0.8472 1.0338 -0.8502 1.0316 -0.9130 1.0294 -0.9149 1.0272 -0.8742 1.0272 -0.8723 1.0294 -0.8098 1.0165 -0.8080 1.0144 -0.8466 1.0144 -0.8484 1.0165 -0.9452 1.0184 -0.9440 1.0161 -0.9149 1.0161 -0.9161 1.0184 -0.9106 1.0117 -0.9075 1.0095 -0.8669 1.0095 -0.8699 1.0117 -0.8115 1.0207 -0.8109 1.0186 -0.8496 1.0186 -0.8502 1.0207 -0.8173 1.0206 -0.8173 1.0228 -0.8563 1.0228 -0.8563 1.0206 -0.8080 1.0292 -0.8098 1.0271 -0.8484 1.0271 -0.8466 1.0292 -0.8109 1.0186 -0.8098 1.0165 -0.8484 1.0165 -0.8496 1.0186 -0.8137 1.0294 -0.8113 1.0316 -0.8502 1.0316 -0.8526 1.0294 -0.8698 1.0207 -0.8698 1.0229 -0.8502 1.0229 -0.8502 1.0207 0.5578 0.9948 0.5578 0.4326 0.5372 0.4326 0.5372 0.9948 -0.9652 1.0314 -0.9621 1.0335 -0.9486 1.0335 -0.9517 1.0314 -0.9875 1.0250 -0.9881 1.0228 -0.9784 1.0228 -0.9778 1.0250 -0.8484 1.0271 -0.8496 1.0250 -0.8692 1.0250 -0.8680 1.0271 -0.9542 1.0292 -0.9517 1.0314 -0.9330 1.0314 -0.9354 1.0292 -0.8723 1.0139 -0.8742 1.0161 -0.9149 1.0161 -0.9130 1.0139 -0.9486 1.0101 -0.9517 1.0122 -0.9330 1.0122 -0.9299 1.0101 -0.9102 1.0229 -0.9096 1.0250 -0.8692 1.0250 -0.8698 1.0229 -0.9130 1.0139 -0.9106 1.0117 -0.8699 1.0117 -0.8723 1.0139 -0.9366 1.0338 -0.9396 1.0316 -0.9106 1.0316 -0.9075 1.0338 -0.8760 1.0206 -0.8760 1.0228 -0.9167 1.0228 -0.9167 1.0206 -0.9373 1.0165 -0.9385 1.0186 -0.9096 1.0186 -0.9084 1.0165 -0.9396 1.0316 -0.9421 1.0294 -0.9130 1.0294 -0.9106 1.0316 -0.8556 1.0184 -0.8563 1.0206 -0.8760 1.0206 -0.8754 1.0184 -0.8544 1.0272 -0.8526 1.0294 -0.8723 1.0294 -0.8742 1.0272 -0.8742 1.0161 -0.8754 1.0184 -0.9161 1.0184 -0.9149 1.0161 -0.9102 1.0207 -0.9102 1.0229 -0.8698 1.0229 -0.8698 1.0207 0.5372 0.9948 0.5372 0.4326 0.5225 0.4326 0.5225 0.9948 0.5109 0.9948 0.5109 0.4336 0.5176 0.4336 0.5176 0.9948 -0.9084 1.0271 -0.9096 1.0250 -0.9385 1.0250 -0.9373 1.0271 -0.9900 1.0161 -0.9880 1.0139 -0.9842 1.0139 -0.9862 1.0161 -0.9161 1.0184 -0.9167 1.0206 -0.9458 1.0206 -0.9452 1.0184 -0.9842 1.0294 -0.9862 1.0272 -0.9765 1.0272 -0.9747 1.0294 -0.8607 1.0335 -0.8637 1.0314 -0.9041 1.0314 -0.9011 1.0335 -0.9167 1.0228 -0.9161 1.0250 -0.9452 1.0250 -0.9458 1.0228 -0.9440 1.0272 -0.9452 1.0250 -0.9161 1.0250 -0.9149 1.0272 -0.9041 1.0314 -0.9065 1.0292 -0.9354 1.0292 -0.9330 1.0314 -0.9746 1.0122 -0.9772 1.0144 -0.9677 1.0144 -0.9652 1.0122 -0.9041 1.0122 -0.9011 1.0101 -0.9299 1.0101 -0.9330 1.0122 -0.9579 1.0229 -0.9573 1.0250 -0.9385 1.0250 -0.9391 1.0229 -0.9610 1.0139 -0.9585 1.0117 -0.9396 1.0117 -0.9421 1.0139 -0.9542 1.0144 -0.9560 1.0165 -0.9373 1.0165 -0.9354 1.0144 -0.9709 1.0186 -0.9715 1.0207 -0.9579 1.0207 -0.9573 1.0186 -0.9560 1.0271 -0.9542 1.0292 -0.9354 1.0292 -0.9373 1.0271 -0.9816 1.0316 -0.9842 1.0294 -0.9747 1.0294 -0.9721 1.0316 -0.9585 1.0117 -0.9554 1.0095 -0.9366 1.0095 -0.9396 1.0117 -0.9579 1.0207 -0.9579 1.0229 -0.9391 1.0229 -0.9391 1.0207 0.5225 0.9948 0.5225 0.4326 0.5130 0.4326 0.5130 0.9948 -0.9805 1.0250 -0.9792 1.0271 -0.9696 1.0271 -0.9709 1.0250 -0.9784 1.0228 -0.9784 1.0206 -0.9647 1.0206 -0.9647 1.0228 -0.9452 1.0184 -0.9458 1.0206 -0.9647 1.0206 -0.9641 1.0184 -0.9746 1.0314 -0.9714 1.0335 -0.9621 1.0335 -0.9652 1.0314 -0.9647 1.0228 -0.9641 1.0250 -0.9778 1.0250 -0.9784 1.0228 -0.9810 1.0292 -0.9784 1.0314 -0.9746 1.0314 -0.9772 1.0292 -0.9714 1.0101 -0.9746 1.0122 -0.9652 1.0122 -0.9621 1.0101 -0.9610 1.0139 -0.9629 1.0161 -0.9765 1.0161 -0.9747 1.0139 -0.9149 1.0272 -0.9130 1.0294 -0.9421 1.0294 -0.9440 1.0272 -0.9778 1.0184 -0.9765 1.0161 -0.9629 1.0161 -0.9641 1.0184 -0.9862 1.0272 -0.9875 1.0250 -0.9778 1.0250 -0.9765 1.0272 -0.9354 1.0144 -0.9330 1.0122 -0.9517 1.0122 -0.9542 1.0144 -0.9715 1.0229 -0.9709 1.0250 -0.9573 1.0250 -0.9579 1.0229 -0.9747 1.0139 -0.9721 1.0117 -0.9585 1.0117 -0.9610 1.0139 -0.9783 1.0338 -0.9816 1.0316 -0.9721 1.0316 -0.9690 1.0338 -0.9810 1.0144 -0.9830 1.0165 -0.9792 1.0165 -0.9772 1.0144 -0.9792 1.0271 -0.9772 1.0292 -0.9677 1.0292 -0.9696 1.0271 -0.9696 1.0165 -0.9709 1.0186 -0.9573 1.0186 -0.9560 1.0165 -0.9816 1.0117 -0.9783 1.0095 -0.9690 1.0095 -0.9721 1.0117 -0.9811 1.0207 -0.9811 1.0229 -0.9715 1.0229 -0.9715 1.0207 -0.4491 1.0117 -0.4463 1.0095 -0.3686 1.0095 -0.3713 1.0117 -0.0104 1.0122 -0.0077 1.0101 -0.1346 1.0101 -0.1372 1.0122 0.9876 0.4336 0.9876 0.9948 0.9242 0.9948 0.9242 0.4336 0.8100 0.4326 0.8100 0.9948 0.8493 0.9948 0.8493 0.4326 -0.2158 1.0316 -0.2179 1.0294 -0.1417 1.0272 -0.1401 1.0294 -0.0104 1.0117 -0.0126 1.0139 -0.1417 1.0161 -0.1401 1.0139 -0.1381 1.0117 -0.0104 1.0117 -0.1401 1.0139 -0.0153 1.0250 -0.0142 1.0272 -0.1401 1.0294 -0.1417 1.0272 -0.1427 1.0250 -0.0159 1.0228 -0.0153 1.0250 -0.1417 1.0272 -0.2936 1.0292 -0.2915 1.0314 -0.2144 1.0314 -0.2164 1.0292 -0.0077 1.0335 -0.0104 1.0314 -0.1372 1.0314 -0.1346 1.0335 -0.2144 1.0122 -0.2164 1.0144 -0.1392 1.0144 -0.1372 1.0122 -0.0142 1.0271 -0.0153 1.0250 -0.1417 1.0250 -0.1407 1.0271 -0.2952 1.0271 -0.2936 1.0292 -0.2164 1.0292 -0.2180 1.0271 -0.0104 1.0316 -0.0077 1.0338 -0.1355 1.0338 -0.2984 1.0184 -0.2973 1.0161 -0.2195 1.0161 -0.2205 1.0184 -0.0153 1.0184 -0.0159 1.0206 -0.1432 1.0228 -0.1432 1.0206 -0.0159 1.0206 -0.0159 1.0228 -0.1427 1.0250 -0.1432 1.0228 -0.0142 1.0165 -0.0126 1.0144 -0.1392 1.0144 -0.1407 1.0165 -0.2952 1.0165 -0.2963 1.0186 -0.2190 1.0186 -0.2180 1.0165 -0.0158 1.0207 -0.0153 1.0186 -0.1417 1.0186 -0.1422 1.0207 -0.2195 1.0207 -0.2195 1.0229 -0.1422 1.0229 -0.1422 1.0207 -0.0153 1.0250 -0.0158 1.0229 -0.1422 1.0229 -0.1417 1.0250 -0.1372 1.0122 -0.1346 1.0101 -0.2118 1.0101 -0.2144 1.0122 0.9242 0.4336 0.9242 0.9948 0.8857 0.9948 0.8857 0.4336 -0.2957 1.0139 -0.2936 1.0117 -0.2158 1.0117 -0.2179 1.0139 -0.3751 1.0272 -0.3762 1.0250 -0.2984 1.0250 -0.2973 1.0272 -0.1346 1.0335 -0.1372 1.0314 -0.2144 1.0314 -0.2118 1.0335 -0.1407 1.0271 -0.1417 1.0250 -0.2190 1.0250 -0.2180 1.0271 -0.3686 1.0338 -0.3713 1.0316 -0.2936 1.0316 -0.2909 1.0338 -0.2973 1.0161 -0.2957 1.0139 -0.2179 1.0139 -0.2195 1.0161 -0.2989 1.0206 -0.2984 1.0184 -0.2205 1.0184 -0.2210 1.0206 -0.5054 1.0250 -0.5059 1.0228 -0.4546 1.0228 -0.4540 1.0250 -0.1407 1.0165 -0.1392 1.0144 -0.2164 1.0144 -0.2180 1.0165 -0.5018 1.0186 -0.5024 1.0207 -0.4514 1.0207 -0.4508 1.0186 -0.1417 1.0250 -0.1422 1.0229 -0.2195 1.0229 -0.2190 1.0250 -0.1355 1.0095 -0.1381 1.0117 -0.2158 1.0117 -0.2132 1.0095 0.9280 0.9948 0.9280 0.4326 0.8887 0.4326 0.8887 0.9948 -0.2936 1.0316 -0.2957 1.0294 -0.2179 1.0294 -0.2158 1.0316 -0.1372 1.0314 -0.1392 1.0292 -0.2164 1.0292 -0.2144 1.0314 -0.2915 1.0122 -0.2936 1.0144 -0.2164 1.0144 -0.2144 1.0122 -0.1392 1.0292 -0.1407 1.0271 -0.2180 1.0271 -0.2164 1.0292 -0.2195 1.0161 -0.1417 1.0161 -0.2205 1.0184 -0.1417 1.0186 -0.1407 1.0165 -0.2180 1.0165 -0.2190 1.0186 -0.2968 1.0207 -0.2968 1.0229 -0.2195 1.0229 -0.2195 1.0207 -0.2144 1.0122 -0.2118 1.0101 -0.2889 1.0101 -0.2915 1.0122 0.8857 0.4336 0.8857 0.9948 0.8471 0.9948 0.8471 0.4336 -0.2118 1.0335 -0.2144 1.0314 -0.2915 1.0314 -0.2889 1.0335 -0.2180 1.0271 -0.2190 1.0250 -0.2963 1.0250 -0.2952 1.0271 -0.4546 1.0228 -0.4546 1.0206 -0.3767 1.0206 -0.3767 1.0228 -0.4513 1.0294 -0.4529 1.0272 -0.3751 1.0272 -0.3735 1.0294 -0.3709 1.0144 -0.3725 1.0165 -0.2952 1.0165 -0.2936 1.0144 -0.2190 1.0250 -0.2195 1.0229 -0.2968 1.0229 -0.2963 1.0250 -0.2132 1.0095 -0.2158 1.0117 -0.2936 1.0117 -0.2909 1.0095 0.8887 0.9948 0.8887 0.4326 0.8493 0.4326 0.8493 0.9948 -0.4990 1.0292 -0.4968 1.0314 -0.4459 1.0314 -0.4481 1.0292 -0.5007 1.0271 -0.4990 1.0292 -0.4481 1.0292 -0.4498 1.0271 -0.3762 1.0184 -0.3751 1.0161 -0.2973 1.0161 -0.2984 1.0184 -0.3725 1.0165 -0.3736 1.0186 -0.2963 1.0186 -0.2952 1.0165 -0.4513 1.0139 -0.4491 1.0117 -0.3713 1.0117 -0.3735 1.0139 -0.2205 1.0250 -0.2195 1.0272 -0.2973 1.0272 -0.2984 1.0250 -0.2158 1.0316 -0.2132 1.0338 -0.2909 1.0338 -0.2936 1.0316 -0.3751 1.0161 -0.3735 1.0139 -0.2957 1.0139 -0.2973 1.0161 -0.3767 1.0206 -0.3762 1.0184 -0.2984 1.0184 -0.2989 1.0206 -0.2210 1.0228 -0.2205 1.0250 -0.2984 1.0250 -0.2989 1.0228 -0.2195 1.0207 -0.2190 1.0186 -0.2963 1.0186 -0.2968 1.0207 -0.3713 1.0316 -0.3735 1.0294 -0.2957 1.0294 -0.2936 1.0316 -0.3687 1.0122 -0.3709 1.0144 -0.2936 1.0144 -0.2915 1.0122 -0.3741 1.0207 -0.3741 1.0229 -0.2968 1.0229 -0.2968 1.0207 -0.2915 1.0122 -0.2889 1.0101 -0.3660 1.0101 -0.3687 1.0122 0.8471 0.4336 0.8471 0.9948 0.8086 0.9948 0.8086 0.4336 -0.4459 1.0314 -0.4432 1.0335 -0.3660 1.0335 -0.3687 1.0314 -0.2952 1.0271 -0.2963 1.0250 -0.3736 1.0250 -0.3725 1.0271 -0.4514 1.0229 -0.4508 1.0250 -0.3736 1.0250 -0.3741 1.0229 -0.2909 1.0095 -0.2936 1.0117 -0.3713 1.0117 -0.3686 1.0095 0.7707 0.4326 0.7707 0.9948 0.8100 0.9948 0.8100 0.4326 -0.4529 1.0272 -0.4540 1.0250 -0.3762 1.0250 -0.3751 1.0272 -0.4976 1.0338 -0.5003 1.0316 -0.4491 1.0316 -0.4463 1.0338 -0.2989 1.0228 -0.2984 1.0250 -0.3762 1.0250 -0.3767 1.0228 -0.2968 1.0207 -0.2963 1.0186 -0.3736 1.0186 -0.3741 1.0207 -0.2989 1.0206 -0.2989 1.0228 -0.3767 1.0228 -0.3767 1.0206 -0.2973 1.0272 -0.2957 1.0294 -0.3735 1.0294 -0.3751 1.0272 -0.4990 1.0144 -0.5007 1.0165 -0.4498 1.0165 -0.4481 1.0144 -0.2915 1.0314 -0.2936 1.0292 -0.3709 1.0292 -0.3687 1.0314 -0.2936 1.0292 -0.2952 1.0271 -0.3725 1.0271 -0.3709 1.0292 -0.4540 1.0184 -0.4529 1.0161 -0.3751 1.0161 -0.3762 1.0184 -0.4498 1.0165 -0.4508 1.0186 -0.3736 1.0186 -0.3725 1.0165 -0.2936 1.0117 -0.2957 1.0139 -0.3735 1.0139 -0.3713 1.0117 -0.5043 1.0161 -0.5026 1.0139 -0.4513 1.0139 -0.4529 1.0161 -0.4546 1.0206 -0.4540 1.0184 -0.3762 1.0184 -0.3767 1.0206 -0.4491 1.0316 -0.4513 1.0294 -0.3735 1.0294 -0.3713 1.0316 -0.4459 1.0122 -0.4481 1.0144 -0.3709 1.0144 -0.3687 1.0122 -0.4514 1.0207 -0.4514 1.0229 -0.3741 1.0229 -0.3741 1.0207 -0.3687 1.0122 -0.3660 1.0101 -0.4432 1.0101 -0.4459 1.0122 0.8086 0.4336 0.8086 0.9948 0.7701 0.9948 0.7701 0.4336 -0.3725 1.0271 -0.3736 1.0250 -0.4508 1.0250 -0.4498 1.0271 -0.5003 1.0117 -0.4976 1.0095 -0.4463 1.0095 -0.4491 1.0117 -0.3767 1.0228 -0.3762 1.0250 -0.4540 1.0250 -0.4546 1.0228 -0.3741 1.0207 -0.3736 1.0186 -0.4508 1.0186 -0.4514 1.0207 -0.5059 1.0228 -0.5059 1.0206 -0.4546 1.0206 -0.4546 1.0228 -0.5026 1.0294 -0.5043 1.0272 -0.4529 1.0272 -0.4513 1.0294 -0.3687 1.0314 -0.3709 1.0292 -0.4481 1.0292 -0.4459 1.0314 -0.3709 1.0292 -0.3725 1.0271 -0.4498 1.0271 -0.4481 1.0292 -0.5026 1.0139 -0.5003 1.0117 -0.4491 1.0117 -0.4513 1.0139 -0.4968 1.0314 -0.4941 1.0335 -0.4432 1.0335 -0.4459 1.0314 -0.5024 1.0229 -0.5018 1.0250 -0.4508 1.0250 -0.4514 1.0229 0.7448 0.4326 0.7448 0.9948 0.7707 0.9948 0.7707 0.4326 -0.5043 1.0272 -0.5054 1.0250 -0.4540 1.0250 -0.4529 1.0272 -0.3713 1.0316 -0.3686 1.0338 -0.4463 1.0338 -0.4491 1.0316 -0.3725 1.0165 -0.3709 1.0144 -0.4481 1.0144 -0.4498 1.0165 -0.5054 1.0184 -0.5043 1.0161 -0.4529 1.0161 -0.4540 1.0184 -0.5007 1.0165 -0.5018 1.0186 -0.4508 1.0186 -0.4498 1.0165 -0.3735 1.0139 -0.3751 1.0161 -0.4529 1.0161 -0.4513 1.0139 -0.5059 1.0206 -0.5054 1.0184 -0.4540 1.0184 -0.4546 1.0206 -0.5003 1.0316 -0.5026 1.0294 -0.4513 1.0294 -0.4491 1.0316 -0.4968 1.0122 -0.4990 1.0144 -0.4481 1.0144 -0.4459 1.0122 -0.5024 1.0207 -0.5024 1.0229 -0.4514 1.0229 -0.4514 1.0207 -0.9837 1.0149 -0.9838 1.0103 -0.9835 1.0106 -0.9833 1.0149 -0.9838 1.0103 -0.9830 1.0095 -0.9829 1.0103 -0.9835 1.0106 -0.9747 1.0288 -0.9718 1.0289 -0.9716 1.0226 -0.9746 1.0226 -0.9867 1.0289 -0.9821 1.0289 -0.9823 1.0226 -0.9870 1.0226 -0.9767 1.0226 -0.9767 1.0289 -0.9747 1.0288 -0.9746 1.0226 -0.9728 1.0332 -0.9684 1.0335 -0.9676 1.0290 -0.9718 1.0289 -0.9718 1.0289 -0.9676 1.0290 -0.9674 1.0225 -0.9716 1.0226 -0.9817 1.0329 -0.9793 1.0327 -0.9790 1.0289 -0.9821 1.0289 -0.9790 1.0289 -0.9793 1.0327 -0.9774 1.0330 -0.9767 1.0289 -0.9793 1.0327 -0.9817 1.0329 -0.9816 1.0338 -0.9774 1.0330 -0.9791 1.0226 -0.9790 1.0289 -0.9767 1.0289 -0.9767 1.0226 -0.9860 1.0331 -0.9817 1.0329 -0.9821 1.0289 -0.9867 1.0289 -0.9756 1.0329 -0.9728 1.0332 -0.9718 1.0289 -0.9747 1.0288 -0.9817 1.0329 -0.9860 1.0331 -0.9861 1.0336 -0.9816 1.0338 -0.9674 1.0225 -0.9676 1.0290 -0.9624 1.0291 -0.9623 1.0225 -0.9732 1.0340 -0.9686 1.0341 -0.9684 1.0335 -0.9728 1.0332 -0.9918 1.0290 -0.9911 1.0333 -0.9860 1.0331 -0.9867 1.0289 -0.9676 1.0290 -0.9684 1.0335 -0.9631 1.0338 -0.9624 1.0291 -0.9922 1.0226 -0.9918 1.0290 -0.9867 1.0289 -0.9870 1.0226 -0.9684 1.0335 -0.9686 1.0341 -0.9631 1.0344 -0.9631 1.0338 -0.9821 1.0289 -0.9790 1.0289 -0.9791 1.0226 -0.9823 1.0226 -0.9861 1.0336 -0.9860 1.0331 -0.9911 1.0333 -0.9910 1.0338 -0.9767 1.0289 -0.9774 1.0330 -0.9756 1.0329 -0.9747 1.0288 -0.9774 1.0330 -0.9732 1.0340 -0.9728 1.0332 -0.9756 1.0329 -0.9748 1.0163 -0.9746 1.0226 -0.9716 1.0226 -0.9720 1.0163 -0.9869 1.0162 -0.9870 1.0226 -0.9823 1.0226 -0.9822 1.0162 -0.9767 1.0226 -0.9746 1.0226 -0.9748 1.0163 -0.9768 1.0163 -0.9728 1.0121 -0.9720 1.0163 -0.9678 1.0161 -0.9686 1.0118 -0.9720 1.0163 -0.9716 1.0226 -0.9674 1.0225 -0.9678 1.0161 -0.9817 1.0122 -0.9822 1.0162 -0.9791 1.0162 -0.9792 1.0124 -0.9791 1.0162 -0.9768 1.0163 -0.9773 1.0121 -0.9792 1.0124 -0.9792 1.0124 -0.9773 1.0121 -0.9815 1.0112 -0.9817 1.0122 -0.9791 1.0226 -0.9767 1.0226 -0.9768 1.0163 -0.9791 1.0162 -0.9861 1.0119 -0.9869 1.0162 -0.9822 1.0162 -0.9817 1.0122 -0.9755 1.0123 -0.9748 1.0163 -0.9720 1.0163 -0.9728 1.0121 -0.9817 1.0122 -0.9815 1.0112 -0.9861 1.0113 -0.9861 1.0119 -0.9674 1.0225 -0.9623 1.0225 -0.9628 1.0160 -0.9678 1.0161 -0.9731 1.0113 -0.9728 1.0121 -0.9686 1.0118 -0.9687 1.0113 -0.9921 1.0161 -0.9869 1.0162 -0.9861 1.0119 -0.9915 1.0116 -0.9678 1.0161 -0.9628 1.0160 -0.9635 1.0116 -0.9686 1.0118 -0.9922 1.0226 -0.9870 1.0226 -0.9869 1.0162 -0.9921 1.0161 -0.9686 1.0118 -0.9635 1.0116 -0.9636 1.0111 -0.9687 1.0113 -0.9822 1.0162 -0.9823 1.0226 -0.9791 1.0226 -0.9791 1.0162 -0.9861 1.0113 -0.9915 1.0110 -0.9915 1.0116 -0.9861 1.0119 -0.9768 1.0163 -0.9748 1.0163 -0.9755 1.0123 -0.9773 1.0121 -0.9773 1.0121 -0.9755 1.0123 -0.9728 1.0121 -0.9731 1.0113 -0.9833 1.0286 -0.9833 1.0218 -0.9827 1.0218 -0.9827 1.0287 -0.9857 1.0287 -0.9858 1.0218 -0.9848 1.0218 -0.9848 1.0287 -0.9837 1.0218 -0.9833 1.0218 -0.9833 1.0286 -0.9837 1.0287 -0.9829 1.0334 -0.9827 1.0287 -0.9819 1.0288 -0.9820 1.0337 -0.9827 1.0287 -0.9827 1.0218 -0.9818 1.0217 -0.9819 1.0288 -0.9847 1.0330 -0.9848 1.0287 -0.9842 1.0287 -0.9842 1.0329 -0.9842 1.0287 -0.9837 1.0287 -0.9839 1.0332 -0.9842 1.0329 -0.9842 1.0329 -0.9839 1.0332 -0.9847 1.0340 -0.9847 1.0330 -0.9842 1.0218 -0.9837 1.0218 -0.9837 1.0287 -0.9842 1.0287 -0.9856 1.0333 -0.9857 1.0287 -0.9848 1.0287 -0.9847 1.0330 -0.9835 1.0331 -0.9833 1.0286 -0.9827 1.0287 -0.9829 1.0334 -0.9847 1.0330 -0.9847 1.0340 -0.9856 1.0339 -0.9856 1.0333 -0.9818 1.0217 -0.9808 1.0217 -0.9808 1.0289 -0.9819 1.0288 -0.9830 1.0342 -0.9829 1.0334 -0.9820 1.0337 -0.9821 1.0344 -0.9867 1.0288 -0.9857 1.0287 -0.9856 1.0333 -0.9866 1.0335 -0.9819 1.0288 -0.9808 1.0289 -0.9810 1.0340 -0.9820 1.0337 -0.9868 1.0218 -0.9858 1.0218 -0.9857 1.0287 -0.9867 1.0288 -0.9820 1.0337 -0.9810 1.0340 -0.9810 1.0347 -0.9821 1.0344 -0.9848 1.0287 -0.9848 1.0218 -0.9842 1.0218 -0.9842 1.0287 -0.9856 1.0339 -0.9866 1.0340 -0.9866 1.0335 -0.9856 1.0333 -0.9837 1.0287 -0.9833 1.0286 -0.9835 1.0331 -0.9839 1.0332 -0.9839 1.0332 -0.9835 1.0331 -0.9829 1.0334 -0.9830 1.0342 -0.9833 1.0149 -0.9828 1.0149 -0.9827 1.0218 -0.9833 1.0218 -0.9857 1.0148 -0.9848 1.0148 -0.9848 1.0218 -0.9858 1.0218 -0.9837 1.0218 -0.9837 1.0149 -0.9833 1.0149 -0.9833 1.0218 -0.9829 1.0103 -0.9821 1.0100 -0.9819 1.0148 -0.9828 1.0149 -0.9828 1.0149 -0.9819 1.0148 -0.9818 1.0217 -0.9827 1.0218 -0.9847 1.0104 -0.9842 1.0106 -0.9842 1.0148 -0.9848 1.0148 -0.9842 1.0148 -0.9842 1.0106 -0.9838 1.0103 -0.9837 1.0149 -0.9842 1.0106 -0.9847 1.0104 -0.9847 1.0094 -0.9838 1.0103 -0.9842 1.0218 -0.9842 1.0148 -0.9837 1.0149 -0.9837 1.0218 -0.9856 1.0101 -0.9847 1.0104 -0.9848 1.0148 -0.9857 1.0148 -0.9835 1.0106 -0.9829 1.0103 -0.9828 1.0149 -0.9833 1.0149 -0.9847 1.0104 -0.9856 1.0101 -0.9856 1.0094 -0.9847 1.0094 -0.9818 1.0217 -0.9819 1.0148 -0.9809 1.0146 -0.9808 1.0217 -0.9830 1.0095 -0.9821 1.0095 -0.9821 1.0100 -0.9829 1.0103 -0.9868 1.0147 -0.9867 1.0098 -0.9856 1.0101 -0.9857 1.0148 -0.9819 1.0148 -0.9821 1.0100 -0.9811 1.0098 -0.9809 1.0146 -0.9868 1.0218 -0.9868 1.0147 -0.9857 1.0148 -0.9858 1.0218 -0.9821 1.0100 -0.9821 1.0095 -0.9811 1.0092 -0.9811 1.0098 -0.9848 1.0148 -0.9842 1.0148 -0.9842 1.0218 -0.9848 1.0218 -0.9856 1.0094 -0.9856 1.0101 -0.9867 1.0098 -0.9867 1.0091 0.5130 0.9948 0.5130 0.4326 0.5061 0.4326 0.5061 0.9948 -0.9641 1.0184 -0.9647 1.0206 -0.9784 1.0206 -0.9778 1.0184 -0.9913 1.0250 -0.9920 1.0228 -0.9881 1.0228 -0.9875 1.0250 0.5063 0.9948 0.5063 0.4336 0.5109 0.4336 0.5109 0.9948 -0.9843 1.0186 -0.9850 1.0207 -0.9811 1.0207 -0.9805 1.0186 -0.9920 1.0228 -0.9920 1.0206 -0.9881 1.0206 -0.9881 1.0228 -0.9517 1.0314 -0.9542 1.0292 -0.9677 1.0292 -0.9652 1.0314 -0.9875 1.0184 -0.9862 1.0161 -0.9765 1.0161 -0.9778 1.0184 -0.9811 1.0229 -0.9805 1.0250 -0.9709 1.0250 -0.9715 1.0229 -0.9842 1.0139 -0.9816 1.0117 -0.9721 1.0117 -0.9747 1.0139 -0.9821 1.0338 -0.9854 1.0316 -0.9816 1.0316 -0.9783 1.0338 -0.9560 1.0165 -0.9542 1.0144 -0.9677 1.0144 -0.9696 1.0165 -0.9542 1.0292 -0.9560 1.0271 -0.9696 1.0271 -0.9677 1.0292 -0.9792 1.0165 -0.9805 1.0186 -0.9709 1.0186 -0.9696 1.0165 -0.9011 1.0335 -0.9041 1.0314 -0.9330 1.0314 -0.9299 1.0335 -0.9629 1.0272 -0.9641 1.0250 -0.9452 1.0250 -0.9440 1.0272 -0.9690 1.0338 -0.9721 1.0316 -0.9585 1.0316 -0.9554 1.0338 -0.9084 1.0165 -0.9065 1.0144 -0.9354 1.0144 -0.9373 1.0165 -0.9560 1.0165 -0.9573 1.0186 -0.9385 1.0186 -0.9373 1.0165 -0.9075 1.0095 -0.9106 1.0117 -0.9396 1.0117 -0.9366 1.0095 -0.9102 1.0229 -0.9102 1.0207 -0.9391 1.0207 -0.9391 1.0229 -0.9458 1.0228 -0.9452 1.0250 -0.9641 1.0250 -0.9647 1.0228 0.5414 0.4336 0.5414 0.9948 0.5270 0.9948 0.5270 0.4336 -0.9421 1.0139 -0.9440 1.0161 -0.9629 1.0161 -0.9610 1.0139 -0.9747 1.0294 -0.9765 1.0272 -0.9629 1.0272 -0.9610 1.0294 -0.9391 1.0207 -0.9385 1.0186 -0.9573 1.0186 -0.9579 1.0207 -0.9585 1.0316 -0.9610 1.0294 -0.9421 1.0294 -0.9396 1.0316 -0.9373 1.0271 -0.9385 1.0250 -0.9573 1.0250 -0.9560 1.0271 -0.9299 1.0335 -0.9330 1.0314 -0.9517 1.0314 -0.9486 1.0335 -0.9721 1.0117 -0.9690 1.0095 -0.9554 1.0095 -0.9585 1.0117 -0.9715 1.0207 -0.9715 1.0229 -0.9579 1.0229 -0.9579 1.0207 0.5270 0.4336 0.5270 0.9948 0.5176 0.9948 0.5176 0.4336 -0.9458 1.0206 -0.9458 1.0228 -0.9647 1.0228 -0.9647 1.0206 -0.9621 1.0101 -0.9652 1.0122 -0.9517 1.0122 -0.9486 1.0101 -0.9440 1.0161 -0.9452 1.0184 -0.9641 1.0184 -0.9629 1.0161 -0.9765 1.0272 -0.9778 1.0250 -0.9641 1.0250 -0.9629 1.0272 -0.9396 1.0316 -0.9366 1.0338 -0.9554 1.0338 -0.9585 1.0316 -0.9440 1.0272 -0.9421 1.0294 -0.9610 1.0294 -0.9629 1.0272 -0.9652 1.0122 -0.9677 1.0144 -0.9542 1.0144 -0.9517 1.0122 -0.9721 1.0316 -0.9747 1.0294 -0.9610 1.0294 -0.9585 1.0316 -0.9065 1.0292 -0.9084 1.0271 -0.9373 1.0271 -0.9354 1.0292 -0.9065 1.0144 -0.9041 1.0122 -0.9330 1.0122 -0.9354 1.0144 -0.9096 1.0250 -0.9102 1.0229 -0.9391 1.0229 -0.9385 1.0250 -0.9106 1.0117 -0.9130 1.0139 -0.9421 1.0139 -0.9396 1.0117 -0.9102 1.0207 -0.9096 1.0186 -0.9385 1.0186 -0.9391 1.0207 0.5061 0.9948 0.5061 0.4326 0.5014 0.4326 0.5014 0.9948 -0.9778 1.0184 -0.9784 1.0206 -0.9881 1.0206 -0.9875 1.0184 -0.9747 1.0139 -0.9765 1.0161 -0.9862 1.0161 -0.9842 1.0139 -0.9880 1.0294 -0.9900 1.0272 -0.9862 1.0272 -0.9842 1.0294 -0.9784 1.0122 -0.9810 1.0144 -0.9772 1.0144 -0.9746 1.0122 -0.9854 1.0316 -0.9880 1.0294 -0.9842 1.0294 -0.9816 1.0316 -0.9843 1.0250 -0.9830 1.0271 -0.9792 1.0271 -0.9805 1.0250 -0.9652 1.0314 -0.9677 1.0292 -0.9772 1.0292 -0.9746 1.0314 -0.9751 1.0101 -0.9784 1.0122 -0.9746 1.0122 -0.9714 1.0101 -0.9900 1.0272 -0.9913 1.0250 -0.9875 1.0250 -0.9862 1.0272 -0.9696 1.0165 -0.9677 1.0144 -0.9772 1.0144 -0.9792 1.0165 -0.9830 1.0271 -0.9810 1.0292 -0.9772 1.0292 -0.9792 1.0271 -0.9854 1.0117 -0.9821 1.0095 -0.9783 1.0095 -0.9816 1.0117 0.5044 0.9948 0.5044 0.4336 0.5063 0.4336 0.5063 0.9948 -0.9715 1.0207 -0.9709 1.0186 -0.9805 1.0186 -0.9811 1.0207 -0.9784 1.0206 -0.9784 1.0228 -0.9881 1.0228 -0.9881 1.0206 -0.9784 1.0314 -0.9751 1.0335 -0.9714 1.0335 -0.9746 1.0314 -0.9913 1.0184 -0.9900 1.0161 -0.9862 1.0161 -0.9875 1.0184 -0.9850 1.0229 -0.9843 1.0250 -0.9805 1.0250 -0.9811 1.0229 -0.9880 1.0139 -0.9854 1.0117 -0.9816 1.0117 -0.9842 1.0139 -0.9830 1.0165 -0.9843 1.0186 -0.9805 1.0186 -0.9792 1.0165 -0.9850 1.0207 -0.9850 1.0229 -0.9811 1.0229 -0.9811 1.0207 -0.8699 1.0316 -0.8669 1.0338 -0.9075 1.0338 -0.9106 1.0316 -0.8680 1.0271 -0.8692 1.0250 -0.9096 1.0250 -0.9084 1.0271 -0.8754 1.0184 -0.8760 1.0206 -0.9167 1.0206 -0.9161 1.0184 -0.8760 1.0228 -0.8754 1.0250 -0.9161 1.0250 -0.9167 1.0228 -0.8637 1.0314 -0.8662 1.0292 -0.9065 1.0292 -0.9041 1.0314 -0.8556 1.0250 -0.8544 1.0272 -0.8742 1.0272 -0.8754 1.0250 -0.8466 1.0144 -0.8442 1.0122 -0.8637 1.0122 -0.8662 1.0144 -0.8442 1.0122 -0.8412 1.0101 -0.8607 1.0101 -0.8637 1.0122 -0.8484 1.0165 -0.8466 1.0144 -0.8662 1.0144 -0.8680 1.0165 -0.8502 1.0207 -0.8496 1.0186 -0.8692 1.0186 -0.8698 1.0207 -0.8466 1.0292 -0.8484 1.0271 -0.8680 1.0271 -0.8662 1.0292 -0.8496 1.0186 -0.8484 1.0165 -0.8680 1.0165 -0.8692 1.0186 -0.8526 1.0294 -0.8502 1.0316 -0.8699 1.0316 -0.8723 1.0294 -0.8472 1.0095 -0.8502 1.0117 -0.8699 1.0117 -0.8669 1.0095 0.5678 0.9948 0.5678 0.4326 0.5578 0.4326 0.5578 0.9948 0.5713 0.4336 0.5713 0.9948 0.5615 0.9948 0.5615 0.4336 -0.8526 1.0139 -0.8544 1.0161 -0.8742 1.0161 -0.8723 1.0139 -0.8563 1.0206 -0.8563 1.0228 -0.8760 1.0228 -0.8760 1.0206 -0.8544 1.0161 -0.8556 1.0184 -0.8754 1.0184 -0.8742 1.0161 " />
										</IndexedFaceSet>
									</Shape>
								</Group>
							</Transform>
						</Transform>
					</Transform>
				</Transform>
			</Transform>
		</Transform>
		<CoordinateInterpolator DEF='COORD_INTERPOLATOR2'
		    key='
0.000000 0.055402 0.110803 0.166205 0.221607 0.277008 0.332410 0.387812 0.443213 0.498615 0.554017 0.609418 0.664820 0.720222 0.775623 0.831025 0.886427 0.941828 0.997230
			'
            keyValue='
3.89 4.46 -0.20 3.88 4.46 0.39 3.88 4.46 0.39 -2.57 4.46 -0.24 -2.57 4.46 -0.24 -2.57 4.46 -0.24 -2.64 4.46 0.34 -2.64 4.46 0.34 -2.64 4.46 0.34 -2.57 -4.48 -0.24 -2.57 -4.48 -0.24 -2.57 -4.48 -0.24 -2.64 -4.48 0.34 -2.64 -4.48 0.34 -2.64 -4.48 0.34 3.89 -4.48 -0.20 3.89 -4.48 -0.20 3.88 -4.48 0.39 3.88 -4.48 0.39 3.89 4.46 0.33 3.89 4.46 0.33 3.89 4.46 0.28 3.89 4.46 0.28 3.89 4.46 0.23 3.89 4.46 0.23 3.89 4.46 0.17 3.89 4.46 0.17 3.89 4.46 0.12 3.89 4.46 0.12 3.89 4.46 0.12 3.89 4.46 0.07 3.89 4.46 0.07 3.89 4.46 0.07 3.89 4.46 0.02 3.89 4.46 0.02 3.89 4.46 -0.04 3.89 4.46 -0.04 3.89 4.46 -0.09 3.89 4.46 -0.09 3.89 4.46 -0.14 3.89 4.46 -0.14 -2.63 4.46 0.29 -2.63 4.46 0.29 -2.62 4.46 0.23 -2.62 4.46 0.23 -2.61 4.46 0.18 -2.61 4.46 0.18 -2.60 4.46 0.13 -2.60 4.46 0.13 -2.59 4.46 0.08 -2.59 4.46 0.08 -2.58 4.46 0.02 -2.58 4.46 0.02 -2.58 4.46 -0.03 -2.58 4.46 -0.03 -2.57 4.46 -0.08 -2.57 4.46 -0.08 -2.57 4.46 -0.13 -2.57 4.46 -0.13 -2.57 4.46 -0.19 -2.57 4.46 -0.19 -2.63 -4.48 0.29 -2.63 -4.48 0.29 -2.62 -4.48 0.23 -2.62 -4.48 0.23 -2.61 -4.48 0.18 -2.61 -4.48 0.18 -2.60 -4.48 0.13 -2.60 -4.48 0.13 -2.59 -4.48 0.08 -2.59 -4.48 0.08 -2.58 -4.48 0.02 -2.58 -4.48 0.02 -2.58 -4.48 -0.03 -2.58 -4.48 -0.03 -2.57 -4.48 -0.08 -2.57 -4.48 -0.08 -2.57 -4.48 -0.13 -2.57 -4.48 -0.13 -2.57 -4.48 -0.19 -2.57 -4.48 -0.19 3.89 -4.48 0.33 3.89 -4.48 0.33 3.89 -4.48 0.28 3.89 -4.48 0.28 3.89 -4.48 0.23 3.89 -4.48 0.23 3.89 -4.48 0.17 3.89 -4.48 0.17 3.89 -4.48 0.12 3.89 -4.48 0.12 3.89 -4.48 0.12 3.89 -4.48 0.07 3.89 -4.48 0.07 3.89 -4.48 0.07 3.89 -4.48 0.02 3.89 -4.48 0.02 3.89 -4.48 -0.04 3.89 -4.48 -0.04 3.89 -4.48 -0.09 3.89 -4.48 -0.09 3.89 -4.48 -0.14 3.89 -4.48 -0.14 0.64 4.46 -0.22 0.64 4.46 0.37 0.64 4.46 0.37 0.64 -4.48 -0.22 0.64 -4.48 -0.22 0.63 -4.48 0.37 0.63 -4.48 0.37 0.64 4.46 0.31 0.64 4.46 0.26 0.64 4.46 0.21 0.64 4.46 0.15 0.64 4.46 0.10 0.64 4.46 0.05 0.64 4.46 -0.00 0.64 4.46 -0.06 0.64 4.46 -0.11 0.64 4.46 -0.16 0.64 -4.48 0.31 0.64 -4.48 0.26 0.64 -4.48 0.21 0.64 -4.48 0.15 0.64 -4.48 0.10 0.64 -4.48 0.05 0.64 -4.48 -0.00 0.64 -4.48 -0.06 0.64 -4.48 -0.11 0.64 -4.48 -0.16 0.90 4.46 -0.21 0.90 4.46 0.37 0.90 4.46 0.37 0.90 -4.48 -0.21 0.90 -4.48 -0.21 0.90 -4.48 0.37 0.90 -4.48 0.37 0.90 4.46 0.31 0.90 4.46 0.26 0.90 4.46 0.21 0.90 4.46 0.16 0.90 4.46 0.10 0.90 4.46 0.05 0.90 4.46 -0.00 0.90 4.46 -0.06 0.90 4.46 -0.11 0.90 4.46 -0.16 0.90 -4.48 0.31 0.90 -4.48 0.26 0.90 -4.48 0.21 0.90 -4.48 0.16 0.90 -4.48 0.10 0.90 -4.48 0.05 0.90 -4.48 -0.00 0.90 -4.48 -0.06 0.90 -4.48 -0.11 0.90 -4.48 -0.16 1.16 4.46 -0.21 1.16 4.46 0.37 1.16 4.46 0.37 1.16 -4.48 -0.21 1.16 -4.48 -0.21 1.16 -4.48 0.37 1.16 -4.48 0.37 1.16 4.46 0.32 1.16 4.46 0.26 1.16 4.46 0.21 1.16 4.46 0.16 1.16 4.46 0.10 1.16 4.46 0.05 1.16 4.46 -0.00 1.16 4.46 -0.05 1.16 4.46 -0.11 1.16 4.46 -0.16 1.16 -4.48 0.32 1.16 -4.48 0.26 1.16 -4.48 0.21 1.16 -4.48 0.16 1.16 -4.48 0.10 1.16 -4.48 0.05 1.16 -4.48 -0.00 1.16 -4.48 -0.05 1.16 -4.48 -0.11 1.16 -4.48 -0.16 1.42 4.46 -0.21 1.42 4.46 0.37 1.42 4.46 0.37 1.42 -4.48 -0.21 1.42 -4.48 -0.21 1.42 -4.48 0.37 1.42 -4.48 0.37 1.42 4.46 0.32 1.42 4.46 0.26 1.42 4.46 0.21 1.42 4.46 0.16 1.42 4.46 0.11 1.42 4.46 0.05 1.42 4.46 0.00 1.42 4.46 -0.05 1.42 4.46 -0.11 1.42 4.46 -0.16 1.42 -4.48 0.32 1.42 -4.48 0.26 1.42 -4.48 0.21 1.42 -4.48 0.16 1.42 -4.48 0.11 1.42 -4.48 0.05 1.42 -4.48 0.00 1.42 -4.48 -0.05 1.42 -4.48 -0.11 1.42 -4.48 -0.16 1.68 4.46 -0.21 1.68 4.46 0.37 1.68 4.46 0.37 1.68 -4.48 -0.21 1.68 -4.48 -0.21 1.68 -4.48 0.37 1.68 -4.48 0.37 1.68 4.46 0.32 1.68 4.46 0.27 1.68 4.46 0.21 1.68 4.46 0.16 1.68 4.46 0.11 1.68 4.46 0.05 1.68 4.46 0.00 1.68 4.46 -0.05 1.68 4.46 -0.10 1.68 4.46 -0.16 1.68 -4.48 0.32 1.68 -4.48 0.27 1.68 -4.48 0.21 1.68 -4.48 0.16 1.68 -4.48 0.11 1.68 -4.48 0.05 1.68 -4.48 0.00 1.68 -4.48 -0.05 1.68 -4.48 -0.10 1.68 -4.48 -0.16 1.94 4.46 -0.21 1.94 4.46 0.37 1.94 4.46 0.37 1.94 -4.48 -0.21 1.94 -4.48 -0.21 1.94 -4.48 0.37 1.94 -4.48 0.37 1.94 4.46 0.32 1.94 4.46 0.27 1.94 4.46 0.21 1.94 4.46 0.16 1.94 4.46 0.11 1.94 4.46 0.06 1.94 4.46 0.00 1.94 4.46 -0.05 1.94 4.46 -0.10 1.94 4.46 -0.16 1.94 -4.48 0.32 1.94 -4.48 0.27 1.94 -4.48 0.21 1.94 -4.48 0.16 1.94 -4.48 0.11 1.94 -4.48 0.06 1.94 -4.48 0.00 1.94 -4.48 -0.05 1.94 -4.48 -0.10 1.94 -4.48 -0.16 2.20 4.46 -0.21 2.20 4.46 0.38 2.20 4.46 0.38 2.20 -4.48 -0.21 2.20 -4.48 -0.21 2.20 -4.48 0.38 2.20 -4.48 0.38 2.20 4.46 0.32 2.20 4.46 0.27 2.20 4.46 0.22 2.20 4.46 0.16 2.20 4.46 0.11 2.20 4.46 0.06 2.20 4.46 0.01 2.20 4.46 -0.05 2.20 4.46 -0.10 2.20 4.46 -0.15 2.20 -4.48 0.32 2.20 -4.48 0.27 2.20 -4.48 0.22 2.20 -4.48 0.16 2.20 -4.48 0.11 2.20 -4.48 0.06 2.20 -4.48 0.01 2.20 -4.48 -0.05 2.20 -4.48 -0.10 2.20 -4.48 -0.15 2.46 4.46 -0.20 2.46 4.46 0.38 2.46 4.46 0.38 2.46 -4.48 -0.20 2.46 -4.48 -0.20 2.46 -4.48 0.38 2.46 -4.48 0.38 2.46 4.46 0.32 2.46 4.46 0.27 2.46 4.46 0.22 2.46 4.46 0.17 2.46 4.46 0.11 2.46 4.46 0.06 2.46 4.46 0.01 2.46 4.46 -0.05 2.46 4.46 -0.10 2.46 4.46 -0.15 2.46 -4.48 0.32 2.46 -4.48 0.27 2.46 -4.48 0.22 2.46 -4.48 0.17 2.46 -4.48 0.11 2.46 -4.48 0.06 2.46 -4.48 0.01 2.46 -4.48 -0.05 2.46 -4.48 -0.10 2.46 -4.48 -0.15 2.72 4.46 -0.20 2.72 4.46 0.38 2.72 4.46 0.38 2.72 -4.48 -0.20 2.72 -4.48 -0.20 2.72 -4.48 0.38 2.72 -4.48 0.38 2.72 4.46 0.33 2.72 4.46 0.27 2.72 4.46 0.22 2.72 4.46 0.17 2.72 4.46 0.11 2.72 4.46 0.06 2.72 4.46 0.01 2.72 4.46 -0.04 2.72 4.46 -0.10 2.72 4.46 -0.15 2.72 -4.48 0.33 2.72 -4.48 0.27 2.72 -4.48 0.22 2.72 -4.48 0.17 2.72 -4.48 0.11 2.72 -4.48 0.06 2.72 -4.48 0.01 2.72 -4.48 -0.04 2.72 -4.48 -0.10 2.72 -4.48 -0.15 2.98 4.46 -0.20 2.98 4.46 0.38 2.98 4.46 0.38 2.98 -4.48 -0.20 2.98 -4.48 -0.20 2.98 -4.48 0.38 2.98 -4.48 0.38 2.98 4.46 0.33 2.98 4.46 0.27 2.98 4.46 0.22 2.98 4.46 0.17 2.98 4.46 0.12 2.98 4.46 0.06 2.98 4.46 0.01 2.98 4.46 -0.04 2.98 4.46 -0.10 2.98 4.46 -0.15 2.98 -4.48 0.33 2.98 -4.48 0.27 2.98 -4.48 0.22 2.98 -4.48 0.17 2.98 -4.48 0.12 2.98 -4.48 0.06 2.98 -4.48 0.01 2.98 -4.48 -0.04 2.98 -4.48 -0.10 2.98 -4.48 -0.15 -1.77 4.46 -0.23 -1.81 4.46 0.35 -1.81 4.46 0.35 -1.77 -4.48 -0.23 -1.77 -4.48 -0.23 -1.81 -4.48 0.35 -1.81 -4.48 0.35 -1.81 4.46 0.29 -1.80 4.46 0.24 -1.79 4.46 0.19 -1.79 4.46 0.14 -1.78 4.46 0.08 -1.78 4.46 0.03 -1.77 4.46 -0.02 -1.77 4.46 -0.07 -1.77 4.46 -0.13 -1.77 4.46 -0.18 -1.80 -4.48 0.29 -1.80 -4.48 0.24 -1.79 -4.48 0.19 -1.78 -4.48 0.14 -1.78 -4.48 0.08 -1.77 -4.48 0.03 -1.77 -4.48 -0.02 -1.77 -4.48 -0.07 -1.77 -4.48 -0.13 -1.77 -4.48 -0.18 -1.26 4.46 -0.23 -1.28 4.46 0.35 -1.28 4.46 0.35 -1.26 -4.48 -0.23 -1.26 -4.48 -0.23 -1.28 -4.48 0.35 -1.28 -4.48 0.35 -1.28 4.46 0.30 -1.28 4.46 0.24 -1.27 4.46 0.19 -1.27 4.46 0.14 -1.27 4.46 0.09 -1.27 4.46 0.03 -1.27 4.46 -0.02 -1.26 4.46 -0.07 -1.26 4.46 -0.12 -1.26 4.46 -0.18 -1.28 -4.48 0.30 -1.28 -4.48 0.24 -1.27 -4.48 0.19 -1.27 -4.48 0.14 -1.27 -4.48 0.09 -1.27 -4.48 0.03 -1.27 -4.48 -0.02 -1.26 -4.48 -0.07 -1.26 -4.48 -0.12 -1.26 -4.48 -0.18 -0.74 4.46 -0.23 -0.75 4.46 0.36 -0.75 4.46 0.36 -0.74 -4.48 -0.23 -0.74 -4.48 -0.23 -0.75 -4.48 0.36 -0.75 -4.48 0.36 -0.75 4.46 0.30 -0.75 4.46 0.25 -0.75 4.46 0.20 -0.75 4.46 0.14 -0.75 4.46 0.09 -0.74 4.46 0.04 -0.74 4.46 -0.01 -0.74 4.46 -0.07 -0.74 4.46 -0.12 -0.74 4.46 -0.17 -0.75 -4.48 0.30 -0.75 -4.48 0.25 -0.75 -4.48 0.20 -0.75 -4.48 0.14 -0.75 -4.48 0.09 -0.74 -4.48 0.04 -0.74 -4.48 -0.01 -0.74 -4.48 -0.07 -0.74 -4.48 -0.12 -0.74 -4.48 -0.17 -0.22 4.46 -0.22 -0.23 4.46 0.36 -0.23 4.46 0.36 -0.22 -4.48 -0.22 -0.22 -4.48 -0.22 -0.23 -4.48 0.36 -0.23 -4.48 0.36 -0.23 4.46 0.31 -0.23 4.46 0.25 -0.23 4.46 0.20 -0.23 4.46 0.15 -0.23 4.46 0.09 -0.23 4.46 0.04 -0.23 4.46 -0.01 -0.22 4.46 -0.06 -0.22 4.46 -0.12 -0.22 4.46 -0.17 -0.23 -4.48 0.31 -0.23 -4.48 0.25 -0.23 -4.48 0.20 -0.23 -4.48 0.15 -0.23 -4.48 0.09 -0.23 -4.48 0.04 -0.22 -4.48 -0.01 -0.22 -4.48 -0.06 -0.22 -4.48 -0.12 -0.22 -4.48 -0.17 0.29 4.46 -0.22 0.29 4.46 0.36 0.29 4.46 0.36 0.29 -4.48 -0.22 0.29 -4.48 -0.22 0.29 -4.48 0.36 0.29 -4.48 0.36 0.29 4.46 0.31 0.29 4.46 0.26 0.29 4.46 0.20 0.29 4.46 0.15 0.29 4.46 0.10 0.29 4.46 0.05 0.29 4.46 -0.01 0.29 4.46 -0.06 0.29 4.46 -0.11 0.29 4.46 -0.17 0.29 -4.48 0.31 0.29 -4.48 0.26 0.29 -4.48 0.20 0.29 -4.48 0.15 0.29 -4.48 0.10 0.29 -4.48 0.05 0.29 -4.48 -0.01 0.29 -4.48 -0.06 0.29 -4.48 -0.11 0.29 -4.48 -0.17 3.93 -4.49 0.09 3.93 -4.49 0.34 3.93 -4.44 0.34 3.93 -4.44 0.09 3.91 -4.51 0.09 3.91 -4.51 0.34 3.90 -0.01 0.33 3.90 -0.01 0.33 3.92 -4.38 0.42 3.92 -4.38 0.42 3.93 -4.38 0.34 3.93 -4.38 0.09 3.89 -4.49 0.09 3.89 -4.49 0.33 3.93 -2.37 0.43 3.93 -4.49 0.43 3.93 -4.44 0.43 3.91 -0.01 0.09 3.91 -0.01 0.09 3.93 -2.37 0.09 3.93 -2.37 0.34 3.89 -4.44 0.09 3.89 -4.44 0.33 3.90 -4.38 0.41 3.91 -4.51 0.41 3.91 -4.44 0.42 3.91 -4.44 0.42 3.93 -4.38 0.43 3.91 -4.38 0.09 3.90 -4.38 0.33 3.89 -4.49 0.40 3.89 -4.44 0.40 3.93 -4.49 -0.15 3.93 -4.44 -0.15 3.91 -4.51 -0.15 3.92 -4.38 -0.23 3.92 -4.38 -0.23 3.93 -4.38 -0.15 3.89 -4.49 -0.14 3.93 -2.37 -0.24 3.93 -4.49 -0.24 3.93 -4.44 -0.24 3.93 -2.37 -0.15 3.89 -4.44 -0.14 3.90 -4.38 -0.22 3.91 -4.51 -0.22 3.91 -4.44 -0.23 3.91 -4.44 -0.23 3.93 -4.38 -0.24 3.92 -0.01 -0.23 3.92 -0.01 -0.23 3.92 -0.01 -0.23 3.92 -0.01 -0.23 3.91 -4.38 -0.14 3.89 -4.49 -0.21 3.89 -4.44 -0.21 3.93 4.47 0.09 3.93 4.47 0.34 3.93 4.42 0.34 3.93 4.42 0.09 3.91 4.49 0.09 3.91 4.49 0.34 3.92 4.36 0.42 3.92 4.36 0.42 3.93 4.36 0.34 3.93 4.36 0.09 3.89 4.47 0.09 3.89 4.47 0.33 3.93 -0.01 0.43 3.93 4.47 0.43 3.93 4.42 0.43 3.93 -0.01 0.09 3.93 -0.01 0.34 3.89 4.42 0.09 3.89 4.42 0.33 3.90 4.36 0.41 3.91 4.49 0.41 3.91 4.42 0.42 3.91 4.42 0.42 3.93 4.36 0.43 3.92 -0.01 0.42 3.92 -0.01 0.42 3.92 -0.01 0.42 3.92 -0.01 0.42 3.91 4.36 0.09 3.90 4.36 0.33 3.90 -0.01 0.41 3.90 -0.01 0.41 3.89 4.47 0.40 3.89 4.42 0.40 3.93 4.47 -0.15 3.93 4.42 -0.15 3.91 4.49 -0.15 3.91 -0.01 -0.14 3.91 -0.01 -0.14 3.92 4.36 -0.23 3.92 4.36 -0.23 3.93 4.36 -0.15 3.89 4.47 -0.14 3.93 -0.01 -0.24 3.93 4.47 -0.24 3.93 4.42 -0.24 3.93 -0.01 -0.15 3.89 4.42 -0.14 3.90 4.36 -0.22 3.91 4.49 -0.22 3.91 4.42 -0.23 3.91 4.42 -0.23 3.93 4.36 -0.24 3.91 4.36 -0.14 3.90 -0.01 -0.22 3.90 -0.01 -0.22 3.89 4.47 -0.21 3.89 4.42 -0.21 3.71 4.46 -0.20 3.70 4.46 0.39 3.70 4.46 0.39 3.71 -4.48 -0.20 3.71 -4.48 -0.20 3.70 -4.48 0.39 3.70 -4.48 0.39 3.71 4.46 0.33 3.71 4.46 0.28 3.71 4.46 0.23 3.71 4.46 0.17 3.71 4.46 0.12 3.71 4.46 0.07 3.71 4.46 0.01 3.71 4.46 -0.04 3.71 4.46 -0.09 3.71 4.46 -0.14 3.71 -4.48 0.33 3.71 -4.48 0.28 3.71 -4.48 0.23 3.71 -4.48 0.17 3.71 -4.48 0.12 3.71 -4.48 0.07 3.71 -4.48 0.01 3.71 -4.48 -0.04 3.71 -4.48 -0.09 3.71 -4.48 -0.14 3.58 4.46 -0.20 3.58 4.46 0.38 3.58 4.46 0.38 3.58 -4.48 -0.20 3.58 -4.48 -0.20 3.58 -4.48 0.38 3.58 -4.48 0.38 3.58 4.46 0.33 3.58 4.46 0.28 3.58 4.46 0.23 3.58 4.46 0.17 3.58 4.46 0.12 3.58 4.46 0.07 3.58 4.46 0.01 3.58 4.46 -0.04 3.58 4.46 -0.09 3.58 4.46 -0.14 3.58 -4.48 0.33 3.58 -4.48 0.28 3.58 -4.48 0.23 3.58 -4.48 0.17 3.58 -4.48 0.12 3.58 -4.48 0.07 3.58 -4.48 0.01 3.58 -4.48 -0.04 3.58 -4.48 -0.09 3.58 -4.48 -0.14 3.86 4.46 -0.20 3.86 4.46 0.39 3.86 4.46 0.39 3.86 -4.48 -0.20 3.86 -4.48 -0.20 3.86 -4.48 0.39 3.86 -4.48 0.39 3.86 4.46 0.33 3.86 4.46 0.28 3.86 4.46 0.23 3.86 4.46 0.17 3.86 4.46 0.12 3.86 4.46 0.07 3.86 4.46 0.02 3.86 4.46 -0.04 3.86 4.46 -0.09 3.86 4.46 -0.14 3.86 -4.48 0.33 3.86 -4.48 0.28 3.86 -4.48 0.23 3.86 -4.48 0.17 3.86 -4.48 0.12 3.86 -4.48 0.07 3.86 -4.48 0.02 3.86 -4.48 -0.04 3.86 -4.48 -0.09 3.86 -4.48 -0.14 3.80 4.46 -0.20 3.80 4.46 0.39 3.80 4.46 0.39 3.80 -4.48 -0.20 3.80 -4.48 -0.20 3.80 -4.48 0.39 3.80 -4.48 0.39 3.80 4.46 0.33 3.80 4.46 0.28 3.80 4.46 0.23 3.80 4.46 0.17 3.80 4.46 0.12 3.80 4.46 0.07 3.80 4.46 0.02 3.80 4.46 -0.04 3.80 4.46 -0.09 3.80 4.46 -0.14 3.80 -4.48 0.33 3.80 -4.48 0.28 3.80 -4.48 0.23 3.80 -4.48 0.17 3.80 -4.48 0.12 3.80 -4.48 0.07 3.80 -4.48 0.02 3.80 -4.48 -0.04 3.80 -4.48 -0.09 3.80 -4.48 -0.14 3.39 4.46 -0.20 3.38 4.46 0.38 3.38 4.46 0.38 3.39 -4.48 -0.20 3.39 -4.48 -0.20 3.38 -4.48 0.38 3.38 -4.48 0.38 3.38 4.46 0.33 3.38 4.46 0.28 3.38 4.46 0.22 3.38 4.46 0.17 3.38 4.46 0.12 3.38 4.46 0.07 3.38 4.46 0.01 3.38 4.46 -0.04 3.38 4.46 -0.09 3.39 4.46 -0.15 3.38 -4.48 0.33 3.38 -4.48 0.28 3.38 -4.48 0.22 3.38 -4.48 0.17 3.38 -4.48 0.12 3.38 -4.48 0.07 3.38 -4.48 0.01 3.38 -4.48 -0.04 3.38 -4.48 -0.09 3.39 -4.48 -0.15 3.11 4.46 -0.20 3.11 4.46 0.38 3.11 4.46 0.38 3.11 -4.48 -0.20 3.11 -4.48 -0.20 3.11 -4.48 0.38 3.11 -4.48 0.38 3.11 4.46 0.33 3.11 4.46 0.28 3.11 4.46 0.22 3.11 4.46 0.17 3.11 4.46 0.12 3.11 4.46 0.06 3.11 4.46 0.01 3.11 4.46 -0.04 3.11 4.46 -0.09 3.11 4.46 -0.15 3.11 -4.48 0.33 3.11 -4.48 0.28 3.11 -4.48 0.22 3.11 -4.48 0.17 3.11 -4.48 0.12 3.11 -4.48 0.06 3.11 -4.48 0.01 3.11 -4.48 -0.04 3.11 -4.48 -0.09 3.11 -4.48 -0.15
3.89 4.46 -0.19 3.88 4.46 0.39 3.88 4.46 0.39 -2.57 4.46 -0.22 -2.57 4.46 -0.22 -2.57 4.46 -0.22 -2.64 4.46 0.36 -2.64 4.46 0.36 -2.64 4.46 0.36 -2.56 -4.48 -0.22 -2.56 -4.48 -0.22 -2.56 -4.48 -0.22 -2.64 -4.48 0.36 -2.64 -4.48 0.36 -2.64 -4.48 0.36 3.89 -4.48 -0.19 3.89 -4.48 -0.19 3.88 -4.48 0.39 3.88 -4.48 0.39 3.89 4.46 0.33 3.89 4.46 0.33 3.89 4.46 0.28 3.89 4.46 0.28 3.89 4.46 0.23 3.89 4.46 0.23 3.89 4.46 0.18 3.89 4.46 0.18 3.89 4.46 0.12 3.89 4.46 0.12 3.89 4.46 0.12 3.89 4.46 0.07 3.89 4.46 0.07 3.89 4.46 0.07 3.89 4.46 0.02 3.89 4.46 0.02 3.89 4.46 -0.04 3.89 4.46 -0.04 3.89 4.46 -0.09 3.89 4.46 -0.09 3.89 4.46 -0.14 3.89 4.46 -0.14 -2.63 4.46 0.31 -2.63 4.46 0.31 -2.62 4.46 0.25 -2.62 4.46 0.25 -2.60 4.46 0.20 -2.60 4.46 0.20 -2.60 4.46 0.15 -2.60 4.46 0.15 -2.59 4.46 0.10 -2.59 4.46 0.10 -2.58 4.46 0.05 -2.58 4.46 0.05 -2.57 4.46 -0.01 -2.57 4.46 -0.01 -2.57 4.46 -0.06 -2.57 4.46 -0.06 -2.57 4.46 -0.11 -2.57 4.46 -0.11 -2.57 4.46 -0.16 -2.57 4.46 -0.16 -2.62 -4.48 0.31 -2.62 -4.48 0.31 -2.61 -4.48 0.25 -2.61 -4.48 0.25 -2.60 -4.48 0.20 -2.60 -4.48 0.20 -2.59 -4.48 0.15 -2.59 -4.48 0.15 -2.59 -4.48 0.10 -2.59 -4.48 0.10 -2.58 -4.48 0.05 -2.58 -4.48 0.05 -2.57 -4.48 -0.01 -2.57 -4.48 -0.01 -2.57 -4.48 -0.06 -2.57 -4.48 -0.06 -2.57 -4.48 -0.11 -2.57 -4.48 -0.11 -2.56 -4.48 -0.16 -2.56 -4.48 -0.16 3.89 -4.48 0.33 3.89 -4.48 0.33 3.89 -4.48 0.28 3.89 -4.48 0.28 3.89 -4.48 0.23 3.89 -4.48 0.23 3.89 -4.48 0.18 3.89 -4.48 0.18 3.89 -4.48 0.12 3.89 -4.48 0.12 3.89 -4.48 0.12 3.89 -4.48 0.07 3.89 -4.48 0.07 3.89 -4.48 0.07 3.89 -4.48 0.02 3.89 -4.48 0.02 3.89 -4.48 -0.04 3.89 -4.48 -0.04 3.89 -4.48 -0.09 3.89 -4.48 -0.09 3.89 -4.48 -0.14 3.89 -4.48 -0.14 0.64 4.46 -0.22 0.64 4.46 0.37 0.64 4.46 0.37 0.64 -4.48 -0.22 0.64 -4.48 -0.22 0.64 -4.48 0.37 0.64 -4.48 0.37 0.64 4.46 0.31 0.64 4.46 0.26 0.64 4.46 0.21 0.64 4.46 0.15 0.64 4.46 0.10 0.64 4.46 0.05 0.64 4.46 -0.00 0.64 4.46 -0.06 0.64 4.46 -0.11 0.64 4.46 -0.16 0.64 -4.48 0.31 0.64 -4.48 0.26 0.64 -4.48 0.21 0.64 -4.48 0.15 0.64 -4.48 0.10 0.64 -4.48 0.05 0.64 -4.48 -0.00 0.64 -4.48 -0.06 0.64 -4.48 -0.11 0.64 -4.48 -0.16 0.90 4.46 -0.21 0.90 4.46 0.37 0.90 4.46 0.37 0.90 -4.48 -0.21 0.90 -4.48 -0.21 0.90 -4.48 0.37 0.90 -4.48 0.37 0.90 4.46 0.31 0.90 4.46 0.26 0.90 4.46 0.21 0.90 4.46 0.16 0.90 4.46 0.10 0.90 4.46 0.05 0.90 4.46 -0.00 0.90 4.46 -0.06 0.90 4.46 -0.11 0.90 4.46 -0.16 0.90 -4.48 0.31 0.90 -4.48 0.26 0.90 -4.48 0.21 0.90 -4.48 0.16 0.90 -4.48 0.10 0.90 -4.48 0.05 0.90 -4.48 -0.00 0.90 -4.48 -0.06 0.90 -4.48 -0.11 0.90 -4.48 -0.16 1.16 4.46 -0.21 1.16 4.46 0.37 1.16 4.46 0.37 1.16 -4.48 -0.21 1.16 -4.48 -0.21 1.16 -4.48 0.37 1.16 -4.48 0.37 1.16 4.46 0.31 1.16 4.46 0.26 1.16 4.46 0.21 1.16 4.46 0.16 1.16 4.46 0.10 1.16 4.46 0.05 1.16 4.46 -0.00 1.16 4.46 -0.06 1.16 4.46 -0.11 1.16 4.46 -0.16 1.16 -4.48 0.31 1.16 -4.48 0.26 1.16 -4.48 0.21 1.16 -4.48 0.16 1.16 -4.48 0.10 1.16 -4.48 0.05 1.16 -4.48 -0.00 1.16 -4.48 -0.06 1.16 -4.48 -0.11 1.16 -4.48 -0.16 1.42 4.46 -0.21 1.42 4.46 0.37 1.42 4.46 0.37 1.42 -4.48 -0.21 1.42 -4.48 -0.21 1.42 -4.48 0.37 1.42 -4.48 0.37 1.42 4.46 0.31 1.42 4.46 0.26 1.42 4.46 0.21 1.42 4.46 0.16 1.42 4.46 0.10 1.42 4.46 0.05 1.42 4.46 -0.00 1.42 4.46 -0.06 1.42 4.46 -0.11 1.42 4.46 -0.16 1.42 -4.48 0.31 1.42 -4.48 0.26 1.42 -4.48 0.21 1.42 -4.48 0.16 1.42 -4.48 0.10 1.42 -4.48 0.05 1.42 -4.48 -0.00 1.42 -4.48 -0.06 1.42 -4.48 -0.11 1.42 -4.48 -0.16 1.68 4.46 -0.21 1.68 4.46 0.37 1.68 4.46 0.37 1.68 -4.48 -0.21 1.68 -4.48 -0.21 1.68 -4.48 0.37 1.68 -4.48 0.37 1.68 4.46 0.32 1.68 4.46 0.26 1.68 4.46 0.21 1.68 4.46 0.16 1.68 4.46 0.10 1.68 4.46 0.05 1.68 4.46 -0.00 1.68 4.46 -0.05 1.68 4.46 -0.11 1.68 4.46 -0.16 1.68 -4.48 0.32 1.68 -4.48 0.26 1.68 -4.48 0.21 1.68 -4.48 0.16 1.68 -4.48 0.10 1.68 -4.48 0.05 1.68 -4.48 -0.00 1.68 -4.48 -0.05 1.68 -4.48 -0.11 1.68 -4.48 -0.16 1.94 4.46 -0.21 1.94 4.46 0.37 1.94 4.46 0.37 1.94 -4.48 -0.21 1.94 -4.48 -0.21 1.94 -4.48 0.37 1.94 -4.48 0.37 1.94 4.46 0.32 1.94 4.46 0.27 1.94 4.46 0.21 1.94 4.46 0.16 1.94 4.46 0.11 1.94 4.46 0.05 1.94 4.46 0.00 1.94 4.46 -0.05 1.94 4.46 -0.10 1.94 4.46 -0.16 1.94 -4.48 0.32 1.94 -4.48 0.27 1.94 -4.48 0.21 1.94 -4.48 0.16 1.94 -4.48 0.11 1.94 -4.48 0.05 1.94 -4.48 0.00 1.94 -4.48 -0.05 1.94 -4.48 -0.10 1.94 -4.48 -0.16 2.20 4.46 -0.21 2.20 4.46 0.37 2.20 4.46 0.37 2.20 -4.48 -0.21 2.20 -4.48 -0.21 2.20 -4.48 0.37 2.20 -4.48 0.37 2.20 4.46 0.32 2.20 4.46 0.27 2.20 4.46 0.21 2.20 4.46 0.16 2.20 4.46 0.11 2.20 4.46 0.06 2.20 4.46 0.00 2.20 4.46 -0.05 2.20 4.46 -0.10 2.20 4.46 -0.16 2.20 -4.48 0.32 2.20 -4.48 0.27 2.20 -4.48 0.21 2.20 -4.48 0.16 2.20 -4.48 0.11 2.20 -4.48 0.06 2.20 -4.48 0.00 2.20 -4.48 -0.05 2.20 -4.48 -0.10 2.20 -4.48 -0.16 2.46 4.46 -0.21 2.46 4.46 0.38 2.46 4.46 0.38 2.46 -4.48 -0.21 2.46 -4.48 -0.21 2.46 -4.48 0.38 2.46 -4.48 0.38 2.46 4.46 0.32 2.46 4.46 0.27 2.46 4.46 0.22 2.46 4.46 0.16 2.46 4.46 0.11 2.46 4.46 0.06 2.46 4.46 0.01 2.46 4.46 -0.05 2.46 4.46 -0.10 2.46 4.46 -0.15 2.46 -4.48 0.32 2.46 -4.48 0.27 2.46 -4.48 0.22 2.46 -4.48 0.16 2.46 -4.48 0.11 2.46 -4.48 0.06 2.46 -4.48 0.01 2.46 -4.48 -0.05 2.46 -4.48 -0.10 2.46 -4.48 -0.15 2.72 4.46 -0.20 2.72 4.46 0.38 2.72 4.46 0.38 2.72 -4.48 -0.20 2.72 -4.48 -0.20 2.72 -4.48 0.38 2.72 -4.48 0.38 2.72 4.46 0.32 2.72 4.46 0.27 2.72 4.46 0.22 2.72 4.46 0.17 2.72 4.46 0.11 2.72 4.46 0.06 2.72 4.46 0.01 2.72 4.46 -0.05 2.72 4.46 -0.10 2.72 4.46 -0.15 2.72 -4.48 0.32 2.72 -4.48 0.27 2.72 -4.48 0.22 2.72 -4.48 0.17 2.72 -4.48 0.11 2.72 -4.48 0.06 2.72 -4.48 0.01 2.72 -4.48 -0.05 2.72 -4.48 -0.10 2.72 -4.48 -0.15 2.98 4.46 -0.20 2.98 4.46 0.38 2.98 4.46 0.38 2.98 -4.48 -0.20 2.98 -4.48 -0.20 2.98 -4.48 0.38 2.98 -4.48 0.38 2.98 4.46 0.33 2.98 4.46 0.27 2.98 4.46 0.22 2.98 4.46 0.17 2.98 4.46 0.12 2.98 4.46 0.06 2.98 4.46 0.01 2.98 4.46 -0.04 2.98 4.46 -0.10 2.98 4.46 -0.15 2.98 -4.48 0.33 2.98 -4.48 0.27 2.98 -4.48 0.22 2.98 -4.48 0.17 2.98 -4.48 0.12 2.98 -4.48 0.06 2.98 -4.48 0.01 2.98 -4.48 -0.04 2.98 -4.48 -0.10 2.98 -4.48 -0.15 -1.77 4.46 -0.22 -1.81 4.46 0.36 -1.81 4.46 0.36 -1.76 -4.48 -0.22 -1.76 -4.48 -0.22 -1.81 -4.48 0.36 -1.81 -4.48 0.36 -1.80 4.46 0.31 -1.79 4.46 0.26 -1.79 4.46 0.20 -1.78 4.46 0.15 -1.78 4.46 0.10 -1.77 4.46 0.05 -1.77 4.46 -0.01 -1.77 4.46 -0.06 -1.77 4.46 -0.11 -1.77 4.46 -0.16 -1.80 -4.48 0.31 -1.79 -4.48 0.26 -1.79 -4.48 0.20 -1.78 -4.48 0.15 -1.78 -4.48 0.10 -1.77 -4.48 0.05 -1.77 -4.48 -0.01 -1.77 -4.48 -0.06 -1.77 -4.48 -0.11 -1.76 -4.48 -0.16 -1.26 4.46 -0.22 -1.28 4.46 0.36 -1.28 4.46 0.36 -1.26 -4.48 -0.22 -1.26 -4.48 -0.22 -1.28 -4.48 0.36 -1.28 -4.48 0.36 -1.28 4.46 0.31 -1.27 4.46 0.26 -1.27 4.46 0.21 -1.27 4.46 0.15 -1.27 4.46 0.10 -1.27 4.46 0.05 -1.26 4.46 -0.01 -1.26 4.46 -0.06 -1.26 4.46 -0.11 -1.26 4.46 -0.16 -1.27 -4.48 0.31 -1.27 -4.48 0.26 -1.27 -4.48 0.21 -1.27 -4.48 0.15 -1.27 -4.48 0.10 -1.26 -4.48 0.05 -1.26 -4.48 -0.01 -1.26 -4.48 -0.06 -1.26 -4.48 -0.11 -1.26 -4.48 -0.16 -0.74 4.46 -0.22 -0.75 4.46 0.37 -0.75 4.46 0.37 -0.74 -4.48 -0.22 -0.74 -4.48 -0.22 -0.75 -4.48 0.37 -0.75 -4.48 0.37 -0.75 4.46 0.31 -0.75 4.46 0.26 -0.74 4.46 0.21 -0.74 4.46 0.15 -0.74 4.46 0.10 -0.74 4.46 0.05 -0.74 4.46 -0.00 -0.74 4.46 -0.06 -0.74 4.46 -0.11 -0.74 4.46 -0.16 -0.75 -4.48 0.31 -0.74 -4.48 0.26 -0.74 -4.48 0.21 -0.74 -4.48 0.15 -0.74 -4.48 0.10 -0.74 -4.48 0.05 -0.74 -4.48 -0.00 -0.74 -4.48 -0.06 -0.74 -4.48 -0.11 -0.74 -4.48 -0.16 -0.22 4.46 -0.22 -0.22 4.46 0.37 -0.22 4.46 0.37 -0.22 -4.48 -0.22 -0.22 -4.48 -0.22 -0.22 -4.48 0.37 -0.22 -4.48 0.37 -0.22 4.46 0.31 -0.22 4.46 0.26 -0.22 4.46 0.21 -0.22 4.46 0.15 -0.22 4.46 0.10 -0.22 4.46 0.05 -0.22 4.46 -0.00 -0.22 4.46 -0.06 -0.22 4.46 -0.11 -0.22 4.46 -0.16 -0.22 -4.48 0.31 -0.22 -4.48 0.26 -0.22 -4.48 0.21 -0.22 -4.48 0.15 -0.22 -4.48 0.10 -0.22 -4.48 0.05 -0.22 -4.48 -0.00 -0.22 -4.48 -0.06 -0.22 -4.48 -0.11 -0.22 -4.48 -0.16 0.30 4.46 -0.22 0.30 4.46 0.37 0.30 4.46 0.37 0.30 -4.48 -0.22 0.30 -4.48 -0.22 0.30 -4.48 0.37 0.30 -4.48 0.37 0.30 4.46 0.31 0.30 4.46 0.26 0.30 4.46 0.21 0.30 4.46 0.15 0.30 4.46 0.10 0.30 4.46 0.05 0.30 4.46 -0.00 0.30 4.46 -0.06 0.30 4.46 -0.11 0.30 4.46 -0.16 0.30 -4.48 0.31 0.30 -4.48 0.26 0.30 -4.48 0.21 0.30 -4.48 0.15 0.30 -4.48 0.10 0.30 -4.48 0.05 0.30 -4.48 -0.00 0.30 -4.48 -0.06 0.30 -4.48 -0.11 0.30 -4.48 -0.16 3.93 -4.49 0.10 3.93 -4.49 0.34 3.93 -4.44 0.34 3.93 -4.44 0.10 3.92 -4.51 0.10 3.91 -4.51 0.34 3.90 -0.01 0.33 3.90 -0.01 0.33 3.92 -4.38 0.42 3.92 -4.38 0.42 3.93 -4.38 0.34 3.93 -4.38 0.10 3.89 -4.49 0.10 3.89 -4.49 0.33 3.93 -2.37 0.43 3.93 -4.49 0.43 3.93 -4.44 0.43 3.91 -0.01 0.10 3.91 -0.01 0.10 3.93 -2.37 0.10 3.93 -2.37 0.34 3.89 -4.44 0.10 3.89 -4.44 0.33 3.90 -4.38 0.41 3.91 -4.51 0.42 3.91 -4.44 0.42 3.91 -4.44 0.42 3.93 -4.38 0.43 3.91 -4.38 0.10 3.90 -4.38 0.33 3.89 -4.49 0.40 3.89 -4.44 0.40 3.94 -4.49 -0.15 3.94 -4.44 -0.15 3.92 -4.51 -0.15 3.92 -4.38 -0.23 3.92 -4.38 -0.23 3.94 -4.38 -0.15 3.89 -4.49 -0.14 3.93 -2.37 -0.24 3.93 -4.49 -0.24 3.93 -4.44 -0.24 3.94 -2.37 -0.15 3.89 -4.44 -0.14 3.91 -4.38 -0.22 3.92 -4.51 -0.22 3.92 -4.44 -0.22 3.92 -4.44 -0.22 3.93 -4.38 -0.24 3.92 -0.01 -0.23 3.92 -0.01 -0.23 3.92 -0.01 -0.23 3.92 -0.01 -0.23 3.91 -4.38 -0.14 3.89 -4.49 -0.21 3.89 -4.44 -0.21 3.93 4.47 0.10 3.93 4.47 0.34 3.93 4.42 0.34 3.93 4.42 0.10 3.92 4.49 0.10 3.91 4.49 0.34 3.92 4.36 0.42 3.92 4.36 0.42 3.93 4.36 0.34 3.93 4.36 0.10 3.89 4.47 0.10 3.89 4.47 0.33 3.93 -0.01 0.43 3.93 4.47 0.43 3.93 4.42 0.43 3.93 -0.01 0.10 3.93 -0.01 0.34 3.89 4.42 0.10 3.89 4.42 0.33 3.90 4.36 0.41 3.91 4.49 0.42 3.91 4.42 0.42 3.91 4.42 0.42 3.93 4.36 0.43 3.92 -0.01 0.42 3.92 -0.01 0.42 3.92 -0.01 0.42 3.92 -0.01 0.42 3.91 4.36 0.10 3.90 4.36 0.33 3.90 -0.01 0.41 3.90 -0.01 0.41 3.89 4.47 0.40 3.89 4.42 0.40 3.94 4.47 -0.15 3.94 4.42 -0.15 3.92 4.49 -0.15 3.91 -0.01 -0.14 3.91 -0.01 -0.14 3.92 4.36 -0.23 3.92 4.36 -0.23 3.94 4.36 -0.15 3.89 4.47 -0.14 3.93 -0.01 -0.24 3.93 4.47 -0.24 3.93 4.42 -0.24 3.94 -0.01 -0.15 3.89 4.42 -0.14 3.91 4.36 -0.22 3.92 4.49 -0.22 3.92 4.42 -0.22 3.92 4.42 -0.22 3.93 4.36 -0.24 3.91 4.36 -0.14 3.91 -0.01 -0.22 3.91 -0.01 -0.22 3.89 4.47 -0.21 3.89 4.42 -0.21 3.71 4.46 -0.20 3.71 4.46 0.38 3.71 4.46 0.38 3.71 -4.48 -0.20 3.71 -4.48 -0.20 3.71 -4.48 0.38 3.71 -4.48 0.38 3.71 4.46 0.33 3.71 4.46 0.28 3.71 4.46 0.22 3.71 4.46 0.17 3.71 4.46 0.12 3.71 4.46 0.07 3.71 4.46 0.01 3.71 4.46 -0.04 3.71 4.46 -0.09 3.71 4.46 -0.15 3.71 -4.48 0.33 3.71 -4.48 0.28 3.71 -4.48 0.22 3.71 -4.48 0.17 3.71 -4.48 0.12 3.71 -4.48 0.07 3.71 -4.48 0.01 3.71 -4.48 -0.04 3.71 -4.48 -0.09 3.71 -4.48 -0.15 3.58 4.46 -0.20 3.58 4.46 0.38 3.58 4.46 0.38 3.58 -4.48 -0.20 3.58 -4.48 -0.20 3.58 -4.48 0.38 3.58 -4.48 0.38 3.58 4.46 0.33 3.58 4.46 0.28 3.58 4.46 0.22 3.58 4.46 0.17 3.58 4.46 0.12 3.58 4.46 0.06 3.58 4.46 0.01 3.58 4.46 -0.04 3.58 4.46 -0.09 3.58 4.46 -0.15 3.58 -4.48 0.33 3.58 -4.48 0.28 3.58 -4.48 0.22 3.58 -4.48 0.17 3.58 -4.48 0.12 3.58 -4.48 0.06 3.58 -4.48 0.01 3.58 -4.48 -0.04 3.58 -4.48 -0.09 3.58 -4.48 -0.15 3.86 4.46 -0.19 3.86 4.46 0.39 3.86 4.46 0.39 3.86 -4.48 -0.19 3.86 -4.48 -0.19 3.86 -4.48 0.39 3.86 -4.48 0.39 3.86 4.46 0.33 3.86 4.46 0.28 3.86 4.46 0.23 3.86 4.46 0.18 3.86 4.46 0.12 3.86 4.46 0.07 3.87 4.46 0.02 3.87 4.46 -0.04 3.87 4.46 -0.09 3.87 4.46 -0.14 3.86 -4.48 0.33 3.86 -4.48 0.28 3.86 -4.48 0.23 3.86 -4.48 0.18 3.86 -4.48 0.12 3.86 -4.48 0.07 3.87 -4.48 0.02 3.87 -4.48 -0.04 3.87 -4.48 -0.09 3.87 -4.48 -0.14 3.80 4.46 -0.20 3.80 4.46 0.38 3.80 4.46 0.38 3.80 -4.48 -0.20 3.80 -4.48 -0.20 3.80 -4.48 0.38 3.80 -4.48 0.38 3.80 4.46 0.33 3.80 4.46 0.28 3.80 4.46 0.23 3.80 4.46 0.17 3.80 4.46 0.12 3.80 4.46 0.07 3.80 4.46 0.02 3.80 4.46 -0.04 3.80 4.46 -0.09 3.80 4.46 -0.14 3.80 -4.48 0.33 3.80 -4.48 0.28 3.80 -4.48 0.23 3.80 -4.48 0.17 3.80 -4.48 0.12 3.80 -4.48 0.07 3.80 -4.48 0.02 3.80 -4.48 -0.04 3.80 -4.48 -0.09 3.80 -4.48 -0.14 3.39 4.46 -0.20 3.39 4.46 0.38 3.39 4.46 0.38 3.39 -4.48 -0.20 3.39 -4.48 -0.20 3.39 -4.48 0.38 3.39 -4.48 0.38 3.39 4.46 0.33 3.39 4.46 0.28 3.39 4.46 0.22 3.39 4.46 0.17 3.39 4.46 0.12 3.39 4.46 0.07 3.39 4.46 0.01 3.39 4.46 -0.04 3.39 4.46 -0.09 3.39 4.46 -0.15 3.39 -4.48 0.33 3.39 -4.48 0.28 3.39 -4.48 0.22 3.39 -4.48 0.17 3.39 -4.48 0.12 3.39 -4.48 0.07 3.39 -4.48 0.01 3.39 -4.48 -0.04 3.39 -4.48 -0.09 3.39 -4.48 -0.15 3.12 4.46 -0.20 3.11 4.46 0.38 3.11 4.46 0.38 3.12 -4.48 -0.20 3.12 -4.48 -0.20 3.11 -4.48 0.38 3.11 -4.48 0.38 3.11 4.46 0.33 3.11 4.46 0.28 3.11 4.46 0.22 3.11 4.46 0.17 3.11 4.46 0.12 3.11 4.46 0.06 3.11 4.46 0.01 3.12 4.46 -0.04 3.12 4.46 -0.09 3.12 4.46 -0.15 3.11 -4.48 0.33 3.11 -4.48 0.28 3.11 -4.48 0.22 3.11 -4.48 0.17 3.11 -4.48 0.12 3.11 -4.48 0.06 3.11 -4.48 0.01 3.12 -4.48 -0.04 3.12 -4.48 -0.09 3.12 -4.48 -0.15
3.90 4.46 -0.19 3.88 4.46 0.39 3.88 4.46 0.39 -2.56 4.46 -0.22 -2.56 4.46 -0.22 -2.56 4.46 -0.22 -2.63 4.46 0.35 -2.63 4.46 0.35 -2.63 4.46 0.35 -2.56 -4.48 -0.22 -2.56 -4.48 -0.22 -2.56 -4.48 -0.22 -2.63 -4.48 0.35 -2.63 -4.48 0.35 -2.63 -4.48 0.35 3.90 -4.48 -0.19 3.90 -4.48 -0.19 3.88 -4.48 0.39 3.88 -4.48 0.39 3.89 4.46 0.34 3.89 4.46 0.34 3.89 4.46 0.28 3.89 4.46 0.28 3.89 4.46 0.23 3.89 4.46 0.23 3.89 4.46 0.18 3.89 4.46 0.18 3.90 4.46 0.13 3.90 4.46 0.13 3.90 4.46 0.13 3.90 4.46 0.07 3.90 4.46 0.07 3.90 4.46 0.07 3.90 4.46 0.02 3.90 4.46 0.02 3.90 4.46 -0.03 3.90 4.46 -0.03 3.90 4.46 -0.09 3.90 4.46 -0.09 3.90 4.46 -0.14 3.90 4.46 -0.14 -2.62 4.46 0.30 -2.62 4.46 0.30 -2.61 4.46 0.25 -2.61 4.46 0.25 -2.60 4.46 0.20 -2.60 4.46 0.20 -2.59 4.46 0.15 -2.59 4.46 0.15 -2.58 4.46 0.09 -2.58 4.46 0.09 -2.57 4.46 0.04 -2.57 4.46 0.04 -2.57 4.46 -0.01 -2.57 4.46 -0.01 -2.56 4.46 -0.06 -2.56 4.46 -0.06 -2.56 4.46 -0.12 -2.56 4.46 -0.12 -2.56 4.46 -0.17 -2.56 4.46 -0.17 -2.62 -4.48 0.30 -2.62 -4.48 0.30 -2.61 -4.48 0.25 -2.61 -4.48 0.25 -2.60 -4.48 0.20 -2.60 -4.48 0.20 -2.59 -4.48 0.15 -2.59 -4.48 0.15 -2.58 -4.48 0.09 -2.58 -4.48 0.09 -2.57 -4.48 0.04 -2.57 -4.48 0.04 -2.57 -4.48 -0.01 -2.57 -4.48 -0.01 -2.56 -4.48 -0.06 -2.56 -4.48 -0.06 -2.56 -4.48 -0.12 -2.56 -4.48 -0.12 -2.56 -4.48 -0.17 -2.56 -4.48 -0.17 3.89 -4.48 0.34 3.89 -4.48 0.34 3.89 -4.48 0.28 3.89 -4.48 0.28 3.89 -4.48 0.23 3.89 -4.48 0.23 3.89 -4.48 0.18 3.89 -4.48 0.18 3.90 -4.48 0.13 3.90 -4.48 0.13 3.90 -4.48 0.13 3.90 -4.48 0.07 3.90 -4.48 0.07 3.90 -4.48 0.07 3.90 -4.48 0.02 3.90 -4.48 0.02 3.90 -4.48 -0.03 3.90 -4.48 -0.03 3.90 -4.48 -0.09 3.90 -4.48 -0.09 3.90 -4.48 -0.14 3.90 -4.48 -0.14 0.65 4.46 -0.22 0.65 4.46 0.36 0.65 4.46 0.36 0.65 -4.48 -0.22 0.65 -4.48 -0.22 0.65 -4.48 0.36 0.65 -4.48 0.36 0.65 4.46 0.30 0.65 4.46 0.25 0.65 4.46 0.20 0.65 4.46 0.15 0.65 4.46 0.09 0.65 4.46 0.04 0.65 4.46 -0.01 0.65 4.46 -0.07 0.65 4.46 -0.12 0.65 4.46 -0.17 0.65 -4.48 0.30 0.65 -4.48 0.25 0.65 -4.48 0.20 0.65 -4.48 0.15 0.65 -4.48 0.09 0.65 -4.48 0.04 0.65 -4.48 -0.01 0.65 -4.48 -0.07 0.65 -4.48 -0.12 0.65 -4.48 -0.17 0.91 4.46 -0.22 0.91 4.46 0.36 0.91 4.46 0.36 0.91 -4.48 -0.22 0.91 -4.48 -0.22 0.91 -4.48 0.36 0.91 -4.48 0.36 0.91 4.46 0.30 0.91 4.46 0.25 0.91 4.46 0.20 0.91 4.46 0.15 0.91 4.46 0.09 0.91 4.46 0.04 0.91 4.46 -0.01 0.91 4.46 -0.07 0.91 4.46 -0.12 0.91 4.46 -0.17 0.91 -4.48 0.30 0.91 -4.48 0.25 0.91 -4.48 0.20 0.91 -4.48 0.15 0.91 -4.48 0.09 0.91 -4.48 0.04 0.91 -4.48 -0.01 0.91 -4.48 -0.07 0.91 -4.48 -0.12 0.91 -4.48 -0.17 1.17 4.46 -0.23 1.17 4.46 0.36 1.17 4.46 0.36 1.17 -4.48 -0.23 1.17 -4.48 -0.23 1.17 -4.48 0.36 1.17 -4.48 0.36 1.17 4.46 0.30 1.17 4.46 0.25 1.17 4.46 0.20 1.17 4.46 0.14 1.17 4.46 0.09 1.17 4.46 0.04 1.17 4.46 -0.01 1.17 4.46 -0.07 1.17 4.46 -0.12 1.17 4.46 -0.17 1.17 -4.48 0.30 1.17 -4.48 0.25 1.17 -4.48 0.20 1.17 -4.48 0.14 1.17 -4.48 0.09 1.17 -4.48 0.04 1.17 -4.48 -0.01 1.17 -4.48 -0.07 1.17 -4.48 -0.12 1.17 -4.48 -0.17 1.43 4.46 -0.23 1.43 4.46 0.36 1.43 4.46 0.36 1.43 -4.48 -0.23 1.43 -4.48 -0.23 1.43 -4.48 0.36 1.43 -4.48 0.36 1.43 4.46 0.30 1.43 4.46 0.25 1.43 4.46 0.20 1.43 4.46 0.14 1.43 4.46 0.09 1.43 4.46 0.04 1.43 4.46 -0.01 1.43 4.46 -0.07 1.43 4.46 -0.12 1.43 4.46 -0.17 1.43 -4.48 0.30 1.43 -4.48 0.25 1.43 -4.48 0.20 1.43 -4.48 0.14 1.43 -4.48 0.09 1.43 -4.48 0.04 1.43 -4.48 -0.01 1.43 -4.48 -0.07 1.43 -4.48 -0.12 1.43 -4.48 -0.17 1.69 4.46 -0.22 1.69 4.46 0.36 1.69 4.46 0.36 1.69 -4.48 -0.22 1.69 -4.48 -0.22 1.69 -4.48 0.36 1.69 -4.48 0.36 1.69 4.46 0.31 1.69 4.46 0.25 1.69 4.46 0.20 1.69 4.46 0.15 1.69 4.46 0.09 1.69 4.46 0.04 1.69 4.46 -0.01 1.69 4.46 -0.06 1.69 4.46 -0.12 1.69 4.46 -0.17 1.69 -4.48 0.31 1.69 -4.48 0.25 1.69 -4.48 0.20 1.69 -4.48 0.15 1.69 -4.48 0.09 1.69 -4.48 0.04 1.69 -4.48 -0.01 1.69 -4.48 -0.06 1.69 -4.48 -0.12 1.69 -4.48 -0.17 1.95 4.46 -0.22 1.95 4.46 0.36 1.95 4.46 0.36 1.95 -4.48 -0.22 1.95 -4.48 -0.22 1.95 -4.48 0.36 1.95 -4.48 0.36 1.95 4.46 0.31 1.95 4.46 0.26 1.95 4.46 0.20 1.95 4.46 0.15 1.95 4.46 0.10 1.95 4.46 0.04 1.95 4.46 -0.01 1.95 4.46 -0.06 1.95 4.46 -0.11 1.95 4.46 -0.17 1.95 -4.48 0.31 1.95 -4.48 0.26 1.95 -4.48 0.20 1.95 -4.48 0.15 1.95 -4.48 0.10 1.95 -4.48 0.04 1.95 -4.48 -0.01 1.95 -4.48 -0.06 1.95 -4.48 -0.11 1.95 -4.48 -0.17 2.21 4.46 -0.22 2.21 4.46 0.36 2.21 4.46 0.36 2.21 -4.48 -0.22 2.21 -4.48 -0.22 2.21 -4.48 0.36 2.21 -4.48 0.36 2.21 4.46 0.31 2.21 4.46 0.26 2.21 4.46 0.21 2.21 4.46 0.15 2.21 4.46 0.10 2.21 4.46 0.05 2.21 4.46 -0.01 2.21 4.46 -0.06 2.21 4.46 -0.11 2.21 4.46 -0.16 2.21 -4.48 0.31 2.21 -4.48 0.26 2.21 -4.48 0.21 2.21 -4.48 0.15 2.21 -4.48 0.10 2.21 -4.48 0.05 2.21 -4.48 -0.01 2.21 -4.48 -0.06 2.21 -4.48 -0.11 2.21 -4.48 -0.16 2.47 4.46 -0.21 2.47 4.46 0.37 2.47 4.46 0.37 2.47 -4.48 -0.21 2.47 -4.48 -0.21 2.47 -4.48 0.37 2.47 -4.48 0.37 2.47 4.46 0.31 2.47 4.46 0.26 2.47 4.46 0.21 2.47 4.46 0.16 2.47 4.46 0.10 2.47 4.46 0.05 2.47 4.46 -0.00 2.47 4.46 -0.06 2.47 4.46 -0.11 2.47 4.46 -0.16 2.47 -4.48 0.31 2.47 -4.48 0.26 2.47 -4.48 0.21 2.47 -4.48 0.16 2.47 -4.48 0.10 2.47 -4.48 0.05 2.47 -4.48 -0.00 2.47 -4.48 -0.06 2.47 -4.48 -0.11 2.47 -4.48 -0.16 2.73 4.46 -0.21 2.73 4.46 0.37 2.73 4.46 0.37 2.73 -4.48 -0.21 2.73 -4.48 -0.21 2.73 -4.48 0.37 2.73 -4.48 0.37 2.73 4.46 0.32 2.73 4.46 0.26 2.73 4.46 0.21 2.73 4.46 0.16 2.73 4.46 0.11 2.73 4.46 0.05 2.73 4.46 0.00 2.73 4.46 -0.05 2.73 4.46 -0.11 2.73 4.46 -0.16 2.73 -4.48 0.32 2.73 -4.48 0.26 2.73 -4.48 0.21 2.73 -4.48 0.16 2.73 -4.48 0.11 2.73 -4.48 0.05 2.73 -4.48 0.00 2.73 -4.48 -0.05 2.73 -4.48 -0.11 2.73 -4.48 -0.16 2.99 4.46 -0.21 2.99 4.46 0.37 2.99 4.46 0.37 2.99 -4.48 -0.21 2.99 -4.48 -0.21 2.99 -4.48 0.37 2.99 -4.48 0.37 2.99 4.46 0.32 2.99 4.46 0.27 2.99 4.46 0.21 2.99 4.46 0.16 2.99 4.46 0.11 2.99 4.46 0.06 2.99 4.46 0.00 2.99 4.46 -0.05 2.99 4.46 -0.10 2.99 4.46 -0.16 2.99 -4.48 0.32 2.99 -4.48 0.27 2.99 -4.48 0.21 2.99 -4.48 0.16 2.99 -4.48 0.11 2.99 -4.48 0.06 2.99 -4.48 0.00 2.99 -4.48 -0.05 2.99 -4.48 -0.10 2.99 -4.48 -0.16 -1.76 4.46 -0.22 -1.80 4.46 0.36 -1.80 4.46 0.36 -1.76 -4.48 -0.22 -1.76 -4.48 -0.22 -1.80 -4.48 0.36 -1.80 -4.48 0.36 -1.79 4.46 0.30 -1.79 4.46 0.25 -1.78 4.46 0.20 -1.77 4.46 0.15 -1.77 4.46 0.09 -1.77 4.46 0.04 -1.76 4.46 -0.01 -1.76 4.46 -0.06 -1.76 4.46 -0.12 -1.76 4.46 -0.17 -1.79 -4.48 0.30 -1.79 -4.48 0.25 -1.78 -4.48 0.20 -1.77 -4.48 0.15 -1.77 -4.48 0.09 -1.76 -4.48 0.04 -1.76 -4.48 -0.01 -1.76 -4.48 -0.06 -1.76 -4.48 -0.12 -1.76 -4.48 -0.17 -1.25 4.46 -0.22 -1.27 4.46 0.36 -1.27 4.46 0.36 -1.25 -4.48 -0.22 -1.25 -4.48 -0.22 -1.27 -4.48 0.36 -1.27 -4.48 0.36 -1.27 4.46 0.30 -1.27 4.46 0.25 -1.26 4.46 0.20 -1.26 4.46 0.15 -1.26 4.46 0.09 -1.26 4.46 0.04 -1.26 4.46 -0.01 -1.25 4.46 -0.06 -1.25 4.46 -0.12 -1.25 4.46 -0.17 -1.27 -4.48 0.30 -1.26 -4.48 0.25 -1.26 -4.48 0.20 -1.26 -4.48 0.15 -1.26 -4.48 0.09 -1.26 -4.48 0.04 -1.26 -4.48 -0.01 -1.25 -4.48 -0.06 -1.25 -4.48 -0.12 -1.25 -4.48 -0.17 -0.73 4.46 -0.22 -0.74 4.46 0.36 -0.74 4.46 0.36 -0.73 -4.48 -0.22 -0.73 -4.48 -0.22 -0.74 -4.48 0.36 -0.74 -4.48 0.36 -0.74 4.46 0.31 -0.74 4.46 0.25 -0.74 4.46 0.20 -0.74 4.46 0.15 -0.74 4.46 0.09 -0.73 4.46 0.04 -0.73 4.46 -0.01 -0.73 4.46 -0.06 -0.73 4.46 -0.12 -0.73 4.46 -0.17 -0.74 -4.48 0.31 -0.74 -4.48 0.25 -0.74 -4.48 0.20 -0.74 -4.48 0.15 -0.73 -4.48 0.09 -0.73 -4.48 0.04 -0.73 -4.48 -0.01 -0.73 -4.48 -0.06 -0.73 -4.48 -0.12 -0.73 -4.48 -0.17 -0.21 4.46 -0.22 -0.22 4.46 0.36 -0.22 4.46 0.36 -0.21 -4.48 -0.22 -0.21 -4.48 -0.22 -0.22 -4.48 0.36 -0.22 -4.48 0.36 -0.22 4.46 0.31 -0.22 4.46 0.25 -0.22 4.46 0.20 -0.22 4.46 0.15 -0.22 4.46 0.09 -0.22 4.46 0.04 -0.22 4.46 -0.01 -0.21 4.46 -0.06 -0.21 4.46 -0.12 -0.21 4.46 -0.17 -0.22 -4.48 0.31 -0.22 -4.48 0.25 -0.22 -4.48 0.20 -0.22 -4.48 0.15 -0.22 -4.48 0.09 -0.21 -4.48 0.04 -0.21 -4.48 -0.01 -0.21 -4.48 -0.06 -0.21 -4.48 -0.12 -0.21 -4.48 -0.17 0.30 4.46 -0.22 0.30 4.46 0.36 0.30 4.46 0.36 0.30 -4.48 -0.22 0.30 -4.48 -0.22 0.30 -4.48 0.36 0.30 -4.48 0.36 0.30 4.46 0.30 0.30 4.46 0.25 0.30 4.46 0.20 0.30 4.46 0.15 0.30 4.46 0.09 0.30 4.46 0.04 0.30 4.46 -0.01 0.30 4.46 -0.07 0.30 4.46 -0.12 0.30 4.46 -0.17 0.30 -4.48 0.30 0.30 -4.48 0.25 0.30 -4.48 0.20 0.30 -4.48 0.15 0.30 -4.48 0.09 0.30 -4.48 0.04 0.30 -4.48 -0.01 0.30 -4.48 -0.07 0.30 -4.48 -0.12 0.30 -4.48 -0.17 3.94 -4.49 0.10 3.93 -4.49 0.35 3.93 -4.44 0.35 3.94 -4.44 0.10 3.92 -4.51 0.10 3.91 -4.51 0.34 3.91 -0.01 0.34 3.91 -0.01 0.34 3.91 -4.38 0.42 3.91 -4.38 0.42 3.93 -4.38 0.35 3.94 -4.38 0.10 3.90 -4.49 0.10 3.89 -4.49 0.33 3.93 -2.37 0.43 3.93 -4.49 0.43 3.93 -4.44 0.43 3.92 -0.01 0.10 3.92 -0.01 0.10 3.94 -2.37 0.10 3.93 -2.37 0.35 3.90 -4.44 0.10 3.89 -4.44 0.33 3.90 -4.38 0.41 3.91 -4.51 0.42 3.91 -4.44 0.42 3.91 -4.44 0.42 3.93 -4.38 0.43 3.92 -4.38 0.10 3.91 -4.38 0.34 3.89 -4.49 0.40 3.89 -4.44 0.40 3.95 -4.49 -0.15 3.95 -4.44 -0.15 3.93 -4.51 -0.14 3.94 -4.38 -0.22 3.94 -4.38 -0.22 3.95 -4.38 -0.15 3.90 -4.49 -0.13 3.95 -2.37 -0.23 3.95 -4.49 -0.23 3.95 -4.44 -0.23 3.95 -2.37 -0.15 3.90 -4.44 -0.13 3.92 -4.38 -0.22 3.93 -4.51 -0.22 3.93 -4.44 -0.22 3.93 -4.44 -0.22 3.95 -4.38 -0.23 3.94 -0.01 -0.22 3.94 -0.01 -0.22 3.94 -0.01 -0.22 3.94 -0.01 -0.22 3.92 -4.38 -0.14 3.91 -4.49 -0.21 3.91 -4.44 -0.21 3.94 4.47 0.10 3.93 4.47 0.35 3.93 4.42 0.35 3.94 4.42 0.10 3.92 4.49 0.10 3.91 4.49 0.34 3.91 4.36 0.42 3.91 4.36 0.42 3.93 4.36 0.35 3.94 4.36 0.10 3.90 4.47 0.10 3.89 4.47 0.33 3.93 -0.01 0.43 3.93 4.47 0.43 3.93 4.42 0.43 3.94 -0.01 0.10 3.93 -0.01 0.35 3.90 4.42 0.10 3.89 4.42 0.33 3.90 4.36 0.41 3.91 4.49 0.42 3.91 4.42 0.42 3.91 4.42 0.42 3.93 4.36 0.43 3.91 -0.01 0.42 3.91 -0.01 0.42 3.91 -0.01 0.42 3.91 -0.01 0.42 3.92 4.36 0.10 3.91 4.36 0.34 3.90 -0.01 0.41 3.90 -0.01 0.41 3.89 4.47 0.40 3.89 4.42 0.40 3.95 4.47 -0.15 3.95 4.42 -0.15 3.93 4.49 -0.14 3.92 -0.01 -0.14 3.92 -0.01 -0.14 3.94 4.36 -0.22 3.94 4.36 -0.22 3.95 4.36 -0.15 3.90 4.47 -0.13 3.95 -0.01 -0.23 3.95 4.47 -0.23 3.95 4.42 -0.23 3.95 -0.01 -0.15 3.90 4.42 -0.13 3.92 4.36 -0.22 3.93 4.49 -0.22 3.93 4.42 -0.22 3.93 4.42 -0.22 3.95 4.36 -0.23 3.92 4.36 -0.14 3.92 -0.01 -0.22 3.92 -0.01 -0.22 3.91 4.47 -0.21 3.91 4.42 -0.21 3.72 4.46 -0.20 3.71 4.46 0.38 3.71 4.46 0.38 3.72 -4.48 -0.20 3.72 -4.48 -0.20 3.71 -4.48 0.38 3.71 -4.48 0.38 3.71 4.46 0.33 3.71 4.46 0.27 3.71 4.46 0.22 3.71 4.46 0.17 3.71 4.46 0.11 3.72 4.46 0.06 3.72 4.46 0.01 3.72 4.46 -0.04 3.72 4.46 -0.10 3.72 4.46 -0.15 3.71 -4.48 0.33 3.71 -4.48 0.27 3.71 -4.48 0.22 3.71 -4.48 0.17 3.71 -4.48 0.11 3.72 -4.48 0.06 3.72 -4.48 0.01 3.72 -4.48 -0.04 3.72 -4.48 -0.10 3.72 -4.48 -0.15 3.59 4.46 -0.21 3.59 4.46 0.37 3.59 4.46 0.37 3.59 -4.48 -0.21 3.59 -4.48 -0.21 3.59 -4.48 0.37 3.59 -4.48 0.37 3.59 4.46 0.32 3.59 4.46 0.27 3.59 4.46 0.22 3.59 4.46 0.16 3.59 4.46 0.11 3.59 4.46 0.06 3.59 4.46 0.00 3.59 4.46 -0.05 3.59 4.46 -0.10 3.59 4.46 -0.15 3.59 -4.48 0.32 3.59 -4.48 0.27 3.59 -4.48 0.22 3.59 -4.48 0.16 3.59 -4.48 0.11 3.59 -4.48 0.06 3.59 -4.48 0.00 3.59 -4.48 -0.05 3.59 -4.48 -0.10 3.59 -4.48 -0.15 3.88 4.46 -0.19 3.86 4.46 0.39 3.86 4.46 0.39 3.88 -4.48 -0.19 3.88 -4.48 -0.19 3.86 -4.48 0.39 3.86 -4.48 0.39 3.86 4.46 0.34 3.86 4.46 0.28 3.87 4.46 0.23 3.87 4.46 0.18 3.87 4.46 0.12 3.87 4.46 0.07 3.87 4.46 0.02 3.87 4.46 -0.03 3.88 4.46 -0.09 3.88 4.46 -0.14 3.86 -4.48 0.34 3.86 -4.48 0.28 3.87 -4.48 0.23 3.87 -4.48 0.18 3.87 -4.48 0.12 3.87 -4.48 0.07 3.87 -4.48 0.02 3.87 -4.48 -0.03 3.88 -4.48 -0.09 3.88 -4.48 -0.14 3.81 4.46 -0.20 3.80 4.46 0.38 3.80 4.46 0.38 3.81 -4.48 -0.20 3.81 -4.48 -0.20 3.80 -4.48 0.38 3.80 -4.48 0.38 3.80 4.46 0.33 3.80 4.46 0.28 3.80 4.46 0.23 3.80 4.46 0.17 3.81 4.46 0.12 3.81 4.46 0.07 3.81 4.46 0.01 3.81 4.46 -0.04 3.81 4.46 -0.09 3.81 4.46 -0.14 3.80 -4.48 0.33 3.80 -4.48 0.28 3.80 -4.48 0.23 3.80 -4.48 0.17 3.81 -4.48 0.12 3.81 -4.48 0.07 3.81 -4.48 0.01 3.81 -4.48 -0.04 3.81 -4.48 -0.09 3.81 -4.48 -0.14 3.39 4.46 -0.21 3.40 4.46 0.38 3.40 4.46 0.38 3.39 -4.48 -0.21 3.39 -4.48 -0.21 3.40 -4.48 0.38 3.40 -4.48 0.38 3.40 4.46 0.32 3.40 4.46 0.27 3.40 4.46 0.22 3.39 4.46 0.16 3.39 4.46 0.11 3.39 4.46 0.06 3.39 4.46 0.01 3.39 4.46 -0.05 3.39 4.46 -0.10 3.39 4.46 -0.15 3.40 -4.48 0.32 3.40 -4.48 0.27 3.40 -4.48 0.22 3.39 -4.48 0.16 3.39 -4.48 0.11 3.39 -4.48 0.06 3.39 -4.48 0.01 3.39 -4.48 -0.05 3.39 -4.48 -0.10 3.39 -4.48 -0.15 3.12 4.46 -0.21 3.12 4.46 0.37 3.12 4.46 0.37 3.12 -4.48 -0.21 3.12 -4.48 -0.21 3.12 -4.48 0.37 3.12 -4.48 0.37 3.12 4.46 0.32 3.12 4.46 0.27 3.12 4.46 0.22 3.12 4.46 0.16 3.12 4.46 0.11 3.12 4.46 0.06 3.12 4.46 0.00 3.12 4.46 -0.05 3.12 4.46 -0.10 3.12 4.46 -0.15 3.12 -4.48 0.32 3.12 -4.48 0.27 3.12 -4.48 0.22 3.12 -4.48 0.16 3.12 -4.48 0.11 3.12 -4.48 0.06 3.12 -4.48 0.00 3.12 -4.48 -0.05 3.12 -4.48 -0.10 3.12 -4.48 -0.15
3.92 4.46 -0.19 3.88 4.46 0.39 3.88 4.46 0.39 -2.54 4.46 -0.23 -2.54 4.46 -0.23 -2.54 4.46 -0.23 -2.62 4.46 0.35 -2.62 4.46 0.35 -2.62 4.46 0.35 -2.54 -4.48 -0.23 -2.54 -4.48 -0.23 -2.54 -4.48 -0.23 -2.62 -4.48 0.35 -2.62 -4.48 0.35 -2.62 -4.48 0.35 3.92 -4.48 -0.19 3.92 -4.48 -0.19 3.88 -4.48 0.39 3.88 -4.48 0.39 3.89 4.46 0.34 3.89 4.46 0.34 3.89 4.46 0.29 3.89 4.46 0.29 3.90 4.46 0.24 3.90 4.46 0.24 3.90 4.46 0.18 3.90 4.46 0.18 3.90 4.46 0.13 3.90 4.46 0.13 3.90 4.46 0.13 3.91 4.46 0.08 3.91 4.46 0.08 3.91 4.46 0.08 3.91 4.46 0.02 3.91 4.46 0.02 3.91 4.46 -0.03 3.91 4.46 -0.03 3.92 4.46 -0.08 3.92 4.46 -0.08 3.92 4.46 -0.13 3.92 4.46 -0.13 -2.61 4.46 0.29 -2.61 4.46 0.29 -2.60 4.46 0.24 -2.60 4.46 0.24 -2.59 4.46 0.19 -2.59 4.46 0.19 -2.58 4.46 0.14 -2.58 4.46 0.14 -2.57 4.46 0.08 -2.57 4.46 0.08 -2.56 4.46 0.03 -2.56 4.46 0.03 -2.55 4.46 -0.02 -2.55 4.46 -0.02 -2.55 4.46 -0.07 -2.55 4.46 -0.07 -2.55 4.46 -0.12 -2.55 4.46 -0.12 -2.54 4.46 -0.18 -2.54 4.46 -0.18 -2.61 -4.48 0.29 -2.61 -4.48 0.29 -2.60 -4.48 0.24 -2.60 -4.48 0.24 -2.58 -4.48 0.19 -2.58 -4.48 0.19 -2.57 -4.48 0.14 -2.57 -4.48 0.14 -2.57 -4.48 0.08 -2.57 -4.48 0.08 -2.56 -4.48 0.03 -2.56 -4.48 0.03 -2.55 -4.48 -0.02 -2.55 -4.48 -0.02 -2.55 -4.48 -0.07 -2.55 -4.48 -0.07 -2.55 -4.48 -0.12 -2.55 -4.48 -0.12 -2.54 -4.48 -0.18 -2.54 -4.48 -0.18 3.89 -4.48 0.34 3.89 -4.48 0.34 3.89 -4.48 0.29 3.89 -4.48 0.29 3.90 -4.48 0.24 3.90 -4.48 0.24 3.90 -4.48 0.18 3.90 -4.48 0.18 3.90 -4.48 0.13 3.90 -4.48 0.13 3.90 -4.48 0.13 3.91 -4.48 0.08 3.91 -4.48 0.08 3.91 -4.48 0.08 3.91 -4.48 0.02 3.91 -4.48 0.02 3.91 -4.48 -0.03 3.91 -4.48 -0.03 3.92 -4.48 -0.08 3.92 -4.48 -0.08 3.92 -4.48 -0.13 3.92 -4.48 -0.13 0.66 4.46 -0.20 0.66 4.46 0.38 0.66 4.46 0.38 0.66 -4.48 -0.20 0.66 -4.48 -0.20 0.66 -4.48 0.38 0.66 -4.48 0.38 0.66 4.46 0.33 0.66 4.46 0.27 0.66 4.46 0.22 0.66 4.46 0.17 0.66 4.46 0.11 0.66 4.46 0.06 0.66 4.46 0.01 0.66 4.46 -0.04 0.66 4.46 -0.10 0.66 4.46 -0.15 0.66 -4.48 0.33 0.66 -4.48 0.27 0.66 -4.48 0.22 0.66 -4.48 0.17 0.66 -4.48 0.11 0.66 -4.48 0.06 0.66 -4.48 0.01 0.66 -4.48 -0.04 0.66 -4.48 -0.10 0.66 -4.48 -0.15 0.92 4.46 -0.20 0.92 4.46 0.38 0.92 4.46 0.38 0.92 -4.48 -0.20 0.92 -4.48 -0.20 0.92 -4.48 0.38 0.92 -4.48 0.38 0.92 4.46 0.33 0.92 4.46 0.27 0.92 4.46 0.22 0.92 4.46 0.17 0.92 4.46 0.11 0.92 4.46 0.06 0.92 4.46 0.01 0.92 4.46 -0.04 0.92 4.46 -0.10 0.92 4.46 -0.15 0.92 -4.48 0.33 0.92 -4.48 0.27 0.92 -4.48 0.22 0.92 -4.48 0.17 0.92 -4.48 0.11 0.92 -4.48 0.06 0.92 -4.48 0.01 0.92 -4.48 -0.04 0.92 -4.48 -0.10 0.92 -4.48 -0.15 1.18 4.46 -0.20 1.18 4.46 0.38 1.18 4.46 0.38 1.18 -4.48 -0.20 1.18 -4.48 -0.20 1.18 -4.48 0.38 1.18 -4.48 0.38 1.18 4.46 0.33 1.18 4.46 0.27 1.18 4.46 0.22 1.18 4.46 0.17 1.18 4.46 0.11 1.18 4.46 0.06 1.18 4.46 0.01 1.18 4.46 -0.04 1.18 4.46 -0.10 1.18 4.46 -0.15 1.18 -4.48 0.33 1.18 -4.48 0.27 1.18 -4.48 0.22 1.18 -4.48 0.17 1.18 -4.48 0.11 1.18 -4.48 0.06 1.18 -4.48 0.01 1.18 -4.48 -0.04 1.18 -4.48 -0.10 1.18 -4.48 -0.15 1.44 4.46 -0.20 1.44 4.46 0.38 1.44 4.46 0.38 1.44 -4.48 -0.20 1.44 -4.48 -0.20 1.44 -4.48 0.38 1.44 -4.48 0.38 1.44 4.46 0.32 1.44 4.46 0.27 1.44 4.46 0.22 1.44 4.46 0.17 1.44 4.46 0.11 1.44 4.46 0.06 1.44 4.46 0.01 1.44 4.46 -0.05 1.44 4.46 -0.10 1.44 4.46 -0.15 1.44 -4.48 0.32 1.44 -4.48 0.27 1.44 -4.48 0.22 1.44 -4.48 0.17 1.44 -4.48 0.11 1.44 -4.48 0.06 1.44 -4.48 0.01 1.44 -4.48 -0.05 1.44 -4.48 -0.10 1.44 -4.48 -0.15 1.70 4.46 -0.21 1.70 4.46 0.38 1.70 4.46 0.38 1.70 -4.48 -0.21 1.70 -4.48 -0.21 1.70 -4.48 0.38 1.70 -4.48 0.38 1.70 4.46 0.32 1.70 4.46 0.27 1.70 4.46 0.22 1.70 4.46 0.16 1.70 4.46 0.11 1.70 4.46 0.06 1.70 4.46 0.01 1.70 4.46 -0.05 1.70 4.46 -0.10 1.70 4.46 -0.15 1.70 -4.48 0.32 1.70 -4.48 0.27 1.70 -4.48 0.22 1.70 -4.48 0.16 1.70 -4.48 0.11 1.70 -4.48 0.06 1.70 -4.48 0.01 1.70 -4.48 -0.05 1.70 -4.48 -0.10 1.70 -4.48 -0.15 1.96 4.46 -0.21 1.96 4.46 0.37 1.96 4.46 0.37 1.96 -4.48 -0.21 1.96 -4.48 -0.21 1.96 -4.48 0.37 1.96 -4.48 0.37 1.96 4.46 0.32 1.96 4.46 0.27 1.96 4.46 0.22 1.96 4.46 0.16 1.96 4.46 0.11 1.96 4.46 0.06 1.96 4.46 0.00 1.96 4.46 -0.05 1.96 4.46 -0.10 1.96 4.46 -0.15 1.96 -4.48 0.32 1.96 -4.48 0.27 1.96 -4.48 0.22 1.96 -4.48 0.16 1.96 -4.48 0.11 1.96 -4.48 0.06 1.96 -4.48 0.00 1.96 -4.48 -0.05 1.96 -4.48 -0.10 1.96 -4.48 -0.15 2.22 4.46 -0.21 2.22 4.46 0.37 2.22 4.46 0.37 2.22 -4.48 -0.21 2.22 -4.48 -0.21 2.22 -4.48 0.37 2.22 -4.48 0.37 2.22 4.46 0.32 2.22 4.46 0.27 2.22 4.46 0.21 2.22 4.46 0.16 2.22 4.46 0.11 2.22 4.46 0.06 2.22 4.46 0.00 2.22 4.46 -0.05 2.22 4.46 -0.10 2.22 4.46 -0.16 2.22 -4.48 0.32 2.22 -4.48 0.27 2.22 -4.48 0.21 2.22 -4.48 0.16 2.22 -4.48 0.11 2.22 -4.48 0.06 2.22 -4.48 0.00 2.22 -4.48 -0.05 2.22 -4.48 -0.10 2.22 -4.48 -0.16 2.48 4.46 -0.21 2.48 4.46 0.37 2.48 4.46 0.37 2.48 -4.48 -0.21 2.48 -4.48 -0.21 2.48 -4.48 0.37 2.48 -4.48 0.37 2.48 4.46 0.32 2.48 4.46 0.26 2.48 4.46 0.21 2.48 4.46 0.16 2.48 4.46 0.11 2.48 4.46 0.05 2.48 4.46 0.00 2.48 4.46 -0.05 2.48 4.46 -0.11 2.48 4.46 -0.16 2.48 -4.48 0.32 2.48 -4.48 0.26 2.48 -4.48 0.21 2.48 -4.48 0.16 2.48 -4.48 0.11 2.48 -4.48 0.05 2.48 -4.48 0.00 2.48 -4.48 -0.05 2.48 -4.48 -0.11 2.48 -4.48 -0.16 2.74 4.46 -0.21 2.74 4.46 0.37 2.74 4.46 0.37 2.74 -4.48 -0.21 2.74 -4.48 -0.21 2.74 -4.48 0.37 2.74 -4.48 0.37 2.74 4.46 0.32 2.74 4.46 0.26 2.74 4.46 0.21 2.74 4.46 0.16 2.74 4.46 0.10 2.74 4.46 0.05 2.74 4.46 -0.00 2.74 4.46 -0.05 2.74 4.46 -0.11 2.74 4.46 -0.16 2.74 -4.48 0.32 2.74 -4.48 0.26 2.74 -4.48 0.21 2.74 -4.48 0.16 2.74 -4.48 0.10 2.74 -4.48 0.05 2.74 -4.48 -0.00 2.74 -4.48 -0.05 2.74 -4.48 -0.11 2.74 -4.48 -0.16 3.00 4.46 -0.22 3.00 4.46 0.37 3.00 4.46 0.37 3.00 -4.48 -0.22 3.00 -4.48 -0.22 3.00 -4.48 0.37 3.00 -4.48 0.37 3.00 4.46 0.31 3.00 4.46 0.26 3.00 4.46 0.21 3.00 4.46 0.15 3.00 4.46 0.10 3.00 4.46 0.05 3.00 4.46 -0.00 3.00 4.46 -0.06 3.00 4.46 -0.11 3.00 4.46 -0.16 3.00 -4.48 0.31 3.00 -4.48 0.26 3.00 -4.48 0.21 3.00 -4.48 0.15 3.00 -4.48 0.10 3.00 -4.48 0.05 3.00 -4.48 -0.00 3.00 -4.48 -0.06 3.00 -4.48 -0.11 3.00 -4.48 -0.16 -1.74 4.46 -0.22 -1.79 4.46 0.36 -1.79 4.46 0.36 -1.74 -4.48 -0.22 -1.74 -4.48 -0.22 -1.79 -4.48 0.36 -1.79 -4.48 0.36 -1.78 4.46 0.31 -1.78 4.46 0.25 -1.77 4.46 0.20 -1.76 4.46 0.15 -1.76 4.46 0.10 -1.75 4.46 0.04 -1.75 4.46 -0.01 -1.75 4.46 -0.06 -1.75 4.46 -0.11 -1.74 4.46 -0.17 -1.78 -4.48 0.31 -1.78 -4.48 0.25 -1.77 -4.48 0.20 -1.76 -4.48 0.15 -1.76 -4.48 0.10 -1.75 -4.48 0.04 -1.75 -4.48 -0.01 -1.75 -4.48 -0.06 -1.74 -4.48 -0.11 -1.74 -4.48 -0.17 -1.23 4.46 -0.21 -1.26 4.46 0.37 -1.26 4.46 0.37 -1.23 -4.48 -0.21 -1.23 -4.48 -0.21 -1.26 -4.48 0.37 -1.26 -4.48 0.37 -1.26 4.46 0.31 -1.26 4.46 0.26 -1.25 4.46 0.21 -1.25 4.46 0.16 -1.25 4.46 0.10 -1.25 4.46 0.05 -1.24 4.46 -0.00 -1.24 4.46 -0.05 -1.24 4.46 -0.11 -1.24 4.46 -0.16 -1.26 -4.48 0.31 -1.25 -4.48 0.26 -1.25 -4.48 0.21 -1.25 -4.48 0.16 -1.25 -4.48 0.10 -1.24 -4.48 0.05 -1.24 -4.48 -0.00 -1.24 -4.48 -0.05 -1.24 -4.48 -0.11 -1.24 -4.48 -0.16 -0.72 4.46 -0.21 -0.73 4.46 0.38 -0.73 4.46 0.38 -0.72 -4.48 -0.21 -0.72 -4.48 -0.21 -0.73 -4.48 0.38 -0.73 -4.48 0.38 -0.73 4.46 0.32 -0.73 4.46 0.27 -0.73 4.46 0.22 -0.72 4.46 0.16 -0.72 4.46 0.11 -0.72 4.46 0.06 -0.72 4.46 0.01 -0.72 4.46 -0.05 -0.72 4.46 -0.10 -0.72 4.46 -0.15 -0.73 -4.48 0.32 -0.73 -4.48 0.27 -0.73 -4.48 0.22 -0.72 -4.48 0.16 -0.72 -4.48 0.11 -0.72 -4.48 0.06 -0.72 -4.48 0.01 -0.72 -4.48 -0.05 -0.72 -4.48 -0.10 -0.72 -4.48 -0.15 -0.20 4.46 -0.20 -0.20 4.46 0.38 -0.20 4.46 0.38 -0.20 -4.48 -0.20 -0.20 -4.48 -0.20 -0.20 -4.48 0.38 -0.20 -4.48 0.38 -0.20 4.46 0.33 -0.20 4.46 0.27 -0.20 4.46 0.22 -0.20 4.46 0.17 -0.20 4.46 0.11 -0.20 4.46 0.06 -0.20 4.46 0.01 -0.20 4.46 -0.04 -0.20 4.46 -0.10 -0.20 4.46 -0.15 -0.20 -4.48 0.33 -0.20 -4.48 0.27 -0.20 -4.48 0.22 -0.20 -4.48 0.17 -0.20 -4.48 0.11 -0.20 -4.48 0.06 -0.20 -4.48 0.01 -0.20 -4.48 -0.04 -0.20 -4.48 -0.10 -0.20 -4.48 -0.15 0.32 4.46 -0.20 0.32 4.46 0.38 0.32 4.46 0.38 0.32 -4.48 -0.20 0.32 -4.48 -0.20 0.32 -4.48 0.38 0.32 -4.48 0.38 0.32 4.46 0.33 0.32 4.46 0.27 0.32 4.46 0.22 0.32 4.46 0.17 0.32 4.46 0.11 0.32 4.46 0.06 0.32 4.46 0.01 0.32 4.46 -0.04 0.32 4.46 -0.10 0.32 4.46 -0.15 0.32 -4.48 0.33 0.32 -4.48 0.27 0.32 -4.48 0.22 0.32 -4.48 0.17 0.32 -4.48 0.11 0.32 -4.48 0.06 0.32 -4.48 0.01 0.32 -4.48 -0.04 0.32 -4.48 -0.10 0.32 -4.48 -0.15 3.95 -4.49 0.11 3.93 -4.49 0.35 3.93 -4.44 0.35 3.95 -4.44 0.11 3.93 -4.51 0.11 3.91 -4.51 0.35 3.91 -0.01 0.34 3.91 -0.01 0.34 3.91 -4.38 0.43 3.91 -4.38 0.43 3.93 -4.38 0.35 3.95 -4.38 0.11 3.91 -4.49 0.10 3.89 -4.49 0.33 3.92 -2.37 0.44 3.92 -4.49 0.44 3.92 -4.44 0.44 3.93 -0.01 0.10 3.93 -0.01 0.10 3.95 -2.37 0.11 3.93 -2.37 0.35 3.91 -4.44 0.10 3.89 -4.44 0.33 3.90 -4.38 0.42 3.91 -4.51 0.42 3.91 -4.44 0.42 3.91 -4.44 0.42 3.92 -4.38 0.44 3.93 -4.38 0.10 3.91 -4.38 0.34 3.89 -4.49 0.41 3.89 -4.44 0.41 3.97 -4.49 -0.14 3.97 -4.44 -0.14 3.95 -4.51 -0.13 3.96 -4.38 -0.22 3.96 -4.38 -0.22 3.97 -4.38 -0.14 3.92 -4.49 -0.13 3.97 -2.37 -0.22 3.97 -4.49 -0.22 3.97 -4.44 -0.22 3.97 -2.37 -0.14 3.92 -4.44 -0.13 3.94 -4.38 -0.21 3.95 -4.51 -0.21 3.95 -4.44 -0.21 3.95 -4.44 -0.21 3.97 -4.38 -0.22 3.96 -0.01 -0.22 3.96 -0.01 -0.22 3.96 -0.01 -0.22 3.96 -0.01 -0.22 3.94 -4.38 -0.13 3.93 -4.49 -0.20 3.93 -4.44 -0.20 3.95 4.47 0.11 3.93 4.47 0.35 3.93 4.42 0.35 3.95 4.42 0.11 3.93 4.49 0.11 3.91 4.49 0.35 3.91 4.36 0.43 3.91 4.36 0.43 3.93 4.36 0.35 3.95 4.36 0.11 3.91 4.47 0.10 3.89 4.47 0.33 3.92 -0.01 0.44 3.92 4.47 0.44 3.92 4.42 0.44 3.95 -0.01 0.11 3.93 -0.01 0.35 3.91 4.42 0.10 3.89 4.42 0.33 3.90 4.36 0.42 3.91 4.49 0.42 3.91 4.42 0.42 3.91 4.42 0.42 3.92 4.36 0.44 3.91 -0.01 0.43 3.91 -0.01 0.43 3.91 -0.01 0.43 3.91 -0.01 0.43 3.93 4.36 0.10 3.91 4.36 0.34 3.90 -0.01 0.42 3.90 -0.01 0.42 3.89 4.47 0.41 3.89 4.42 0.41 3.97 4.47 -0.14 3.97 4.42 -0.14 3.95 4.49 -0.13 3.94 -0.01 -0.13 3.94 -0.01 -0.13 3.96 4.36 -0.22 3.96 4.36 -0.22 3.97 4.36 -0.14 3.92 4.47 -0.13 3.97 -0.01 -0.22 3.97 4.47 -0.22 3.97 4.42 -0.22 3.97 -0.01 -0.14 3.92 4.42 -0.13 3.94 4.36 -0.21 3.95 4.49 -0.21 3.95 4.42 -0.21 3.95 4.42 -0.21 3.97 4.36 -0.22 3.94 4.36 -0.13 3.94 -0.01 -0.21 3.94 -0.01 -0.21 3.93 4.47 -0.20 3.93 4.42 -0.20 3.74 4.46 -0.21 3.71 4.46 0.37 3.71 4.46 0.37 3.74 -4.48 -0.21 3.74 -4.48 -0.21 3.71 -4.48 0.37 3.71 -4.48 0.37 3.71 4.46 0.32 3.72 4.46 0.27 3.72 4.46 0.21 3.72 4.46 0.16 3.72 4.46 0.11 3.73 4.46 0.06 3.73 4.46 0.00 3.73 4.46 -0.05 3.74 4.46 -0.10 3.74 4.46 -0.16 3.71 -4.48 0.32 3.72 -4.48 0.27 3.72 -4.48 0.21 3.72 -4.48 0.16 3.72 -4.48 0.11 3.73 -4.48 0.06 3.73 -4.48 0.00 3.73 -4.48 -0.05 3.74 -4.48 -0.10 3.74 -4.48 -0.16 3.61 4.46 -0.22 3.59 4.46 0.36 3.59 4.46 0.36 3.61 -4.48 -0.22 3.61 -4.48 -0.22 3.59 -4.48 0.36 3.59 -4.48 0.36 3.59 4.46 0.31 3.60 4.46 0.26 3.60 4.46 0.21 3.60 4.46 0.15 3.60 4.46 0.10 3.60 4.46 0.05 3.60 4.46 -0.01 3.60 4.46 -0.06 3.61 4.46 -0.11 3.61 4.46 -0.16 3.59 -4.48 0.31 3.60 -4.48 0.26 3.60 -4.48 0.21 3.60 -4.48 0.15 3.60 -4.48 0.10 3.60 -4.48 0.05 3.60 -4.48 -0.01 3.60 -4.48 -0.06 3.61 -4.48 -0.11 3.61 -4.48 -0.16 3.90 4.46 -0.19 3.86 4.46 0.39 3.86 4.46 0.39 3.90 -4.48 -0.19 3.90 -4.48 -0.19 3.86 -4.48 0.39 3.86 -4.48 0.39 3.86 4.46 0.34 3.87 4.46 0.28 3.87 4.46 0.23 3.87 4.46 0.18 3.88 4.46 0.13 3.88 4.46 0.07 3.89 4.46 0.02 3.89 4.46 -0.03 3.89 4.46 -0.08 3.89 4.46 -0.14 3.86 -4.48 0.34 3.87 -4.48 0.28 3.87 -4.48 0.23 3.87 -4.48 0.18 3.88 -4.48 0.13 3.88 -4.48 0.07 3.89 -4.48 0.02 3.89 -4.48 -0.03 3.89 -4.48 -0.08 3.89 -4.48 -0.14 3.83 4.46 -0.20 3.80 4.46 0.38 3.80 4.46 0.38 3.83 -4.48 -0.20 3.83 -4.48 -0.20 3.80 -4.48 0.38 3.80 -4.48 0.38 3.80 4.46 0.33 3.80 4.46 0.28 3.81 4.46 0.22 3.81 4.46 0.17 3.81 4.46 0.12 3.82 4.46 0.07 3.82 4.46 0.01 3.82 4.46 -0.04 3.83 4.46 -0.09 3.83 4.46 -0.15 3.80 -4.48 0.33 3.80 -4.48 0.28 3.81 -4.48 0.22 3.81 -4.48 0.17 3.81 -4.48 0.12 3.82 -4.48 0.07 3.82 -4.48 0.01 3.82 -4.48 -0.04 3.83 -4.48 -0.09 3.83 -4.48 -0.15 3.41 4.46 -0.22 3.41 4.46 0.37 3.41 4.46 0.37 3.41 -4.48 -0.22 3.41 -4.48 -0.22 3.41 -4.48 0.37 3.41 -4.48 0.37 3.41 4.46 0.31 3.41 4.46 0.26 3.41 4.46 0.21 3.41 4.46 0.15 3.41 4.46 0.10 3.41 4.46 0.05 3.41 4.46 -0.00 3.41 4.46 -0.06 3.41 4.46 -0.11 3.41 4.46 -0.16 3.41 -4.48 0.31 3.41 -4.48 0.26 3.41 -4.48 0.21 3.41 -4.48 0.15 3.41 -4.48 0.10 3.41 -4.48 0.05 3.41 -4.48 -0.00 3.41 -4.48 -0.06 3.41 -4.48 -0.11 3.41 -4.48 -0.16 3.13 4.46 -0.22 3.14 4.46 0.37 3.14 4.46 0.37 3.13 -4.48 -0.22 3.13 -4.48 -0.22 3.14 -4.48 0.37 3.14 -4.48 0.37 3.14 4.46 0.31 3.14 4.46 0.26 3.14 4.46 0.21 3.14 4.46 0.15 3.14 4.46 0.10 3.13 4.46 0.05 3.13 4.46 -0.00 3.13 4.46 -0.06 3.13 4.46 -0.11 3.13 4.46 -0.16 3.14 -4.48 0.31 3.14 -4.48 0.26 3.14 -4.48 0.21 3.14 -4.48 0.15 3.14 -4.48 0.10 3.13 -4.48 0.05 3.13 -4.48 -0.00 3.13 -4.48 -0.06 3.13 -4.48 -0.11 3.13 -4.48 -0.16
3.95 4.46 -0.18 3.88 4.46 0.40 3.88 4.46 0.40 -2.53 4.46 -0.24 -2.53 4.46 -0.24 -2.53 4.46 -0.24 -2.60 4.46 0.34 -2.60 4.46 0.34 -2.60 4.46 0.34 -2.52 -4.48 -0.24 -2.52 -4.48 -0.24 -2.52 -4.48 -0.24 -2.60 -4.48 0.34 -2.60 -4.48 0.34 -2.60 -4.48 0.34 3.95 -4.48 -0.18 3.95 -4.48 -0.18 3.88 -4.48 0.40 3.88 -4.48 0.40 3.89 4.46 0.35 3.89 4.46 0.35 3.90 4.46 0.29 3.90 4.46 0.29 3.90 4.46 0.24 3.90 4.46 0.24 3.91 4.46 0.19 3.91 4.46 0.19 3.92 4.46 0.14 3.92 4.46 0.14 3.92 4.46 0.14 3.92 4.46 0.08 3.92 4.46 0.08 3.92 4.46 0.08 3.93 4.46 0.03 3.93 4.46 0.03 3.93 4.46 -0.02 3.93 4.46 -0.02 3.94 4.46 -0.07 3.94 4.46 -0.07 3.94 4.46 -0.13 3.94 4.46 -0.13 -2.59 4.46 0.28 -2.59 4.46 0.28 -2.58 4.46 0.23 -2.58 4.46 0.23 -2.57 4.46 0.18 -2.57 4.46 0.18 -2.56 4.46 0.13 -2.56 4.46 0.13 -2.55 4.46 0.08 -2.55 4.46 0.08 -2.54 4.46 0.02 -2.54 4.46 0.02 -2.54 4.46 -0.03 -2.54 4.46 -0.03 -2.53 4.46 -0.08 -2.53 4.46 -0.08 -2.53 4.46 -0.13 -2.53 4.46 -0.13 -2.53 4.46 -0.19 -2.53 4.46 -0.19 -2.59 -4.48 0.28 -2.59 -4.48 0.28 -2.58 -4.48 0.23 -2.58 -4.48 0.23 -2.57 -4.48 0.18 -2.57 -4.48 0.18 -2.56 -4.48 0.13 -2.56 -4.48 0.13 -2.55 -4.48 0.08 -2.55 -4.48 0.08 -2.54 -4.48 0.02 -2.54 -4.48 0.02 -2.54 -4.48 -0.03 -2.54 -4.48 -0.03 -2.53 -4.48 -0.08 -2.53 -4.48 -0.08 -2.53 -4.48 -0.13 -2.53 -4.48 -0.13 -2.53 -4.48 -0.19 -2.53 -4.48 -0.19 3.89 -4.48 0.35 3.89 -4.48 0.35 3.90 -4.48 0.29 3.90 -4.48 0.29 3.90 -4.48 0.24 3.90 -4.48 0.24 3.91 -4.48 0.19 3.91 -4.48 0.19 3.92 -4.48 0.14 3.92 -4.48 0.14 3.92 -4.48 0.14 3.92 -4.48 0.08 3.92 -4.48 0.08 3.92 -4.48 0.08 3.93 -4.48 0.03 3.93 -4.48 0.03 3.93 -4.48 -0.02 3.93 -4.48 -0.02 3.94 -4.48 -0.07 3.94 -4.48 -0.07 3.94 -4.48 -0.13 3.94 -4.48 -0.13 0.68 4.46 -0.20 0.68 4.46 0.38 0.68 4.46 0.38 0.68 -4.48 -0.20 0.68 -4.48 -0.20 0.68 -4.48 0.38 0.68 -4.48 0.38 0.68 4.46 0.33 0.68 4.46 0.28 0.68 4.46 0.22 0.68 4.46 0.17 0.68 4.46 0.12 0.68 4.46 0.06 0.68 4.46 0.01 0.68 4.46 -0.04 0.68 4.46 -0.09 0.68 4.46 -0.15 0.68 -4.48 0.33 0.68 -4.48 0.28 0.68 -4.48 0.22 0.68 -4.48 0.17 0.68 -4.48 0.12 0.68 -4.48 0.06 0.68 -4.48 0.01 0.68 -4.48 -0.04 0.68 -4.48 -0.09 0.68 -4.48 -0.15 0.94 4.46 -0.20 0.94 4.46 0.38 0.94 4.46 0.38 0.94 -4.48 -0.20 0.94 -4.48 -0.20 0.94 -4.48 0.38 0.94 -4.48 0.38 0.94 4.46 0.33 0.94 4.46 0.28 0.94 4.46 0.22 0.94 4.46 0.17 0.94 4.46 0.12 0.94 4.46 0.07 0.94 4.46 0.01 0.94 4.46 -0.04 0.94 4.46 -0.09 0.94 4.46 -0.15 0.94 -4.48 0.33 0.94 -4.48 0.28 0.94 -4.48 0.22 0.94 -4.48 0.17 0.94 -4.48 0.12 0.94 -4.48 0.07 0.94 -4.48 0.01 0.94 -4.48 -0.04 0.94 -4.48 -0.09 0.94 -4.48 -0.15 1.20 4.46 -0.20 1.20 4.46 0.38 1.20 4.46 0.38 1.20 -4.48 -0.20 1.20 -4.48 -0.20 1.20 -4.48 0.38 1.20 -4.48 0.38 1.20 4.46 0.33 1.20 4.46 0.28 1.20 4.46 0.22 1.20 4.46 0.17 1.20 4.46 0.12 1.20 4.46 0.07 1.20 4.46 0.01 1.20 4.46 -0.04 1.20 4.46 -0.09 1.20 4.46 -0.15 1.20 -4.48 0.33 1.20 -4.48 0.28 1.20 -4.48 0.22 1.20 -4.48 0.17 1.20 -4.48 0.12 1.20 -4.48 0.07 1.20 -4.48 0.01 1.20 -4.48 -0.04 1.20 -4.48 -0.09 1.20 -4.48 -0.15 1.46 4.46 -0.20 1.46 4.46 0.38 1.46 4.46 0.38 1.46 -4.48 -0.20 1.46 -4.48 -0.20 1.46 -4.48 0.38 1.46 -4.48 0.38 1.46 4.46 0.33 1.46 4.46 0.28 1.46 4.46 0.23 1.46 4.46 0.17 1.46 4.46 0.12 1.46 4.46 0.07 1.46 4.46 0.01 1.46 4.46 -0.04 1.46 4.46 -0.09 1.46 4.46 -0.14 1.46 -4.48 0.33 1.46 -4.48 0.28 1.46 -4.48 0.23 1.46 -4.48 0.17 1.46 -4.48 0.12 1.46 -4.48 0.07 1.46 -4.48 0.01 1.46 -4.48 -0.04 1.46 -4.48 -0.09 1.46 -4.48 -0.14 1.71 4.46 -0.20 1.72 4.46 0.38 1.72 4.46 0.38 1.71 -4.48 -0.20 1.71 -4.48 -0.20 1.72 -4.48 0.38 1.72 -4.48 0.38 1.72 4.46 0.33 1.72 4.46 0.27 1.72 4.46 0.22 1.72 4.46 0.17 1.72 4.46 0.12 1.72 4.46 0.06 1.72 4.46 0.01 1.72 4.46 -0.04 1.72 4.46 -0.10 1.71 4.46 -0.15 1.72 -4.48 0.33 1.72 -4.48 0.27 1.72 -4.48 0.22 1.72 -4.48 0.17 1.72 -4.48 0.12 1.72 -4.48 0.06 1.72 -4.48 0.01 1.72 -4.48 -0.04 1.72 -4.48 -0.10 1.71 -4.48 -0.15 1.97 4.46 -0.21 1.98 4.46 0.37 1.98 4.46 0.37 1.97 -4.48 -0.21 1.97 -4.48 -0.21 1.98 -4.48 0.37 1.98 -4.48 0.37 1.98 4.46 0.32 1.98 4.46 0.27 1.98 4.46 0.22 1.98 4.46 0.16 1.98 4.46 0.11 1.98 4.46 0.06 1.98 4.46 0.00 1.98 4.46 -0.05 1.98 4.46 -0.10 1.97 4.46 -0.15 1.98 -4.48 0.32 1.98 -4.48 0.27 1.98 -4.48 0.22 1.98 -4.48 0.16 1.98 -4.48 0.11 1.98 -4.48 0.06 1.98 -4.48 0.00 1.98 -4.48 -0.05 1.98 -4.48 -0.10 1.97 -4.48 -0.15 2.23 4.46 -0.21 2.24 4.46 0.37 2.24 4.46 0.37 2.23 -4.48 -0.21 2.23 -4.48 -0.21 2.24 -4.48 0.37 2.24 -4.48 0.37 2.24 4.46 0.32 2.24 4.46 0.26 2.24 4.46 0.21 2.24 4.46 0.16 2.24 4.46 0.10 2.24 4.46 0.05 2.24 4.46 -0.00 2.24 4.46 -0.05 2.24 4.46 -0.11 2.24 4.46 -0.16 2.24 -4.48 0.32 2.24 -4.48 0.26 2.24 -4.48 0.21 2.24 -4.48 0.16 2.24 -4.48 0.10 2.24 -4.48 0.05 2.24 -4.48 -0.00 2.24 -4.48 -0.05 2.24 -4.48 -0.11 2.24 -4.48 -0.16 2.49 4.46 -0.22 2.50 4.46 0.36 2.50 4.46 0.36 2.49 -4.48 -0.22 2.49 -4.48 -0.22 2.50 -4.48 0.36 2.50 -4.48 0.36 2.50 4.46 0.31 2.50 4.46 0.26 2.50 4.46 0.21 2.50 4.46 0.15 2.50 4.46 0.10 2.50 4.46 0.05 2.50 4.46 -0.01 2.50 4.46 -0.06 2.50 4.46 -0.11 2.50 4.46 -0.16 2.50 -4.48 0.31 2.50 -4.48 0.26 2.50 -4.48 0.21 2.50 -4.48 0.15 2.50 -4.48 0.10 2.50 -4.48 0.05 2.50 -4.48 -0.01 2.50 -4.48 -0.06 2.50 -4.48 -0.11 2.50 -4.48 -0.16 2.76 4.46 -0.22 2.76 4.46 0.36 2.76 4.46 0.36 2.76 -4.48 -0.22 2.76 -4.48 -0.22 2.76 -4.48 0.36 2.76 -4.48 0.36 2.76 4.46 0.31 2.76 4.46 0.25 2.76 4.46 0.20 2.76 4.46 0.15 2.76 4.46 0.09 2.76 4.46 0.04 2.76 4.46 -0.01 2.76 4.46 -0.06 2.76 4.46 -0.12 2.76 4.46 -0.17 2.76 -4.48 0.31 2.76 -4.48 0.25 2.76 -4.48 0.20 2.76 -4.48 0.15 2.76 -4.48 0.09 2.76 -4.48 0.04 2.76 -4.48 -0.01 2.76 -4.48 -0.06 2.76 -4.48 -0.12 2.76 -4.48 -0.17 3.02 4.46 -0.23 3.02 4.46 0.35 3.02 4.46 0.35 3.02 -4.48 -0.23 3.02 -4.48 -0.23 3.02 -4.48 0.35 3.02 -4.48 0.35 3.02 4.46 0.30 3.02 4.46 0.25 3.02 4.46 0.19 3.02 4.46 0.14 3.02 4.46 0.09 3.02 4.46 0.04 3.02 4.46 -0.02 3.02 4.46 -0.07 3.02 4.46 -0.12 3.02 4.46 -0.17 3.02 -4.48 0.30 3.02 -4.48 0.25 3.02 -4.48 0.19 3.02 -4.48 0.14 3.02 -4.48 0.09 3.02 -4.48 0.04 3.02 -4.48 -0.02 3.02 -4.48 -0.07 3.02 -4.48 -0.12 3.02 -4.48 -0.17 -1.73 4.46 -0.22 -1.77 4.46 0.35 -1.77 4.46 0.35 -1.72 -4.48 -0.22 -1.72 -4.48 -0.22 -1.77 -4.48 0.35 -1.77 -4.48 0.35 -1.77 4.46 0.30 -1.76 4.46 0.25 -1.75 4.46 0.20 -1.75 4.46 0.14 -1.74 4.46 0.09 -1.74 4.46 0.04 -1.73 4.46 -0.01 -1.73 4.46 -0.07 -1.73 4.46 -0.12 -1.73 4.46 -0.17 -1.77 -4.48 0.30 -1.76 -4.48 0.25 -1.75 -4.48 0.20 -1.75 -4.48 0.14 -1.74 -4.48 0.09 -1.74 -4.48 0.04 -1.73 -4.48 -0.01 -1.73 -4.48 -0.07 -1.73 -4.48 -0.12 -1.73 -4.48 -0.17 -1.22 4.46 -0.22 -1.24 4.46 0.36 -1.24 4.46 0.36 -1.22 -4.48 -0.22 -1.22 -4.48 -0.22 -1.24 -4.48 0.36 -1.24 -4.48 0.36 -1.24 4.46 0.31 -1.24 4.46 0.26 -1.24 4.46 0.20 -1.23 4.46 0.15 -1.23 4.46 0.10 -1.23 4.46 0.05 -1.23 4.46 -0.01 -1.22 4.46 -0.06 -1.22 4.46 -0.11 -1.22 4.46 -0.16 -1.24 -4.48 0.31 -1.24 -4.48 0.26 -1.24 -4.48 0.21 -1.23 -4.48 0.15 -1.23 -4.48 0.10 -1.23 -4.48 0.05 -1.23 -4.48 -0.01 -1.22 -4.48 -0.06 -1.22 -4.48 -0.11 -1.22 -4.48 -0.16 -0.70 4.46 -0.21 -0.71 4.46 0.37 -0.71 4.46 0.37 -0.70 -4.48 -0.21 -0.70 -4.48 -0.21 -0.71 -4.48 0.37 -0.71 -4.48 0.37 -0.71 4.46 0.32 -0.71 4.46 0.27 -0.71 4.46 0.22 -0.71 4.46 0.16 -0.71 4.46 0.11 -0.71 4.46 0.06 -0.70 4.46 0.00 -0.70 4.46 -0.05 -0.70 4.46 -0.10 -0.70 4.46 -0.15 -0.71 -4.48 0.32 -0.71 -4.48 0.27 -0.71 -4.48 0.22 -0.71 -4.48 0.16 -0.71 -4.48 0.11 -0.71 -4.48 0.06 -0.70 -4.48 0.00 -0.70 -4.48 -0.05 -0.70 -4.48 -0.10 -0.70 -4.48 -0.15 -0.18 4.46 -0.20 -0.19 4.46 0.38 -0.19 4.46 0.38 -0.18 -4.48 -0.20 -0.18 -4.48 -0.20 -0.19 -4.48 0.38 -0.19 -4.48 0.38 -0.19 4.46 0.33 -0.19 4.46 0.27 -0.19 4.46 0.22 -0.19 4.46 0.17 -0.19 4.46 0.12 -0.19 4.46 0.06 -0.19 4.46 0.01 -0.19 4.46 -0.04 -0.19 4.46 -0.10 -0.19 4.46 -0.15 -0.19 -4.48 0.33 -0.19 -4.48 0.27 -0.19 -4.48 0.22 -0.19 -4.48 0.17 -0.19 -4.48 0.12 -0.19 -4.48 0.06 -0.19 -4.48 0.01 -0.19 -4.48 -0.04 -0.19 -4.48 -0.10 -0.18 -4.48 -0.15 0.33 4.46 -0.20 0.33 4.46 0.38 0.33 4.46 0.38 0.33 -4.48 -0.20 0.33 -4.48 -0.20 0.33 -4.48 0.38 0.33 -4.48 0.38 0.33 4.46 0.33 0.33 4.46 0.28 0.33 4.46 0.22 0.33 4.46 0.17 0.33 4.46 0.12 0.33 4.46 0.06 0.33 4.46 0.01 0.33 4.46 -0.04 0.33 4.46 -0.09 0.33 4.46 -0.15 0.33 -4.48 0.33 0.33 -4.48 0.28 0.33 -4.48 0.22 0.33 -4.48 0.17 0.33 -4.48 0.12 0.33 -4.48 0.06 0.33 -4.48 0.01 0.33 -4.48 -0.04 0.33 -4.48 -0.09 0.33 -4.48 -0.15 3.96 -4.49 0.12 3.93 -4.49 0.36 3.93 -4.44 0.36 3.96 -4.44 0.12 3.95 -4.51 0.11 3.91 -4.51 0.35 3.91 -0.01 0.35 3.91 -0.01 0.35 3.91 -4.38 0.43 3.91 -4.38 0.43 3.93 -4.38 0.36 3.96 -4.38 0.12 3.92 -4.49 0.11 3.89 -4.49 0.34 3.92 -2.37 0.45 3.92 -4.49 0.45 3.92 -4.44 0.45 3.94 -0.01 0.11 3.94 -0.01 0.11 3.96 -2.37 0.12 3.93 -2.37 0.36 3.92 -4.44 0.11 3.89 -4.44 0.34 3.90 -4.38 0.42 3.90 -4.51 0.43 3.91 -4.44 0.43 3.91 -4.44 0.43 3.92 -4.38 0.45 3.94 -4.38 0.11 3.91 -4.38 0.35 3.88 -4.49 0.41 3.88 -4.44 0.41 3.99 -4.49 -0.13 3.99 -4.44 -0.13 3.97 -4.51 -0.12 3.98 -4.38 -0.21 3.98 -4.38 -0.21 3.99 -4.38 -0.13 3.94 -4.49 -0.12 4.00 -2.37 -0.21 4.00 -4.49 -0.21 4.00 -4.44 -0.21 3.99 -2.37 -0.13 3.94 -4.44 -0.12 3.97 -4.38 -0.20 3.98 -4.51 -0.20 3.98 -4.44 -0.20 3.98 -4.44 -0.20 4.00 -4.38 -0.21 3.98 -0.01 -0.21 3.98 -0.01 -0.21 3.98 -0.01 -0.21 3.98 -0.01 -0.21 3.96 -4.38 -0.12 3.95 -4.49 -0.19 3.95 -4.44 -0.19 3.96 4.47 0.12 3.93 4.47 0.36 3.93 4.42 0.36 3.96 4.42 0.12 3.95 4.49 0.11 3.91 4.49 0.35 3.91 4.36 0.43 3.91 4.36 0.43 3.93 4.36 0.36 3.96 4.36 0.12 3.92 4.47 0.11 3.89 4.47 0.34 3.92 -0.01 0.45 3.92 4.47 0.45 3.92 4.42 0.45 3.96 -0.01 0.12 3.93 -0.01 0.36 3.92 4.42 0.11 3.89 4.42 0.34 3.90 4.36 0.42 3.90 4.49 0.43 3.91 4.42 0.43 3.91 4.42 0.43 3.92 4.36 0.45 3.91 -0.01 0.43 3.91 -0.01 0.43 3.91 -0.01 0.43 3.91 -0.01 0.43 3.94 4.36 0.11 3.91 4.36 0.35 3.90 -0.01 0.42 3.90 -0.01 0.42 3.88 4.47 0.41 3.88 4.42 0.41 3.99 4.47 -0.13 3.99 4.42 -0.13 3.97 4.49 -0.12 3.96 -0.01 -0.12 3.96 -0.01 -0.12 3.98 4.36 -0.21 3.98 4.36 -0.21 3.99 4.36 -0.13 3.94 4.47 -0.12 4.00 -0.01 -0.21 4.00 4.47 -0.21 4.00 4.42 -0.21 3.99 -0.01 -0.13 3.94 4.42 -0.12 3.97 4.36 -0.20 3.98 4.49 -0.20 3.98 4.42 -0.20 3.98 4.42 -0.20 4.00 4.36 -0.21 3.96 4.36 -0.12 3.97 -0.01 -0.20 3.97 -0.01 -0.20 3.95 4.47 -0.19 3.95 4.42 -0.19 3.77 4.46 -0.21 3.71 4.46 0.36 3.71 4.46 0.36 3.77 -4.48 -0.21 3.77 -4.48 -0.21 3.71 -4.48 0.36 3.71 -4.48 0.36 3.72 4.46 0.31 3.72 4.46 0.26 3.73 4.46 0.20 3.73 4.46 0.15 3.74 4.46 0.10 3.74 4.46 0.05 3.75 4.46 -0.00 3.75 4.46 -0.06 3.76 4.46 -0.11 3.76 4.46 -0.16 3.72 -4.48 0.31 3.72 -4.48 0.26 3.73 -4.48 0.20 3.73 -4.48 0.15 3.74 -4.48 0.10 3.74 -4.48 0.05 3.75 -4.48 -0.00 3.75 -4.48 -0.06 3.76 -4.48 -0.11 3.76 -4.48 -0.16 3.63 4.46 -0.23 3.60 4.46 0.35 3.60 4.46 0.35 3.63 -4.48 -0.23 3.63 -4.48 -0.23 3.60 -4.48 0.35 3.60 -4.48 0.35 3.60 4.46 0.30 3.61 4.46 0.24 3.61 4.46 0.19 3.61 4.46 0.14 3.61 4.46 0.09 3.62 4.46 0.03 3.62 4.46 -0.02 3.62 4.46 -0.07 3.62 4.46 -0.12 3.63 4.46 -0.18 3.60 -4.48 0.30 3.61 -4.48 0.24 3.61 -4.48 0.19 3.61 -4.48 0.14 3.61 -4.48 0.09 3.62 -4.48 0.03 3.62 -4.48 -0.02 3.62 -4.48 -0.07 3.62 -4.48 -0.12 3.63 -4.48 -0.18 3.92 4.46 -0.18 3.86 4.46 0.39 3.86 4.46 0.39 3.92 -4.48 -0.18 3.92 -4.48 -0.18 3.86 -4.48 0.39 3.86 -4.48 0.39 3.86 4.46 0.34 3.87 4.46 0.29 3.88 4.46 0.24 3.88 4.46 0.18 3.89 4.46 0.13 3.90 4.46 0.08 3.90 4.46 0.03 3.91 4.46 -0.03 3.91 4.46 -0.08 3.92 4.46 -0.13 3.86 -4.48 0.34 3.87 -4.48 0.29 3.88 -4.48 0.24 3.88 -4.48 0.18 3.89 -4.48 0.13 3.90 -4.48 0.08 3.90 -4.48 0.03 3.91 -4.48 -0.03 3.91 -4.48 -0.08 3.92 -4.48 -0.13 3.86 4.46 -0.20 3.80 4.46 0.38 3.80 4.46 0.38 3.86 -4.48 -0.20 3.86 -4.48 -0.20 3.80 -4.48 0.38 3.80 -4.48 0.38 3.80 4.46 0.33 3.81 4.46 0.27 3.82 4.46 0.22 3.82 4.46 0.17 3.83 4.46 0.12 3.83 4.46 0.06 3.84 4.46 0.01 3.84 4.46 -0.04 3.85 4.46 -0.09 3.85 4.46 -0.14 3.80 -4.48 0.33 3.81 -4.48 0.27 3.82 -4.48 0.22 3.82 -4.48 0.17 3.83 -4.48 0.12 3.83 -4.48 0.06 3.84 -4.48 0.01 3.84 -4.48 -0.04 3.85 -4.48 -0.09 3.85 -4.48 -0.14 3.43 4.46 -0.23 3.42 4.46 0.35 3.42 4.46 0.35 3.43 -4.48 -0.23 3.43 -4.48 -0.23 3.42 -4.48 0.35 3.42 -4.48 0.35 3.42 4.46 0.30 3.42 4.46 0.24 3.42 4.46 0.19 3.42 4.46 0.14 3.42 4.46 0.09 3.42 4.46 0.03 3.42 4.46 -0.02 3.42 4.46 -0.07 3.42 4.46 -0.13 3.43 4.46 -0.18 3.42 -4.48 0.30 3.42 -4.48 0.24 3.42 -4.48 0.19 3.42 -4.48 0.14 3.42 -4.48 0.09 3.42 -4.48 0.03 3.42 -4.48 -0.02 3.42 -4.48 -0.07 3.42 -4.48 -0.13 3.43 -4.48 -0.18 3.15 4.46 -0.23 3.16 4.46 0.35 3.16 4.46 0.35 3.15 -4.48 -0.23 3.15 -4.48 -0.23 3.16 -4.48 0.35 3.16 -4.48 0.35 3.16 4.46 0.30 3.15 4.46 0.25 3.15 4.46 0.19 3.15 4.46 0.14 3.15 4.46 0.09 3.15 4.46 0.03 3.15 4.46 -0.02 3.15 4.46 -0.07 3.15 4.46 -0.12 3.15 4.46 -0.18 3.16 -4.48 0.30 3.15 -4.48 0.25 3.15 -4.48 0.19 3.15 -4.48 0.14 3.15 -4.48 0.09 3.15 -4.48 0.03 3.15 -4.48 -0.02 3.15 -4.48 -0.07 3.15 -4.48 -0.12 3.15 -4.48 -0.18
3.98 4.46 -0.17 3.88 4.46 0.40 3.88 4.46 0.40 -2.51 4.46 -0.23 -2.51 4.46 -0.23 -2.51 4.46 -0.23 -2.58 4.46 0.35 -2.58 4.46 0.35 -2.58 4.46 0.35 -2.51 -4.48 -0.23 -2.51 -4.48 -0.23 -2.51 -4.48 -0.23 -2.58 -4.48 0.35 -2.58 -4.48 0.35 -2.58 -4.48 0.35 3.98 -4.48 -0.17 3.98 -4.48 -0.17 3.88 -4.48 0.40 3.88 -4.48 0.40 3.89 4.46 0.35 3.89 4.46 0.35 3.90 4.46 0.30 3.90 4.46 0.30 3.91 4.46 0.25 3.91 4.46 0.25 3.92 4.46 0.20 3.92 4.46 0.20 3.93 4.46 0.15 3.93 4.46 0.15 3.93 4.46 0.15 3.94 4.46 0.09 3.94 4.46 0.09 3.94 4.46 0.09 3.95 4.46 0.04 3.95 4.46 0.04 3.95 4.46 -0.01 3.95 4.46 -0.01 3.96 4.46 -0.06 3.96 4.46 -0.06 3.97 4.46 -0.11 3.97 4.46 -0.11 -2.57 4.46 0.30 -2.57 4.46 0.30 -2.56 4.46 0.25 -2.56 4.46 0.25 -2.55 4.46 0.19 -2.55 4.46 0.19 -2.54 4.46 0.14 -2.54 4.46 0.14 -2.53 4.46 0.09 -2.53 4.46 0.09 -2.52 4.46 0.04 -2.52 4.46 0.04 -2.52 4.46 -0.02 -2.52 4.46 -0.02 -2.51 4.46 -0.07 -2.51 4.46 -0.07 -2.51 4.46 -0.12 -2.51 4.46 -0.12 -2.51 4.46 -0.17 -2.51 4.46 -0.17 -2.57 -4.48 0.30 -2.57 -4.48 0.30 -2.56 -4.48 0.25 -2.56 -4.48 0.25 -2.55 -4.48 0.19 -2.55 -4.48 0.19 -2.54 -4.48 0.14 -2.54 -4.48 0.14 -2.53 -4.48 0.09 -2.53 -4.48 0.09 -2.52 -4.48 0.04 -2.52 -4.48 0.04 -2.52 -4.48 -0.02 -2.52 -4.48 -0.02 -2.51 -4.48 -0.07 -2.51 -4.48 -0.07 -2.51 -4.48 -0.12 -2.51 -4.48 -0.12 -2.51 -4.48 -0.17 -2.51 -4.48 -0.17 3.89 -4.48 0.35 3.89 -4.48 0.35 3.90 -4.48 0.30 3.90 -4.48 0.30 3.91 -4.48 0.25 3.91 -4.48 0.25 3.92 -4.48 0.20 3.92 -4.48 0.20 3.93 -4.48 0.15 3.93 -4.48 0.15 3.93 -4.48 0.15 3.94 -4.48 0.09 3.94 -4.48 0.09 3.94 -4.48 0.09 3.95 -4.48 0.04 3.95 -4.48 0.04 3.95 -4.48 -0.01 3.95 -4.48 -0.01 3.96 -4.48 -0.06 3.96 -4.48 -0.06 3.97 -4.48 -0.11 3.97 -4.48 -0.11 0.70 4.46 -0.22 0.69 4.46 0.36 0.69 4.46 0.36 0.70 -4.48 -0.22 0.70 -4.48 -0.22 0.69 -4.48 0.36 0.69 -4.48 0.36 0.69 4.46 0.31 0.70 4.46 0.26 0.70 4.46 0.21 0.70 4.46 0.15 0.70 4.46 0.10 0.70 4.46 0.05 0.70 4.46 -0.01 0.70 4.46 -0.06 0.70 4.46 -0.11 0.70 4.46 -0.16 0.69 -4.48 0.31 0.70 -4.48 0.26 0.70 -4.48 0.21 0.70 -4.48 0.15 0.70 -4.48 0.10 0.70 -4.48 0.05 0.70 -4.48 -0.01 0.70 -4.48 -0.06 0.70 -4.48 -0.11 0.70 -4.48 -0.16 0.96 4.46 -0.22 0.96 4.46 0.37 0.96 4.46 0.37 0.96 -4.48 -0.22 0.96 -4.48 -0.22 0.96 -4.48 0.37 0.96 -4.48 0.37 0.96 4.46 0.31 0.96 4.46 0.26 0.96 4.46 0.21 0.96 4.46 0.15 0.96 4.46 0.10 0.96 4.46 0.05 0.96 4.46 -0.00 0.96 4.46 -0.06 0.96 4.46 -0.11 0.96 4.46 -0.16 0.96 -4.48 0.31 0.96 -4.48 0.26 0.96 -4.48 0.21 0.96 -4.48 0.15 0.96 -4.48 0.10 0.96 -4.48 0.05 0.96 -4.48 -0.00 0.96 -4.48 -0.06 0.96 -4.48 -0.11 0.96 -4.48 -0.16 1.22 4.46 -0.21 1.22 4.46 0.37 1.22 4.46 0.37 1.22 -4.48 -0.21 1.22 -4.48 -0.21 1.22 -4.48 0.37 1.22 -4.48 0.37 1.22 4.46 0.31 1.22 4.46 0.26 1.22 4.46 0.21 1.22 4.46 0.16 1.22 4.46 0.10 1.22 4.46 0.05 1.22 4.46 -0.00 1.22 4.46 -0.06 1.22 4.46 -0.11 1.22 4.46 -0.16 1.22 -4.48 0.31 1.22 -4.48 0.26 1.22 -4.48 0.21 1.22 -4.48 0.16 1.22 -4.48 0.10 1.22 -4.48 0.05 1.22 -4.48 -0.00 1.22 -4.48 -0.06 1.22 -4.48 -0.11 1.22 -4.48 -0.16 1.48 4.46 -0.21 1.48 4.46 0.37 1.48 4.46 0.37 1.48 -4.48 -0.21 1.48 -4.48 -0.21 1.48 -4.48 0.37 1.48 -4.48 0.37 1.48 4.46 0.32 1.48 4.46 0.26 1.48 4.46 0.21 1.48 4.46 0.16 1.48 4.46 0.11 1.48 4.46 0.05 1.48 4.46 -0.00 1.48 4.46 -0.05 1.48 4.46 -0.11 1.48 4.46 -0.16 1.48 -4.48 0.32 1.48 -4.48 0.26 1.48 -4.48 0.21 1.48 -4.48 0.16 1.48 -4.48 0.11 1.48 -4.48 0.05 1.48 -4.48 -0.00 1.48 -4.48 -0.05 1.48 -4.48 -0.11 1.48 -4.48 -0.16 1.73 4.46 -0.22 1.74 4.46 0.36 1.74 4.46 0.36 1.73 -4.48 -0.22 1.73 -4.48 -0.22 1.74 -4.48 0.36 1.74 -4.48 0.36 1.74 4.46 0.31 1.74 4.46 0.26 1.74 4.46 0.21 1.74 4.46 0.15 1.74 4.46 0.10 1.74 4.46 0.05 1.74 4.46 -0.01 1.74 4.46 -0.06 1.74 4.46 -0.11 1.73 4.46 -0.16 1.74 -4.48 0.31 1.74 -4.48 0.26 1.74 -4.48 0.21 1.74 -4.48 0.15 1.74 -4.48 0.10 1.74 -4.48 0.05 1.74 -4.48 -0.01 1.74 -4.48 -0.06 1.74 -4.48 -0.11 1.73 -4.48 -0.16 1.99 4.46 -0.22 2.00 4.46 0.36 2.00 4.46 0.36 1.99 -4.48 -0.22 1.99 -4.48 -0.22 2.00 -4.48 0.36 2.00 -4.48 0.36 2.00 4.46 0.31 2.00 4.46 0.25 2.00 4.46 0.20 2.00 4.46 0.15 2.00 4.46 0.09 2.00 4.46 0.04 2.00 4.46 -0.01 2.00 4.46 -0.06 2.00 4.46 -0.12 2.00 4.46 -0.17 2.00 -4.48 0.31 2.00 -4.48 0.25 2.00 -4.48 0.20 2.00 -4.48 0.15 2.00 -4.48 0.09 2.00 -4.48 0.04 2.00 -4.48 -0.01 2.00 -4.48 -0.06 2.00 -4.48 -0.12 2.00 -4.48 -0.17 2.25 4.46 -0.23 2.26 4.46 0.35 2.26 4.46 0.35 2.25 -4.48 -0.23 2.25 -4.48 -0.23 2.26 -4.48 0.35 2.26 -4.48 0.35 2.26 4.46 0.30 2.26 4.46 0.25 2.26 4.46 0.19 2.26 4.46 0.14 2.26 4.46 0.09 2.26 4.46 0.04 2.26 4.46 -0.02 2.26 4.46 -0.07 2.26 4.46 -0.12 2.26 4.46 -0.18 2.26 -4.48 0.30 2.26 -4.48 0.25 2.26 -4.48 0.19 2.26 -4.48 0.14 2.26 -4.48 0.09 2.26 -4.48 0.04 2.26 -4.48 -0.02 2.26 -4.48 -0.07 2.26 -4.48 -0.12 2.26 -4.48 -0.18 2.52 4.46 -0.23 2.52 4.46 0.35 2.52 4.46 0.35 2.52 -4.48 -0.23 2.52 -4.48 -0.23 2.52 -4.48 0.35 2.52 -4.48 0.35 2.52 4.46 0.29 2.52 4.46 0.24 2.52 4.46 0.19 2.52 4.46 0.14 2.52 4.46 0.08 2.52 4.46 0.03 2.52 4.46 -0.02 2.52 4.46 -0.08 2.52 4.46 -0.13 2.52 4.46 -0.18 2.52 -4.48 0.29 2.52 -4.48 0.24 2.52 -4.48 0.19 2.52 -4.48 0.14 2.52 -4.48 0.08 2.52 -4.48 0.03 2.52 -4.48 -0.02 2.52 -4.48 -0.08 2.52 -4.48 -0.13 2.52 -4.48 -0.18 2.78 4.46 -0.24 2.78 4.46 0.34 2.78 4.46 0.34 2.78 -4.48 -0.24 2.78 -4.48 -0.24 2.78 -4.48 0.34 2.78 -4.48 0.34 2.78 4.46 0.29 2.78 4.46 0.24 2.78 4.46 0.18 2.78 4.46 0.13 2.78 4.46 0.08 2.78 4.46 0.02 2.78 4.46 -0.03 2.78 4.46 -0.08 2.78 4.46 -0.13 2.78 4.46 -0.19 2.78 -4.48 0.29 2.78 -4.48 0.24 2.78 -4.48 0.18 2.78 -4.48 0.13 2.78 -4.48 0.08 2.78 -4.48 0.02 2.78 -4.48 -0.03 2.78 -4.48 -0.08 2.78 -4.48 -0.13 2.78 -4.48 -0.19 3.04 4.46 -0.25 3.04 4.46 0.34 3.04 4.46 0.34 3.04 -4.48 -0.25 3.04 -4.48 -0.25 3.04 -4.48 0.34 3.04 -4.48 0.34 3.04 4.46 0.28 3.04 4.46 0.23 3.04 4.46 0.18 3.04 4.46 0.12 3.04 4.46 0.07 3.04 4.46 0.02 3.04 4.46 -0.03 3.04 4.46 -0.09 3.04 4.46 -0.14 3.04 4.46 -0.19 3.04 -4.48 0.28 3.04 -4.48 0.23 3.04 -4.48 0.18 3.04 -4.48 0.12 3.04 -4.48 0.07 3.04 -4.48 0.02 3.04 -4.48 -0.03 3.04 -4.48 -0.09 3.04 -4.48 -0.14 3.04 -4.48 -0.19 -1.71 4.46 -0.23 -1.75 4.46 0.35 -1.75 4.46 0.35 -1.71 -4.48 -0.23 -1.71 -4.48 -0.23 -1.75 -4.48 0.35 -1.75 -4.48 0.35 -1.74 4.46 0.30 -1.74 4.46 0.25 -1.73 4.46 0.20 -1.73 4.46 0.14 -1.72 4.46 0.09 -1.72 4.46 0.04 -1.71 4.46 -0.01 -1.71 4.46 -0.07 -1.71 4.46 -0.12 -1.71 4.46 -0.17 -1.74 -4.48 0.30 -1.74 -4.48 0.25 -1.73 -4.48 0.20 -1.72 -4.48 0.14 -1.72 -4.48 0.09 -1.71 -4.48 0.04 -1.71 -4.48 -0.01 -1.71 -4.48 -0.07 -1.71 -4.48 -0.12 -1.71 -4.48 -0.17 -1.20 4.46 -0.23 -1.22 4.46 0.35 -1.22 4.46 0.35 -1.20 -4.48 -0.23 -1.20 -4.48 -0.23 -1.22 -4.48 0.35 -1.22 -4.48 0.35 -1.22 4.46 0.30 -1.22 4.46 0.25 -1.21 4.46 0.20 -1.21 4.46 0.14 -1.21 4.46 0.09 -1.21 4.46 0.04 -1.21 4.46 -0.01 -1.20 4.46 -0.07 -1.20 4.46 -0.12 -1.20 4.46 -0.17 -1.22 -4.48 0.30 -1.22 -4.48 0.25 -1.21 -4.48 0.20 -1.21 -4.48 0.14 -1.21 -4.48 0.09 -1.21 -4.48 0.04 -1.21 -4.48 -0.01 -1.20 -4.48 -0.07 -1.20 -4.48 -0.12 -1.20 -4.48 -0.17 -0.68 4.46 -0.22 -0.69 4.46 0.36 -0.69 4.46 0.36 -0.68 -4.48 -0.22 -0.68 -4.48 -0.22 -0.69 -4.48 0.36 -0.69 -4.48 0.36 -0.69 4.46 0.30 -0.69 4.46 0.25 -0.69 4.46 0.20 -0.69 4.46 0.14 -0.69 4.46 0.09 -0.68 4.46 0.04 -0.68 4.46 -0.01 -0.68 4.46 -0.07 -0.68 4.46 -0.12 -0.68 4.46 -0.17 -0.69 -4.48 0.30 -0.69 -4.48 0.25 -0.69 -4.48 0.20 -0.69 -4.48 0.14 -0.69 -4.48 0.09 -0.68 -4.48 0.04 -0.68 -4.48 -0.01 -0.68 -4.48 -0.07 -0.68 -4.48 -0.12 -0.68 -4.48 -0.17 -0.16 4.46 -0.22 -0.17 4.46 0.36 -0.17 4.46 0.36 -0.16 -4.48 -0.22 -0.16 -4.48 -0.22 -0.17 -4.48 0.36 -0.17 -4.48 0.36 -0.17 4.46 0.31 -0.17 4.46 0.25 -0.17 4.46 0.20 -0.17 4.46 0.15 -0.17 4.46 0.09 -0.17 4.46 0.04 -0.17 4.46 -0.01 -0.16 4.46 -0.06 -0.16 4.46 -0.12 -0.16 4.46 -0.17 -0.17 -4.48 0.31 -0.17 -4.48 0.25 -0.17 -4.48 0.20 -0.17 -4.48 0.15 -0.17 -4.48 0.09 -0.17 -4.48 0.04 -0.17 -4.48 -0.01 -0.16 -4.48 -0.06 -0.16 -4.48 -0.12 -0.16 -4.48 -0.17 0.35 4.46 -0.22 0.35 4.46 0.36 0.35 4.46 0.36 0.35 -4.48 -0.22 0.35 -4.48 -0.22 0.35 -4.48 0.36 0.35 -4.48 0.36 0.35 4.46 0.31 0.35 4.46 0.26 0.35 4.46 0.20 0.35 4.46 0.15 0.35 4.46 0.10 0.35 4.46 0.04 0.35 4.46 -0.01 0.35 4.46 -0.06 0.35 4.46 -0.11 0.35 4.46 -0.17 0.35 -4.48 0.31 0.35 -4.48 0.26 0.35 -4.48 0.20 0.35 -4.48 0.15 0.35 -4.48 0.10 0.35 -4.48 0.04 0.35 -4.48 -0.01 0.35 -4.48 -0.06 0.35 -4.48 -0.11 0.35 -4.48 -0.17 3.98 -4.49 0.13 3.93 -4.49 0.37 3.93 -4.44 0.37 3.98 -4.44 0.13 3.96 -4.51 0.13 3.92 -4.51 0.36 3.91 -0.01 0.36 3.91 -0.01 0.36 3.91 -4.38 0.44 3.91 -4.38 0.44 3.93 -4.38 0.37 3.98 -4.38 0.13 3.94 -4.49 0.12 3.89 -4.49 0.35 3.92 -2.37 0.45 3.92 -4.49 0.45 3.92 -4.44 0.45 3.95 -0.01 0.12 3.95 -0.01 0.12 3.98 -2.37 0.13 3.93 -2.37 0.37 3.94 -4.44 0.12 3.89 -4.44 0.35 3.90 -4.38 0.43 3.90 -4.51 0.44 3.90 -4.44 0.44 3.90 -4.44 0.44 3.92 -4.38 0.45 3.95 -4.38 0.12 3.91 -4.38 0.36 3.88 -4.49 0.42 3.88 -4.44 0.42 4.02 -4.49 -0.11 4.02 -4.44 -0.11 4.00 -4.51 -0.11 4.02 -4.38 -0.19 4.02 -4.38 -0.19 4.02 -4.38 -0.11 3.97 -4.49 -0.11 4.03 -2.37 -0.19 4.03 -4.49 -0.19 4.03 -4.44 -0.19 4.02 -2.37 -0.11 3.97 -4.44 -0.11 4.00 -4.38 -0.18 4.01 -4.51 -0.19 4.01 -4.44 -0.19 4.01 -4.44 -0.19 4.03 -4.38 -0.19 4.02 -0.01 -0.19 4.02 -0.01 -0.19 4.02 -0.01 -0.19 4.02 -0.01 -0.19 3.99 -4.38 -0.11 3.98 -4.49 -0.18 3.98 -4.44 -0.18 3.98 4.47 0.13 3.93 4.47 0.37 3.93 4.42 0.37 3.98 4.42 0.13 3.96 4.49 0.13 3.92 4.49 0.36 3.91 4.36 0.44 3.91 4.36 0.44 3.93 4.36 0.37 3.98 4.36 0.13 3.94 4.47 0.12 3.89 4.47 0.35 3.92 -0.01 0.45 3.92 4.47 0.45 3.92 4.42 0.45 3.98 -0.01 0.13 3.93 -0.01 0.37 3.94 4.42 0.12 3.89 4.42 0.35 3.90 4.36 0.43 3.90 4.49 0.44 3.90 4.42 0.44 3.90 4.42 0.44 3.92 4.36 0.45 3.91 -0.01 0.44 3.91 -0.01 0.44 3.91 -0.01 0.44 3.91 -0.01 0.44 3.95 4.36 0.12 3.91 4.36 0.36 3.90 -0.01 0.43 3.90 -0.01 0.43 3.88 4.47 0.42 3.88 4.42 0.42 4.02 4.47 -0.11 4.02 4.42 -0.11 4.00 4.49 -0.11 3.99 -0.01 -0.11 3.99 -0.01 -0.11 4.02 4.36 -0.19 4.02 4.36 -0.19 4.02 4.36 -0.11 3.97 4.47 -0.11 4.03 -0.01 -0.19 4.03 4.47 -0.19 4.03 4.42 -0.19 4.02 -0.01 -0.11 3.97 4.42 -0.11 4.00 4.36 -0.18 4.01 4.49 -0.19 4.01 4.42 -0.19 4.01 4.42 -0.19 4.03 4.36 -0.19 3.99 4.36 -0.11 4.00 -0.01 -0.18 4.00 -0.01 -0.18 3.98 4.47 -0.18 3.98 4.42 -0.18 3.80 4.46 -0.22 3.72 4.46 0.35 3.72 4.46 0.35 3.80 -4.48 -0.22 3.80 -4.48 -0.22 3.72 -4.48 0.35 3.72 -4.48 0.35 3.73 4.46 0.30 3.73 4.46 0.25 3.74 4.46 0.20 3.75 4.46 0.14 3.75 4.46 0.09 3.76 4.46 0.04 3.77 4.46 -0.01 3.77 4.46 -0.06 3.78 4.46 -0.12 3.79 4.46 -0.17 3.73 -4.48 0.30 3.73 -4.48 0.25 3.74 -4.48 0.20 3.75 -4.48 0.14 3.75 -4.48 0.09 3.76 -4.48 0.04 3.77 -4.48 -0.01 3.77 -4.48 -0.06 3.78 -4.48 -0.12 3.79 -4.48 -0.17 3.66 4.46 -0.24 3.61 4.46 0.33 3.61 4.46 0.33 3.66 -4.48 -0.24 3.66 -4.48 -0.24 3.61 -4.48 0.33 3.61 -4.48 0.33 3.62 4.46 0.28 3.62 4.46 0.23 3.63 4.46 0.18 3.63 4.46 0.12 3.63 4.46 0.07 3.64 4.46 0.02 3.64 4.46 -0.03 3.64 4.46 -0.09 3.65 4.46 -0.14 3.65 4.46 -0.19 3.62 -4.48 0.28 3.62 -4.48 0.23 3.63 -4.48 0.18 3.63 -4.48 0.12 3.63 -4.48 0.07 3.64 -4.48 0.02 3.64 -4.48 -0.03 3.64 -4.48 -0.09 3.65 -4.48 -0.14 3.65 -4.48 -0.19 3.95 4.46 -0.17 3.86 4.46 0.40 3.86 4.46 0.40 3.95 -4.48 -0.17 3.95 -4.48 -0.17 3.86 -4.48 0.40 3.86 -4.48 0.40 3.87 4.46 0.34 3.88 4.46 0.29 3.89 4.46 0.24 3.89 4.46 0.19 3.90 4.46 0.14 3.91 4.46 0.09 3.92 4.46 0.04 3.93 4.46 -0.02 3.94 4.46 -0.07 3.95 4.46 -0.12 3.87 -4.48 0.34 3.88 -4.48 0.29 3.89 -4.48 0.24 3.89 -4.48 0.19 3.90 -4.48 0.14 3.91 -4.48 0.09 3.92 -4.48 0.04 3.93 -4.48 -0.02 3.94 -4.48 -0.07 3.95 -4.48 -0.12 3.89 4.46 -0.19 3.80 4.46 0.38 3.80 4.46 0.38 3.89 -4.48 -0.19 3.89 -4.48 -0.19 3.80 -4.48 0.38 3.80 -4.48 0.38 3.81 4.46 0.32 3.82 4.46 0.27 3.83 4.46 0.22 3.83 4.46 0.17 3.84 4.46 0.12 3.85 4.46 0.07 3.86 4.46 0.01 3.87 4.46 -0.04 3.87 4.46 -0.09 3.88 4.46 -0.14 3.81 -4.48 0.32 3.82 -4.48 0.27 3.83 -4.48 0.22 3.83 -4.48 0.17 3.84 -4.48 0.12 3.85 -4.48 0.07 3.86 -4.48 0.01 3.87 -4.48 -0.04 3.87 -4.48 -0.09 3.88 -4.48 -0.14 3.45 4.46 -0.25 3.44 4.46 0.33 3.44 4.46 0.33 3.45 -4.48 -0.25 3.45 -4.48 -0.25 3.44 -4.48 0.33 3.44 -4.48 0.33 3.44 4.46 0.28 3.44 4.46 0.23 3.44 4.46 0.18 3.44 4.46 0.12 3.44 4.46 0.07 3.44 4.46 0.02 3.44 4.46 -0.04 3.45 4.46 -0.09 3.45 4.46 -0.14 3.45 4.46 -0.19 3.44 -4.48 0.28 3.44 -4.48 0.23 3.44 -4.48 0.18 3.44 -4.48 0.12 3.44 -4.48 0.07 3.44 -4.48 0.02 3.44 -4.48 -0.04 3.45 -4.48 -0.09 3.45 -4.48 -0.14 3.45 -4.48 -0.19 3.17 4.46 -0.25 3.18 4.46 0.33 3.18 4.46 0.33 3.17 -4.48 -0.25 3.17 -4.48 -0.25 3.18 -4.48 0.33 3.18 -4.48 0.33 3.18 4.46 0.28 3.18 4.46 0.23 3.17 4.46 0.17 3.17 4.46 0.12 3.17 4.46 0.07 3.17 4.46 0.02 3.17 4.46 -0.04 3.17 4.46 -0.09 3.17 4.46 -0.14 3.17 4.46 -0.20 3.18 -4.48 0.28 3.18 -4.48 0.23 3.17 -4.48 0.17 3.17 -4.48 0.12 3.17 -4.48 0.07 3.17 -4.48 0.02 3.17 -4.48 -0.04 3.17 -4.48 -0.09 3.17 -4.48 -0.14 3.17 -4.48 -0.20
4.01 4.46 -0.15 3.88 4.46 0.41 3.88 4.46 0.41 -2.48 4.46 -0.22 -2.48 4.46 -0.22 -2.48 4.46 -0.22 -2.56 4.46 0.35 -2.56 4.46 0.35 -2.56 4.46 0.35 -2.48 -4.48 -0.22 -2.48 -4.48 -0.22 -2.48 -4.48 -0.22 -2.55 -4.48 0.35 -2.55 -4.48 0.35 -2.55 -4.48 0.35 4.01 -4.48 -0.15 4.01 -4.48 -0.15 3.88 -4.48 0.41 3.88 -4.48 0.41 3.89 4.46 0.36 3.89 4.46 0.36 3.90 4.46 0.31 3.90 4.46 0.31 3.92 4.46 0.26 3.92 4.46 0.26 3.93 4.46 0.21 3.93 4.46 0.21 3.94 4.46 0.16 3.94 4.46 0.16 3.94 4.46 0.16 3.95 4.46 0.11 3.95 4.46 0.11 3.95 4.46 0.11 3.97 4.46 0.06 3.97 4.46 0.06 3.98 4.46 0.01 3.98 4.46 0.01 3.99 4.46 -0.05 3.99 4.46 -0.05 4.00 4.46 -0.10 4.00 4.46 -0.10 -2.54 4.46 0.30 -2.54 4.46 0.30 -2.53 4.46 0.25 -2.53 4.46 0.25 -2.52 4.46 0.20 -2.52 4.46 0.20 -2.51 4.46 0.14 -2.51 4.46 0.14 -2.51 4.46 0.09 -2.51 4.46 0.09 -2.50 4.46 0.04 -2.50 4.46 0.04 -2.49 4.46 -0.01 -2.49 4.46 -0.01 -2.49 4.46 -0.07 -2.49 4.46 -0.07 -2.49 4.46 -0.12 -2.49 4.46 -0.12 -2.49 4.46 -0.17 -2.49 4.46 -0.17 -2.54 -4.48 0.30 -2.54 -4.48 0.30 -2.53 -4.48 0.25 -2.53 -4.48 0.25 -2.52 -4.48 0.20 -2.52 -4.48 0.20 -2.51 -4.48 0.14 -2.51 -4.48 0.14 -2.50 -4.48 0.09 -2.50 -4.48 0.09 -2.50 -4.48 0.04 -2.50 -4.48 0.04 -2.49 -4.48 -0.01 -2.49 -4.48 -0.01 -2.49 -4.48 -0.07 -2.49 -4.48 -0.07 -2.49 -4.48 -0.12 -2.49 -4.48 -0.12 -2.48 -4.48 -0.17 -2.48 -4.48 -0.17 3.89 -4.48 0.36 3.89 -4.48 0.36 3.90 -4.48 0.31 3.90 -4.48 0.31 3.92 -4.48 0.26 3.92 -4.48 0.26 3.93 -4.48 0.21 3.93 -4.48 0.21 3.94 -4.48 0.16 3.94 -4.48 0.16 3.94 -4.48 0.16 3.95 -4.48 0.11 3.95 -4.48 0.11 3.95 -4.48 0.11 3.97 -4.48 0.06 3.97 -4.48 0.06 3.98 -4.48 0.01 3.98 -4.48 0.01 3.99 -4.48 -0.05 3.99 -4.48 -0.05 4.00 -4.48 -0.10 4.00 -4.48 -0.10 0.72 4.46 -0.23 0.72 4.46 0.36 0.72 4.46 0.36 0.72 -4.48 -0.23 0.72 -4.48 -0.23 0.72 -4.48 0.36 0.72 -4.48 0.36 0.72 4.46 0.30 0.72 4.46 0.25 0.72 4.46 0.20 0.72 4.46 0.14 0.72 4.46 0.09 0.72 4.46 0.04 0.72 4.46 -0.01 0.72 4.46 -0.07 0.72 4.46 -0.12 0.72 4.46 -0.17 0.72 -4.48 0.30 0.72 -4.48 0.25 0.72 -4.48 0.20 0.72 -4.48 0.14 0.72 -4.48 0.09 0.72 -4.48 0.04 0.72 -4.48 -0.01 0.72 -4.48 -0.07 0.72 -4.48 -0.12 0.72 -4.48 -0.17 0.98 4.46 -0.22 0.98 4.46 0.36 0.98 4.46 0.36 0.98 -4.48 -0.22 0.98 -4.48 -0.22 0.98 -4.48 0.36 0.98 -4.48 0.36 0.98 4.46 0.30 0.98 4.46 0.25 0.98 4.46 0.20 0.98 4.46 0.15 0.98 4.46 0.09 0.98 4.46 0.04 0.98 4.46 -0.01 0.98 4.46 -0.07 0.98 4.46 -0.12 0.98 4.46 -0.17 0.98 -4.48 0.30 0.98 -4.48 0.25 0.98 -4.48 0.20 0.98 -4.48 0.15 0.98 -4.48 0.09 0.98 -4.48 0.04 0.98 -4.48 -0.01 0.98 -4.48 -0.07 0.98 -4.48 -0.12 0.98 -4.48 -0.17 1.24 4.46 -0.22 1.24 4.46 0.36 1.24 4.46 0.36 1.24 -4.48 -0.22 1.24 -4.48 -0.22 1.24 -4.48 0.36 1.24 -4.48 0.36 1.24 4.46 0.30 1.24 4.46 0.25 1.24 4.46 0.20 1.24 4.46 0.15 1.24 4.46 0.09 1.24 4.46 0.04 1.24 4.46 -0.01 1.24 4.46 -0.07 1.24 4.46 -0.12 1.24 4.46 -0.17 1.24 -4.48 0.30 1.24 -4.48 0.25 1.24 -4.48 0.20 1.24 -4.48 0.15 1.24 -4.48 0.09 1.24 -4.48 0.04 1.24 -4.48 -0.01 1.24 -4.48 -0.07 1.24 -4.48 -0.12 1.24 -4.48 -0.17 1.50 4.46 -0.22 1.50 4.46 0.36 1.50 4.46 0.36 1.50 -4.48 -0.22 1.50 -4.48 -0.22 1.50 -4.48 0.36 1.50 -4.48 0.36 1.50 4.46 0.31 1.50 4.46 0.25 1.50 4.46 0.20 1.50 4.46 0.15 1.50 4.46 0.09 1.50 4.46 0.04 1.50 4.46 -0.01 1.50 4.46 -0.06 1.50 4.46 -0.12 1.50 4.46 -0.17 1.50 -4.48 0.31 1.50 -4.48 0.25 1.50 -4.48 0.20 1.50 -4.48 0.15 1.50 -4.48 0.09 1.50 -4.48 0.04 1.50 -4.48 -0.01 1.50 -4.48 -0.06 1.50 -4.48 -0.12 1.50 -4.48 -0.17 1.76 4.46 -0.23 1.77 4.46 0.35 1.77 4.46 0.35 1.76 -4.48 -0.23 1.76 -4.48 -0.23 1.77 -4.48 0.35 1.77 -4.48 0.35 1.77 4.46 0.30 1.77 4.46 0.25 1.76 4.46 0.19 1.76 4.46 0.14 1.76 4.46 0.09 1.76 4.46 0.04 1.76 4.46 -0.02 1.76 4.46 -0.07 1.76 4.46 -0.12 1.76 4.46 -0.18 1.77 -4.48 0.30 1.77 -4.48 0.25 1.76 -4.48 0.19 1.76 -4.48 0.14 1.76 -4.48 0.09 1.76 -4.48 0.04 1.76 -4.48 -0.02 1.76 -4.48 -0.07 1.76 -4.48 -0.12 1.76 -4.48 -0.18 2.02 4.46 -0.24 2.03 4.46 0.35 2.03 4.46 0.35 2.02 -4.48 -0.24 2.02 -4.48 -0.24 2.03 -4.48 0.35 2.03 -4.48 0.35 2.03 4.46 0.29 2.03 4.46 0.24 2.02 4.46 0.19 2.02 4.46 0.13 2.02 4.46 0.08 2.02 4.46 0.03 2.02 4.46 -0.02 2.02 4.46 -0.08 2.02 4.46 -0.13 2.02 4.46 -0.18 2.03 -4.48 0.29 2.03 -4.48 0.24 2.02 -4.48 0.19 2.02 -4.48 0.13 2.02 -4.48 0.08 2.02 -4.48 0.03 2.02 -4.48 -0.02 2.02 -4.48 -0.08 2.02 -4.48 -0.13 2.02 -4.48 -0.18 2.28 4.46 -0.24 2.29 4.46 0.34 2.29 4.46 0.34 2.28 -4.48 -0.24 2.28 -4.48 -0.24 2.29 -4.48 0.34 2.29 -4.48 0.34 2.29 4.46 0.29 2.29 4.46 0.23 2.29 4.46 0.18 2.28 4.46 0.13 2.28 4.46 0.07 2.28 4.46 0.02 2.28 4.46 -0.03 2.28 4.46 -0.08 2.28 4.46 -0.14 2.28 4.46 -0.19 2.29 -4.48 0.29 2.29 -4.48 0.23 2.29 -4.48 0.18 2.28 -4.48 0.13 2.28 -4.48 0.07 2.28 -4.48 0.02 2.28 -4.48 -0.03 2.28 -4.48 -0.08 2.28 -4.48 -0.14 2.28 -4.48 -0.19 2.54 4.46 -0.25 2.55 4.46 0.33 2.55 4.46 0.33 2.54 -4.48 -0.25 2.54 -4.48 -0.25 2.55 -4.48 0.33 2.55 -4.48 0.33 2.55 4.46 0.28 2.55 4.46 0.23 2.55 4.46 0.17 2.54 4.46 0.12 2.54 4.46 0.07 2.54 4.46 0.02 2.54 4.46 -0.04 2.54 4.46 -0.09 2.54 4.46 -0.14 2.54 4.46 -0.20 2.55 -4.48 0.28 2.55 -4.48 0.23 2.55 -4.48 0.17 2.54 -4.48 0.12 2.54 -4.48 0.07 2.54 -4.48 0.02 2.54 -4.48 -0.04 2.54 -4.48 -0.09 2.54 -4.48 -0.14 2.54 -4.48 -0.20 2.80 4.46 -0.26 2.81 4.46 0.33 2.81 4.46 0.33 2.80 -4.48 -0.26 2.80 -4.48 -0.26 2.81 -4.48 0.33 2.81 -4.48 0.33 2.81 4.46 0.27 2.81 4.46 0.22 2.81 4.46 0.17 2.81 4.46 0.11 2.80 4.46 0.06 2.80 4.46 0.01 2.80 4.46 -0.04 2.80 4.46 -0.10 2.80 4.46 -0.15 2.80 4.46 -0.20 2.81 -4.48 0.27 2.81 -4.48 0.22 2.81 -4.48 0.17 2.81 -4.48 0.11 2.80 -4.48 0.06 2.80 -4.48 0.01 2.80 -4.48 -0.04 2.80 -4.48 -0.10 2.80 -4.48 -0.15 2.80 -4.48 -0.20 3.06 4.46 -0.26 3.07 4.46 0.32 3.07 4.46 0.32 3.06 -4.48 -0.26 3.06 -4.48 -0.26 3.07 -4.48 0.32 3.07 -4.48 0.32 3.07 4.46 0.27 3.07 4.46 0.21 3.07 4.46 0.16 3.07 4.46 0.11 3.06 4.46 0.05 3.06 4.46 0.00 3.06 4.46 -0.05 3.06 4.46 -0.10 3.06 4.46 -0.16 3.06 4.46 -0.21 3.07 -4.48 0.27 3.07 -4.48 0.21 3.07 -4.48 0.16 3.07 -4.48 0.11 3.06 -4.48 0.05 3.06 -4.48 0.00 3.06 -4.48 -0.05 3.06 -4.48 -0.10 3.06 -4.48 -0.16 3.06 -4.48 -0.21 -1.68 4.46 -0.23 -1.73 4.46 0.35 -1.73 4.46 0.35 -1.68 -4.48 -0.23 -1.68 -4.48 -0.23 -1.73 -4.48 0.35 -1.73 -4.48 0.35 -1.72 4.46 0.30 -1.71 4.46 0.25 -1.71 4.46 0.20 -1.70 4.46 0.14 -1.70 4.46 0.09 -1.69 4.46 0.04 -1.69 4.46 -0.01 -1.69 4.46 -0.07 -1.69 4.46 -0.12 -1.69 4.46 -0.17 -1.72 -4.48 0.30 -1.71 -4.48 0.25 -1.71 -4.48 0.20 -1.70 -4.48 0.14 -1.69 -4.48 0.09 -1.69 -4.48 0.04 -1.69 -4.48 -0.01 -1.69 -4.48 -0.07 -1.68 -4.48 -0.12 -1.68 -4.48 -0.17 -1.18 4.46 -0.23 -1.20 4.46 0.35 -1.20 4.46 0.35 -1.17 -4.48 -0.23 -1.17 -4.48 -0.23 -1.20 -4.48 0.35 -1.20 -4.48 0.35 -1.19 4.46 0.30 -1.19 4.46 0.25 -1.19 4.46 0.19 -1.19 4.46 0.14 -1.19 4.46 0.09 -1.18 4.46 0.04 -1.18 4.46 -0.02 -1.18 4.46 -0.07 -1.18 4.46 -0.12 -1.18 4.46 -0.17 -1.19 -4.48 0.30 -1.19 -4.48 0.25 -1.19 -4.48 0.19 -1.19 -4.48 0.14 -1.19 -4.48 0.09 -1.18 -4.48 0.04 -1.18 -4.48 -0.02 -1.18 -4.48 -0.07 -1.18 -4.48 -0.12 -1.18 -4.48 -0.17 -0.66 4.46 -0.23 -0.66 4.46 0.35 -0.66 4.46 0.35 -0.66 -4.48 -0.23 -0.66 -4.48 -0.23 -0.66 -4.48 0.35 -0.66 -4.48 0.35 -0.66 4.46 0.30 -0.66 4.46 0.25 -0.66 4.46 0.19 -0.66 4.46 0.14 -0.66 4.46 0.09 -0.66 4.46 0.04 -0.66 4.46 -0.02 -0.66 4.46 -0.07 -0.66 4.46 -0.12 -0.66 4.46 -0.18 -0.66 -4.48 0.30 -0.66 -4.48 0.25 -0.66 -4.48 0.19 -0.66 -4.48 0.14 -0.66 -4.48 0.09 -0.66 -4.48 0.04 -0.66 -4.48 -0.02 -0.66 -4.48 -0.07 -0.66 -4.48 -0.12 -0.66 -4.48 -0.18 -0.14 4.46 -0.23 -0.14 4.46 0.35 -0.14 4.46 0.35 -0.14 -4.48 -0.23 -0.14 -4.48 -0.23 -0.14 -4.48 0.35 -0.14 -4.48 0.35 -0.14 4.46 0.30 -0.14 4.46 0.25 -0.14 4.46 0.19 -0.14 4.46 0.14 -0.14 4.46 0.09 -0.14 4.46 0.04 -0.14 4.46 -0.02 -0.14 4.46 -0.07 -0.14 4.46 -0.12 -0.14 4.46 -0.18 -0.14 -4.48 0.30 -0.14 -4.48 0.25 -0.14 -4.48 0.19 -0.14 -4.48 0.14 -0.14 -4.48 0.09 -0.14 -4.48 0.04 -0.14 -4.48 -0.02 -0.14 -4.48 -0.07 -0.14 -4.48 -0.12 -0.14 -4.48 -0.18 0.38 4.46 -0.23 0.38 4.46 0.35 0.38 4.46 0.35 0.38 -4.48 -0.23 0.38 -4.48 -0.23 0.38 -4.48 0.35 0.38 -4.48 0.35 0.38 4.46 0.30 0.38 4.46 0.25 0.38 4.46 0.20 0.38 4.46 0.14 0.38 4.46 0.09 0.38 4.46 0.04 0.38 4.46 -0.02 0.38 4.46 -0.07 0.38 4.46 -0.12 0.38 4.46 -0.17 0.38 -4.48 0.30 0.38 -4.48 0.25 0.38 -4.48 0.20 0.38 -4.48 0.14 0.38 -4.48 0.09 0.38 -4.48 0.04 0.38 -4.48 -0.02 0.38 -4.48 -0.07 0.38 -4.48 -0.12 0.38 -4.48 -0.17 3.99 -4.49 0.15 3.93 -4.49 0.38 3.93 -4.44 0.38 3.99 -4.44 0.15 3.97 -4.51 0.14 3.92 -4.51 0.37 3.91 -0.01 0.37 3.91 -0.01 0.37 3.90 -4.38 0.45 3.90 -4.38 0.45 3.93 -4.38 0.38 3.99 -4.38 0.15 3.95 -4.49 0.13 3.89 -4.49 0.35 3.91 -2.37 0.46 3.91 -4.49 0.46 3.91 -4.44 0.46 3.97 -0.01 0.14 3.97 -0.01 0.14 3.99 -2.37 0.15 3.93 -2.37 0.38 3.95 -4.44 0.13 3.89 -4.44 0.35 3.89 -4.38 0.44 3.90 -4.51 0.44 3.90 -4.44 0.45 3.90 -4.44 0.45 3.91 -4.38 0.46 3.97 -4.38 0.14 3.91 -4.38 0.37 3.88 -4.49 0.42 3.88 -4.44 0.42 4.05 -4.49 -0.09 4.05 -4.44 -0.09 4.03 -4.51 -0.09 4.05 -4.38 -0.17 4.05 -4.38 -0.17 4.05 -4.38 -0.09 4.00 -4.49 -0.09 4.06 -2.37 -0.17 4.06 -4.49 -0.17 4.06 -4.44 -0.17 4.05 -2.37 -0.09 4.00 -4.44 -0.09 4.04 -4.38 -0.16 4.04 -4.51 -0.17 4.05 -4.44 -0.17 4.05 -4.44 -0.17 4.06 -4.38 -0.17 4.05 -0.01 -0.17 4.05 -0.01 -0.17 4.05 -0.01 -0.17 4.05 -0.01 -0.17 4.02 -4.38 -0.09 4.02 -4.49 -0.16 4.02 -4.44 -0.16 3.99 4.47 0.15 3.93 4.47 0.38 3.93 4.42 0.38 3.99 4.42 0.15 3.97 4.49 0.14 3.92 4.49 0.37 3.90 4.36 0.45 3.90 4.36 0.45 3.93 4.36 0.38 3.99 4.36 0.15 3.95 4.47 0.13 3.89 4.47 0.35 3.91 -0.01 0.46 3.91 4.47 0.46 3.91 4.42 0.46 3.99 -0.01 0.15 3.93 -0.01 0.38 3.95 4.42 0.13 3.89 4.42 0.35 3.89 4.36 0.44 3.90 4.49 0.44 3.90 4.42 0.45 3.90 4.42 0.45 3.91 4.36 0.46 3.90 -0.01 0.45 3.90 -0.01 0.45 3.90 -0.01 0.45 3.90 -0.01 0.45 3.97 4.36 0.14 3.91 4.36 0.37 3.89 -0.01 0.44 3.89 -0.01 0.44 3.88 4.47 0.42 3.88 4.42 0.42 4.05 4.47 -0.09 4.05 4.42 -0.09 4.03 4.49 -0.09 4.02 -0.01 -0.09 4.02 -0.01 -0.09 4.05 4.36 -0.17 4.05 4.36 -0.17 4.05 4.36 -0.09 4.00 4.47 -0.09 4.06 -0.01 -0.17 4.06 4.47 -0.17 4.06 4.42 -0.17 4.05 -0.01 -0.09 4.00 4.42 -0.09 4.04 4.36 -0.16 4.04 4.49 -0.17 4.05 4.42 -0.17 4.05 4.42 -0.17 4.06 4.36 -0.17 4.02 4.36 -0.09 4.04 -0.01 -0.16 4.04 -0.01 -0.16 4.02 4.47 -0.16 4.02 4.42 -0.16 3.83 4.46 -0.22 3.72 4.46 0.34 3.72 4.46 0.34 3.83 -4.48 -0.22 3.83 -4.48 -0.22 3.72 -4.48 0.34 3.72 -4.48 0.34 3.73 4.46 0.29 3.74 4.46 0.24 3.75 4.46 0.19 3.76 4.46 0.14 3.77 4.46 0.09 3.78 4.46 0.03 3.79 4.46 -0.02 3.80 4.46 -0.07 3.81 4.46 -0.12 3.82 4.46 -0.17 3.73 -4.48 0.29 3.74 -4.48 0.24 3.75 -4.48 0.19 3.76 -4.48 0.14 3.77 -4.48 0.09 3.78 -4.48 0.03 3.79 -4.48 -0.02 3.80 -4.48 -0.07 3.81 -4.48 -0.12 3.82 -4.48 -0.17 3.69 4.46 -0.25 3.62 4.46 0.32 3.62 4.46 0.32 3.69 -4.48 -0.25 3.69 -4.48 -0.25 3.62 -4.48 0.32 3.62 -4.48 0.32 3.63 4.46 0.27 3.64 4.46 0.21 3.64 4.46 0.16 3.65 4.46 0.11 3.66 4.46 0.06 3.66 4.46 0.01 3.67 4.46 -0.05 3.67 4.46 -0.10 3.68 4.46 -0.15 3.68 4.46 -0.20 3.63 -4.48 0.27 3.64 -4.48 0.21 3.64 -4.48 0.16 3.65 -4.48 0.11 3.66 -4.48 0.06 3.66 -4.48 0.01 3.67 -4.48 -0.05 3.67 -4.48 -0.10 3.68 -4.48 -0.15 3.68 -4.48 -0.20 3.99 4.46 -0.16 3.85 4.46 0.40 3.85 4.46 0.40 3.99 -4.48 -0.16 3.99 -4.48 -0.16 3.85 -4.48 0.40 3.85 -4.48 0.40 3.87 4.46 0.35 3.88 4.46 0.30 3.89 4.46 0.25 3.91 4.46 0.20 3.92 4.46 0.15 3.93 4.46 0.10 3.94 4.46 0.05 3.95 4.46 -0.00 3.97 4.46 -0.06 3.98 4.46 -0.11 3.87 -4.48 0.35 3.88 -4.48 0.30 3.89 -4.48 0.25 3.91 -4.48 0.20 3.92 -4.48 0.15 3.93 -4.48 0.10 3.94 -4.48 0.05 3.95 -4.48 -0.00 3.97 -4.48 -0.06 3.98 -4.48 -0.11 3.92 4.46 -0.19 3.80 4.46 0.37 3.80 4.46 0.37 3.92 -4.48 -0.19 3.92 -4.48 -0.19 3.80 -4.48 0.37 3.80 -4.48 0.37 3.81 4.46 0.32 3.82 4.46 0.27 3.84 4.46 0.22 3.85 4.46 0.17 3.86 4.46 0.12 3.87 4.46 0.07 3.88 4.46 0.02 3.89 4.46 -0.03 3.90 4.46 -0.08 3.91 4.46 -0.14 3.81 -4.48 0.32 3.82 -4.48 0.27 3.84 -4.48 0.22 3.85 -4.48 0.17 3.86 -4.48 0.12 3.87 -4.48 0.07 3.88 -4.48 0.02 3.89 -4.48 -0.03 3.90 -4.48 -0.08 3.91 -4.48 -0.14 3.48 4.46 -0.26 3.46 4.46 0.32 3.46 4.46 0.32 3.48 -4.48 -0.26 3.48 -4.48 -0.26 3.46 -4.48 0.32 3.46 -4.48 0.32 3.46 4.46 0.27 3.46 4.46 0.21 3.46 4.46 0.16 3.46 4.46 0.11 3.46 4.46 0.05 3.47 4.46 0.00 3.47 4.46 -0.05 3.47 4.46 -0.10 3.47 4.46 -0.16 3.47 4.46 -0.21 3.46 -4.48 0.27 3.46 -4.48 0.21 3.46 -4.48 0.16 3.46 -4.48 0.11 3.46 -4.48 0.05 3.47 -4.48 0.00 3.47 -4.48 -0.05 3.47 -4.48 -0.10 3.47 -4.48 -0.16 3.47 -4.48 -0.21 3.19 4.46 -0.27 3.20 4.46 0.32 3.20 4.46 0.32 3.19 -4.48 -0.27 3.19 -4.48 -0.27 3.20 -4.48 0.32 3.20 -4.48 0.32 3.20 4.46 0.26 3.20 4.46 0.21 3.20 4.46 0.16 3.20 4.46 0.10 3.20 4.46 0.05 3.20 4.46 -0.00 3.19 4.46 -0.05 3.19 4.46 -0.11 3.19 4.46 -0.16 3.19 4.46 -0.21 3.20 -4.48 0.26 3.20 -4.48 0.21 3.20 -4.48 0.16 3.20 -4.48 0.10 3.20 -4.48 0.05 3.20 -4.48 -0.00 3.19 -4.48 -0.05 3.19 -4.48 -0.11 3.19 -4.48 -0.16 3.19 -4.48 -0.21
4.05 4.46 -0.12 3.88 4.46 0.41 3.88 4.46 0.41 -2.46 4.46 -0.22 -2.46 4.46 -0.22 -2.46 4.46 -0.22 -2.53 4.46 0.35 -2.53 4.46 0.35 -2.53 4.46 0.35 -2.46 -4.48 -0.22 -2.46 -4.48 -0.22 -2.46 -4.48 -0.22 -2.53 -4.48 0.35 -2.53 -4.48 0.35 -2.53 -4.48 0.35 4.05 -4.48 -0.12 4.05 -4.48 -0.12 3.88 -4.48 0.41 3.88 -4.48 0.41 3.89 4.46 0.37 3.89 4.46 0.37 3.91 4.46 0.32 3.91 4.46 0.32 3.93 4.46 0.27 3.93 4.46 0.27 3.94 4.46 0.22 3.94 4.46 0.22 3.96 4.46 0.17 3.96 4.46 0.17 3.96 4.46 0.17 3.97 4.46 0.12 3.97 4.46 0.12 3.97 4.46 0.12 3.99 4.46 0.07 3.99 4.46 0.07 4.00 4.46 0.02 4.00 4.46 0.02 4.02 4.46 -0.03 4.02 4.46 -0.03 4.03 4.46 -0.07 4.03 4.46 -0.07 -2.52 4.46 0.30 -2.52 4.46 0.30 -2.51 4.46 0.25 -2.51 4.46 0.25 -2.50 4.46 0.20 -2.50 4.46 0.20 -2.49 4.46 0.15 -2.49 4.46 0.15 -2.48 4.46 0.09 -2.48 4.46 0.09 -2.47 4.46 0.04 -2.47 4.46 0.04 -2.47 4.46 -0.01 -2.47 4.46 -0.01 -2.46 4.46 -0.06 -2.46 4.46 -0.06 -2.46 4.46 -0.12 -2.46 4.46 -0.12 -2.46 4.46 -0.17 -2.46 4.46 -0.17 -2.52 -4.48 0.30 -2.52 -4.48 0.30 -2.51 -4.48 0.25 -2.51 -4.48 0.25 -2.50 -4.48 0.20 -2.50 -4.48 0.20 -2.49 -4.48 0.15 -2.49 -4.48 0.15 -2.48 -4.48 0.09 -2.48 -4.48 0.09 -2.47 -4.48 0.04 -2.47 -4.48 0.04 -2.46 -4.48 -0.01 -2.46 -4.48 -0.01 -2.46 -4.48 -0.06 -2.46 -4.48 -0.06 -2.46 -4.48 -0.12 -2.46 -4.48 -0.12 -2.46 -4.48 -0.17 -2.46 -4.48 -0.17 3.89 -4.48 0.37 3.89 -4.48 0.37 3.91 -4.48 0.32 3.91 -4.48 0.32 3.93 -4.48 0.27 3.93 -4.48 0.27 3.94 -4.48 0.22 3.94 -4.48 0.22 3.96 -4.48 0.17 3.96 -4.48 0.17 3.96 -4.48 0.17 3.97 -4.48 0.12 3.97 -4.48 0.12 3.97 -4.48 0.12 3.99 -4.48 0.07 3.99 -4.48 0.07 4.00 -4.48 0.02 4.00 -4.48 0.02 4.02 -4.48 -0.03 4.02 -4.48 -0.03 4.03 -4.48 -0.07 4.03 -4.48 -0.07 0.75 4.46 -0.23 0.75 4.46 0.36 0.75 4.46 0.36 0.75 -4.48 -0.23 0.75 -4.48 -0.23 0.75 -4.48 0.36 0.75 -4.48 0.36 0.75 4.46 0.30 0.75 4.46 0.25 0.75 4.46 0.20 0.75 4.46 0.14 0.75 4.46 0.09 0.75 4.46 0.04 0.75 4.46 -0.01 0.75 4.46 -0.07 0.75 4.46 -0.12 0.75 4.46 -0.17 0.75 -4.48 0.30 0.75 -4.48 0.25 0.75 -4.48 0.20 0.75 -4.48 0.14 0.75 -4.48 0.09 0.75 -4.48 0.04 0.75 -4.48 -0.01 0.75 -4.48 -0.07 0.75 -4.48 -0.12 0.75 -4.48 -0.17 1.01 4.46 -0.23 1.01 4.46 0.35 1.01 4.46 0.35 1.01 -4.48 -0.23 1.01 -4.48 -0.23 1.01 -4.48 0.35 1.01 -4.48 0.35 1.01 4.46 0.30 1.01 4.46 0.25 1.01 4.46 0.20 1.01 4.46 0.14 1.01 4.46 0.09 1.01 4.46 0.04 1.01 4.46 -0.02 1.01 4.46 -0.07 1.01 4.46 -0.12 1.01 4.46 -0.17 1.01 -4.48 0.30 1.01 -4.48 0.25 1.01 -4.48 0.20 1.01 -4.48 0.14 1.01 -4.48 0.09 1.01 -4.48 0.04 1.01 -4.48 -0.02 1.01 -4.48 -0.07 1.01 -4.48 -0.12 1.01 -4.48 -0.17 1.27 4.46 -0.23 1.27 4.46 0.35 1.27 4.46 0.35 1.27 -4.48 -0.23 1.27 -4.48 -0.23 1.27 -4.48 0.35 1.27 -4.48 0.35 1.27 4.46 0.30 1.27 4.46 0.25 1.27 4.46 0.19 1.27 4.46 0.14 1.27 4.46 0.09 1.27 4.46 0.04 1.27 4.46 -0.02 1.27 4.46 -0.07 1.27 4.46 -0.12 1.27 4.46 -0.18 1.27 -4.48 0.30 1.27 -4.48 0.25 1.27 -4.48 0.19 1.27 -4.48 0.14 1.27 -4.48 0.09 1.27 -4.48 0.04 1.27 -4.48 -0.02 1.27 -4.48 -0.07 1.27 -4.48 -0.12 1.27 -4.48 -0.18 1.53 4.46 -0.23 1.53 4.46 0.35 1.53 4.46 0.35 1.53 -4.48 -0.23 1.53 -4.48 -0.23 1.53 -4.48 0.35 1.53 -4.48 0.35 1.53 4.46 0.30 1.53 4.46 0.25 1.53 4.46 0.19 1.53 4.46 0.14 1.53 4.46 0.09 1.53 4.46 0.03 1.53 4.46 -0.02 1.53 4.46 -0.07 1.53 4.46 -0.12 1.53 4.46 -0.18 1.53 -4.48 0.30 1.53 -4.48 0.25 1.53 -4.48 0.19 1.53 -4.48 0.14 1.53 -4.48 0.09 1.53 -4.48 0.03 1.53 -4.48 -0.02 1.53 -4.48 -0.07 1.53 -4.48 -0.12 1.53 -4.48 -0.18 1.78 4.46 -0.24 1.80 4.46 0.34 1.80 4.46 0.34 1.78 -4.48 -0.24 1.78 -4.48 -0.24 1.80 -4.48 0.34 1.80 -4.48 0.34 1.79 4.46 0.29 1.79 4.46 0.24 1.79 4.46 0.18 1.79 4.46 0.13 1.79 4.46 0.08 1.79 4.46 0.03 1.79 4.46 -0.03 1.79 4.46 -0.08 1.79 4.46 -0.13 1.78 4.46 -0.19 1.79 -4.48 0.29 1.79 -4.48 0.24 1.79 -4.48 0.18 1.79 -4.48 0.13 1.79 -4.48 0.08 1.79 -4.48 0.03 1.79 -4.48 -0.03 1.79 -4.48 -0.08 1.79 -4.48 -0.13 1.78 -4.48 -0.19 2.04 4.46 -0.25 2.06 4.46 0.34 2.06 4.46 0.34 2.04 -4.48 -0.25 2.04 -4.48 -0.25 2.06 -4.48 0.34 2.06 -4.48 0.34 2.05 4.46 0.28 2.05 4.46 0.23 2.05 4.46 0.18 2.05 4.46 0.12 2.05 4.46 0.07 2.05 4.46 0.02 2.05 4.46 -0.03 2.05 4.46 -0.09 2.05 4.46 -0.14 2.04 4.46 -0.19 2.05 -4.48 0.28 2.05 -4.48 0.23 2.05 -4.48 0.18 2.05 -4.48 0.12 2.05 -4.48 0.07 2.05 -4.48 0.02 2.05 -4.48 -0.03 2.05 -4.48 -0.09 2.05 -4.48 -0.14 2.04 -4.48 -0.19 2.30 4.46 -0.25 2.32 4.46 0.33 2.32 4.46 0.33 2.30 -4.48 -0.25 2.30 -4.48 -0.25 2.32 -4.48 0.33 2.32 -4.48 0.33 2.31 4.46 0.27 2.31 4.46 0.22 2.31 4.46 0.17 2.31 4.46 0.12 2.31 4.46 0.06 2.31 4.46 0.01 2.31 4.46 -0.04 2.31 4.46 -0.10 2.31 4.46 -0.15 2.31 4.46 -0.20 2.31 -4.48 0.27 2.31 -4.48 0.22 2.31 -4.48 0.17 2.31 -4.48 0.12 2.31 -4.48 0.06 2.31 -4.48 0.01 2.31 -4.48 -0.04 2.31 -4.48 -0.10 2.31 -4.48 -0.15 2.31 -4.48 -0.20 2.56 4.46 -0.26 2.58 4.46 0.32 2.58 4.46 0.32 2.56 -4.48 -0.26 2.56 -4.48 -0.26 2.58 -4.48 0.32 2.58 -4.48 0.32 2.58 4.46 0.27 2.57 4.46 0.21 2.57 4.46 0.16 2.57 4.46 0.11 2.57 4.46 0.05 2.57 4.46 0.00 2.57 4.46 -0.05 2.57 4.46 -0.10 2.57 4.46 -0.16 2.57 4.46 -0.21 2.58 -4.48 0.27 2.57 -4.48 0.21 2.57 -4.48 0.16 2.57 -4.48 0.11 2.57 -4.48 0.05 2.57 -4.48 0.00 2.57 -4.48 -0.05 2.57 -4.48 -0.10 2.57 -4.48 -0.16 2.57 -4.48 -0.21 2.82 4.46 -0.27 2.84 4.46 0.31 2.84 4.46 0.31 2.82 -4.48 -0.27 2.82 -4.48 -0.27 2.84 -4.48 0.31 2.84 -4.48 0.31 2.84 4.46 0.26 2.83 4.46 0.21 2.83 4.46 0.15 2.83 4.46 0.10 2.83 4.46 0.05 2.83 4.46 -0.01 2.83 4.46 -0.06 2.83 4.46 -0.11 2.83 4.46 -0.16 2.83 4.46 -0.22 2.84 -4.48 0.26 2.83 -4.48 0.21 2.83 -4.48 0.15 2.83 -4.48 0.10 2.83 -4.48 0.05 2.83 -4.48 -0.01 2.83 -4.48 -0.06 2.83 -4.48 -0.11 2.83 -4.48 -0.16 2.83 -4.48 -0.22 3.09 4.46 -0.28 3.10 4.46 0.30 3.10 4.46 0.30 3.09 -4.48 -0.28 3.09 -4.48 -0.28 3.10 -4.48 0.30 3.10 -4.48 0.30 3.10 4.46 0.25 3.09 4.46 0.20 3.09 4.46 0.14 3.09 4.46 0.09 3.09 4.46 0.04 3.09 4.46 -0.01 3.09 4.46 -0.07 3.09 4.46 -0.12 3.09 4.46 -0.17 3.09 4.46 -0.23 3.10 -4.48 0.25 3.09 -4.48 0.20 3.09 -4.48 0.14 3.09 -4.48 0.09 3.09 -4.48 0.04 3.09 -4.48 -0.01 3.09 -4.48 -0.07 3.09 -4.48 -0.12 3.09 -4.48 -0.17 3.09 -4.48 -0.23 -1.66 4.46 -0.22 -1.70 4.46 0.36 -1.70 4.46 0.36 -1.66 -4.48 -0.22 -1.66 -4.48 -0.22 -1.70 -4.48 0.36 -1.70 -4.48 0.36 -1.69 4.46 0.31 -1.69 4.46 0.25 -1.68 4.46 0.20 -1.67 4.46 0.15 -1.67 4.46 0.10 -1.67 4.46 0.04 -1.66 4.46 -0.01 -1.66 4.46 -0.06 -1.66 4.46 -0.11 -1.66 4.46 -0.17 -1.69 -4.48 0.31 -1.69 -4.48 0.25 -1.68 -4.48 0.20 -1.67 -4.48 0.15 -1.67 -4.48 0.10 -1.66 -4.48 0.04 -1.66 -4.48 -0.01 -1.66 -4.48 -0.06 -1.66 -4.48 -0.11 -1.66 -4.48 -0.17 -1.15 4.46 -0.22 -1.17 4.46 0.36 -1.17 4.46 0.36 -1.15 -4.48 -0.22 -1.15 -4.48 -0.22 -1.17 -4.48 0.36 -1.17 -4.48 0.36 -1.17 4.46 0.31 -1.17 4.46 0.25 -1.16 4.46 0.20 -1.16 4.46 0.15 -1.16 4.46 0.10 -1.16 4.46 0.04 -1.16 4.46 -0.01 -1.15 4.46 -0.06 -1.15 4.46 -0.11 -1.15 4.46 -0.17 -1.17 -4.48 0.31 -1.16 -4.48 0.25 -1.16 -4.48 0.20 -1.16 -4.48 0.15 -1.16 -4.48 0.10 -1.16 -4.48 0.04 -1.15 -4.48 -0.01 -1.15 -4.48 -0.06 -1.15 -4.48 -0.11 -1.15 -4.48 -0.17 -0.63 4.46 -0.22 -0.64 4.46 0.36 -0.64 4.46 0.36 -0.63 -4.48 -0.22 -0.63 -4.48 -0.22 -0.64 -4.48 0.36 -0.64 -4.48 0.36 -0.64 4.46 0.31 -0.64 4.46 0.26 -0.64 4.46 0.20 -0.64 4.46 0.15 -0.63 4.46 0.10 -0.63 4.46 0.05 -0.63 4.46 -0.01 -0.63 4.46 -0.06 -0.63 4.46 -0.11 -0.63 4.46 -0.17 -0.64 -4.48 0.31 -0.64 -4.48 0.26 -0.64 -4.48 0.20 -0.64 -4.48 0.15 -0.63 -4.48 0.10 -0.63 -4.48 0.05 -0.63 -4.48 -0.01 -0.63 -4.48 -0.06 -0.63 -4.48 -0.11 -0.63 -4.48 -0.17 -0.11 4.46 -0.22 -0.11 4.46 0.36 -0.11 4.46 0.36 -0.11 -4.48 -0.22 -0.11 -4.48 -0.22 -0.11 -4.48 0.36 -0.11 -4.48 0.36 -0.11 4.46 0.31 -0.11 4.46 0.26 -0.11 4.46 0.20 -0.11 4.46 0.15 -0.11 4.46 0.10 -0.11 4.46 0.04 -0.11 4.46 -0.01 -0.11 4.46 -0.06 -0.11 4.46 -0.11 -0.11 4.46 -0.17 -0.11 -4.48 0.31 -0.11 -4.48 0.26 -0.11 -4.48 0.20 -0.11 -4.48 0.15 -0.11 -4.48 0.10 -0.11 -4.48 0.04 -0.11 -4.48 -0.01 -0.11 -4.48 -0.06 -0.11 -4.48 -0.11 -0.11 -4.48 -0.17 0.40 4.46 -0.22 0.41 4.46 0.36 0.41 4.46 0.36 0.40 -4.48 -0.22 0.40 -4.48 -0.22 0.41 -4.48 0.36 0.41 -4.48 0.36 0.41 4.46 0.31 0.41 4.46 0.25 0.41 4.46 0.20 0.40 4.46 0.15 0.40 4.46 0.09 0.40 4.46 0.04 0.40 4.46 -0.01 0.40 4.46 -0.06 0.40 4.46 -0.12 0.40 4.46 -0.17 0.41 -4.48 0.31 0.41 -4.48 0.25 0.41 -4.48 0.20 0.40 -4.48 0.15 0.40 -4.48 0.09 0.40 -4.48 0.04 0.40 -4.48 -0.01 0.40 -4.48 -0.06 0.40 -4.48 -0.12 0.40 -4.48 -0.17 4.01 -4.49 0.17 3.93 -4.49 0.40 3.93 -4.44 0.40 4.01 -4.44 0.17 3.99 -4.51 0.16 3.92 -4.51 0.38 3.91 -0.01 0.38 3.91 -0.01 0.38 3.90 -4.38 0.46 3.90 -4.38 0.46 3.93 -4.38 0.40 4.01 -4.38 0.17 3.97 -4.49 0.15 3.90 -4.49 0.36 3.91 -2.37 0.47 3.91 -4.49 0.47 3.91 -4.44 0.47 3.98 -0.01 0.16 3.98 -0.01 0.16 4.01 -2.37 0.17 3.93 -2.37 0.40 3.97 -4.44 0.15 3.90 -4.44 0.36 3.89 -4.38 0.45 3.89 -4.51 0.45 3.89 -4.44 0.45 3.89 -4.44 0.45 3.91 -4.38 0.47 3.98 -4.38 0.16 3.91 -4.38 0.38 3.88 -4.49 0.43 3.88 -4.44 0.43 4.08 -4.49 -0.06 4.08 -4.44 -0.06 4.06 -4.51 -0.07 4.09 -4.38 -0.14 4.09 -4.38 -0.14 4.08 -4.38 -0.06 4.03 -4.49 -0.07 4.10 -2.37 -0.14 4.10 -4.49 -0.14 4.10 -4.44 -0.14 4.08 -2.37 -0.06 4.03 -4.44 -0.07 4.07 -4.38 -0.14 4.08 -4.51 -0.14 4.08 -4.44 -0.14 4.08 -4.44 -0.14 4.10 -4.38 -0.14 4.09 -0.01 -0.14 4.09 -0.01 -0.14 4.09 -0.01 -0.14 4.09 -0.01 -0.14 4.05 -4.38 -0.07 4.05 -4.49 -0.14 4.05 -4.44 -0.14 4.01 4.47 0.17 3.93 4.47 0.40 3.93 4.42 0.40 4.01 4.42 0.17 3.99 4.49 0.16 3.92 4.49 0.38 3.90 4.36 0.46 3.90 4.36 0.46 3.93 4.36 0.40 4.01 4.36 0.17 3.97 4.47 0.15 3.90 4.47 0.36 3.91 -0.01 0.47 3.91 4.47 0.47 3.91 4.42 0.47 4.01 -0.01 0.17 3.93 -0.01 0.40 3.97 4.42 0.15 3.90 4.42 0.36 3.89 4.36 0.45 3.89 4.49 0.45 3.89 4.42 0.45 3.89 4.42 0.45 3.91 4.36 0.47 3.90 -0.01 0.46 3.90 -0.01 0.46 3.90 -0.01 0.46 3.90 -0.01 0.46 3.98 4.36 0.16 3.91 4.36 0.38 3.89 -0.01 0.45 3.89 -0.01 0.45 3.88 4.47 0.43 3.88 4.42 0.43 4.08 4.47 -0.06 4.08 4.42 -0.06 4.06 4.49 -0.07 4.05 -0.01 -0.07 4.05 -0.01 -0.07 4.09 4.36 -0.14 4.09 4.36 -0.14 4.08 4.36 -0.06 4.03 4.47 -0.07 4.10 -0.01 -0.14 4.10 4.47 -0.14 4.10 4.42 -0.14 4.08 -0.01 -0.06 4.03 4.42 -0.07 4.07 4.36 -0.14 4.08 4.49 -0.14 4.08 4.42 -0.14 4.08 4.42 -0.14 4.10 4.36 -0.14 4.05 4.36 -0.07 4.07 -0.01 -0.14 4.07 -0.01 -0.14 4.05 4.47 -0.14 4.05 4.42 -0.14 3.87 4.46 -0.22 3.73 4.46 0.33 3.73 4.46 0.33 3.87 -4.48 -0.22 3.87 -4.48 -0.22 3.73 -4.48 0.33 3.73 -4.48 0.33 3.74 4.46 0.28 3.76 4.46 0.23 3.77 4.46 0.18 3.78 4.46 0.13 3.79 4.46 0.08 3.81 4.46 0.03 3.82 4.46 -0.02 3.83 4.46 -0.07 3.84 4.46 -0.12 3.85 4.46 -0.17 3.74 -4.48 0.28 3.76 -4.48 0.23 3.77 -4.48 0.18 3.78 -4.48 0.13 3.79 -4.48 0.08 3.81 -4.48 0.03 3.82 -4.48 -0.02 3.83 -4.48 -0.07 3.84 -4.48 -0.12 3.85 -4.48 -0.17 3.72 4.46 -0.26 3.64 4.46 0.30 3.64 4.46 0.30 3.72 -4.48 -0.26 3.72 -4.48 -0.26 3.64 -4.48 0.30 3.64 -4.48 0.30 3.65 4.46 0.25 3.66 4.46 0.20 3.67 4.46 0.15 3.67 4.46 0.10 3.68 4.46 0.04 3.69 4.46 -0.01 3.69 4.46 -0.06 3.70 4.46 -0.11 3.71 4.46 -0.16 3.72 4.46 -0.21 3.65 -4.48 0.25 3.66 -4.48 0.20 3.67 -4.48 0.15 3.67 -4.48 0.10 3.68 -4.48 0.04 3.69 -4.48 -0.01 3.69 -4.48 -0.06 3.70 -4.48 -0.11 3.71 -4.48 -0.16 3.72 -4.48 -0.21 4.02 4.46 -0.14 3.85 4.46 0.40 3.85 4.46 0.40 4.02 -4.48 -0.14 4.02 -4.48 -0.14 3.85 -4.48 0.40 3.85 -4.48 0.40 3.87 4.46 0.35 3.89 4.46 0.31 3.90 4.46 0.26 3.92 4.46 0.21 3.93 4.46 0.16 3.95 4.46 0.11 3.96 4.46 0.06 3.98 4.46 0.01 3.99 4.46 -0.04 4.01 4.46 -0.09 3.87 -4.48 0.35 3.89 -4.48 0.31 3.90 -4.48 0.26 3.92 -4.48 0.21 3.93 -4.48 0.16 3.95 -4.48 0.11 3.96 -4.48 0.06 3.98 -4.48 0.01 3.99 -4.48 -0.04 4.01 -4.48 -0.09 3.96 4.46 -0.17 3.80 4.46 0.37 3.80 4.46 0.37 3.96 -4.48 -0.17 3.96 -4.48 -0.17 3.80 -4.48 0.37 3.80 -4.48 0.37 3.82 4.46 0.32 3.83 4.46 0.27 3.85 4.46 0.22 3.86 4.46 0.17 3.88 4.46 0.12 3.89 4.46 0.07 3.90 4.46 0.02 3.92 4.46 -0.03 3.93 4.46 -0.08 3.95 4.46 -0.12 3.82 -4.48 0.32 3.83 -4.48 0.27 3.85 -4.48 0.22 3.86 -4.48 0.17 3.88 -4.48 0.12 3.89 -4.48 0.07 3.90 -4.48 0.02 3.92 -4.48 -0.03 3.93 -4.48 -0.08 3.95 -4.48 -0.12 3.51 4.46 -0.28 3.48 4.46 0.30 3.48 4.46 0.30 3.51 -4.48 -0.28 3.51 -4.48 -0.28 3.48 -4.48 0.30 3.48 -4.48 0.30 3.48 4.46 0.25 3.48 4.46 0.20 3.48 4.46 0.15 3.49 4.46 0.09 3.49 4.46 0.04 3.49 4.46 -0.01 3.50 4.46 -0.07 3.50 4.46 -0.12 3.50 4.46 -0.17 3.50 4.46 -0.22 3.48 -4.48 0.25 3.48 -4.48 0.20 3.48 -4.48 0.15 3.49 -4.48 0.09 3.49 -4.48 0.04 3.49 -4.48 -0.01 3.50 -4.48 -0.07 3.50 -4.48 -0.12 3.50 -4.48 -0.17 3.50 -4.48 -0.22 3.22 4.46 -0.28 3.23 4.46 0.30 3.23 4.46 0.30 3.22 -4.48 -0.28 3.22 -4.48 -0.28 3.23 -4.48 0.30 3.23 -4.48 0.30 3.23 4.46 0.25 3.23 4.46 0.19 3.23 4.46 0.14 3.22 4.46 0.09 3.22 4.46 0.03 3.22 4.46 -0.02 3.22 4.46 -0.07 3.22 4.46 -0.12 3.22 4.46 -0.18 3.22 4.46 -0.23 3.23 -4.48 0.25 3.23 -4.48 0.19 3.23 -4.48 0.14 3.22 -4.48 0.09 3.22 -4.48 0.03 3.22 -4.48 -0.02 3.22 -4.48 -0.07 3.22 -4.48 -0.12 3.22 -4.48 -0.18 3.22 -4.48 -0.23
4.08 4.46 -0.10 3.87 4.46 0.42 3.87 4.46 0.42 -2.43 4.46 -0.22 -2.43 4.46 -0.22 -2.43 4.46 -0.22 -2.50 4.46 0.35 -2.50 4.46 0.35 -2.50 4.46 0.35 -2.43 -4.48 -0.22 -2.43 -4.48 -0.22 -2.43 -4.48 -0.22 -2.50 -4.48 0.35 -2.50 -4.48 0.35 -2.50 -4.48 0.35 4.08 -4.48 -0.10 4.08 -4.48 -0.10 3.87 -4.48 0.42 3.87 -4.48 0.42 3.89 4.46 0.37 3.89 4.46 0.37 3.91 4.46 0.33 3.91 4.46 0.33 3.93 4.46 0.28 3.93 4.46 0.28 3.95 4.46 0.23 3.95 4.46 0.23 3.97 4.46 0.19 3.97 4.46 0.19 3.97 4.46 0.19 3.99 4.46 0.14 3.99 4.46 0.14 3.99 4.46 0.14 4.01 4.46 0.09 4.01 4.46 0.09 4.03 4.46 0.05 4.03 4.46 0.05 4.05 4.46 -0.00 4.05 4.46 -0.00 4.06 4.46 -0.05 4.06 4.46 -0.05 -2.49 4.46 0.30 -2.49 4.46 0.30 -2.48 4.46 0.25 -2.48 4.46 0.25 -2.47 4.46 0.20 -2.47 4.46 0.20 -2.46 4.46 0.14 -2.46 4.46 0.14 -2.45 4.46 0.09 -2.45 4.46 0.09 -2.44 4.46 0.04 -2.44 4.46 0.04 -2.44 4.46 -0.01 -2.44 4.46 -0.01 -2.43 4.46 -0.07 -2.43 4.46 -0.07 -2.43 4.46 -0.12 -2.43 4.46 -0.12 -2.43 4.46 -0.17 -2.43 4.46 -0.17 -2.49 -4.48 0.30 -2.49 -4.48 0.30 -2.48 -4.48 0.25 -2.48 -4.48 0.25 -2.47 -4.48 0.20 -2.47 -4.48 0.20 -2.46 -4.48 0.14 -2.46 -4.48 0.14 -2.45 -4.48 0.09 -2.45 -4.48 0.09 -2.44 -4.48 0.04 -2.44 -4.48 0.04 -2.44 -4.48 -0.01 -2.44 -4.48 -0.01 -2.43 -4.48 -0.07 -2.43 -4.48 -0.07 -2.43 -4.48 -0.12 -2.43 -4.48 -0.12 -2.43 -4.48 -0.17 -2.43 -4.48 -0.17 3.89 -4.48 0.37 3.89 -4.48 0.37 3.91 -4.48 0.33 3.91 -4.48 0.33 3.93 -4.48 0.28 3.93 -4.48 0.28 3.95 -4.48 0.23 3.95 -4.48 0.23 3.97 -4.48 0.19 3.97 -4.48 0.19 3.97 -4.48 0.19 3.99 -4.48 0.14 3.99 -4.48 0.14 3.99 -4.48 0.14 4.01 -4.48 0.09 4.01 -4.48 0.09 4.03 -4.48 0.05 4.03 -4.48 0.05 4.05 -4.48 -0.00 4.05 -4.48 -0.00 4.06 -4.48 -0.05 4.06 -4.48 -0.05 0.77 4.46 -0.23 0.78 4.46 0.35 0.78 4.46 0.35 0.77 -4.48 -0.23 0.77 -4.48 -0.23 0.78 -4.48 0.35 0.78 -4.48 0.35 0.78 4.46 0.29 0.78 4.46 0.24 0.78 4.46 0.19 0.78 4.46 0.14 0.78 4.46 0.08 0.78 4.46 0.03 0.78 4.46 -0.02 0.77 4.46 -0.08 0.77 4.46 -0.13 0.77 4.46 -0.18 0.78 -4.48 0.29 0.78 -4.48 0.24 0.78 -4.48 0.19 0.78 -4.48 0.14 0.78 -4.48 0.08 0.78 -4.48 0.03 0.78 -4.48 -0.02 0.77 -4.48 -0.08 0.77 -4.48 -0.13 0.77 -4.48 -0.18 1.03 4.46 -0.24 1.04 4.46 0.34 1.04 4.46 0.34 1.03 -4.48 -0.24 1.03 -4.48 -0.24 1.04 -4.48 0.34 1.04 -4.48 0.34 1.04 4.46 0.29 1.04 4.46 0.24 1.04 4.46 0.18 1.04 4.46 0.13 1.04 4.46 0.08 1.04 4.46 0.03 1.04 4.46 -0.03 1.04 4.46 -0.08 1.03 4.46 -0.13 1.03 4.46 -0.19 1.04 -4.48 0.29 1.04 -4.48 0.24 1.04 -4.48 0.18 1.04 -4.48 0.13 1.04 -4.48 0.08 1.04 -4.48 0.03 1.04 -4.48 -0.03 1.04 -4.48 -0.08 1.03 -4.48 -0.13 1.03 -4.48 -0.19 1.29 4.46 -0.24 1.30 4.46 0.34 1.30 4.46 0.34 1.29 -4.48 -0.24 1.29 -4.48 -0.24 1.30 -4.48 0.34 1.30 -4.48 0.34 1.30 4.46 0.28 1.30 4.46 0.23 1.30 4.46 0.18 1.30 4.46 0.13 1.30 4.46 0.07 1.30 4.46 0.02 1.30 4.46 -0.03 1.30 4.46 -0.09 1.29 4.46 -0.14 1.29 4.46 -0.19 1.30 -4.48 0.28 1.30 -4.48 0.23 1.30 -4.48 0.18 1.30 -4.48 0.13 1.30 -4.48 0.07 1.30 -4.48 0.02 1.30 -4.48 -0.03 1.30 -4.48 -0.09 1.29 -4.48 -0.14 1.29 -4.48 -0.19 1.55 4.46 -0.25 1.56 4.46 0.33 1.56 4.46 0.33 1.55 -4.48 -0.25 1.55 -4.48 -0.25 1.56 -4.48 0.33 1.56 -4.48 0.33 1.56 4.46 0.28 1.56 4.46 0.23 1.56 4.46 0.17 1.56 4.46 0.12 1.56 4.46 0.07 1.56 4.46 0.01 1.56 4.46 -0.04 1.56 4.46 -0.09 1.56 4.46 -0.14 1.55 4.46 -0.20 1.56 -4.48 0.28 1.56 -4.48 0.23 1.56 -4.48 0.17 1.56 -4.48 0.12 1.56 -4.48 0.07 1.56 -4.48 0.01 1.56 -4.48 -0.04 1.56 -4.48 -0.09 1.56 -4.48 -0.14 1.55 -4.48 -0.20 1.81 4.46 -0.26 1.82 4.46 0.32 1.82 4.46 0.32 1.81 -4.48 -0.26 1.81 -4.48 -0.26 1.82 -4.48 0.32 1.82 -4.48 0.32 1.82 4.46 0.27 1.82 4.46 0.22 1.82 4.46 0.17 1.82 4.46 0.11 1.82 4.46 0.06 1.82 4.46 0.01 1.82 4.46 -0.05 1.82 4.46 -0.10 1.81 4.46 -0.15 1.81 4.46 -0.20 1.82 -4.48 0.27 1.82 -4.48 0.22 1.82 -4.48 0.17 1.82 -4.48 0.11 1.82 -4.48 0.06 1.82 -4.48 0.01 1.82 -4.48 -0.05 1.82 -4.48 -0.10 1.81 -4.48 -0.15 1.81 -4.48 -0.20 2.07 4.46 -0.27 2.09 4.46 0.32 2.09 4.46 0.32 2.07 -4.48 -0.27 2.07 -4.48 -0.27 2.09 -4.48 0.32 2.09 -4.48 0.32 2.08 4.46 0.26 2.08 4.46 0.21 2.08 4.46 0.16 2.08 4.46 0.10 2.08 4.46 0.05 2.08 4.46 -0.00 2.08 4.46 -0.05 2.08 4.46 -0.11 2.08 4.46 -0.16 2.07 4.46 -0.21 2.08 -4.48 0.26 2.08 -4.48 0.21 2.08 -4.48 0.16 2.08 -4.48 0.10 2.08 -4.48 0.05 2.08 -4.48 -0.00 2.08 -4.48 -0.05 2.08 -4.48 -0.11 2.08 -4.48 -0.16 2.07 -4.48 -0.21 2.33 4.46 -0.27 2.35 4.46 0.31 2.35 4.46 0.31 2.33 -4.48 -0.27 2.33 -4.48 -0.27 2.35 -4.48 0.31 2.35 -4.48 0.31 2.34 4.46 0.25 2.34 4.46 0.20 2.34 4.46 0.15 2.34 4.46 0.10 2.34 4.46 0.04 2.34 4.46 -0.01 2.34 4.46 -0.06 2.34 4.46 -0.12 2.34 4.46 -0.17 2.33 4.46 -0.22 2.34 -4.48 0.25 2.34 -4.48 0.20 2.34 -4.48 0.15 2.34 -4.48 0.10 2.34 -4.48 0.04 2.34 -4.48 -0.01 2.34 -4.48 -0.06 2.34 -4.48 -0.12 2.34 -4.48 -0.17 2.33 -4.48 -0.22 2.59 4.46 -0.28 2.61 4.46 0.30 2.61 4.46 0.30 2.59 -4.48 -0.28 2.59 -4.48 -0.28 2.61 -4.48 0.30 2.61 -4.48 0.30 2.60 4.46 0.25 2.60 4.46 0.19 2.60 4.46 0.14 2.60 4.46 0.09 2.60 4.46 0.03 2.60 4.46 -0.02 2.60 4.46 -0.07 2.60 4.46 -0.12 2.60 4.46 -0.18 2.59 4.46 -0.23 2.60 -4.48 0.25 2.60 -4.48 0.19 2.60 -4.48 0.14 2.60 -4.48 0.09 2.60 -4.48 0.03 2.60 -4.48 -0.02 2.60 -4.48 -0.07 2.60 -4.48 -0.12 2.60 -4.48 -0.18 2.59 -4.48 -0.23 2.85 4.46 -0.29 2.87 4.46 0.29 2.87 4.46 0.29 2.85 -4.48 -0.29 2.85 -4.48 -0.29 2.87 -4.48 0.29 2.87 -4.48 0.29 2.87 4.46 0.24 2.86 4.46 0.18 2.86 4.46 0.13 2.86 4.46 0.08 2.86 4.46 0.03 2.86 4.46 -0.03 2.86 4.46 -0.08 2.86 4.46 -0.13 2.86 4.46 -0.19 2.85 4.46 -0.24 2.87 -4.48 0.24 2.86 -4.48 0.18 2.86 -4.48 0.13 2.86 -4.48 0.08 2.86 -4.48 0.03 2.86 -4.48 -0.03 2.86 -4.48 -0.08 2.86 -4.48 -0.13 2.86 -4.48 -0.19 2.85 -4.48 -0.24 3.11 4.46 -0.30 3.13 4.46 0.28 3.13 4.46 0.28 3.11 -4.48 -0.30 3.11 -4.48 -0.30 3.13 -4.48 0.28 3.13 -4.48 0.28 3.13 4.46 0.23 3.12 4.46 0.18 3.12 4.46 0.12 3.12 4.46 0.07 3.12 4.46 0.02 3.12 4.46 -0.04 3.12 4.46 -0.09 3.12 4.46 -0.14 3.12 4.46 -0.19 3.12 4.46 -0.25 3.13 -4.48 0.23 3.12 -4.48 0.18 3.12 -4.48 0.12 3.12 -4.48 0.07 3.12 -4.48 0.02 3.12 -4.48 -0.04 3.12 -4.48 -0.09 3.12 -4.48 -0.14 3.12 -4.48 -0.19 3.12 -4.48 -0.25 -1.63 4.46 -0.22 -1.67 4.46 0.36 -1.67 4.46 0.36 -1.63 -4.48 -0.22 -1.63 -4.48 -0.22 -1.67 -4.48 0.36 -1.67 -4.48 0.36 -1.66 4.46 0.31 -1.66 4.46 0.25 -1.65 4.46 0.20 -1.65 4.46 0.15 -1.64 4.46 0.10 -1.64 4.46 0.04 -1.63 4.46 -0.01 -1.63 4.46 -0.06 -1.63 4.46 -0.11 -1.63 4.46 -0.17 -1.66 -4.48 0.31 -1.66 -4.48 0.25 -1.65 -4.48 0.20 -1.64 -4.48 0.15 -1.64 -4.48 0.10 -1.63 -4.48 0.04 -1.63 -4.48 -0.01 -1.63 -4.48 -0.06 -1.63 -4.48 -0.11 -1.63 -4.48 -0.17 -1.12 4.46 -0.22 -1.14 4.46 0.36 -1.14 4.46 0.36 -1.12 -4.48 -0.22 -1.12 -4.48 -0.22 -1.14 -4.48 0.36 -1.14 -4.48 0.36 -1.14 4.46 0.31 -1.14 4.46 0.26 -1.13 4.46 0.20 -1.13 4.46 0.15 -1.13 4.46 0.10 -1.13 4.46 0.05 -1.13 4.46 -0.01 -1.12 4.46 -0.06 -1.12 4.46 -0.11 -1.12 4.46 -0.16 -1.14 -4.48 0.31 -1.14 -4.48 0.26 -1.13 -4.48 0.20 -1.13 -4.48 0.15 -1.13 -4.48 0.10 -1.13 -4.48 0.05 -1.13 -4.48 -0.01 -1.12 -4.48 -0.06 -1.12 -4.48 -0.11 -1.12 -4.48 -0.16 -0.60 4.46 -0.21 -0.61 4.46 0.37 -0.61 4.46 0.37 -0.60 -4.48 -0.21 -0.60 -4.48 -0.21 -0.61 -4.48 0.37 -0.61 -4.48 0.37 -0.61 4.46 0.31 -0.61 4.46 0.26 -0.61 4.46 0.21 -0.61 4.46 0.16 -0.61 4.46 0.10 -0.60 4.46 0.05 -0.60 4.46 -0.00 -0.60 4.46 -0.05 -0.60 4.46 -0.11 -0.60 4.46 -0.16 -0.61 -4.48 0.31 -0.61 -4.48 0.26 -0.61 -4.48 0.21 -0.61 -4.48 0.16 -0.60 -4.48 0.10 -0.60 -4.48 0.05 -0.60 -4.48 -0.00 -0.60 -4.48 -0.05 -0.60 -4.48 -0.11 -0.60 -4.48 -0.16 -0.09 4.46 -0.22 -0.08 4.46 0.36 -0.08 4.46 0.36 -0.09 -4.48 -0.22 -0.09 -4.48 -0.22 -0.08 -4.48 0.36 -0.08 -4.48 0.36 -0.08 4.46 0.31 -0.08 4.46 0.26 -0.08 4.46 0.21 -0.08 4.46 0.15 -0.08 4.46 0.10 -0.09 4.46 0.05 -0.09 4.46 -0.01 -0.09 4.46 -0.06 -0.09 4.46 -0.11 -0.09 4.46 -0.16 -0.08 -4.48 0.31 -0.08 -4.48 0.26 -0.08 -4.48 0.21 -0.08 -4.48 0.15 -0.08 -4.48 0.10 -0.08 -4.48 0.05 -0.09 -4.48 -0.01 -0.09 -4.48 -0.06 -0.09 -4.48 -0.11 -0.09 -4.48 -0.16 0.43 4.46 -0.23 0.44 4.46 0.35 0.44 4.46 0.35 0.43 -4.48 -0.23 0.43 -4.48 -0.23 0.44 -4.48 0.35 0.44 -4.48 0.35 0.44 4.46 0.30 0.44 4.46 0.25 0.44 4.46 0.20 0.44 4.46 0.14 0.43 4.46 0.09 0.43 4.46 0.04 0.43 4.46 -0.02 0.43 4.46 -0.07 0.43 4.46 -0.12 0.43 4.46 -0.17 0.44 -4.48 0.30 0.44 -4.48 0.25 0.44 -4.48 0.20 0.44 -4.48 0.14 0.43 -4.48 0.09 0.43 -4.48 0.04 0.43 -4.48 -0.02 0.43 -4.48 -0.07 0.43 -4.48 -0.12 0.43 -4.48 -0.17 4.02 -4.49 0.19 3.93 -4.49 0.41 3.93 -4.44 0.41 4.02 -4.44 0.19 4.00 -4.51 0.18 3.92 -4.51 0.39 3.91 -0.01 0.39 3.91 -0.01 0.39 3.89 -4.38 0.47 3.89 -4.38 0.47 3.93 -4.38 0.41 4.02 -4.38 0.19 3.98 -4.49 0.16 3.90 -4.49 0.37 3.90 -2.37 0.48 3.90 -4.49 0.48 3.90 -4.44 0.48 4.00 -0.01 0.18 4.00 -0.01 0.18 4.02 -2.37 0.19 3.93 -2.37 0.41 3.98 -4.44 0.16 3.90 -4.44 0.37 3.88 -4.38 0.45 3.89 -4.51 0.46 3.89 -4.44 0.46 3.89 -4.44 0.46 3.90 -4.38 0.48 4.00 -4.38 0.18 3.91 -4.38 0.39 3.87 -4.49 0.43 3.87 -4.44 0.43 4.11 -4.49 -0.03 4.11 -4.44 -0.03 4.09 -4.51 -0.04 4.12 -4.38 -0.11 4.12 -4.38 -0.11 4.11 -4.38 -0.03 4.06 -4.49 -0.04 4.14 -2.37 -0.11 4.14 -4.49 -0.11 4.14 -4.44 -0.11 4.11 -2.37 -0.03 4.06 -4.44 -0.04 4.11 -4.38 -0.11 4.12 -4.51 -0.11 4.12 -4.44 -0.11 4.12 -4.44 -0.11 4.14 -4.38 -0.11 4.12 -0.01 -0.11 4.12 -0.01 -0.11 4.12 -0.01 -0.11 4.12 -0.01 -0.11 4.08 -4.38 -0.04 4.09 -4.49 -0.11 4.09 -4.44 -0.11 4.02 4.47 0.19 3.93 4.47 0.41 3.93 4.42 0.41 4.02 4.42 0.19 4.00 4.49 0.18 3.92 4.49 0.39 3.89 4.36 0.47 3.89 4.36 0.47 3.93 4.36 0.41 4.02 4.36 0.19 3.98 4.47 0.16 3.90 4.47 0.37 3.90 -0.01 0.48 3.90 4.47 0.48 3.90 4.42 0.48 4.02 -0.01 0.19 3.93 -0.01 0.41 3.98 4.42 0.16 3.90 4.42 0.37 3.88 4.36 0.45 3.89 4.49 0.46 3.89 4.42 0.46 3.89 4.42 0.46 3.90 4.36 0.48 3.89 -0.01 0.47 3.89 -0.01 0.47 3.89 -0.01 0.47 3.89 -0.01 0.47 4.00 4.36 0.18 3.91 4.36 0.39 3.88 -0.01 0.45 3.88 -0.01 0.45 3.87 4.47 0.43 3.87 4.42 0.43 4.11 4.47 -0.03 4.11 4.42 -0.03 4.09 4.49 -0.04 4.08 -0.01 -0.04 4.08 -0.01 -0.04 4.12 4.36 -0.11 4.12 4.36 -0.11 4.11 4.36 -0.03 4.06 4.47 -0.04 4.14 -0.01 -0.11 4.14 4.47 -0.11 4.14 4.42 -0.11 4.11 -0.01 -0.03 4.06 4.42 -0.04 4.11 4.36 -0.11 4.12 4.49 -0.11 4.12 4.42 -0.11 4.12 4.42 -0.11 4.14 4.36 -0.11 4.08 4.36 -0.04 4.11 -0.01 -0.11 4.11 -0.01 -0.11 4.09 4.47 -0.11 4.09 4.42 -0.11 3.91 4.46 -0.21 3.74 4.46 0.32 3.74 4.46 0.32 3.91 -4.48 -0.21 3.91 -4.48 -0.21 3.74 -4.48 0.32 3.74 -4.48 0.32 3.75 4.46 0.27 3.77 4.46 0.22 3.79 4.46 0.17 3.80 4.46 0.13 3.82 4.46 0.08 3.83 4.46 0.03 3.85 4.46 -0.02 3.86 4.46 -0.07 3.88 4.46 -0.12 3.89 4.46 -0.17 3.75 -4.48 0.27 3.77 -4.48 0.22 3.79 -4.48 0.17 3.80 -4.48 0.13 3.82 -4.48 0.08 3.83 -4.48 0.03 3.85 -4.48 -0.02 3.86 -4.48 -0.07 3.88 -4.48 -0.12 3.89 -4.48 -0.17 3.76 4.46 -0.27 3.65 4.46 0.28 3.65 4.46 0.28 3.76 -4.48 -0.27 3.76 -4.48 -0.27 3.65 -4.48 0.28 3.65 -4.48 0.28 3.67 4.46 0.24 3.68 4.46 0.19 3.69 4.46 0.13 3.70 4.46 0.08 3.71 4.46 0.03 3.71 4.46 -0.02 3.72 4.46 -0.07 3.73 4.46 -0.12 3.74 4.46 -0.17 3.75 4.46 -0.22 3.67 -4.48 0.24 3.68 -4.48 0.19 3.69 -4.48 0.13 3.70 -4.48 0.08 3.71 -4.48 0.03 3.71 -4.48 -0.02 3.72 -4.48 -0.07 3.73 -4.48 -0.12 3.74 -4.48 -0.17 3.75 -4.48 -0.22 4.06 4.46 -0.11 3.85 4.46 0.41 3.85 4.46 0.41 4.06 -4.48 -0.11 4.06 -4.48 -0.11 3.85 -4.48 0.41 3.85 -4.48 0.41 3.87 4.46 0.36 3.89 4.46 0.31 3.91 4.46 0.27 3.93 4.46 0.22 3.95 4.46 0.17 3.97 4.46 0.13 3.99 4.46 0.08 4.00 4.46 0.03 4.02 4.46 -0.02 4.04 4.46 -0.06 3.87 -4.48 0.36 3.89 -4.48 0.31 3.91 -4.48 0.27 3.93 -4.48 0.22 3.95 -4.48 0.17 3.97 -4.48 0.13 3.99 -4.48 0.08 4.00 -4.48 0.03 4.02 -4.48 -0.02 4.04 -4.48 -0.06 4.00 4.46 -0.16 3.81 4.46 0.37 3.81 4.46 0.37 4.00 -4.48 -0.16 4.00 -4.48 -0.16 3.81 -4.48 0.37 3.81 -4.48 0.37 3.82 4.46 0.32 3.84 4.46 0.27 3.86 4.46 0.22 3.88 4.46 0.18 3.89 4.46 0.13 3.91 4.46 0.08 3.93 4.46 0.03 3.95 4.46 -0.01 3.96 4.46 -0.06 3.98 4.46 -0.11 3.82 -4.48 0.32 3.84 -4.48 0.27 3.86 -4.48 0.22 3.88 -4.48 0.18 3.89 -4.48 0.13 3.91 -4.48 0.08 3.93 -4.48 0.03 3.95 -4.48 -0.01 3.96 -4.48 -0.06 3.98 -4.48 -0.11 3.54 4.46 -0.29 3.50 4.46 0.29 3.50 4.46 0.29 3.54 -4.48 -0.29 3.54 -4.48 -0.29 3.50 -4.48 0.29 3.50 -4.48 0.29 3.50 4.46 0.23 3.50 4.46 0.18 3.51 4.46 0.13 3.51 4.46 0.08 3.52 4.46 0.02 3.52 4.46 -0.03 3.52 4.46 -0.08 3.53 4.46 -0.14 3.53 4.46 -0.19 3.54 4.46 -0.24 3.50 -4.48 0.23 3.50 -4.48 0.18 3.51 -4.48 0.13 3.51 -4.48 0.08 3.52 -4.48 0.02 3.52 -4.48 -0.03 3.52 -4.48 -0.08 3.53 -4.48 -0.14 3.53 -4.48 -0.19 3.54 -4.48 -0.24 3.25 4.46 -0.30 3.26 4.46 0.28 3.26 4.46 0.28 3.25 -4.48 -0.30 3.25 -4.48 -0.30 3.26 -4.48 0.28 3.26 -4.48 0.28 3.26 4.46 0.22 3.26 4.46 0.17 3.26 4.46 0.12 3.25 4.46 0.07 3.25 4.46 0.01 3.25 4.46 -0.04 3.25 4.46 -0.09 3.25 4.46 -0.15 3.25 4.46 -0.20 3.25 4.46 -0.25 3.26 -4.48 0.22 3.26 -4.48 0.17 3.26 -4.48 0.12 3.25 -4.48 0.07 3.25 -4.48 0.01 3.25 -4.48 -0.04 3.25 -4.48 -0.09 3.25 -4.48 -0.15 3.25 -4.48 -0.20 3.25 -4.48 -0.25
4.11 4.46 -0.06 3.87 4.46 0.43 3.87 4.46 0.43 -2.39 4.46 -0.23 -2.39 4.46 -0.23 -2.39 4.46 -0.23 -2.47 4.46 0.35 -2.47 4.46 0.35 -2.47 4.46 0.35 -2.39 -4.48 -0.23 -2.39 -4.48 -0.23 -2.39 -4.48 -0.23 -2.47 -4.48 0.35 -2.47 -4.48 0.35 -2.47 -4.48 0.35 4.11 -4.48 -0.06 4.11 -4.48 -0.06 3.87 -4.48 0.43 3.87 -4.48 0.43 3.89 4.46 0.38 3.89 4.46 0.38 3.92 4.46 0.34 3.92 4.46 0.34 3.94 4.46 0.29 3.94 4.46 0.29 3.96 4.46 0.25 3.96 4.46 0.25 3.98 4.46 0.21 3.98 4.46 0.21 3.98 4.46 0.21 4.01 4.46 0.16 4.01 4.46 0.16 4.01 4.46 0.16 4.03 4.46 0.12 4.03 4.46 0.12 4.05 4.46 0.07 4.05 4.46 0.07 4.07 4.46 0.03 4.07 4.46 0.03 4.09 4.46 -0.02 4.09 4.46 -0.02 -2.46 4.46 0.30 -2.46 4.46 0.30 -2.45 4.46 0.24 -2.45 4.46 0.24 -2.44 4.46 0.19 -2.44 4.46 0.19 -2.43 4.46 0.14 -2.43 4.46 0.14 -2.42 4.46 0.09 -2.42 4.46 0.09 -2.41 4.46 0.04 -2.41 4.46 0.04 -2.41 4.46 -0.02 -2.41 4.46 -0.02 -2.40 4.46 -0.07 -2.40 4.46 -0.07 -2.40 4.46 -0.12 -2.40 4.46 -0.12 -2.40 4.46 -0.17 -2.40 4.46 -0.17 -2.46 -4.48 0.30 -2.46 -4.48 0.30 -2.45 -4.48 0.24 -2.45 -4.48 0.24 -2.43 -4.48 0.19 -2.43 -4.48 0.19 -2.42 -4.48 0.14 -2.42 -4.48 0.14 -2.42 -4.48 0.09 -2.42 -4.48 0.09 -2.41 -4.48 0.04 -2.41 -4.48 0.04 -2.40 -4.48 -0.02 -2.40 -4.48 -0.02 -2.40 -4.48 -0.07 -2.40 -4.48 -0.07 -2.40 -4.48 -0.12 -2.40 -4.48 -0.12 -2.39 -4.48 -0.17 -2.39 -4.48 -0.17 3.89 -4.48 0.38 3.89 -4.48 0.38 3.92 -4.48 0.34 3.92 -4.48 0.34 3.94 -4.48 0.29 3.94 -4.48 0.29 3.96 -4.48 0.25 3.96 -4.48 0.25 3.98 -4.48 0.21 3.98 -4.48 0.21 3.98 -4.48 0.21 4.01 -4.48 0.16 4.01 -4.48 0.16 4.01 -4.48 0.16 4.03 -4.48 0.12 4.03 -4.48 0.12 4.05 -4.48 0.07 4.05 -4.48 0.07 4.07 -4.48 0.03 4.07 -4.48 0.03 4.09 -4.48 -0.02 4.09 -4.48 -0.02 0.80 4.46 -0.25 0.81 4.46 0.34 0.81 4.46 0.34 0.80 -4.48 -0.25 0.80 -4.48 -0.25 0.81 -4.48 0.34 0.81 -4.48 0.34 0.81 4.46 0.28 0.81 4.46 0.23 0.81 4.46 0.18 0.81 4.46 0.12 0.81 4.46 0.07 0.81 4.46 0.02 0.81 4.46 -0.03 0.81 4.46 -0.09 0.80 4.46 -0.14 0.80 4.46 -0.19 0.81 -4.48 0.28 0.81 -4.48 0.23 0.81 -4.48 0.18 0.81 -4.48 0.12 0.81 -4.48 0.07 0.81 -4.48 0.02 0.81 -4.48 -0.03 0.81 -4.48 -0.09 0.80 -4.48 -0.14 0.80 -4.48 -0.19 1.06 4.46 -0.25 1.08 4.46 0.33 1.08 4.46 0.33 1.06 -4.48 -0.25 1.06 -4.48 -0.25 1.08 -4.48 0.33 1.08 -4.48 0.33 1.07 4.46 0.27 1.07 4.46 0.22 1.07 4.46 0.17 1.07 4.46 0.12 1.07 4.46 0.06 1.07 4.46 0.01 1.07 4.46 -0.04 1.07 4.46 -0.10 1.06 4.46 -0.15 1.06 4.46 -0.20 1.07 -4.48 0.27 1.07 -4.48 0.22 1.07 -4.48 0.17 1.07 -4.48 0.12 1.07 -4.48 0.06 1.07 -4.48 0.01 1.07 -4.48 -0.04 1.07 -4.48 -0.10 1.06 -4.48 -0.15 1.06 -4.48 -0.20 1.32 4.46 -0.26 1.34 4.46 0.32 1.34 4.46 0.32 1.32 -4.48 -0.26 1.32 -4.48 -0.26 1.34 -4.48 0.32 1.34 -4.48 0.32 1.33 4.46 0.27 1.33 4.46 0.21 1.33 4.46 0.16 1.33 4.46 0.11 1.33 4.46 0.05 1.33 4.46 0.00 1.33 4.46 -0.05 1.33 4.46 -0.10 1.33 4.46 -0.16 1.32 4.46 -0.21 1.33 -4.48 0.27 1.33 -4.48 0.21 1.33 -4.48 0.16 1.33 -4.48 0.11 1.33 -4.48 0.05 1.33 -4.48 0.00 1.33 -4.48 -0.05 1.33 -4.48 -0.10 1.33 -4.48 -0.16 1.32 -4.48 -0.21 1.58 4.46 -0.27 1.60 4.46 0.31 1.60 4.46 0.31 1.58 -4.48 -0.27 1.58 -4.48 -0.27 1.60 -4.48 0.31 1.60 -4.48 0.31 1.59 4.46 0.26 1.59 4.46 0.20 1.59 4.46 0.15 1.59 4.46 0.10 1.59 4.46 0.05 1.59 4.46 -0.01 1.59 4.46 -0.06 1.59 4.46 -0.11 1.59 4.46 -0.17 1.58 4.46 -0.22 1.59 -4.48 0.26 1.59 -4.48 0.20 1.59 -4.48 0.15 1.59 -4.48 0.10 1.59 -4.48 0.05 1.59 -4.48 -0.01 1.59 -4.48 -0.06 1.59 -4.48 -0.11 1.59 -4.48 -0.17 1.58 -4.48 -0.22 1.84 4.46 -0.28 1.86 4.46 0.30 1.86 4.46 0.30 1.84 -4.48 -0.28 1.84 -4.48 -0.28 1.86 -4.48 0.30 1.86 -4.48 0.30 1.86 4.46 0.25 1.85 4.46 0.20 1.85 4.46 0.14 1.85 4.46 0.09 1.85 4.46 0.04 1.85 4.46 -0.02 1.85 4.46 -0.07 1.85 4.46 -0.12 1.85 4.46 -0.17 1.84 4.46 -0.23 1.86 -4.48 0.25 1.85 -4.48 0.20 1.85 -4.48 0.14 1.85 -4.48 0.09 1.85 -4.48 0.04 1.85 -4.48 -0.02 1.85 -4.48 -0.07 1.85 -4.48 -0.12 1.85 -4.48 -0.17 1.84 -4.48 -0.23 2.10 4.46 -0.29 2.12 4.46 0.29 2.12 4.46 0.29 2.10 -4.48 -0.29 2.10 -4.48 -0.29 2.12 -4.48 0.29 2.12 -4.48 0.29 2.12 4.46 0.24 2.11 4.46 0.19 2.11 4.46 0.13 2.11 4.46 0.08 2.11 4.46 0.03 2.11 4.46 -0.02 2.11 4.46 -0.08 2.11 4.46 -0.13 2.11 4.46 -0.18 2.10 4.46 -0.24 2.12 -4.48 0.24 2.11 -4.48 0.19 2.11 -4.48 0.13 2.11 -4.48 0.08 2.11 -4.48 0.03 2.11 -4.48 -0.02 2.11 -4.48 -0.08 2.11 -4.48 -0.13 2.11 -4.48 -0.18 2.10 -4.48 -0.24 2.36 4.46 -0.30 2.38 4.46 0.28 2.38 4.46 0.28 2.36 -4.48 -0.30 2.36 -4.48 -0.30 2.38 -4.48 0.28 2.38 -4.48 0.28 2.38 4.46 0.23 2.37 4.46 0.18 2.37 4.46 0.13 2.37 4.46 0.07 2.37 4.46 0.02 2.37 4.46 -0.03 2.37 4.46 -0.09 2.37 4.46 -0.14 2.37 4.46 -0.19 2.37 4.46 -0.24 2.38 -4.48 0.23 2.37 -4.48 0.18 2.37 -4.48 0.13 2.37 -4.48 0.07 2.37 -4.48 0.02 2.37 -4.48 -0.03 2.37 -4.48 -0.09 2.37 -4.48 -0.14 2.37 -4.48 -0.19 2.37 -4.48 -0.24 2.62 4.46 -0.31 2.64 4.46 0.28 2.64 4.46 0.28 2.62 -4.48 -0.31 2.62 -4.48 -0.31 2.64 -4.48 0.28 2.64 -4.48 0.28 2.64 4.46 0.22 2.63 4.46 0.17 2.63 4.46 0.12 2.63 4.46 0.06 2.63 4.46 0.01 2.63 4.46 -0.04 2.63 4.46 -0.09 2.63 4.46 -0.15 2.63 4.46 -0.20 2.63 4.46 -0.25 2.64 -4.48 0.22 2.63 -4.48 0.17 2.63 -4.48 0.12 2.63 -4.48 0.06 2.63 -4.48 0.01 2.63 -4.48 -0.04 2.63 -4.48 -0.09 2.63 -4.48 -0.15 2.63 -4.48 -0.20 2.63 -4.48 -0.25 2.88 4.46 -0.31 2.90 4.46 0.27 2.90 4.46 0.27 2.88 -4.48 -0.31 2.88 -4.48 -0.31 2.90 -4.48 0.27 2.90 -4.48 0.27 2.90 4.46 0.21 2.90 4.46 0.16 2.89 4.46 0.11 2.89 4.46 0.06 2.89 4.46 0.00 2.89 4.46 -0.05 2.89 4.46 -0.10 2.89 4.46 -0.16 2.89 4.46 -0.21 2.89 4.46 -0.26 2.90 -4.48 0.21 2.90 -4.48 0.16 2.89 -4.48 0.11 2.89 -4.48 0.06 2.89 -4.48 0.00 2.89 -4.48 -0.05 2.89 -4.48 -0.10 2.89 -4.48 -0.16 2.89 -4.48 -0.21 2.89 -4.48 -0.26 3.15 4.46 -0.32 3.16 4.46 0.26 3.16 4.46 0.26 3.15 -4.48 -0.32 3.15 -4.48 -0.32 3.16 -4.48 0.26 3.16 -4.48 0.26 3.16 4.46 0.21 3.16 4.46 0.15 3.15 4.46 0.10 3.15 4.46 0.05 3.15 4.46 -0.01 3.15 4.46 -0.06 3.15 4.46 -0.11 3.15 4.46 -0.16 3.15 4.46 -0.22 3.15 4.46 -0.27 3.16 -4.48 0.21 3.16 -4.48 0.15 3.15 -4.48 0.10 3.15 -4.48 0.05 3.15 -4.48 -0.01 3.15 -4.48 -0.06 3.15 -4.48 -0.11 3.15 -4.48 -0.16 3.15 -4.48 -0.22 3.15 -4.48 -0.27 -1.59 4.46 -0.22 -1.64 4.46 0.36 -1.64 4.46 0.36 -1.59 -4.48 -0.22 -1.59 -4.48 -0.22 -1.64 -4.48 0.36 -1.64 -4.48 0.36 -1.63 4.46 0.31 -1.63 4.46 0.25 -1.62 4.46 0.20 -1.61 4.46 0.15 -1.61 4.46 0.10 -1.60 4.46 0.04 -1.60 4.46 -0.01 -1.60 4.46 -0.06 -1.60 4.46 -0.11 -1.60 4.46 -0.17 -1.63 -4.48 0.31 -1.63 -4.48 0.25 -1.62 -4.48 0.20 -1.61 -4.48 0.15 -1.61 -4.48 0.10 -1.60 -4.48 0.04 -1.60 -4.48 -0.01 -1.60 -4.48 -0.06 -1.60 -4.48 -0.11 -1.59 -4.48 -0.17 -1.09 4.46 -0.21 -1.11 4.46 0.36 -1.11 4.46 0.36 -1.09 -4.48 -0.21 -1.09 -4.48 -0.21 -1.11 -4.48 0.36 -1.11 -4.48 0.36 -1.11 4.46 0.31 -1.11 4.46 0.26 -1.10 4.46 0.21 -1.10 4.46 0.15 -1.10 4.46 0.10 -1.10 4.46 0.05 -1.09 4.46 -0.00 -1.09 4.46 -0.06 -1.09 4.46 -0.11 -1.09 4.46 -0.16 -1.11 -4.48 0.31 -1.10 -4.48 0.26 -1.10 -4.48 0.21 -1.10 -4.48 0.15 -1.10 -4.48 0.10 -1.10 -4.48 0.05 -1.09 -4.48 -0.00 -1.09 -4.48 -0.06 -1.09 -4.48 -0.11 -1.09 -4.48 -0.16 -0.57 4.46 -0.21 -0.58 4.46 0.37 -0.58 4.46 0.37 -0.57 -4.48 -0.21 -0.57 -4.48 -0.21 -0.58 -4.48 0.37 -0.58 -4.48 0.37 -0.58 4.46 0.32 -0.58 4.46 0.27 -0.58 4.46 0.21 -0.58 4.46 0.16 -0.57 4.46 0.11 -0.57 4.46 0.05 -0.57 4.46 0.00 -0.57 4.46 -0.05 -0.57 4.46 -0.10 -0.57 4.46 -0.16 -0.58 -4.48 0.32 -0.58 -4.48 0.27 -0.58 -4.48 0.21 -0.57 -4.48 0.16 -0.57 -4.48 0.11 -0.57 -4.48 0.05 -0.57 -4.48 0.00 -0.57 -4.48 -0.05 -0.57 -4.48 -0.10 -0.57 -4.48 -0.16 -0.06 4.46 -0.22 -0.05 4.46 0.36 -0.05 4.46 0.36 -0.06 -4.48 -0.22 -0.06 -4.48 -0.22 -0.05 -4.48 0.36 -0.05 -4.48 0.36 -0.05 4.46 0.31 -0.05 4.46 0.26 -0.05 4.46 0.21 -0.05 4.46 0.15 -0.05 4.46 0.10 -0.05 4.46 0.05 -0.05 4.46 -0.01 -0.06 4.46 -0.06 -0.06 4.46 -0.11 -0.06 4.46 -0.16 -0.05 -4.48 0.31 -0.05 -4.48 0.26 -0.05 -4.48 0.21 -0.05 -4.48 0.15 -0.05 -4.48 0.10 -0.05 -4.48 0.05 -0.05 -4.48 -0.01 -0.05 -4.48 -0.06 -0.06 -4.48 -0.11 -0.06 -4.48 -0.16 0.46 4.46 -0.23 0.47 4.46 0.35 0.47 4.46 0.35 0.46 -4.48 -0.23 0.46 -4.48 -0.23 0.47 -4.48 0.35 0.47 -4.48 0.35 0.47 4.46 0.29 0.47 4.46 0.24 0.47 4.46 0.19 0.47 4.46 0.14 0.47 4.46 0.08 0.47 4.46 0.03 0.46 4.46 -0.02 0.46 4.46 -0.08 0.46 4.46 -0.13 0.46 4.46 -0.18 0.47 -4.48 0.29 0.47 -4.48 0.24 0.47 -4.48 0.19 0.47 -4.48 0.14 0.47 -4.48 0.08 0.47 -4.48 0.03 0.46 -4.48 -0.02 0.46 -4.48 -0.08 0.46 -4.48 -0.13 0.46 -4.48 -0.18 4.03 -4.49 0.21 3.93 -4.49 0.42 3.93 -4.44 0.42 4.03 -4.44 0.21 4.02 -4.51 0.20 3.91 -4.51 0.40 3.91 -0.01 0.40 3.91 -0.01 0.40 3.88 -4.38 0.48 3.88 -4.38 0.48 3.93 -4.38 0.42 4.03 -4.38 0.21 4.00 -4.49 0.18 3.90 -4.49 0.38 3.89 -2.37 0.49 3.89 -4.49 0.49 3.89 -4.44 0.49 4.01 -0.01 0.20 4.01 -0.01 0.20 4.03 -2.37 0.21 3.93 -2.37 0.42 4.00 -4.44 0.18 3.90 -4.44 0.38 3.88 -4.38 0.46 3.88 -4.51 0.47 3.88 -4.44 0.47 3.88 -4.44 0.47 3.89 -4.38 0.49 4.01 -4.38 0.20 3.91 -4.38 0.40 3.87 -4.49 0.44 3.87 -4.44 0.44 4.14 -4.49 0.00 4.14 -4.44 0.00 4.12 -4.51 -0.00 4.16 -4.38 -0.07 4.16 -4.38 -0.07 4.14 -4.38 0.00 4.09 -4.49 -0.01 4.17 -2.37 -0.07 4.17 -4.49 -0.07 4.17 -4.44 -0.07 4.14 -2.37 0.00 4.09 -4.44 -0.01 4.14 -4.38 -0.07 4.15 -4.51 -0.07 4.15 -4.44 -0.07 4.15 -4.44 -0.07 4.17 -4.38 -0.07 4.16 -0.01 -0.07 4.16 -0.01 -0.07 4.16 -0.01 -0.07 4.16 -0.01 -0.07 4.11 -4.38 -0.01 4.12 -4.49 -0.07 4.12 -4.44 -0.07 4.03 4.47 0.21 3.93 4.47 0.42 3.93 4.42 0.42 4.03 4.42 0.21 4.02 4.49 0.20 3.91 4.49 0.40 3.88 4.36 0.48 3.88 4.36 0.48 3.93 4.36 0.42 4.03 4.36 0.21 4.00 4.47 0.18 3.90 4.47 0.38 3.89 -0.01 0.49 3.89 4.47 0.49 3.89 4.42 0.49 4.03 -0.01 0.21 3.93 -0.01 0.42 4.00 4.42 0.18 3.90 4.42 0.38 3.88 4.36 0.46 3.88 4.49 0.47 3.88 4.42 0.47 3.88 4.42 0.47 3.89 4.36 0.49 3.88 -0.01 0.48 3.88 -0.01 0.48 3.88 -0.01 0.48 3.88 -0.01 0.48 4.01 4.36 0.20 3.91 4.36 0.40 3.88 -0.01 0.46 3.88 -0.01 0.46 3.87 4.47 0.44 3.87 4.42 0.44 4.14 4.47 0.00 4.14 4.42 0.00 4.12 4.49 -0.00 4.11 -0.01 -0.01 4.11 -0.01 -0.01 4.16 4.36 -0.07 4.16 4.36 -0.07 4.14 4.36 0.00 4.09 4.47 -0.01 4.17 -0.01 -0.07 4.17 4.47 -0.07 4.17 4.42 -0.07 4.14 -0.01 0.00 4.09 4.42 -0.01 4.14 4.36 -0.07 4.15 4.49 -0.07 4.15 4.42 -0.07 4.15 4.42 -0.07 4.17 4.36 -0.07 4.11 4.36 -0.01 4.14 -0.01 -0.07 4.14 -0.01 -0.07 4.12 4.47 -0.07 4.12 4.42 -0.07 3.95 4.46 -0.20 3.75 4.46 0.31 3.75 4.46 0.31 3.95 -4.48 -0.20 3.95 -4.48 -0.20 3.75 -4.48 0.31 3.75 -4.48 0.31 3.77 4.46 0.26 3.78 4.46 0.22 3.80 4.46 0.17 3.82 4.46 0.12 3.84 4.46 0.08 3.86 4.46 0.03 3.87 4.46 -0.02 3.89 4.46 -0.06 3.91 4.46 -0.11 3.93 4.46 -0.16 3.77 -4.48 0.26 3.78 -4.48 0.22 3.80 -4.48 0.17 3.82 -4.48 0.12 3.84 -4.48 0.08 3.86 -4.48 0.03 3.87 -4.48 -0.02 3.89 -4.48 -0.06 3.91 -4.48 -0.11 3.93 -4.48 -0.16 3.80 4.46 -0.27 3.67 4.46 0.27 3.67 4.46 0.27 3.80 -4.48 -0.27 3.80 -4.48 -0.27 3.67 -4.48 0.27 3.67 -4.48 0.27 3.69 4.46 0.22 3.70 4.46 0.17 3.71 4.46 0.12 3.72 4.46 0.07 3.73 4.46 0.02 3.74 4.46 -0.03 3.76 4.46 -0.07 3.77 4.46 -0.12 3.78 4.46 -0.17 3.79 4.46 -0.22 3.69 -4.48 0.22 3.70 -4.48 0.17 3.71 -4.48 0.12 3.72 -4.48 0.07 3.73 -4.48 0.02 3.74 -4.48 -0.03 3.76 -4.48 -0.07 3.77 -4.48 -0.12 3.78 -4.48 -0.17 3.79 -4.48 -0.22 4.09 4.46 -0.08 3.85 4.46 0.41 3.85 4.46 0.41 4.09 -4.48 -0.08 4.09 -4.48 -0.08 3.85 -4.48 0.41 3.85 -4.48 0.41 3.87 4.46 0.37 3.89 4.46 0.32 3.92 4.46 0.28 3.94 4.46 0.23 3.96 4.46 0.19 3.98 4.46 0.14 4.01 4.46 0.10 4.03 4.46 0.05 4.05 4.46 0.01 4.07 4.46 -0.04 3.87 -4.48 0.37 3.89 -4.48 0.32 3.92 -4.48 0.28 3.94 -4.48 0.23 3.96 -4.48 0.19 3.98 -4.48 0.14 4.01 -4.48 0.10 4.03 -4.48 0.05 4.05 -4.48 0.01 4.07 -4.48 -0.04 4.04 4.46 -0.13 3.81 4.46 0.36 3.81 4.46 0.36 4.04 -4.48 -0.13 4.04 -4.48 -0.13 3.81 -4.48 0.36 3.81 -4.48 0.36 3.83 4.46 0.32 3.85 4.46 0.27 3.87 4.46 0.23 3.89 4.46 0.18 3.91 4.46 0.14 3.93 4.46 0.09 3.95 4.46 0.05 3.97 4.46 0.00 3.99 4.46 -0.04 4.01 4.46 -0.09 3.83 -4.48 0.32 3.85 -4.48 0.27 3.87 -4.48 0.23 3.89 -4.48 0.18 3.91 -4.48 0.14 3.93 -4.48 0.09 3.95 -4.48 0.05 3.97 -4.48 0.00 3.99 -4.48 -0.04 4.01 -4.48 -0.09 3.58 4.46 -0.31 3.52 4.46 0.27 3.52 4.46 0.27 3.58 -4.48 -0.31 3.58 -4.48 -0.31 3.52 -4.48 0.27 3.52 -4.48 0.27 3.52 4.46 0.22 3.53 4.46 0.16 3.53 4.46 0.11 3.54 4.46 0.06 3.54 4.46 0.01 3.55 4.46 -0.05 3.56 4.46 -0.10 3.56 4.46 -0.15 3.57 4.46 -0.20 3.57 4.46 -0.26 3.52 -4.48 0.22 3.53 -4.48 0.16 3.53 -4.48 0.11 3.54 -4.48 0.06 3.54 -4.48 0.01 3.55 -4.48 -0.05 3.56 -4.48 -0.10 3.56 -4.48 -0.15 3.57 -4.48 -0.20 3.57 -4.48 -0.26 3.28 4.46 -0.33 3.29 4.46 0.25 3.29 4.46 0.25 3.28 -4.48 -0.33 3.28 -4.48 -0.33 3.29 -4.48 0.25 3.29 -4.48 0.25 3.29 4.46 0.20 3.29 4.46 0.15 3.29 4.46 0.10 3.29 4.46 0.04 3.28 4.46 -0.01 3.28 4.46 -0.06 3.28 4.46 -0.12 3.28 4.46 -0.17 3.28 4.46 -0.22 3.28 4.46 -0.27 3.29 -4.48 0.20 3.29 -4.48 0.15 3.29 -4.48 0.10 3.29 -4.48 0.04 3.28 -4.48 -0.01 3.28 -4.48 -0.06 3.28 -4.48 -0.12 3.28 -4.48 -0.17 3.28 -4.48 -0.22 3.28 -4.48 -0.27
4.15 4.46 -0.03 3.87 4.46 0.43 3.87 4.46 0.43 -2.36 4.46 -0.23 -2.36 4.46 -0.23 -2.36 4.46 -0.23 -2.44 4.46 0.34 -2.44 4.46 0.34 -2.44 4.46 0.34 -2.36 -4.48 -0.23 -2.36 -4.48 -0.23 -2.36 -4.48 -0.23 -2.44 -4.48 0.34 -2.44 -4.48 0.34 -2.44 -4.48 0.34 4.15 -4.48 -0.03 4.15 -4.48 -0.03 3.87 -4.48 0.43 3.87 -4.48 0.43 3.89 4.46 0.39 3.89 4.46 0.39 3.92 4.46 0.35 3.92 4.46 0.35 3.94 4.46 0.31 3.94 4.46 0.31 3.97 4.46 0.27 3.97 4.46 0.27 4.00 4.46 0.23 4.00 4.46 0.23 4.00 4.46 0.23 4.02 4.46 0.18 4.02 4.46 0.18 4.02 4.46 0.18 4.05 4.46 0.14 4.05 4.46 0.14 4.07 4.46 0.10 4.07 4.46 0.10 4.10 4.46 0.06 4.10 4.46 0.06 4.12 4.46 0.02 4.12 4.46 0.02 -2.43 4.46 0.29 -2.43 4.46 0.29 -2.41 4.46 0.24 -2.41 4.46 0.24 -2.40 4.46 0.19 -2.40 4.46 0.19 -2.39 4.46 0.13 -2.39 4.46 0.13 -2.38 4.46 0.08 -2.38 4.46 0.08 -2.38 4.46 0.03 -2.38 4.46 0.03 -2.37 4.46 -0.02 -2.37 4.46 -0.02 -2.37 4.46 -0.08 -2.37 4.46 -0.08 -2.36 4.46 -0.13 -2.36 4.46 -0.13 -2.36 4.46 -0.18 -2.36 4.46 -0.18 -2.42 -4.48 0.29 -2.42 -4.48 0.29 -2.41 -4.48 0.24 -2.41 -4.48 0.24 -2.40 -4.48 0.19 -2.40 -4.48 0.19 -2.39 -4.48 0.13 -2.39 -4.48 0.13 -2.38 -4.48 0.08 -2.38 -4.48 0.08 -2.38 -4.48 0.03 -2.38 -4.48 0.03 -2.37 -4.48 -0.02 -2.37 -4.48 -0.02 -2.37 -4.48 -0.08 -2.37 -4.48 -0.08 -2.36 -4.48 -0.13 -2.36 -4.48 -0.13 -2.36 -4.48 -0.18 -2.36 -4.48 -0.18 3.89 -4.48 0.39 3.89 -4.48 0.39 3.92 -4.48 0.35 3.92 -4.48 0.35 3.94 -4.48 0.31 3.94 -4.48 0.31 3.97 -4.48 0.27 3.97 -4.48 0.27 4.00 -4.48 0.23 4.00 -4.48 0.23 4.00 -4.48 0.23 4.02 -4.48 0.18 4.02 -4.48 0.18 4.02 -4.48 0.18 4.05 -4.48 0.14 4.05 -4.48 0.14 4.07 -4.48 0.10 4.07 -4.48 0.10 4.10 -4.48 0.06 4.10 -4.48 0.06 4.12 -4.48 0.02 4.12 -4.48 0.02 0.83 4.46 -0.26 0.85 4.46 0.32 0.85 4.46 0.32 0.83 -4.48 -0.26 0.83 -4.48 -0.26 0.85 -4.48 0.32 0.85 -4.48 0.32 0.85 4.46 0.27 0.85 4.46 0.21 0.85 4.46 0.16 0.84 4.46 0.11 0.84 4.46 0.06 0.84 4.46 0.00 0.84 4.46 -0.05 0.84 4.46 -0.10 0.84 4.46 -0.15 0.83 4.46 -0.21 0.85 -4.48 0.27 0.85 -4.48 0.21 0.85 -4.48 0.16 0.84 -4.48 0.11 0.84 -4.48 0.06 0.84 -4.48 0.00 0.84 -4.48 -0.05 0.84 -4.48 -0.10 0.84 -4.48 -0.15 0.83 -4.48 -0.21 1.09 4.46 -0.27 1.11 4.46 0.31 1.11 4.46 0.31 1.09 -4.48 -0.27 1.09 -4.48 -0.27 1.11 -4.48 0.31 1.11 -4.48 0.31 1.11 4.46 0.26 1.11 4.46 0.20 1.11 4.46 0.15 1.10 4.46 0.10 1.10 4.46 0.05 1.10 4.46 -0.01 1.10 4.46 -0.06 1.10 4.46 -0.11 1.10 4.46 -0.17 1.10 4.46 -0.22 1.11 -4.48 0.26 1.11 -4.48 0.20 1.11 -4.48 0.15 1.10 -4.48 0.10 1.10 -4.48 0.05 1.10 -4.48 -0.01 1.10 -4.48 -0.06 1.10 -4.48 -0.11 1.10 -4.48 -0.17 1.10 -4.48 -0.22 1.35 4.46 -0.28 1.37 4.46 0.30 1.37 4.46 0.30 1.35 -4.48 -0.28 1.35 -4.48 -0.28 1.37 -4.48 0.30 1.37 -4.48 0.30 1.37 4.46 0.25 1.37 4.46 0.19 1.37 4.46 0.14 1.36 4.46 0.09 1.36 4.46 0.03 1.36 4.46 -0.02 1.36 4.46 -0.07 1.36 4.46 -0.12 1.36 4.46 -0.18 1.36 4.46 -0.23 1.37 -4.48 0.25 1.37 -4.48 0.19 1.37 -4.48 0.14 1.36 -4.48 0.09 1.36 -4.48 0.03 1.36 -4.48 -0.02 1.36 -4.48 -0.07 1.36 -4.48 -0.12 1.36 -4.48 -0.18 1.36 -4.48 -0.23 1.61 4.46 -0.29 1.63 4.46 0.29 1.63 4.46 0.29 1.61 -4.48 -0.29 1.61 -4.48 -0.29 1.63 -4.48 0.29 1.63 -4.48 0.29 1.63 4.46 0.23 1.63 4.46 0.18 1.63 4.46 0.13 1.62 4.46 0.08 1.62 4.46 0.02 1.62 4.46 -0.03 1.62 4.46 -0.08 1.62 4.46 -0.14 1.62 4.46 -0.19 1.62 4.46 -0.24 1.63 -4.48 0.23 1.63 -4.48 0.18 1.63 -4.48 0.13 1.62 -4.48 0.08 1.62 -4.48 0.02 1.62 -4.48 -0.03 1.62 -4.48 -0.08 1.62 -4.48 -0.14 1.62 -4.48 -0.19 1.62 -4.48 -0.24 1.88 4.46 -0.30 1.89 4.46 0.28 1.89 4.46 0.28 1.88 -4.48 -0.30 1.88 -4.48 -0.30 1.89 -4.48 0.28 1.89 -4.48 0.28 1.89 4.46 0.23 1.89 4.46 0.17 1.89 4.46 0.12 1.88 4.46 0.07 1.88 4.46 0.01 1.88 4.46 -0.04 1.88 4.46 -0.09 1.88 4.46 -0.14 1.88 4.46 -0.20 1.88 4.46 -0.25 1.89 -4.48 0.23 1.89 -4.48 0.17 1.89 -4.48 0.12 1.88 -4.48 0.07 1.88 -4.48 0.01 1.88 -4.48 -0.04 1.88 -4.48 -0.09 1.88 -4.48 -0.14 1.88 -4.48 -0.20 1.88 -4.48 -0.25 2.14 4.46 -0.31 2.15 4.46 0.27 2.15 4.46 0.27 2.14 -4.48 -0.31 2.14 -4.48 -0.31 2.15 -4.48 0.27 2.15 -4.48 0.27 2.15 4.46 0.22 2.15 4.46 0.16 2.15 4.46 0.11 2.14 4.46 0.06 2.14 4.46 0.00 2.14 4.46 -0.05 2.14 4.46 -0.10 2.14 4.46 -0.15 2.14 4.46 -0.21 2.14 4.46 -0.26 2.15 -4.48 0.22 2.15 -4.48 0.16 2.15 -4.48 0.11 2.14 -4.48 0.06 2.14 -4.48 0.00 2.14 -4.48 -0.05 2.14 -4.48 -0.10 2.14 -4.48 -0.15 2.14 -4.48 -0.21 2.14 -4.48 -0.26 2.40 4.46 -0.32 2.41 4.46 0.26 2.41 4.46 0.26 2.40 -4.48 -0.32 2.40 -4.48 -0.32 2.41 -4.48 0.26 2.41 -4.48 0.26 2.41 4.46 0.21 2.41 4.46 0.15 2.41 4.46 0.10 2.40 4.46 0.05 2.40 4.46 -0.00 2.40 4.46 -0.06 2.40 4.46 -0.11 2.40 4.46 -0.16 2.40 4.46 -0.22 2.40 4.46 -0.27 2.41 -4.48 0.21 2.41 -4.48 0.15 2.41 -4.48 0.10 2.40 -4.48 0.05 2.40 -4.48 -0.00 2.40 -4.48 -0.06 2.40 -4.48 -0.11 2.40 -4.48 -0.16 2.40 -4.48 -0.22 2.40 -4.48 -0.27 2.66 4.46 -0.33 2.67 4.46 0.25 2.67 4.46 0.25 2.66 -4.48 -0.33 2.66 -4.48 -0.33 2.67 -4.48 0.25 2.67 -4.48 0.25 2.67 4.46 0.20 2.67 4.46 0.15 2.67 4.46 0.09 2.67 4.46 0.04 2.66 4.46 -0.01 2.66 4.46 -0.07 2.66 4.46 -0.12 2.66 4.46 -0.17 2.66 4.46 -0.22 2.66 4.46 -0.28 2.67 -4.48 0.20 2.67 -4.48 0.15 2.67 -4.48 0.09 2.67 -4.48 0.04 2.66 -4.48 -0.01 2.66 -4.48 -0.07 2.66 -4.48 -0.12 2.66 -4.48 -0.17 2.66 -4.48 -0.22 2.66 -4.48 -0.28 2.92 4.46 -0.34 2.93 4.46 0.24 2.93 4.46 0.24 2.92 -4.48 -0.34 2.92 -4.48 -0.34 2.93 -4.48 0.24 2.93 -4.48 0.24 2.93 4.46 0.19 2.93 4.46 0.14 2.93 4.46 0.08 2.93 4.46 0.03 2.92 4.46 -0.02 2.92 4.46 -0.07 2.92 4.46 -0.13 2.92 4.46 -0.18 2.92 4.46 -0.23 2.92 4.46 -0.29 2.93 -4.48 0.19 2.93 -4.48 0.14 2.93 -4.48 0.08 2.93 -4.48 0.03 2.92 -4.48 -0.02 2.92 -4.48 -0.07 2.92 -4.48 -0.13 2.92 -4.48 -0.18 2.92 -4.48 -0.23 2.92 -4.48 -0.29 3.18 4.46 -0.35 3.19 4.46 0.23 3.19 4.46 0.23 3.18 -4.48 -0.35 3.18 -4.48 -0.35 3.19 -4.48 0.23 3.19 -4.48 0.23 3.19 4.46 0.18 3.19 4.46 0.13 3.19 4.46 0.08 3.19 4.46 0.02 3.18 4.46 -0.03 3.18 4.46 -0.08 3.18 4.46 -0.14 3.18 4.46 -0.19 3.18 4.46 -0.24 3.18 4.46 -0.29 3.19 -4.48 0.18 3.19 -4.48 0.13 3.19 -4.48 0.08 3.19 -4.48 0.02 3.18 -4.48 -0.03 3.18 -4.48 -0.08 3.18 -4.48 -0.14 3.18 -4.48 -0.19 3.18 -4.48 -0.24 3.18 -4.48 -0.29 -1.56 4.46 -0.22 -1.61 4.46 0.35 -1.61 4.46 0.35 -1.56 -4.48 -0.22 -1.56 -4.48 -0.22 -1.61 -4.48 0.35 -1.61 -4.48 0.35 -1.60 4.46 0.30 -1.59 4.46 0.25 -1.59 4.46 0.20 -1.58 4.46 0.14 -1.58 4.46 0.09 -1.57 4.46 0.04 -1.57 4.46 -0.01 -1.57 4.46 -0.07 -1.56 4.46 -0.12 -1.56 4.46 -0.17 -1.60 -4.48 0.30 -1.59 -4.48 0.25 -1.59 -4.48 0.20 -1.58 -4.48 0.14 -1.57 -4.48 0.09 -1.57 -4.48 0.04 -1.57 -4.48 -0.01 -1.56 -4.48 -0.07 -1.56 -4.48 -0.12 -1.56 -4.48 -0.17 -1.05 4.46 -0.22 -1.08 4.46 0.36 -1.08 4.46 0.36 -1.05 -4.48 -0.22 -1.05 -4.48 -0.22 -1.08 -4.48 0.36 -1.08 -4.48 0.36 -1.08 4.46 0.31 -1.07 4.46 0.25 -1.07 4.46 0.20 -1.07 4.46 0.15 -1.07 4.46 0.10 -1.06 4.46 0.04 -1.06 4.46 -0.01 -1.06 4.46 -0.06 -1.06 4.46 -0.11 -1.05 4.46 -0.17 -1.07 -4.48 0.31 -1.07 -4.48 0.25 -1.07 -4.48 0.20 -1.07 -4.48 0.15 -1.06 -4.48 0.10 -1.06 -4.48 0.04 -1.06 -4.48 -0.01 -1.06 -4.48 -0.06 -1.06 -4.48 -0.11 -1.05 -4.48 -0.17 -0.53 4.46 -0.21 -0.55 4.46 0.37 -0.55 4.46 0.37 -0.53 -4.48 -0.21 -0.53 -4.48 -0.21 -0.55 -4.48 0.37 -0.55 -4.48 0.37 -0.55 4.46 0.31 -0.54 4.46 0.26 -0.54 4.46 0.21 -0.54 4.46 0.16 -0.54 4.46 0.10 -0.54 4.46 0.05 -0.54 4.46 -0.00 -0.54 4.46 -0.06 -0.54 4.46 -0.11 -0.54 4.46 -0.16 -0.54 -4.48 0.31 -0.54 -4.48 0.26 -0.54 -4.48 0.21 -0.54 -4.48 0.16 -0.54 -4.48 0.10 -0.54 -4.48 0.05 -0.54 -4.48 -0.00 -0.54 -4.48 -0.06 -0.54 -4.48 -0.11 -0.54 -4.48 -0.16 -0.03 4.46 -0.22 -0.01 4.46 0.36 -0.01 4.46 0.36 -0.03 -4.48 -0.22 -0.03 -4.48 -0.22 -0.01 -4.48 0.36 -0.01 -4.48 0.36 -0.01 4.46 0.30 -0.02 4.46 0.25 -0.02 4.46 0.20 -0.02 4.46 0.15 -0.02 4.46 0.09 -0.02 4.46 0.04 -0.02 4.46 -0.01 -0.02 4.46 -0.07 -0.02 4.46 -0.12 -0.02 4.46 -0.17 -0.01 -4.48 0.30 -0.02 -4.48 0.25 -0.02 -4.48 0.20 -0.02 -4.48 0.15 -0.02 -4.48 0.09 -0.02 -4.48 0.04 -0.02 -4.48 -0.01 -0.02 -4.48 -0.07 -0.02 -4.48 -0.12 -0.02 -4.48 -0.17 0.49 4.46 -0.25 0.51 4.46 0.34 0.51 4.46 0.34 0.49 -4.48 -0.25 0.49 -4.48 -0.25 0.51 -4.48 0.34 0.51 -4.48 0.34 0.51 4.46 0.28 0.50 4.46 0.23 0.50 4.46 0.18 0.50 4.46 0.12 0.50 4.46 0.07 0.50 4.46 0.02 0.50 4.46 -0.03 0.50 4.46 -0.09 0.49 4.46 -0.14 0.49 4.46 -0.19 0.51 -4.48 0.28 0.50 -4.48 0.23 0.50 -4.48 0.18 0.50 -4.48 0.12 0.50 -4.48 0.07 0.50 -4.48 0.02 0.50 -4.48 -0.03 0.50 -4.48 -0.09 0.49 -4.48 -0.14 0.49 -4.48 -0.19 4.04 -4.49 0.24 3.92 -4.49 0.43 3.92 -4.44 0.43 4.04 -4.44 0.24 4.03 -4.51 0.23 3.91 -4.51 0.41 3.91 -0.01 0.41 3.91 -0.01 0.41 3.88 -4.38 0.48 3.88 -4.38 0.48 3.92 -4.38 0.43 4.04 -4.38 0.24 4.01 -4.49 0.21 3.90 -4.49 0.39 3.88 -2.37 0.50 3.88 -4.49 0.50 3.88 -4.44 0.50 4.02 -0.01 0.22 4.02 -0.01 0.22 4.04 -2.37 0.24 3.92 -2.37 0.43 4.01 -4.44 0.21 3.90 -4.44 0.39 3.87 -4.38 0.47 3.87 -4.51 0.47 3.87 -4.44 0.48 3.87 -4.44 0.48 3.88 -4.38 0.50 4.02 -4.38 0.22 3.91 -4.38 0.41 3.86 -4.49 0.44 3.86 -4.44 0.44 4.16 -4.49 0.04 4.16 -4.44 0.04 4.14 -4.51 0.03 4.19 -4.38 -0.03 4.19 -4.38 -0.03 4.16 -4.38 0.04 4.12 -4.49 0.02 4.20 -2.37 -0.03 4.20 -4.49 -0.03 4.20 -4.44 -0.03 4.16 -2.37 0.04 4.12 -4.44 0.02 4.17 -4.38 -0.03 4.18 -4.51 -0.03 4.18 -4.44 -0.03 4.18 -4.44 -0.03 4.20 -4.38 -0.03 4.19 -0.01 -0.03 4.19 -0.01 -0.03 4.19 -0.01 -0.03 4.19 -0.01 -0.03 4.14 -4.38 0.03 4.15 -4.49 -0.04 4.15 -4.44 -0.04 4.04 4.47 0.24 3.92 4.47 0.43 3.92 4.42 0.43 4.04 4.42 0.24 4.03 4.49 0.23 3.91 4.49 0.41 3.88 4.36 0.48 3.88 4.36 0.48 3.92 4.36 0.43 4.04 4.36 0.24 4.01 4.47 0.21 3.90 4.47 0.39 3.88 -0.01 0.50 3.88 4.47 0.50 3.88 4.42 0.50 4.04 -0.01 0.24 3.92 -0.01 0.43 4.01 4.42 0.21 3.90 4.42 0.39 3.87 4.36 0.47 3.87 4.49 0.47 3.87 4.42 0.48 3.87 4.42 0.48 3.88 4.36 0.50 3.88 -0.01 0.48 3.88 -0.01 0.48 3.88 -0.01 0.48 3.88 -0.01 0.48 4.02 4.36 0.22 3.91 4.36 0.41 3.87 -0.01 0.47 3.87 -0.01 0.47 3.86 4.47 0.44 3.86 4.42 0.44 4.16 4.47 0.04 4.16 4.42 0.04 4.14 4.49 0.03 4.14 -0.01 0.03 4.14 -0.01 0.03 4.19 4.36 -0.03 4.19 4.36 -0.03 4.16 4.36 0.04 4.12 4.47 0.02 4.20 -0.01 -0.03 4.20 4.47 -0.03 4.20 4.42 -0.03 4.16 -0.01 0.04 4.12 4.42 0.02 4.17 4.36 -0.03 4.18 4.49 -0.03 4.18 4.42 -0.03 4.18 4.42 -0.03 4.20 4.36 -0.03 4.14 4.36 0.03 4.17 -0.01 -0.03 4.17 -0.01 -0.03 4.15 4.47 -0.04 4.15 4.42 -0.04 3.99 4.46 -0.19 3.76 4.46 0.30 3.76 4.46 0.30 3.99 -4.48 -0.19 3.99 -4.48 -0.19 3.76 -4.48 0.30 3.76 -4.48 0.30 3.78 4.46 0.26 3.80 4.46 0.21 3.82 4.46 0.17 3.84 4.46 0.12 3.86 4.46 0.08 3.88 4.46 0.04 3.90 4.46 -0.01 3.92 4.46 -0.05 3.94 4.46 -0.10 3.97 4.46 -0.14 3.78 -4.48 0.26 3.80 -4.48 0.21 3.82 -4.48 0.17 3.84 -4.48 0.12 3.86 -4.48 0.08 3.88 -4.48 0.04 3.90 -4.48 -0.01 3.92 -4.48 -0.05 3.94 -4.48 -0.10 3.97 -4.48 -0.14 3.84 4.46 -0.27 3.68 4.46 0.25 3.68 4.46 0.25 3.84 -4.48 -0.27 3.84 -4.48 -0.27 3.68 -4.48 0.25 3.68 -4.48 0.25 3.70 4.46 0.21 3.72 4.46 0.16 3.73 4.46 0.11 3.75 4.46 0.07 3.76 4.46 0.02 3.77 4.46 -0.03 3.79 4.46 -0.08 3.80 4.46 -0.13 3.82 4.46 -0.18 3.83 4.46 -0.22 3.70 -4.48 0.21 3.72 -4.48 0.16 3.73 -4.48 0.11 3.75 -4.48 0.07 3.76 -4.48 0.02 3.77 -4.48 -0.03 3.79 -4.48 -0.08 3.80 -4.48 -0.13 3.82 -4.48 -0.18 3.83 -4.48 -0.22 4.13 4.46 -0.05 3.85 4.46 0.41 3.85 4.46 0.41 4.13 -4.48 -0.05 4.13 -4.48 -0.05 3.85 -4.48 0.41 3.85 -4.48 0.41 3.87 4.46 0.37 3.90 4.46 0.33 3.92 4.46 0.29 3.95 4.46 0.25 3.98 4.46 0.21 4.00 4.46 0.16 4.03 4.46 0.12 4.05 4.46 0.08 4.08 4.46 0.04 4.10 4.46 -0.00 3.87 -4.48 0.37 3.90 -4.48 0.33 3.92 -4.48 0.29 3.95 -4.48 0.25 3.98 -4.48 0.21 4.00 -4.48 0.16 4.03 -4.48 0.12 4.05 -4.48 0.08 4.08 -4.48 0.04 4.10 -4.48 -0.00 4.07 4.46 -0.11 3.81 4.46 0.36 3.81 4.46 0.36 4.07 -4.48 -0.11 4.07 -4.48 -0.11 3.81 -4.48 0.36 3.81 -4.48 0.36 3.83 4.46 0.32 3.86 4.46 0.28 3.88 4.46 0.23 3.91 4.46 0.19 3.93 4.46 0.15 3.95 4.46 0.11 3.98 4.46 0.06 4.00 4.46 0.02 4.02 4.46 -0.02 4.05 4.46 -0.07 3.83 -4.48 0.32 3.86 -4.48 0.28 3.88 -4.48 0.23 3.91 -4.48 0.19 3.93 -4.48 0.15 3.95 -4.48 0.11 3.98 -4.48 0.06 4.00 -4.48 0.02 4.02 -4.48 -0.02 4.05 -4.48 -0.07 3.62 4.46 -0.32 3.53 4.46 0.25 3.53 4.46 0.25 3.62 -4.48 -0.32 3.62 -4.48 -0.32 3.53 -4.48 0.25 3.53 -4.48 0.25 3.54 4.46 0.20 3.55 4.46 0.14 3.56 4.46 0.09 3.56 4.46 0.04 3.57 4.46 -0.01 3.58 4.46 -0.06 3.59 4.46 -0.12 3.60 4.46 -0.17 3.60 4.46 -0.22 3.61 4.46 -0.27 3.54 -4.48 0.20 3.55 -4.48 0.14 3.56 -4.48 0.09 3.56 -4.48 0.04 3.57 -4.48 -0.01 3.58 -4.48 -0.06 3.59 -4.48 -0.12 3.60 -4.48 -0.17 3.60 -4.48 -0.22 3.61 -4.48 -0.27 3.31 4.46 -0.35 3.32 4.46 0.23 3.32 4.46 0.23 3.31 -4.48 -0.35 3.31 -4.48 -0.35 3.32 -4.48 0.23 3.32 -4.48 0.23 3.32 4.46 0.18 3.32 4.46 0.12 3.32 4.46 0.07 3.32 4.46 0.02 3.32 4.46 -0.03 3.32 4.46 -0.09 3.31 4.46 -0.14 3.31 4.46 -0.19 3.31 4.46 -0.25 3.31 4.46 -0.30 3.32 -4.48 0.18 3.32 -4.48 0.12 3.32 -4.48 0.07 3.32 -4.48 0.02 3.32 -4.48 -0.03 3.32 -4.48 -0.09 3.31 -4.48 -0.14 3.31 -4.48 -0.19 3.31 -4.48 -0.25 3.31 -4.48 -0.30
4.17 4.46 0.01 3.86 4.46 0.44 3.86 4.46 0.44 -2.33 4.46 -0.24 -2.33 4.46 -0.24 -2.33 4.46 -0.24 -2.41 4.46 0.34 -2.41 4.46 0.34 -2.41 4.46 0.34 -2.33 -4.48 -0.24 -2.33 -4.48 -0.24 -2.33 -4.48 -0.24 -2.41 -4.48 0.34 -2.41 -4.48 0.34 -2.41 -4.48 0.34 4.17 -4.48 0.01 4.17 -4.48 0.01 3.86 -4.48 0.44 3.86 -4.48 0.44 3.89 4.46 0.40 3.89 4.46 0.40 3.92 4.46 0.36 3.92 4.46 0.36 3.95 4.46 0.32 3.95 4.46 0.32 3.98 4.46 0.29 3.98 4.46 0.29 4.01 4.46 0.25 4.01 4.46 0.25 4.01 4.46 0.25 4.03 4.46 0.21 4.03 4.46 0.21 4.03 4.46 0.21 4.06 4.46 0.17 4.06 4.46 0.17 4.09 4.46 0.13 4.09 4.46 0.13 4.12 4.46 0.09 4.12 4.46 0.09 4.15 4.46 0.05 4.15 4.46 0.05 -2.40 4.46 0.29 -2.40 4.46 0.29 -2.38 4.46 0.23 -2.38 4.46 0.23 -2.37 4.46 0.18 -2.37 4.46 0.18 -2.36 4.46 0.13 -2.36 4.46 0.13 -2.36 4.46 0.08 -2.36 4.46 0.08 -2.35 4.46 0.03 -2.35 4.46 0.03 -2.34 4.46 -0.03 -2.34 4.46 -0.03 -2.34 4.46 -0.08 -2.34 4.46 -0.08 -2.34 4.46 -0.13 -2.34 4.46 -0.13 -2.33 4.46 -0.18 -2.33 4.46 -0.18 -2.39 -4.48 0.29 -2.39 -4.48 0.29 -2.38 -4.48 0.23 -2.38 -4.48 0.23 -2.37 -4.48 0.18 -2.37 -4.48 0.18 -2.36 -4.48 0.13 -2.36 -4.48 0.13 -2.35 -4.48 0.08 -2.35 -4.48 0.08 -2.35 -4.48 0.03 -2.35 -4.48 0.03 -2.34 -4.48 -0.03 -2.34 -4.48 -0.03 -2.34 -4.48 -0.08 -2.34 -4.48 -0.08 -2.33 -4.48 -0.13 -2.33 -4.48 -0.13 -2.33 -4.48 -0.18 -2.33 -4.48 -0.18 3.89 -4.48 0.40 3.89 -4.48 0.40 3.92 -4.48 0.36 3.92 -4.48 0.36 3.95 -4.48 0.32 3.95 -4.48 0.32 3.98 -4.48 0.29 3.98 -4.48 0.29 4.01 -4.48 0.25 4.01 -4.48 0.25 4.01 -4.48 0.25 4.03 -4.48 0.21 4.03 -4.48 0.21 4.03 -4.48 0.21 4.06 -4.48 0.17 4.06 -4.48 0.17 4.09 -4.48 0.13 4.09 -4.48 0.13 4.12 -4.48 0.09 4.12 -4.48 0.09 4.15 -4.48 0.05 4.15 -4.48 0.05 0.86 4.46 -0.27 0.88 4.46 0.32 0.88 4.46 0.32 0.86 -4.48 -0.27 0.86 -4.48 -0.27 0.88 -4.48 0.32 0.88 -4.48 0.32 0.88 4.46 0.26 0.88 4.46 0.21 0.87 4.46 0.16 0.87 4.46 0.10 0.87 4.46 0.05 0.87 4.46 -0.00 0.87 4.46 -0.05 0.87 4.46 -0.11 0.87 4.46 -0.16 0.86 4.46 -0.21 0.88 -4.48 0.26 0.88 -4.48 0.21 0.87 -4.48 0.16 0.87 -4.48 0.10 0.87 -4.48 0.05 0.87 -4.48 -0.00 0.87 -4.48 -0.05 0.87 -4.48 -0.11 0.87 -4.48 -0.16 0.86 -4.48 -0.21 1.12 4.46 -0.28 1.14 4.46 0.30 1.14 4.46 0.30 1.12 -4.48 -0.28 1.12 -4.48 -0.28 1.14 -4.48 0.30 1.14 -4.48 0.30 1.14 4.46 0.25 1.14 4.46 0.20 1.14 4.46 0.15 1.13 4.46 0.09 1.13 4.46 0.04 1.13 4.46 -0.01 1.13 4.46 -0.07 1.13 4.46 -0.12 1.13 4.46 -0.17 1.12 4.46 -0.22 1.14 -4.48 0.25 1.14 -4.48 0.20 1.14 -4.48 0.15 1.13 -4.48 0.09 1.13 -4.48 0.04 1.13 -4.48 -0.01 1.13 -4.48 -0.07 1.13 -4.48 -0.12 1.13 -4.48 -0.17 1.12 -4.48 -0.22 1.38 4.46 -0.29 1.40 4.46 0.29 1.40 4.46 0.29 1.38 -4.48 -0.29 1.38 -4.48 -0.29 1.40 -4.48 0.29 1.40 -4.48 0.29 1.40 4.46 0.24 1.40 4.46 0.19 1.40 4.46 0.13 1.39 4.46 0.08 1.39 4.46 0.03 1.39 4.46 -0.02 1.39 4.46 -0.08 1.39 4.46 -0.13 1.39 4.46 -0.18 1.39 4.46 -0.24 1.40 -4.48 0.24 1.40 -4.48 0.19 1.40 -4.48 0.13 1.39 -4.48 0.08 1.39 -4.48 0.03 1.39 -4.48 -0.02 1.39 -4.48 -0.08 1.39 -4.48 -0.13 1.39 -4.48 -0.18 1.39 -4.48 -0.24 1.64 4.46 -0.30 1.66 4.46 0.28 1.66 4.46 0.28 1.64 -4.48 -0.30 1.64 -4.48 -0.30 1.66 -4.48 0.28 1.66 -4.48 0.28 1.66 4.46 0.23 1.66 4.46 0.18 1.66 4.46 0.12 1.65 4.46 0.07 1.65 4.46 0.02 1.65 4.46 -0.04 1.65 4.46 -0.09 1.65 4.46 -0.14 1.65 4.46 -0.19 1.65 4.46 -0.25 1.66 -4.48 0.23 1.66 -4.48 0.18 1.66 -4.48 0.12 1.65 -4.48 0.07 1.65 -4.48 0.02 1.65 -4.48 -0.04 1.65 -4.48 -0.09 1.65 -4.48 -0.14 1.65 -4.48 -0.19 1.65 -4.48 -0.25 1.91 4.46 -0.31 1.92 4.46 0.27 1.92 4.46 0.27 1.91 -4.48 -0.31 1.91 -4.48 -0.31 1.92 -4.48 0.27 1.92 -4.48 0.27 1.92 4.46 0.22 1.92 4.46 0.17 1.92 4.46 0.11 1.91 4.46 0.06 1.91 4.46 0.01 1.91 4.46 -0.05 1.91 4.46 -0.10 1.91 4.46 -0.15 1.91 4.46 -0.20 1.91 4.46 -0.26 1.92 -4.48 0.22 1.92 -4.48 0.17 1.92 -4.48 0.11 1.91 -4.48 0.06 1.91 -4.48 0.01 1.91 -4.48 -0.05 1.91 -4.48 -0.10 1.91 -4.48 -0.15 1.91 -4.48 -0.20 1.91 -4.48 -0.26 2.17 4.46 -0.32 2.18 4.46 0.26 2.18 4.46 0.26 2.17 -4.48 -0.32 2.17 -4.48 -0.32 2.18 -4.48 0.26 2.18 -4.48 0.26 2.18 4.46 0.21 2.18 4.46 0.16 2.18 4.46 0.10 2.17 4.46 0.05 2.17 4.46 -0.00 2.17 4.46 -0.05 2.17 4.46 -0.11 2.17 4.46 -0.16 2.17 4.46 -0.21 2.17 4.46 -0.27 2.18 -4.48 0.21 2.18 -4.48 0.16 2.18 -4.48 0.10 2.17 -4.48 0.05 2.17 -4.48 -0.00 2.17 -4.48 -0.05 2.17 -4.48 -0.11 2.17 -4.48 -0.16 2.17 -4.48 -0.21 2.17 -4.48 -0.27 2.43 4.46 -0.33 2.44 4.46 0.25 2.44 4.46 0.25 2.43 -4.48 -0.33 2.43 -4.48 -0.33 2.44 -4.48 0.25 2.44 -4.48 0.25 2.44 4.46 0.20 2.44 4.46 0.15 2.44 4.46 0.10 2.43 4.46 0.04 2.43 4.46 -0.01 2.43 4.46 -0.06 2.43 4.46 -0.12 2.43 4.46 -0.17 2.43 4.46 -0.22 2.43 4.46 -0.27 2.44 -4.48 0.20 2.44 -4.48 0.15 2.44 -4.48 0.10 2.43 -4.48 0.04 2.43 -4.48 -0.01 2.43 -4.48 -0.06 2.43 -4.48 -0.12 2.43 -4.48 -0.17 2.43 -4.48 -0.22 2.43 -4.48 -0.27 2.69 4.46 -0.34 2.70 4.46 0.25 2.70 4.46 0.25 2.69 -4.48 -0.34 2.69 -4.48 -0.34 2.70 -4.48 0.25 2.70 -4.48 0.25 2.70 4.46 0.19 2.70 4.46 0.14 2.70 4.46 0.09 2.69 4.46 0.03 2.69 4.46 -0.02 2.69 4.46 -0.07 2.69 4.46 -0.12 2.69 4.46 -0.18 2.69 4.46 -0.23 2.69 4.46 -0.28 2.70 -4.48 0.19 2.70 -4.48 0.14 2.70 -4.48 0.09 2.69 -4.48 0.03 2.69 -4.48 -0.02 2.69 -4.48 -0.07 2.69 -4.48 -0.12 2.69 -4.48 -0.18 2.69 -4.48 -0.23 2.69 -4.48 -0.28 2.95 4.46 -0.34 2.96 4.46 0.24 2.96 4.46 0.24 2.95 -4.48 -0.34 2.95 -4.48 -0.34 2.96 -4.48 0.24 2.96 -4.48 0.24 2.96 4.46 0.18 2.96 4.46 0.13 2.96 4.46 0.08 2.96 4.46 0.03 2.95 4.46 -0.03 2.95 4.46 -0.08 2.95 4.46 -0.13 2.95 4.46 -0.19 2.95 4.46 -0.24 2.95 4.46 -0.29 2.96 -4.48 0.18 2.96 -4.48 0.13 2.96 -4.48 0.08 2.96 -4.48 0.03 2.95 -4.48 -0.03 2.95 -4.48 -0.08 2.95 -4.48 -0.13 2.95 -4.48 -0.19 2.95 -4.48 -0.24 2.95 -4.48 -0.29 3.21 4.46 -0.35 3.22 4.46 0.23 3.22 4.46 0.23 3.21 -4.48 -0.35 3.21 -4.48 -0.35 3.22 -4.48 0.23 3.22 -4.48 0.23 3.22 4.46 0.18 3.22 4.46 0.12 3.22 4.46 0.07 3.22 4.46 0.02 3.21 4.46 -0.04 3.21 4.46 -0.09 3.21 4.46 -0.14 3.21 4.46 -0.19 3.21 4.46 -0.25 3.21 4.46 -0.30 3.22 -4.48 0.18 3.22 -4.48 0.12 3.22 -4.48 0.07 3.22 -4.48 0.02 3.21 -4.48 -0.04 3.21 -4.48 -0.09 3.21 -4.48 -0.14 3.21 -4.48 -0.19 3.21 -4.48 -0.25 3.21 -4.48 -0.30 -1.53 4.46 -0.23 -1.58 4.46 0.35 -1.58 4.46 0.35 -1.53 -4.48 -0.23 -1.53 -4.48 -0.23 -1.58 -4.48 0.35 -1.58 -4.48 0.35 -1.57 4.46 0.30 -1.56 4.46 0.24 -1.56 4.46 0.19 -1.55 4.46 0.14 -1.55 4.46 0.09 -1.54 4.46 0.03 -1.54 4.46 -0.02 -1.54 4.46 -0.07 -1.53 4.46 -0.12 -1.53 4.46 -0.18 -1.57 -4.48 0.30 -1.56 -4.48 0.24 -1.56 -4.48 0.19 -1.55 -4.48 0.14 -1.54 -4.48 0.09 -1.54 -4.48 0.03 -1.54 -4.48 -0.02 -1.53 -4.48 -0.07 -1.53 -4.48 -0.12 -1.53 -4.48 -0.18 -1.02 4.46 -0.22 -1.05 4.46 0.36 -1.05 4.46 0.36 -1.02 -4.48 -0.22 -1.02 -4.48 -0.22 -1.05 -4.48 0.36 -1.05 -4.48 0.36 -1.05 4.46 0.30 -1.04 4.46 0.25 -1.04 4.46 0.20 -1.04 4.46 0.14 -1.04 4.46 0.09 -1.03 4.46 0.04 -1.03 4.46 -0.01 -1.03 4.46 -0.07 -1.03 4.46 -0.12 -1.03 4.46 -0.17 -1.04 -4.48 0.30 -1.04 -4.48 0.25 -1.04 -4.48 0.20 -1.04 -4.48 0.14 -1.03 -4.48 0.09 -1.03 -4.48 0.04 -1.03 -4.48 -0.01 -1.03 -4.48 -0.07 -1.03 -4.48 -0.12 -1.02 -4.48 -0.17 -0.50 4.46 -0.22 -0.52 4.46 0.36 -0.52 4.46 0.36 -0.50 -4.48 -0.22 -0.50 -4.48 -0.22 -0.52 -4.48 0.36 -0.52 -4.48 0.36 -0.52 4.46 0.31 -0.51 4.46 0.26 -0.51 4.46 0.20 -0.51 4.46 0.15 -0.51 4.46 0.10 -0.51 4.46 0.05 -0.51 4.46 -0.01 -0.51 4.46 -0.06 -0.51 4.46 -0.11 -0.51 4.46 -0.17 -0.52 -4.48 0.31 -0.51 -4.48 0.26 -0.51 -4.48 0.20 -0.51 -4.48 0.15 -0.51 -4.48 0.10 -0.51 -4.48 0.05 -0.51 -4.48 -0.01 -0.51 -4.48 -0.06 -0.51 -4.48 -0.11 -0.51 -4.48 -0.17 0.00 4.46 -0.23 0.02 4.46 0.35 0.02 4.46 0.35 0.00 -4.48 -0.23 0.00 -4.48 -0.23 0.02 -4.48 0.35 0.02 -4.48 0.35 0.02 4.46 0.30 0.01 4.46 0.25 0.01 4.46 0.19 0.01 4.46 0.14 0.01 4.46 0.09 0.01 4.46 0.04 0.01 4.46 -0.02 0.01 4.46 -0.07 0.01 4.46 -0.12 0.00 4.46 -0.18 0.02 -4.48 0.30 0.01 -4.48 0.25 0.01 -4.48 0.19 0.01 -4.48 0.14 0.01 -4.48 0.09 0.01 -4.48 0.04 0.01 -4.48 -0.02 0.01 -4.48 -0.07 0.01 -4.48 -0.12 0.00 -4.48 -0.18 0.52 4.46 -0.25 0.54 4.46 0.33 0.54 4.46 0.33 0.52 -4.48 -0.25 0.52 -4.48 -0.25 0.54 -4.48 0.33 0.54 -4.48 0.33 0.54 4.46 0.28 0.53 4.46 0.22 0.53 4.46 0.17 0.53 4.46 0.12 0.53 4.46 0.07 0.53 4.46 0.01 0.53 4.46 -0.04 0.53 4.46 -0.09 0.52 4.46 -0.15 0.52 4.46 -0.20 0.54 -4.48 0.28 0.53 -4.48 0.22 0.53 -4.48 0.17 0.53 -4.48 0.12 0.53 -4.48 0.07 0.53 -4.48 0.01 0.53 -4.48 -0.04 0.53 -4.48 -0.09 0.52 -4.48 -0.15 0.52 -4.48 -0.20 4.05 -4.49 0.26 3.92 -4.49 0.45 3.92 -4.44 0.45 4.05 -4.44 0.26 4.04 -4.51 0.25 3.91 -4.51 0.42 3.90 -0.01 0.42 3.90 -0.01 0.42 3.87 -4.38 0.49 3.87 -4.38 0.49 3.92 -4.38 0.45 4.05 -4.38 0.26 4.02 -4.49 0.23 3.90 -4.49 0.40 3.87 -2.37 0.51 3.87 -4.49 0.51 3.87 -4.44 0.51 4.03 -0.01 0.24 4.03 -0.01 0.24 4.05 -2.37 0.26 3.92 -2.37 0.45 4.02 -4.44 0.23 3.90 -4.44 0.40 3.86 -4.38 0.47 3.87 -4.51 0.48 3.87 -4.44 0.48 3.87 -4.44 0.48 3.87 -4.38 0.51 4.03 -4.38 0.24 3.90 -4.38 0.42 3.86 -4.49 0.45 3.86 -4.44 0.45 4.19 -4.49 0.08 4.19 -4.44 0.08 4.17 -4.51 0.07 4.21 -4.38 0.01 4.21 -4.38 0.01 4.19 -4.38 0.08 4.14 -4.49 0.06 4.23 -2.37 0.02 4.23 -4.49 0.02 4.23 -4.44 0.02 4.19 -2.37 0.08 4.14 -4.44 0.06 4.20 -4.38 0.01 4.21 -4.51 0.01 4.21 -4.44 0.01 4.21 -4.44 0.01 4.23 -4.38 0.02 4.21 -0.01 0.01 4.21 -0.01 0.01 4.21 -0.01 0.01 4.21 -0.01 0.01 4.16 -4.38 0.07 4.18 -4.49 0.00 4.18 -4.44 0.00 4.05 4.47 0.26 3.92 4.47 0.45 3.92 4.42 0.45 4.05 4.42 0.26 4.04 4.49 0.25 3.91 4.49 0.42 3.87 4.36 0.49 3.87 4.36 0.49 3.92 4.36 0.45 4.05 4.36 0.26 4.02 4.47 0.23 3.90 4.47 0.40 3.87 -0.01 0.51 3.87 4.47 0.51 3.87 4.42 0.51 4.05 -0.01 0.26 3.92 -0.01 0.45 4.02 4.42 0.23 3.90 4.42 0.40 3.86 4.36 0.47 3.87 4.49 0.48 3.87 4.42 0.48 3.87 4.42 0.48 3.87 4.36 0.51 3.87 -0.01 0.49 3.87 -0.01 0.49 3.87 -0.01 0.49 3.87 -0.01 0.49 4.03 4.36 0.24 3.90 4.36 0.42 3.86 -0.01 0.47 3.86 -0.01 0.47 3.86 4.47 0.45 3.86 4.42 0.45 4.19 4.47 0.08 4.19 4.42 0.08 4.17 4.49 0.07 4.16 -0.01 0.07 4.16 -0.01 0.07 4.21 4.36 0.01 4.21 4.36 0.01 4.19 4.36 0.08 4.14 4.47 0.06 4.23 -0.01 0.02 4.23 4.47 0.02 4.23 4.42 0.02 4.19 -0.01 0.08 4.14 4.42 0.06 4.20 4.36 0.01 4.21 4.49 0.01 4.21 4.42 0.01 4.21 4.42 0.01 4.23 4.36 0.02 4.16 4.36 0.07 4.20 -0.01 0.01 4.20 -0.01 0.01 4.18 4.47 0.00 4.18 4.42 0.00 4.02 4.46 -0.17 3.77 4.46 0.29 3.77 4.46 0.29 4.02 -4.48 -0.17 4.02 -4.48 -0.17 3.77 -4.48 0.29 3.77 -4.48 0.29 3.79 4.46 0.25 3.81 4.46 0.21 3.84 4.46 0.17 3.86 4.46 0.13 3.88 4.46 0.08 3.91 4.46 0.04 3.93 4.46 0.00 3.95 4.46 -0.04 3.98 4.46 -0.08 4.00 4.46 -0.13 3.79 -4.48 0.25 3.81 -4.48 0.21 3.84 -4.48 0.17 3.86 -4.48 0.13 3.88 -4.48 0.08 3.91 -4.48 0.04 3.93 -4.48 0.00 3.95 -4.48 -0.04 3.98 -4.48 -0.08 4.00 -4.48 -0.13 3.88 4.46 -0.27 3.70 4.46 0.25 3.70 4.46 0.25 3.88 -4.48 -0.27 3.88 -4.48 -0.27 3.70 -4.48 0.25 3.70 -4.48 0.25 3.72 4.46 0.21 3.74 4.46 0.16 3.76 4.46 0.11 3.77 4.46 0.06 3.79 4.46 0.02 3.80 4.46 -0.03 3.82 4.46 -0.08 3.83 4.46 -0.12 3.85 4.46 -0.17 3.86 4.46 -0.22 3.72 -4.48 0.21 3.74 -4.48 0.16 3.76 -4.48 0.11 3.77 -4.48 0.06 3.79 -4.48 0.02 3.80 -4.48 -0.03 3.82 -4.48 -0.08 3.83 -4.48 -0.12 3.85 -4.48 -0.17 3.86 -4.48 -0.22 4.15 4.46 -0.01 3.84 4.46 0.41 3.84 4.46 0.41 4.15 -4.48 -0.01 4.15 -4.48 -0.01 3.84 -4.48 0.41 3.84 -4.48 0.41 3.87 4.46 0.38 3.90 4.46 0.34 3.93 4.46 0.30 3.96 4.46 0.26 3.99 4.46 0.22 4.01 4.46 0.19 4.04 4.46 0.15 4.07 4.46 0.11 4.10 4.46 0.07 4.13 4.46 0.03 3.87 -4.48 0.38 3.90 -4.48 0.34 3.93 -4.48 0.30 3.96 -4.48 0.26 3.99 -4.48 0.22 4.01 -4.48 0.19 4.04 -4.48 0.15 4.07 -4.48 0.11 4.10 -4.48 0.07 4.13 -4.48 0.03 4.10 4.46 -0.08 3.81 4.46 0.36 3.81 4.46 0.36 4.10 -4.48 -0.08 4.10 -4.48 -0.08 3.81 -4.48 0.36 3.81 -4.48 0.36 3.84 4.46 0.32 3.87 4.46 0.28 3.89 4.46 0.24 3.92 4.46 0.20 3.95 4.46 0.16 3.97 4.46 0.12 4.00 4.46 0.08 4.02 4.46 0.04 4.05 4.46 0.00 4.08 4.46 -0.04 3.84 -4.48 0.32 3.87 -4.48 0.28 3.89 -4.48 0.24 3.92 -4.48 0.20 3.95 -4.48 0.16 3.97 -4.48 0.12 4.00 -4.48 0.08 4.02 -4.48 0.04 4.05 -4.48 0.00 4.08 -4.48 -0.04 3.65 4.46 -0.32 3.56 4.46 0.24 3.56 4.46 0.24 3.65 -4.48 -0.32 3.65 -4.48 -0.32 3.56 -4.48 0.24 3.56 -4.48 0.24 3.57 4.46 0.19 3.57 4.46 0.14 3.58 4.46 0.09 3.59 4.46 0.04 3.60 4.46 -0.01 3.61 4.46 -0.07 3.62 4.46 -0.12 3.63 4.46 -0.17 3.64 4.46 -0.22 3.64 4.46 -0.27 3.57 -4.48 0.19 3.57 -4.48 0.14 3.58 -4.48 0.09 3.59 -4.48 0.04 3.60 -4.48 -0.01 3.61 -4.48 -0.07 3.62 -4.48 -0.12 3.63 -4.48 -0.17 3.64 -4.48 -0.22 3.64 -4.48 -0.27 3.34 4.46 -0.36 3.35 4.46 0.22 3.35 4.46 0.22 3.34 -4.48 -0.36 3.34 -4.48 -0.36 3.35 -4.48 0.22 3.35 -4.48 0.22 3.35 4.46 0.17 3.35 4.46 0.12 3.35 4.46 0.07 3.35 4.46 0.01 3.35 4.46 -0.04 3.35 4.46 -0.09 3.34 4.46 -0.15 3.34 4.46 -0.20 3.34 4.46 -0.25 3.34 4.46 -0.30 3.35 -4.48 0.17 3.35 -4.48 0.12 3.35 -4.48 0.07 3.35 -4.48 0.01 3.35 -4.48 -0.04 3.35 -4.48 -0.09 3.34 -4.48 -0.15 3.34 -4.48 -0.20 3.34 -4.48 -0.25 3.34 -4.48 -0.30
4.20 4.46 0.05 3.86 4.46 0.44 3.86 4.46 0.44 -2.31 4.46 -0.23 -2.31 4.46 -0.23 -2.31 4.46 -0.23 -2.38 4.46 0.35 -2.38 4.46 0.35 -2.38 4.46 0.35 -2.31 -4.48 -0.23 -2.31 -4.48 -0.23 -2.31 -4.48 -0.23 -2.38 -4.48 0.35 -2.38 -4.48 0.35 -2.38 -4.48 0.35 4.20 -4.48 0.05 4.20 -4.48 0.05 3.86 -4.48 0.44 3.86 -4.48 0.44 3.89 4.46 0.41 3.89 4.46 0.41 3.92 4.46 0.37 3.92 4.46 0.37 3.95 4.46 0.34 3.95 4.46 0.34 3.98 4.46 0.30 3.98 4.46 0.30 4.01 4.46 0.27 4.01 4.46 0.27 4.01 4.46 0.27 4.04 4.46 0.23 4.04 4.46 0.23 4.04 4.46 0.23 4.07 4.46 0.20 4.07 4.46 0.20 4.11 4.46 0.16 4.11 4.46 0.16 4.14 4.46 0.12 4.14 4.46 0.12 4.17 4.46 0.09 4.17 4.46 0.09 -2.37 4.46 0.29 -2.37 4.46 0.29 -2.36 4.46 0.24 -2.36 4.46 0.24 -2.35 4.46 0.19 -2.35 4.46 0.19 -2.34 4.46 0.14 -2.34 4.46 0.14 -2.33 4.46 0.08 -2.33 4.46 0.08 -2.33 4.46 0.03 -2.33 4.46 0.03 -2.32 4.46 -0.02 -2.32 4.46 -0.02 -2.32 4.46 -0.07 -2.32 4.46 -0.07 -2.31 4.46 -0.13 -2.31 4.46 -0.13 -2.31 4.46 -0.18 -2.31 4.46 -0.18 -2.37 -4.48 0.29 -2.37 -4.48 0.29 -2.36 -4.48 0.24 -2.36 -4.48 0.24 -2.35 -4.48 0.19 -2.35 -4.48 0.19 -2.34 -4.48 0.14 -2.34 -4.48 0.14 -2.33 -4.48 0.08 -2.33 -4.48 0.08 -2.32 -4.48 0.03 -2.32 -4.48 0.03 -2.32 -4.48 -0.02 -2.32 -4.48 -0.02 -2.32 -4.48 -0.07 -2.32 -4.48 -0.07 -2.31 -4.48 -0.13 -2.31 -4.48 -0.13 -2.31 -4.48 -0.18 -2.31 -4.48 -0.18 3.89 -4.48 0.41 3.89 -4.48 0.41 3.92 -4.48 0.37 3.92 -4.48 0.37 3.95 -4.48 0.34 3.95 -4.48 0.34 3.98 -4.48 0.30 3.98 -4.48 0.30 4.01 -4.48 0.27 4.01 -4.48 0.27 4.01 -4.48 0.27 4.04 -4.48 0.23 4.04 -4.48 0.23 4.04 -4.48 0.23 4.07 -4.48 0.20 4.07 -4.48 0.20 4.11 -4.48 0.16 4.11 -4.48 0.16 4.14 -4.48 0.12 4.14 -4.48 0.12 4.17 -4.48 0.09 4.17 -4.48 0.09 0.89 4.46 -0.26 0.90 4.46 0.33 0.90 4.46 0.33 0.89 -4.48 -0.26 0.89 -4.48 -0.26 0.90 -4.48 0.33 0.90 -4.48 0.33 0.90 4.46 0.27 0.89 4.46 0.22 0.89 4.46 0.17 0.89 4.46 0.11 0.89 4.46 0.06 0.89 4.46 0.01 0.89 4.46 -0.04 0.89 4.46 -0.10 0.89 4.46 -0.15 0.89 4.46 -0.20 0.90 -4.48 0.27 0.89 -4.48 0.22 0.89 -4.48 0.17 0.89 -4.48 0.11 0.89 -4.48 0.06 0.89 -4.48 0.01 0.89 -4.48 -0.04 0.89 -4.48 -0.10 0.89 -4.48 -0.15 0.89 -4.48 -0.20 1.15 4.46 -0.26 1.16 4.46 0.32 1.16 4.46 0.32 1.15 -4.48 -0.26 1.15 -4.48 -0.26 1.16 -4.48 0.32 1.16 -4.48 0.32 1.16 4.46 0.27 1.16 4.46 0.22 1.15 4.46 0.16 1.15 4.46 0.11 1.15 4.46 0.06 1.15 4.46 0.00 1.15 4.46 -0.05 1.15 4.46 -0.10 1.15 4.46 -0.15 1.15 4.46 -0.21 1.16 -4.48 0.27 1.16 -4.48 0.22 1.15 -4.48 0.16 1.15 -4.48 0.11 1.15 -4.48 0.06 1.15 -4.48 0.00 1.15 -4.48 -0.05 1.15 -4.48 -0.10 1.15 -4.48 -0.15 1.15 -4.48 -0.21 1.41 4.46 -0.26 1.42 4.46 0.32 1.42 4.46 0.32 1.41 -4.48 -0.26 1.41 -4.48 -0.26 1.42 -4.48 0.32 1.42 -4.48 0.32 1.42 4.46 0.26 1.42 4.46 0.21 1.42 4.46 0.16 1.41 4.46 0.11 1.41 4.46 0.05 1.41 4.46 -0.00 1.41 4.46 -0.05 1.41 4.46 -0.11 1.41 4.46 -0.16 1.41 4.46 -0.21 1.42 -4.48 0.26 1.42 -4.48 0.21 1.42 -4.48 0.16 1.41 -4.48 0.11 1.41 -4.48 0.05 1.41 -4.48 -0.00 1.41 -4.48 -0.05 1.41 -4.48 -0.11 1.41 -4.48 -0.16 1.41 -4.48 -0.21 1.67 4.46 -0.27 1.68 4.46 0.31 1.68 4.46 0.31 1.67 -4.48 -0.27 1.67 -4.48 -0.27 1.68 -4.48 0.31 1.68 -4.48 0.31 1.68 4.46 0.26 1.68 4.46 0.21 1.68 4.46 0.15 1.67 4.46 0.10 1.67 4.46 0.05 1.67 4.46 -0.00 1.67 4.46 -0.06 1.67 4.46 -0.11 1.67 4.46 -0.16 1.67 4.46 -0.22 1.68 -4.48 0.26 1.68 -4.48 0.21 1.68 -4.48 0.15 1.67 -4.48 0.10 1.67 -4.48 0.05 1.67 -4.48 -0.00 1.67 -4.48 -0.06 1.67 -4.48 -0.11 1.67 -4.48 -0.16 1.67 -4.48 -0.22 1.93 4.46 -0.28 1.94 4.46 0.30 1.94 4.46 0.30 1.93 -4.48 -0.28 1.93 -4.48 -0.28 1.94 -4.48 0.30 1.94 -4.48 0.30 1.94 4.46 0.25 1.94 4.46 0.20 1.94 4.46 0.14 1.94 4.46 0.09 1.94 4.46 0.04 1.93 4.46 -0.01 1.93 4.46 -0.07 1.93 4.46 -0.12 1.93 4.46 -0.17 1.93 4.46 -0.23 1.94 -4.48 0.25 1.94 -4.48 0.20 1.94 -4.48 0.14 1.94 -4.48 0.09 1.94 -4.48 0.04 1.93 -4.48 -0.01 1.93 -4.48 -0.07 1.93 -4.48 -0.12 1.93 -4.48 -0.17 1.93 -4.48 -0.23 2.19 4.46 -0.29 2.20 4.46 0.29 2.20 4.46 0.29 2.19 -4.48 -0.29 2.19 -4.48 -0.29 2.20 -4.48 0.29 2.20 -4.48 0.29 2.20 4.46 0.24 2.20 4.46 0.19 2.20 4.46 0.14 2.20 4.46 0.08 2.20 4.46 0.03 2.19 4.46 -0.02 2.19 4.46 -0.08 2.19 4.46 -0.13 2.19 4.46 -0.18 2.19 4.46 -0.23 2.20 -4.48 0.24 2.20 -4.48 0.19 2.20 -4.48 0.14 2.20 -4.48 0.08 2.20 -4.48 0.03 2.19 -4.48 -0.02 2.19 -4.48 -0.08 2.19 -4.48 -0.13 2.19 -4.48 -0.18 2.19 -4.48 -0.23 2.45 4.46 -0.30 2.46 4.46 0.28 2.46 4.46 0.28 2.45 -4.48 -0.30 2.45 -4.48 -0.30 2.46 -4.48 0.28 2.46 -4.48 0.28 2.46 4.46 0.23 2.46 4.46 0.18 2.46 4.46 0.13 2.46 4.46 0.07 2.46 4.46 0.02 2.45 4.46 -0.03 2.45 4.46 -0.08 2.45 4.46 -0.14 2.45 4.46 -0.19 2.45 4.46 -0.24 2.46 -4.48 0.23 2.46 -4.48 0.18 2.46 -4.48 0.13 2.46 -4.48 0.07 2.46 -4.48 0.02 2.45 -4.48 -0.03 2.45 -4.48 -0.08 2.45 -4.48 -0.14 2.45 -4.48 -0.19 2.45 -4.48 -0.24 2.71 4.46 -0.31 2.72 4.46 0.28 2.72 4.46 0.28 2.71 -4.48 -0.31 2.71 -4.48 -0.31 2.72 -4.48 0.28 2.72 -4.48 0.28 2.72 4.46 0.22 2.72 4.46 0.17 2.72 4.46 0.12 2.72 4.46 0.06 2.72 4.46 0.01 2.72 4.46 -0.04 2.71 4.46 -0.09 2.71 4.46 -0.15 2.71 4.46 -0.20 2.71 4.46 -0.25 2.72 -4.48 0.22 2.72 -4.48 0.17 2.72 -4.48 0.12 2.72 -4.48 0.06 2.72 -4.48 0.01 2.72 -4.48 -0.04 2.71 -4.48 -0.09 2.71 -4.48 -0.15 2.71 -4.48 -0.20 2.71 -4.48 -0.25 2.97 4.46 -0.31 2.98 4.46 0.27 2.98 4.46 0.27 2.97 -4.48 -0.31 2.97 -4.48 -0.31 2.98 -4.48 0.27 2.98 -4.48 0.27 2.98 4.46 0.21 2.98 4.46 0.16 2.98 4.46 0.11 2.98 4.46 0.06 2.98 4.46 0.00 2.98 4.46 -0.05 2.97 4.46 -0.10 2.97 4.46 -0.16 2.97 4.46 -0.21 2.97 4.46 -0.26 2.98 -4.48 0.21 2.98 -4.48 0.16 2.98 -4.48 0.11 2.98 -4.48 0.06 2.98 -4.48 0.00 2.98 -4.48 -0.05 2.97 -4.48 -0.10 2.97 -4.48 -0.16 2.97 -4.48 -0.21 2.97 -4.48 -0.26 3.23 4.46 -0.32 3.24 4.46 0.26 3.24 4.46 0.26 3.23 -4.48 -0.32 3.23 -4.48 -0.32 3.24 -4.48 0.26 3.24 -4.48 0.26 3.24 4.46 0.20 3.24 4.46 0.15 3.24 4.46 0.10 3.24 4.46 0.05 3.24 4.46 -0.01 3.24 4.46 -0.06 3.23 4.46 -0.11 3.23 4.46 -0.17 3.23 4.46 -0.22 3.23 4.46 -0.27 3.24 -4.48 0.20 3.24 -4.48 0.15 3.24 -4.48 0.10 3.24 -4.48 0.05 3.24 -4.48 -0.01 3.24 -4.48 -0.06 3.23 -4.48 -0.11 3.23 -4.48 -0.17 3.23 -4.48 -0.22 3.23 -4.48 -0.27 -1.51 4.46 -0.23 -1.55 4.46 0.35 -1.55 4.46 0.35 -1.51 -4.48 -0.23 -1.51 -4.48 -0.23 -1.55 -4.48 0.35 -1.55 -4.48 0.35 -1.55 4.46 0.29 -1.54 4.46 0.24 -1.53 4.46 0.19 -1.53 4.46 0.14 -1.52 4.46 0.08 -1.52 4.46 0.03 -1.52 4.46 -0.02 -1.51 4.46 -0.07 -1.51 4.46 -0.13 -1.51 4.46 -0.18 -1.55 -4.48 0.29 -1.54 -4.48 0.24 -1.53 -4.48 0.19 -1.53 -4.48 0.14 -1.52 -4.48 0.08 -1.52 -4.48 0.03 -1.52 -4.48 -0.02 -1.51 -4.48 -0.07 -1.51 -4.48 -0.13 -1.51 -4.48 -0.18 -1.00 4.46 -0.24 -1.02 4.46 0.34 -1.02 4.46 0.34 -1.00 -4.48 -0.24 -1.00 -4.48 -0.24 -1.02 -4.48 0.34 -1.02 -4.48 0.34 -1.02 4.46 0.29 -1.02 4.46 0.24 -1.02 4.46 0.19 -1.02 4.46 0.13 -1.01 4.46 0.08 -1.01 4.46 0.03 -1.01 4.46 -0.02 -1.01 4.46 -0.08 -1.01 4.46 -0.13 -1.01 4.46 -0.18 -1.02 -4.48 0.29 -1.02 -4.48 0.24 -1.02 -4.48 0.19 -1.01 -4.48 0.13 -1.01 -4.48 0.08 -1.01 -4.48 0.03 -1.01 -4.48 -0.02 -1.01 -4.48 -0.08 -1.01 -4.48 -0.13 -1.00 -4.48 -0.18 -0.49 4.46 -0.24 -0.49 4.46 0.34 -0.49 4.46 0.34 -0.48 -4.48 -0.24 -0.48 -4.48 -0.24 -0.49 -4.48 0.34 -0.49 -4.48 0.34 -0.49 4.46 0.29 -0.49 4.46 0.24 -0.49 4.46 0.19 -0.49 4.46 0.13 -0.49 4.46 0.08 -0.49 4.46 0.03 -0.49 4.46 -0.03 -0.49 4.46 -0.08 -0.49 4.46 -0.13 -0.49 4.46 -0.18 -0.49 -4.48 0.29 -0.49 -4.48 0.24 -0.49 -4.48 0.19 -0.49 -4.48 0.13 -0.49 -4.48 0.08 -0.49 -4.48 0.03 -0.49 -4.48 -0.03 -0.49 -4.48 -0.08 -0.49 -4.48 -0.13 -0.49 -4.48 -0.18 0.03 4.46 -0.24 0.03 4.46 0.34 0.03 4.46 0.34 0.03 -4.48 -0.24 0.03 -4.48 -0.24 0.03 -4.48 0.34 0.03 -4.48 0.34 0.03 4.46 0.29 0.03 4.46 0.23 0.03 4.46 0.18 0.03 4.46 0.13 0.03 4.46 0.07 0.03 4.46 0.02 0.03 4.46 -0.03 0.03 4.46 -0.08 0.03 4.46 -0.14 0.03 4.46 -0.19 0.03 -4.48 0.29 0.03 -4.48 0.23 0.03 -4.48 0.18 0.03 -4.48 0.13 0.03 -4.48 0.07 0.03 -4.48 0.02 0.03 -4.48 -0.03 0.03 -4.48 -0.08 0.03 -4.48 -0.14 0.03 -4.48 -0.19 0.55 4.46 -0.25 0.55 4.46 0.33 0.55 4.46 0.33 0.55 -4.48 -0.25 0.55 -4.48 -0.25 0.55 -4.48 0.33 0.55 -4.48 0.33 0.55 4.46 0.28 0.55 4.46 0.23 0.55 4.46 0.17 0.55 4.46 0.12 0.55 4.46 0.07 0.55 4.46 0.01 0.55 4.46 -0.04 0.55 4.46 -0.09 0.55 4.46 -0.14 0.55 4.46 -0.20 0.55 -4.48 0.28 0.55 -4.48 0.23 0.55 -4.48 0.17 0.55 -4.48 0.12 0.55 -4.48 0.07 0.55 -4.48 0.01 0.55 -4.48 -0.04 0.55 -4.48 -0.09 0.55 -4.48 -0.14 0.55 -4.48 -0.20 4.06 -4.49 0.29 3.91 -4.49 0.46 3.91 -4.44 0.46 4.06 -4.44 0.29 4.05 -4.51 0.27 3.90 -4.51 0.43 3.90 -0.01 0.42 3.90 -0.01 0.42 3.86 -4.38 0.49 3.86 -4.38 0.49 3.91 -4.38 0.46 4.06 -4.38 0.29 4.03 -4.49 0.25 3.89 -4.49 0.40 3.86 -2.37 0.51 3.86 -4.49 0.51 3.86 -4.44 0.51 4.04 -0.01 0.27 4.04 -0.01 0.27 4.06 -2.37 0.29 3.91 -2.37 0.46 4.03 -4.44 0.25 3.89 -4.44 0.40 3.86 -4.38 0.48 3.86 -4.51 0.48 3.86 -4.44 0.49 3.86 -4.44 0.49 3.86 -4.38 0.51 4.04 -4.38 0.27 3.90 -4.38 0.42 3.85 -4.49 0.45 3.85 -4.44 0.45 4.20 -4.49 0.12 4.20 -4.44 0.12 4.19 -4.51 0.11 4.24 -4.38 0.06 4.24 -4.38 0.06 4.20 -4.38 0.12 4.16 -4.49 0.09 4.25 -2.37 0.06 4.25 -4.49 0.06 4.25 -4.44 0.06 4.20 -2.37 0.12 4.16 -4.44 0.09 4.22 -4.38 0.05 4.23 -4.51 0.06 4.23 -4.44 0.06 4.23 -4.44 0.06 4.25 -4.38 0.06 4.24 -0.01 0.06 4.24 -0.01 0.06 4.24 -0.01 0.06 4.24 -0.01 0.06 4.18 -4.38 0.10 4.21 -4.49 0.04 4.21 -4.44 0.04 4.06 4.47 0.29 3.91 4.47 0.46 3.91 4.42 0.46 4.06 4.42 0.29 4.05 4.49 0.27 3.90 4.49 0.43 3.86 4.36 0.49 3.86 4.36 0.49 3.91 4.36 0.46 4.06 4.36 0.29 4.03 4.47 0.25 3.89 4.47 0.40 3.86 -0.01 0.51 3.86 4.47 0.51 3.86 4.42 0.51 4.06 -0.01 0.29 3.91 -0.01 0.46 4.03 4.42 0.25 3.89 4.42 0.40 3.86 4.36 0.48 3.86 4.49 0.48 3.86 4.42 0.49 3.86 4.42 0.49 3.86 4.36 0.51 3.86 -0.01 0.49 3.86 -0.01 0.49 3.86 -0.01 0.49 3.86 -0.01 0.49 4.04 4.36 0.27 3.90 4.36 0.42 3.86 -0.01 0.48 3.86 -0.01 0.48 3.85 4.47 0.45 3.85 4.42 0.45 4.20 4.47 0.12 4.20 4.42 0.12 4.19 4.49 0.11 4.18 -0.01 0.10 4.18 -0.01 0.10 4.24 4.36 0.06 4.24 4.36 0.06 4.20 4.36 0.12 4.16 4.47 0.09 4.25 -0.01 0.06 4.25 4.47 0.06 4.25 4.42 0.06 4.20 -0.01 0.12 4.16 4.42 0.09 4.22 4.36 0.05 4.23 4.49 0.06 4.23 4.42 0.06 4.23 4.42 0.06 4.25 4.36 0.06 4.18 4.36 0.10 4.22 -0.01 0.05 4.22 -0.01 0.05 4.21 4.47 0.04 4.21 4.42 0.04 4.05 4.46 -0.15 3.78 4.46 0.29 3.78 4.46 0.29 4.05 -4.48 -0.15 4.05 -4.48 -0.15 3.78 -4.48 0.29 3.78 -4.48 0.29 3.81 4.46 0.25 3.83 4.46 0.21 3.85 4.46 0.17 3.88 4.46 0.13 3.90 4.46 0.09 3.93 4.46 0.05 3.95 4.46 0.01 3.98 4.46 -0.03 4.00 4.46 -0.07 4.03 4.46 -0.11 3.81 -4.48 0.25 3.83 -4.48 0.21 3.85 -4.48 0.17 3.88 -4.48 0.13 3.90 -4.48 0.09 3.93 -4.48 0.05 3.95 -4.48 0.01 3.98 -4.48 -0.03 4.00 -4.48 -0.07 4.03 -4.48 -0.11 3.91 4.46 -0.25 3.73 4.46 0.25 3.73 4.46 0.25 3.91 -4.48 -0.25 3.91 -4.48 -0.25 3.73 -4.48 0.25 3.73 -4.48 0.25 3.75 4.46 0.21 3.77 4.46 0.16 3.78 4.46 0.12 3.80 4.46 0.07 3.81 4.46 0.02 3.83 4.46 -0.02 3.85 4.46 -0.07 3.86 4.46 -0.12 3.88 4.46 -0.16 3.89 4.46 -0.21 3.75 -4.48 0.21 3.77 -4.48 0.16 3.78 -4.48 0.12 3.80 -4.48 0.07 3.81 -4.48 0.02 3.83 -4.48 -0.02 3.85 -4.48 -0.07 3.86 -4.48 -0.12 3.88 -4.48 -0.16 3.89 -4.48 -0.21 4.18 4.46 0.03 3.84 4.46 0.42 3.84 4.46 0.42 4.18 -4.48 0.03 4.18 -4.48 0.03 3.84 -4.48 0.42 3.84 -4.48 0.42 3.87 4.46 0.38 3.90 4.46 0.35 3.93 4.46 0.31 3.97 4.46 0.28 4.00 4.46 0.24 4.03 4.46 0.21 4.06 4.46 0.17 4.09 4.46 0.14 4.12 4.46 0.10 4.15 4.46 0.06 3.87 -4.48 0.38 3.90 -4.48 0.35 3.93 -4.48 0.31 3.97 -4.48 0.28 4.00 -4.48 0.24 4.03 -4.48 0.21 4.06 -4.48 0.17 4.09 -4.48 0.14 4.12 -4.48 0.10 4.15 -4.48 0.06 4.13 4.46 -0.05 3.82 4.46 0.36 3.82 4.46 0.36 4.13 -4.48 -0.05 4.13 -4.48 -0.05 3.82 -4.48 0.36 3.82 -4.48 0.36 3.85 4.46 0.32 3.88 4.46 0.28 3.90 4.46 0.25 3.93 4.46 0.21 3.96 4.46 0.17 3.99 4.46 0.14 4.02 4.46 0.10 4.05 4.46 0.06 4.07 4.46 0.02 4.10 4.46 -0.01 3.85 -4.48 0.32 3.88 -4.48 0.28 3.90 -4.48 0.25 3.93 -4.48 0.21 3.96 -4.48 0.17 3.99 -4.48 0.14 4.02 -4.48 0.10 4.05 -4.48 0.06 4.07 -4.48 0.02 4.10 -4.48 -0.01 3.67 4.46 -0.30 3.59 4.46 0.27 3.59 4.46 0.27 3.67 -4.48 -0.30 3.67 -4.48 -0.30 3.59 -4.48 0.27 3.59 -4.48 0.27 3.60 4.46 0.22 3.61 4.46 0.16 3.61 4.46 0.11 3.62 4.46 0.06 3.63 4.46 0.01 3.63 4.46 -0.04 3.64 4.46 -0.10 3.65 4.46 -0.15 3.65 4.46 -0.20 3.66 4.46 -0.25 3.60 -4.48 0.22 3.61 -4.48 0.16 3.61 -4.48 0.11 3.62 -4.48 0.06 3.63 -4.48 0.01 3.63 -4.48 -0.04 3.64 -4.48 -0.10 3.65 -4.48 -0.15 3.65 -4.48 -0.20 3.66 -4.48 -0.25 3.36 4.46 -0.33 3.38 4.46 0.25 3.38 4.46 0.25 3.36 -4.48 -0.33 3.36 -4.48 -0.33 3.38 -4.48 0.25 3.38 -4.48 0.25 3.37 4.46 0.20 3.37 4.46 0.15 3.37 4.46 0.09 3.37 4.46 0.04 3.37 4.46 -0.01 3.37 4.46 -0.06 3.37 4.46 -0.12 3.37 4.46 -0.17 3.36 4.46 -0.22 3.36 4.46 -0.28 3.37 -4.48 0.20 3.37 -4.48 0.15 3.37 -4.48 0.09 3.37 -4.48 0.04 3.37 -4.48 -0.01 3.37 -4.48 -0.06 3.37 -4.48 -0.12 3.37 -4.48 -0.17 3.36 -4.48 -0.22 3.36 -4.48 -0.28
4.21 4.46 0.09 3.85 4.46 0.44 3.85 4.46 0.44 -2.29 4.46 -0.23 -2.29 4.46 -0.23 -2.29 4.46 -0.23 -2.36 4.46 0.35 -2.36 4.46 0.35 -2.36 4.46 0.35 -2.29 -4.48 -0.23 -2.29 -4.48 -0.23 -2.29 -4.48 -0.23 -2.36 -4.48 0.35 -2.36 -4.48 0.35 -2.36 -4.48 0.35 4.21 -4.48 0.09 4.21 -4.48 0.09 3.85 -4.48 0.44 3.85 -4.48 0.44 3.89 4.46 0.41 3.89 4.46 0.41 3.92 4.46 0.38 3.92 4.46 0.38 3.95 4.46 0.35 3.95 4.46 0.35 3.99 4.46 0.32 3.99 4.46 0.32 4.02 4.46 0.29 4.02 4.46 0.29 4.02 4.46 0.29 4.05 4.46 0.25 4.05 4.46 0.25 4.05 4.46 0.25 4.09 4.46 0.22 4.09 4.46 0.22 4.12 4.46 0.19 4.12 4.46 0.19 4.15 4.46 0.16 4.15 4.46 0.16 4.18 4.46 0.12 4.18 4.46 0.12 -2.35 4.46 0.30 -2.35 4.46 0.30 -2.34 4.46 0.25 -2.34 4.46 0.25 -2.33 4.46 0.19 -2.33 4.46 0.19 -2.32 4.46 0.14 -2.32 4.46 0.14 -2.31 4.46 0.09 -2.31 4.46 0.09 -2.31 4.46 0.04 -2.31 4.46 0.04 -2.30 4.46 -0.02 -2.30 4.46 -0.02 -2.30 4.46 -0.07 -2.30 4.46 -0.07 -2.29 4.46 -0.12 -2.29 4.46 -0.12 -2.29 4.46 -0.17 -2.29 4.46 -0.17 -2.35 -4.48 0.30 -2.35 -4.48 0.30 -2.34 -4.48 0.25 -2.34 -4.48 0.25 -2.33 -4.48 0.19 -2.33 -4.48 0.19 -2.32 -4.48 0.14 -2.32 -4.48 0.14 -2.31 -4.48 0.09 -2.31 -4.48 0.09 -2.30 -4.48 0.04 -2.30 -4.48 0.04 -2.30 -4.48 -0.02 -2.30 -4.48 -0.02 -2.30 -4.48 -0.07 -2.30 -4.48 -0.07 -2.29 -4.48 -0.12 -2.29 -4.48 -0.12 -2.29 -4.48 -0.17 -2.29 -4.48 -0.17 3.89 -4.48 0.41 3.89 -4.48 0.41 3.92 -4.48 0.38 3.92 -4.48 0.38 3.95 -4.48 0.35 3.95 -4.48 0.35 3.99 -4.48 0.32 3.99 -4.48 0.32 4.02 -4.48 0.29 4.02 -4.48 0.29 4.02 -4.48 0.29 4.05 -4.48 0.25 4.05 -4.48 0.25 4.05 -4.48 0.25 4.09 -4.48 0.22 4.09 -4.48 0.22 4.12 -4.48 0.19 4.12 -4.48 0.19 4.15 -4.48 0.16 4.15 -4.48 0.16 4.18 -4.48 0.12 4.18 -4.48 0.12 0.91 4.46 -0.24 0.91 4.46 0.34 0.91 4.46 0.34 0.91 -4.48 -0.24 0.91 -4.48 -0.24 0.91 -4.48 0.34 0.91 -4.48 0.34 0.91 4.46 0.29 0.91 4.46 0.24 0.91 4.46 0.18 0.91 4.46 0.13 0.91 4.46 0.08 0.91 4.46 0.02 0.91 4.46 -0.03 0.91 4.46 -0.08 0.91 4.46 -0.13 0.91 4.46 -0.19 0.91 -4.48 0.29 0.91 -4.48 0.24 0.91 -4.48 0.18 0.91 -4.48 0.13 0.91 -4.48 0.08 0.91 -4.48 0.02 0.91 -4.48 -0.03 0.91 -4.48 -0.08 0.91 -4.48 -0.13 0.91 -4.48 -0.19 1.17 4.46 -0.24 1.17 4.46 0.34 1.17 4.46 0.34 1.17 -4.48 -0.24 1.17 -4.48 -0.24 1.17 -4.48 0.34 1.17 -4.48 0.34 1.17 4.46 0.29 1.17 4.46 0.23 1.17 4.46 0.18 1.17 4.46 0.13 1.17 4.46 0.08 1.17 4.46 0.02 1.17 4.46 -0.03 1.17 4.46 -0.08 1.17 4.46 -0.14 1.17 4.46 -0.19 1.17 -4.48 0.29 1.17 -4.48 0.23 1.17 -4.48 0.18 1.17 -4.48 0.13 1.17 -4.48 0.08 1.17 -4.48 0.02 1.17 -4.48 -0.03 1.17 -4.48 -0.08 1.17 -4.48 -0.14 1.17 -4.48 -0.19 1.43 4.46 -0.24 1.44 4.46 0.34 1.44 4.46 0.34 1.43 -4.48 -0.24 1.43 -4.48 -0.24 1.44 -4.48 0.34 1.44 -4.48 0.34 1.43 4.46 0.29 1.43 4.46 0.23 1.43 4.46 0.18 1.43 4.46 0.13 1.43 4.46 0.07 1.43 4.46 0.02 1.43 4.46 -0.03 1.43 4.46 -0.08 1.43 4.46 -0.14 1.43 4.46 -0.19 1.43 -4.48 0.29 1.43 -4.48 0.23 1.43 -4.48 0.18 1.43 -4.48 0.13 1.43 -4.48 0.07 1.43 -4.48 0.02 1.43 -4.48 -0.03 1.43 -4.48 -0.08 1.43 -4.48 -0.14 1.43 -4.48 -0.19 1.69 4.46 -0.24 1.70 4.46 0.34 1.70 4.46 0.34 1.69 -4.48 -0.24 1.69 -4.48 -0.24 1.70 -4.48 0.34 1.70 -4.48 0.34 1.70 4.46 0.28 1.70 4.46 0.23 1.69 4.46 0.18 1.69 4.46 0.13 1.69 4.46 0.07 1.69 4.46 0.02 1.69 4.46 -0.03 1.69 4.46 -0.09 1.69 4.46 -0.14 1.69 4.46 -0.19 1.70 -4.48 0.28 1.70 -4.48 0.23 1.69 -4.48 0.18 1.69 -4.48 0.13 1.69 -4.48 0.07 1.69 -4.48 0.02 1.69 -4.48 -0.03 1.69 -4.48 -0.09 1.69 -4.48 -0.14 1.69 -4.48 -0.19 1.95 4.46 -0.25 1.96 4.46 0.33 1.96 4.46 0.33 1.95 -4.48 -0.25 1.95 -4.48 -0.25 1.96 -4.48 0.33 1.96 -4.48 0.33 1.96 4.46 0.28 1.96 4.46 0.22 1.96 4.46 0.17 1.96 4.46 0.12 1.96 4.46 0.07 1.95 4.46 0.01 1.95 4.46 -0.04 1.95 4.46 -0.09 1.95 4.46 -0.15 1.95 4.46 -0.20 1.96 -4.48 0.28 1.96 -4.48 0.22 1.96 -4.48 0.17 1.96 -4.48 0.12 1.96 -4.48 0.07 1.95 -4.48 0.01 1.95 -4.48 -0.04 1.95 -4.48 -0.09 1.95 -4.48 -0.15 1.95 -4.48 -0.20 2.21 4.46 -0.26 2.22 4.46 0.32 2.22 4.46 0.32 2.21 -4.48 -0.26 2.21 -4.48 -0.26 2.22 -4.48 0.32 2.22 -4.48 0.32 2.22 4.46 0.27 2.22 4.46 0.22 2.22 4.46 0.16 2.22 4.46 0.11 2.22 4.46 0.06 2.22 4.46 0.00 2.21 4.46 -0.05 2.21 4.46 -0.10 2.21 4.46 -0.15 2.21 4.46 -0.21 2.22 -4.48 0.27 2.22 -4.48 0.22 2.22 -4.48 0.16 2.22 -4.48 0.11 2.22 -4.48 0.06 2.22 -4.48 0.00 2.21 -4.48 -0.05 2.21 -4.48 -0.10 2.21 -4.48 -0.15 2.21 -4.48 -0.21 2.47 4.46 -0.27 2.48 4.46 0.31 2.48 4.46 0.31 2.47 -4.48 -0.27 2.47 -4.48 -0.27 2.48 -4.48 0.31 2.48 -4.48 0.31 2.48 4.46 0.26 2.48 4.46 0.21 2.48 4.46 0.15 2.48 4.46 0.10 2.48 4.46 0.05 2.48 4.46 -0.00 2.47 4.46 -0.06 2.47 4.46 -0.11 2.47 4.46 -0.16 2.47 4.46 -0.22 2.48 -4.48 0.26 2.48 -4.48 0.21 2.48 -4.48 0.15 2.48 -4.48 0.10 2.48 -4.48 0.05 2.48 -4.48 -0.00 2.47 -4.48 -0.06 2.47 -4.48 -0.11 2.47 -4.48 -0.16 2.47 -4.48 -0.22 2.73 4.46 -0.28 2.74 4.46 0.30 2.74 4.46 0.30 2.73 -4.48 -0.28 2.73 -4.48 -0.28 2.74 -4.48 0.30 2.74 -4.48 0.30 2.74 4.46 0.25 2.74 4.46 0.20 2.74 4.46 0.15 2.74 4.46 0.09 2.74 4.46 0.04 2.74 4.46 -0.01 2.73 4.46 -0.07 2.73 4.46 -0.12 2.73 4.46 -0.17 2.73 4.46 -0.22 2.74 -4.48 0.25 2.74 -4.48 0.20 2.74 -4.48 0.15 2.74 -4.48 0.09 2.74 -4.48 0.04 2.74 -4.48 -0.01 2.73 -4.48 -0.07 2.73 -4.48 -0.12 2.73 -4.48 -0.17 2.73 -4.48 -0.22 2.99 4.46 -0.29 3.00 4.46 0.30 3.00 4.46 0.30 2.99 -4.48 -0.29 2.99 -4.48 -0.29 3.00 -4.48 0.30 3.00 -4.48 0.30 3.00 4.46 0.24 3.00 4.46 0.19 3.00 4.46 0.14 3.00 4.46 0.08 3.00 4.46 0.03 3.00 4.46 -0.02 3.00 4.46 -0.07 2.99 4.46 -0.13 2.99 4.46 -0.18 2.99 4.46 -0.23 3.00 -4.48 0.24 3.00 -4.48 0.19 3.00 -4.48 0.14 3.00 -4.48 0.08 3.00 -4.48 0.03 3.00 -4.48 -0.02 3.00 -4.48 -0.07 2.99 -4.48 -0.13 2.99 -4.48 -0.18 2.99 -4.48 -0.23 3.25 4.46 -0.29 3.26 4.46 0.29 3.26 4.46 0.29 3.25 -4.48 -0.29 3.25 -4.48 -0.29 3.26 -4.48 0.29 3.26 -4.48 0.29 3.26 4.46 0.23 3.26 4.46 0.18 3.26 4.46 0.13 3.26 4.46 0.08 3.26 4.46 0.02 3.26 4.46 -0.03 3.26 4.46 -0.08 3.25 4.46 -0.14 3.25 4.46 -0.19 3.25 4.46 -0.24 3.26 -4.48 0.23 3.26 -4.48 0.18 3.26 -4.48 0.13 3.26 -4.48 0.08 3.26 -4.48 0.02 3.26 -4.48 -0.03 3.26 -4.48 -0.08 3.25 -4.48 -0.14 3.25 -4.48 -0.19 3.25 -4.48 -0.24 -1.49 4.46 -0.23 -1.53 4.46 0.35 -1.53 4.46 0.35 -1.49 -4.48 -0.23 -1.49 -4.48 -0.23 -1.53 -4.48 0.35 -1.53 -4.48 0.35 -1.53 4.46 0.30 -1.52 4.46 0.24 -1.51 4.46 0.19 -1.51 4.46 0.14 -1.50 4.46 0.09 -1.50 4.46 0.03 -1.50 4.46 -0.02 -1.49 4.46 -0.07 -1.49 4.46 -0.12 -1.49 4.46 -0.18 -1.53 -4.48 0.30 -1.52 -4.48 0.24 -1.51 -4.48 0.19 -1.51 -4.48 0.14 -1.50 -4.48 0.09 -1.50 -4.48 0.03 -1.49 -4.48 -0.02 -1.49 -4.48 -0.07 -1.49 -4.48 -0.12 -1.49 -4.48 -0.18 -0.98 4.46 -0.23 -1.00 4.46 0.35 -1.00 4.46 0.35 -0.98 -4.48 -0.23 -0.98 -4.48 -0.23 -1.00 -4.48 0.35 -1.00 -4.48 0.35 -1.00 4.46 0.30 -1.00 4.46 0.24 -1.00 4.46 0.19 -0.99 4.46 0.14 -0.99 4.46 0.08 -0.99 4.46 0.03 -0.99 4.46 -0.02 -0.99 4.46 -0.07 -0.99 4.46 -0.13 -0.98 4.46 -0.18 -1.00 -4.48 0.30 -1.00 -4.48 0.24 -1.00 -4.48 0.19 -0.99 -4.48 0.14 -0.99 -4.48 0.08 -0.99 -4.48 0.03 -0.99 -4.48 -0.02 -0.99 -4.48 -0.07 -0.99 -4.48 -0.13 -0.98 -4.48 -0.18 -0.47 4.46 -0.23 -0.47 4.46 0.35 -0.47 4.46 0.35 -0.46 -4.48 -0.23 -0.46 -4.48 -0.23 -0.47 -4.48 0.35 -0.47 -4.48 0.35 -0.47 4.46 0.29 -0.47 4.46 0.24 -0.47 4.46 0.19 -0.47 4.46 0.14 -0.47 4.46 0.08 -0.47 4.46 0.03 -0.47 4.46 -0.02 -0.47 4.46 -0.08 -0.47 4.46 -0.13 -0.47 4.46 -0.18 -0.47 -4.48 0.29 -0.47 -4.48 0.24 -0.47 -4.48 0.19 -0.47 -4.48 0.14 -0.47 -4.48 0.08 -0.47 -4.48 0.03 -0.47 -4.48 -0.02 -0.47 -4.48 -0.08 -0.47 -4.48 -0.13 -0.47 -4.48 -0.18 0.05 4.46 -0.24 0.05 4.46 0.35 0.05 4.46 0.35 0.05 -4.48 -0.24 0.05 -4.48 -0.24 0.05 -4.48 0.35 0.05 -4.48 0.35 0.05 4.46 0.29 0.05 4.46 0.24 0.05 4.46 0.19 0.05 4.46 0.13 0.05 4.46 0.08 0.05 4.46 0.03 0.05 4.46 -0.02 0.05 4.46 -0.08 0.05 4.46 -0.13 0.05 4.46 -0.18 0.05 -4.48 0.29 0.05 -4.48 0.24 0.05 -4.48 0.19 0.05 -4.48 0.13 0.05 -4.48 0.08 0.05 -4.48 0.03 0.05 -4.48 -0.02 0.05 -4.48 -0.08 0.05 -4.48 -0.13 0.05 -4.48 -0.18 0.57 4.46 -0.24 0.57 4.46 0.34 0.57 4.46 0.34 0.57 -4.48 -0.24 0.57 -4.48 -0.24 0.57 -4.48 0.34 0.57 -4.48 0.34 0.57 4.46 0.29 0.57 4.46 0.24 0.57 4.46 0.18 0.57 4.46 0.13 0.57 4.46 0.08 0.57 4.46 0.03 0.57 4.46 -0.03 0.57 4.46 -0.08 0.57 4.46 -0.13 0.57 4.46 -0.19 0.57 -4.48 0.29 0.57 -4.48 0.24 0.57 -4.48 0.18 0.57 -4.48 0.13 0.57 -4.48 0.08 0.57 -4.48 0.03 0.57 -4.48 -0.03 0.57 -4.48 -0.08 0.57 -4.48 -0.13 0.57 -4.48 -0.19 4.06 -4.49 0.31 3.91 -4.49 0.47 3.91 -4.44 0.47 4.06 -4.44 0.31 4.05 -4.51 0.30 3.90 -4.51 0.44 3.90 -0.01 0.43 3.90 -0.01 0.43 3.85 -4.38 0.50 3.85 -4.38 0.50 3.91 -4.38 0.47 4.06 -4.38 0.31 4.04 -4.49 0.27 3.89 -4.49 0.41 3.86 -2.37 0.51 3.86 -4.49 0.51 3.86 -4.44 0.51 4.05 -0.01 0.29 4.05 -0.01 0.29 4.06 -2.37 0.31 3.91 -2.37 0.47 4.04 -4.44 0.27 3.89 -4.44 0.41 3.85 -4.38 0.48 3.85 -4.51 0.49 3.85 -4.44 0.49 3.85 -4.44 0.49 3.86 -4.38 0.51 4.05 -4.38 0.29 3.90 -4.38 0.43 3.85 -4.49 0.45 3.85 -4.44 0.45 4.22 -4.49 0.16 4.22 -4.44 0.16 4.20 -4.51 0.15 4.26 -4.38 0.10 4.26 -4.38 0.10 4.22 -4.38 0.16 4.18 -4.49 0.13 4.27 -2.37 0.11 4.27 -4.49 0.11 4.27 -4.44 0.11 4.22 -2.37 0.16 4.18 -4.44 0.13 4.24 -4.38 0.09 4.25 -4.51 0.10 4.25 -4.44 0.10 4.25 -4.44 0.10 4.27 -4.38 0.11 4.26 -0.01 0.10 4.26 -0.01 0.10 4.26 -0.01 0.10 4.26 -0.01 0.10 4.20 -4.38 0.14 4.23 -4.49 0.08 4.23 -4.44 0.08 4.06 4.47 0.31 3.91 4.47 0.47 3.91 4.42 0.47 4.06 4.42 0.31 4.05 4.49 0.30 3.90 4.49 0.44 3.85 4.36 0.50 3.85 4.36 0.50 3.91 4.36 0.47 4.06 4.36 0.31 4.04 4.47 0.27 3.89 4.47 0.41 3.86 -0.01 0.51 3.86 4.47 0.51 3.86 4.42 0.51 4.06 -0.01 0.31 3.91 -0.01 0.47 4.04 4.42 0.27 3.89 4.42 0.41 3.85 4.36 0.48 3.85 4.49 0.49 3.85 4.42 0.49 3.85 4.42 0.49 3.86 4.36 0.51 3.85 -0.01 0.50 3.85 -0.01 0.50 3.85 -0.01 0.50 3.85 -0.01 0.50 4.05 4.36 0.29 3.90 4.36 0.43 3.85 -0.01 0.48 3.85 -0.01 0.48 3.85 4.47 0.45 3.85 4.42 0.45 4.22 4.47 0.16 4.22 4.42 0.16 4.20 4.49 0.15 4.20 -0.01 0.14 4.20 -0.01 0.14 4.26 4.36 0.10 4.26 4.36 0.10 4.22 4.36 0.16 4.18 4.47 0.13 4.27 -0.01 0.11 4.27 4.47 0.11 4.27 4.42 0.11 4.22 -0.01 0.16 4.18 4.42 0.13 4.24 4.36 0.09 4.25 4.49 0.10 4.25 4.42 0.10 4.25 4.42 0.10 4.27 4.36 0.11 4.20 4.36 0.14 4.24 -0.01 0.09 4.24 -0.01 0.09 4.23 4.47 0.08 4.23 4.42 0.08 4.08 4.46 -0.13 3.79 4.46 0.28 3.79 4.46 0.28 4.08 -4.48 -0.13 4.08 -4.48 -0.13 3.79 -4.48 0.28 3.79 -4.48 0.28 3.82 4.46 0.25 3.85 4.46 0.21 3.87 4.46 0.17 3.90 4.46 0.13 3.92 4.46 0.10 3.95 4.46 0.06 3.98 4.46 0.02 4.00 4.46 -0.01 4.03 4.46 -0.05 4.05 4.46 -0.09 3.82 -4.48 0.25 3.85 -4.48 0.21 3.87 -4.48 0.17 3.90 -4.48 0.13 3.92 -4.48 0.10 3.95 -4.48 0.06 3.98 -4.48 0.02 4.00 -4.48 -0.01 4.03 -4.48 -0.05 4.05 -4.48 -0.09 3.93 4.46 -0.24 3.76 4.46 0.25 3.76 4.46 0.25 3.93 -4.48 -0.24 3.93 -4.48 -0.24 3.76 -4.48 0.25 3.76 -4.48 0.25 3.78 4.46 0.21 3.80 4.46 0.17 3.81 4.46 0.12 3.83 4.46 0.08 3.84 4.46 0.03 3.85 4.46 -0.01 3.87 4.46 -0.06 3.88 4.46 -0.10 3.90 4.46 -0.15 3.91 4.46 -0.20 3.78 -4.48 0.21 3.80 -4.48 0.17 3.81 -4.48 0.12 3.83 -4.48 0.08 3.84 -4.48 0.03 3.85 -4.48 -0.01 3.87 -4.48 -0.06 3.88 -4.48 -0.10 3.90 -4.48 -0.15 3.91 -4.48 -0.20 4.20 4.46 0.06 3.84 4.46 0.42 3.84 4.46 0.42 4.20 -4.48 0.06 4.20 -4.48 0.06 3.84 -4.48 0.42 3.84 -4.48 0.42 3.87 4.46 0.39 3.90 4.46 0.36 3.94 4.46 0.32 3.97 4.46 0.29 4.00 4.46 0.26 4.04 4.46 0.23 4.07 4.46 0.20 4.10 4.46 0.16 4.13 4.46 0.13 4.17 4.46 0.10 3.87 -4.48 0.39 3.90 -4.48 0.36 3.94 -4.48 0.32 3.97 -4.48 0.29 4.00 -4.48 0.26 4.04 -4.48 0.23 4.07 -4.48 0.20 4.10 -4.48 0.16 4.13 -4.48 0.13 4.17 -4.48 0.10 4.15 4.46 -0.02 3.82 4.46 0.36 3.82 4.46 0.36 4.15 -4.48 -0.02 4.15 -4.48 -0.02 3.82 -4.48 0.36 3.82 -4.48 0.36 3.85 4.46 0.32 3.88 4.46 0.29 3.91 4.46 0.25 3.94 4.46 0.22 3.97 4.46 0.19 4.00 4.46 0.15 4.03 4.46 0.12 4.06 4.46 0.08 4.09 4.46 0.05 4.12 4.46 0.01 3.85 -4.48 0.32 3.88 -4.48 0.29 3.91 -4.48 0.25 3.94 -4.48 0.22 3.97 -4.48 0.19 4.00 -4.48 0.15 4.03 -4.48 0.12 4.06 -4.48 0.08 4.09 -4.48 0.05 4.12 -4.48 0.01 3.68 4.46 -0.28 3.63 4.46 0.29 3.63 4.46 0.29 3.68 -4.48 -0.28 3.68 -4.48 -0.28 3.63 -4.48 0.29 3.63 -4.48 0.29 3.63 4.46 0.24 3.64 4.46 0.19 3.64 4.46 0.14 3.65 4.46 0.08 3.65 4.46 0.03 3.66 4.46 -0.02 3.66 4.46 -0.07 3.67 4.46 -0.13 3.67 4.46 -0.18 3.68 4.46 -0.23 3.63 -4.48 0.24 3.64 -4.48 0.19 3.64 -4.48 0.14 3.65 -4.48 0.08 3.65 -4.48 0.03 3.66 -4.48 -0.02 3.66 -4.48 -0.07 3.67 -4.48 -0.13 3.67 -4.48 -0.18 3.68 -4.48 -0.23 3.38 4.46 -0.30 3.40 4.46 0.28 3.40 4.46 0.28 3.38 -4.48 -0.30 3.38 -4.48 -0.30 3.40 -4.48 0.28 3.40 -4.48 0.28 3.39 4.46 0.23 3.39 4.46 0.18 3.39 4.46 0.12 3.39 4.46 0.07 3.39 4.46 0.02 3.39 4.46 -0.03 3.39 4.46 -0.09 3.39 4.46 -0.14 3.39 4.46 -0.19 3.38 4.46 -0.25 3.39 -4.48 0.23 3.39 -4.48 0.18 3.39 -4.48 0.12 3.39 -4.48 0.07 3.39 -4.48 0.02 3.39 -4.48 -0.03 3.39 -4.48 -0.09 3.39 -4.48 -0.14 3.39 -4.48 -0.19 3.38 -4.48 -0.25
4.23 4.46 0.12 3.85 4.46 0.45 3.85 4.46 0.45 -2.27 4.46 -0.23 -2.27 4.46 -0.23 -2.27 4.46 -0.23 -2.35 4.46 0.34 -2.35 4.46 0.34 -2.35 4.46 0.34 -2.27 -4.48 -0.23 -2.27 -4.48 -0.23 -2.27 -4.48 -0.23 -2.34 -4.48 0.34 -2.34 -4.48 0.34 -2.34 -4.48 0.34 4.23 -4.48 0.12 4.23 -4.48 0.12 3.85 -4.48 0.45 3.85 -4.48 0.45 3.88 4.46 0.42 3.88 4.46 0.42 3.92 4.46 0.39 3.92 4.46 0.39 3.95 4.46 0.36 3.95 4.46 0.36 3.99 4.46 0.33 3.99 4.46 0.33 4.02 4.46 0.30 4.02 4.46 0.30 4.02 4.46 0.30 4.06 4.46 0.27 4.06 4.46 0.27 4.06 4.46 0.27 4.09 4.46 0.24 4.09 4.46 0.24 4.13 4.46 0.21 4.13 4.46 0.21 4.16 4.46 0.18 4.16 4.46 0.18 4.19 4.46 0.15 4.19 4.46 0.15 -2.33 4.46 0.29 -2.33 4.46 0.29 -2.32 4.46 0.24 -2.32 4.46 0.24 -2.31 4.46 0.19 -2.31 4.46 0.19 -2.30 4.46 0.13 -2.30 4.46 0.13 -2.29 4.46 0.08 -2.29 4.46 0.08 -2.29 4.46 0.03 -2.29 4.46 0.03 -2.28 4.46 -0.02 -2.28 4.46 -0.02 -2.28 4.46 -0.07 -2.28 4.46 -0.07 -2.28 4.46 -0.13 -2.28 4.46 -0.13 -2.27 4.46 -0.18 -2.27 4.46 -0.18 -2.33 -4.48 0.29 -2.33 -4.48 0.29 -2.32 -4.48 0.24 -2.32 -4.48 0.24 -2.31 -4.48 0.19 -2.31 -4.48 0.19 -2.30 -4.48 0.13 -2.30 -4.48 0.13 -2.29 -4.48 0.08 -2.29 -4.48 0.08 -2.29 -4.48 0.03 -2.29 -4.48 0.03 -2.28 -4.48 -0.02 -2.28 -4.48 -0.02 -2.28 -4.48 -0.07 -2.28 -4.48 -0.07 -2.27 -4.48 -0.13 -2.27 -4.48 -0.13 -2.27 -4.48 -0.18 -2.27 -4.48 -0.18 3.88 -4.48 0.42 3.88 -4.48 0.42 3.92 -4.48 0.39 3.92 -4.48 0.39 3.95 -4.48 0.36 3.95 -4.48 0.36 3.99 -4.48 0.33 3.99 -4.48 0.33 4.02 -4.48 0.30 4.02 -4.48 0.30 4.02 -4.48 0.30 4.06 -4.48 0.27 4.06 -4.48 0.27 4.06 -4.48 0.27 4.09 -4.48 0.24 4.09 -4.48 0.24 4.13 -4.48 0.21 4.13 -4.48 0.21 4.16 -4.48 0.18 4.16 -4.48 0.18 4.19 -4.48 0.15 4.19 -4.48 0.15 0.93 4.46 -0.23 0.93 4.46 0.35 0.93 4.46 0.35 0.93 -4.48 -0.23 0.93 -4.48 -0.23 0.93 -4.48 0.35 0.93 -4.48 0.35 0.93 4.46 0.30 0.93 4.46 0.25 0.93 4.46 0.20 0.93 4.46 0.14 0.93 4.46 0.09 0.93 4.46 0.04 0.93 4.46 -0.02 0.93 4.46 -0.07 0.93 4.46 -0.12 0.93 4.46 -0.17 0.93 -4.48 0.30 0.93 -4.48 0.25 0.93 -4.48 0.20 0.93 -4.48 0.14 0.93 -4.48 0.09 0.93 -4.48 0.04 0.93 -4.48 -0.02 0.93 -4.48 -0.07 0.93 -4.48 -0.12 0.93 -4.48 -0.17 1.19 4.46 -0.23 1.19 4.46 0.35 1.19 4.46 0.35 1.19 -4.48 -0.23 1.19 -4.48 -0.23 1.19 -4.48 0.35 1.19 -4.48 0.35 1.19 4.46 0.30 1.19 4.46 0.25 1.19 4.46 0.20 1.19 4.46 0.14 1.19 4.46 0.09 1.19 4.46 0.04 1.19 4.46 -0.02 1.19 4.46 -0.07 1.19 4.46 -0.12 1.19 4.46 -0.17 1.19 -4.48 0.30 1.19 -4.48 0.25 1.19 -4.48 0.20 1.19 -4.48 0.14 1.19 -4.48 0.09 1.19 -4.48 0.04 1.19 -4.48 -0.02 1.19 -4.48 -0.07 1.19 -4.48 -0.12 1.19 -4.48 -0.17 1.45 4.46 -0.23 1.45 4.46 0.35 1.45 4.46 0.35 1.45 -4.48 -0.23 1.45 -4.48 -0.23 1.45 -4.48 0.35 1.45 -4.48 0.35 1.45 4.46 0.30 1.45 4.46 0.25 1.45 4.46 0.20 1.45 4.46 0.14 1.45 4.46 0.09 1.45 4.46 0.04 1.45 4.46 -0.02 1.45 4.46 -0.07 1.45 4.46 -0.12 1.45 4.46 -0.17 1.45 -4.48 0.30 1.45 -4.48 0.25 1.45 -4.48 0.20 1.45 -4.48 0.14 1.45 -4.48 0.09 1.45 -4.48 0.04 1.45 -4.48 -0.02 1.45 -4.48 -0.07 1.45 -4.48 -0.12 1.45 -4.48 -0.17 1.71 4.46 -0.23 1.71 4.46 0.35 1.71 4.46 0.35 1.71 -4.48 -0.23 1.71 -4.48 -0.23 1.71 -4.48 0.35 1.71 -4.48 0.35 1.71 4.46 0.30 1.71 4.46 0.25 1.71 4.46 0.19 1.71 4.46 0.14 1.71 4.46 0.09 1.71 4.46 0.04 1.71 4.46 -0.02 1.71 4.46 -0.07 1.71 4.46 -0.12 1.71 4.46 -0.18 1.71 -4.48 0.30 1.71 -4.48 0.25 1.71 -4.48 0.19 1.71 -4.48 0.14 1.71 -4.48 0.09 1.71 -4.48 0.04 1.71 -4.48 -0.02 1.71 -4.48 -0.07 1.71 -4.48 -0.12 1.71 -4.48 -0.18 1.97 4.46 -0.23 1.98 4.46 0.35 1.98 4.46 0.35 1.97 -4.48 -0.23 1.97 -4.48 -0.23 1.98 -4.48 0.35 1.98 -4.48 0.35 1.98 4.46 0.29 1.98 4.46 0.24 1.98 4.46 0.19 1.97 4.46 0.14 1.97 4.46 0.08 1.97 4.46 0.03 1.97 4.46 -0.02 1.97 4.46 -0.08 1.97 4.46 -0.13 1.97 4.46 -0.18 1.98 -4.48 0.29 1.98 -4.48 0.24 1.98 -4.48 0.19 1.97 -4.48 0.14 1.97 -4.48 0.08 1.97 -4.48 0.03 1.97 -4.48 -0.02 1.97 -4.48 -0.08 1.97 -4.48 -0.13 1.97 -4.48 -0.18 2.23 4.46 -0.24 2.24 4.46 0.34 2.24 4.46 0.34 2.23 -4.48 -0.24 2.23 -4.48 -0.24 2.24 -4.48 0.34 2.24 -4.48 0.34 2.24 4.46 0.29 2.24 4.46 0.23 2.24 4.46 0.18 2.24 4.46 0.13 2.23 4.46 0.08 2.23 4.46 0.02 2.23 4.46 -0.03 2.23 4.46 -0.08 2.23 4.46 -0.14 2.23 4.46 -0.19 2.24 -4.48 0.29 2.24 -4.48 0.23 2.24 -4.48 0.18 2.24 -4.48 0.13 2.23 -4.48 0.08 2.23 -4.48 0.02 2.23 -4.48 -0.03 2.23 -4.48 -0.08 2.23 -4.48 -0.14 2.23 -4.48 -0.19 2.49 4.46 -0.25 2.50 4.46 0.33 2.50 4.46 0.33 2.49 -4.48 -0.25 2.49 -4.48 -0.25 2.50 -4.48 0.33 2.50 -4.48 0.33 2.50 4.46 0.28 2.50 4.46 0.23 2.50 4.46 0.17 2.50 4.46 0.12 2.49 4.46 0.07 2.49 4.46 0.02 2.49 4.46 -0.04 2.49 4.46 -0.09 2.49 4.46 -0.14 2.49 4.46 -0.20 2.50 -4.48 0.28 2.50 -4.48 0.23 2.50 -4.48 0.17 2.50 -4.48 0.12 2.49 -4.48 0.07 2.49 -4.48 0.02 2.49 -4.48 -0.04 2.49 -4.48 -0.09 2.49 -4.48 -0.14 2.49 -4.48 -0.20 2.75 4.46 -0.26 2.76 4.46 0.33 2.76 4.46 0.33 2.75 -4.48 -0.26 2.75 -4.48 -0.26 2.76 -4.48 0.33 2.76 -4.48 0.33 2.76 4.46 0.27 2.76 4.46 0.22 2.76 4.46 0.17 2.76 4.46 0.11 2.76 4.46 0.06 2.75 4.46 0.01 2.75 4.46 -0.04 2.75 4.46 -0.10 2.75 4.46 -0.15 2.75 4.46 -0.20 2.76 -4.48 0.27 2.76 -4.48 0.22 2.76 -4.48 0.17 2.76 -4.48 0.11 2.76 -4.48 0.06 2.75 -4.48 0.01 2.75 -4.48 -0.04 2.75 -4.48 -0.10 2.75 -4.48 -0.15 2.75 -4.48 -0.20 3.01 4.46 -0.26 3.02 4.46 0.32 3.02 4.46 0.32 3.01 -4.48 -0.26 3.01 -4.48 -0.26 3.02 -4.48 0.32 3.02 -4.48 0.32 3.02 4.46 0.27 3.02 4.46 0.21 3.02 4.46 0.16 3.02 4.46 0.11 3.02 4.46 0.05 3.01 4.46 0.00 3.01 4.46 -0.05 3.01 4.46 -0.10 3.01 4.46 -0.16 3.01 4.46 -0.21 3.02 -4.48 0.27 3.02 -4.48 0.21 3.02 -4.48 0.16 3.02 -4.48 0.11 3.02 -4.48 0.05 3.01 -4.48 0.00 3.01 -4.48 -0.05 3.01 -4.48 -0.10 3.01 -4.48 -0.16 3.01 -4.48 -0.21 3.27 4.46 -0.27 3.28 4.46 0.31 3.28 4.46 0.31 3.27 -4.48 -0.27 3.27 -4.48 -0.27 3.28 -4.48 0.31 3.28 -4.48 0.31 3.28 4.46 0.26 3.28 4.46 0.21 3.28 4.46 0.15 3.28 4.46 0.10 3.28 4.46 0.05 3.28 4.46 -0.01 3.27 4.46 -0.06 3.27 4.46 -0.11 3.27 4.46 -0.16 3.27 4.46 -0.22 3.28 -4.48 0.26 3.28 -4.48 0.21 3.28 -4.48 0.15 3.28 -4.48 0.10 3.28 -4.48 0.05 3.28 -4.48 -0.01 3.27 -4.48 -0.06 3.27 -4.48 -0.11 3.27 -4.48 -0.16 3.27 -4.48 -0.22 -1.47 4.46 -0.23 -1.52 4.46 0.35 -1.52 4.46 0.35 -1.47 -4.48 -0.23 -1.47 -4.48 -0.23 -1.52 -4.48 0.35 -1.52 -4.48 0.35 -1.51 4.46 0.30 -1.50 4.46 0.24 -1.50 4.46 0.19 -1.49 4.46 0.14 -1.49 4.46 0.09 -1.48 4.46 0.03 -1.48 4.46 -0.02 -1.48 4.46 -0.07 -1.47 4.46 -0.12 -1.47 4.46 -0.18 -1.51 -4.48 0.30 -1.50 -4.48 0.24 -1.49 -4.48 0.19 -1.49 -4.48 0.14 -1.48 -4.48 0.09 -1.48 -4.48 0.03 -1.48 -4.48 -0.02 -1.47 -4.48 -0.07 -1.47 -4.48 -0.12 -1.47 -4.48 -0.18 -0.96 4.46 -0.23 -0.99 4.46 0.35 -0.99 4.46 0.35 -0.96 -4.48 -0.23 -0.96 -4.48 -0.23 -0.99 -4.48 0.35 -0.99 -4.48 0.35 -0.98 4.46 0.30 -0.98 4.46 0.25 -0.98 4.46 0.19 -0.98 4.46 0.14 -0.98 4.46 0.09 -0.97 4.46 0.04 -0.97 4.46 -0.02 -0.97 4.46 -0.07 -0.97 4.46 -0.12 -0.97 4.46 -0.17 -0.98 -4.48 0.30 -0.98 -4.48 0.25 -0.98 -4.48 0.19 -0.98 -4.48 0.14 -0.97 -4.48 0.09 -0.97 -4.48 0.04 -0.97 -4.48 -0.02 -0.97 -4.48 -0.07 -0.97 -4.48 -0.12 -0.96 -4.48 -0.17 -0.45 4.46 -0.23 -0.46 4.46 0.36 -0.46 4.46 0.36 -0.45 -4.48 -0.23 -0.45 -4.48 -0.23 -0.45 -4.48 0.36 -0.45 -4.48 0.36 -0.45 4.46 0.30 -0.45 4.46 0.25 -0.45 4.46 0.20 -0.45 4.46 0.14 -0.45 4.46 0.09 -0.45 4.46 0.04 -0.45 4.46 -0.01 -0.45 4.46 -0.07 -0.45 4.46 -0.12 -0.45 4.46 -0.17 -0.45 -4.48 0.30 -0.45 -4.48 0.25 -0.45 -4.48 0.20 -0.45 -4.48 0.14 -0.45 -4.48 0.09 -0.45 -4.48 0.04 -0.45 -4.48 -0.01 -0.45 -4.48 -0.07 -0.45 -4.48 -0.12 -0.45 -4.48 -0.17 0.07 4.46 -0.22 0.07 4.46 0.36 0.07 4.46 0.36 0.07 -4.48 -0.22 0.07 -4.48 -0.22 0.07 -4.48 0.36 0.07 -4.48 0.36 0.07 4.46 0.30 0.07 4.46 0.25 0.07 4.46 0.20 0.07 4.46 0.15 0.07 4.46 0.09 0.07 4.46 0.04 0.07 4.46 -0.01 0.07 4.46 -0.07 0.07 4.46 -0.12 0.07 4.46 -0.17 0.07 -4.48 0.30 0.07 -4.48 0.25 0.07 -4.48 0.20 0.07 -4.48 0.15 0.07 -4.48 0.09 0.07 -4.48 0.04 0.07 -4.48 -0.01 0.07 -4.48 -0.07 0.07 -4.48 -0.12 0.07 -4.48 -0.17 0.59 4.46 -0.23 0.59 4.46 0.36 0.59 4.46 0.36 0.59 -4.48 -0.23 0.59 -4.48 -0.23 0.59 -4.48 0.36 0.59 -4.48 0.36 0.59 4.46 0.30 0.59 4.46 0.25 0.59 4.46 0.20 0.59 4.46 0.14 0.59 4.46 0.09 0.59 4.46 0.04 0.59 4.46 -0.01 0.59 4.46 -0.07 0.59 4.46 -0.12 0.59 4.46 -0.17 0.59 -4.48 0.30 0.59 -4.48 0.25 0.59 -4.48 0.20 0.59 -4.48 0.14 0.59 -4.48 0.09 0.59 -4.48 0.04 0.59 -4.48 -0.01 0.59 -4.48 -0.07 0.59 -4.48 -0.12 0.59 -4.48 -0.17 4.07 -4.49 0.33 3.90 -4.49 0.47 3.90 -4.44 0.47 4.07 -4.44 0.33 4.06 -4.51 0.32 3.90 -4.51 0.45 3.90 -0.01 0.44 3.90 -0.01 0.44 3.85 -4.38 0.50 3.85 -4.38 0.50 3.90 -4.38 0.47 4.07 -4.38 0.33 4.04 -4.49 0.29 3.89 -4.49 0.42 3.85 -2.37 0.52 3.85 -4.49 0.52 3.85 -4.44 0.52 4.05 -0.01 0.31 4.05 -0.01 0.31 4.07 -2.37 0.33 3.90 -2.37 0.47 4.04 -4.44 0.29 3.89 -4.44 0.42 3.84 -4.38 0.48 3.85 -4.51 0.49 3.85 -4.44 0.49 3.85 -4.44 0.49 3.85 -4.38 0.52 4.05 -4.38 0.31 3.90 -4.38 0.44 3.84 -4.49 0.46 3.84 -4.44 0.46 4.23 -4.49 0.20 4.23 -4.44 0.20 4.21 -4.51 0.18 4.27 -4.38 0.14 4.27 -4.38 0.14 4.23 -4.38 0.20 4.19 -4.49 0.16 4.28 -2.37 0.15 4.28 -4.49 0.15 4.28 -4.44 0.15 4.23 -2.37 0.20 4.19 -4.44 0.16 4.26 -4.38 0.13 4.26 -4.51 0.13 4.26 -4.44 0.14 4.26 -4.44 0.14 4.28 -4.38 0.15 4.27 -0.01 0.14 4.27 -0.01 0.14 4.27 -0.01 0.14 4.27 -0.01 0.14 4.21 -4.38 0.17 4.24 -4.49 0.12 4.24 -4.44 0.12 4.07 4.47 0.33 3.90 4.47 0.47 3.90 4.42 0.47 4.07 4.42 0.33 4.06 4.49 0.32 3.90 4.49 0.45 3.85 4.36 0.50 3.85 4.36 0.50 3.90 4.36 0.47 4.07 4.36 0.33 4.04 4.47 0.29 3.89 4.47 0.42 3.85 -0.01 0.52 3.85 4.47 0.52 3.85 4.42 0.52 4.07 -0.01 0.33 3.90 -0.01 0.47 4.04 4.42 0.29 3.89 4.42 0.42 3.84 4.36 0.48 3.85 4.49 0.49 3.85 4.42 0.49 3.85 4.42 0.49 3.85 4.36 0.52 3.85 -0.01 0.50 3.85 -0.01 0.50 3.85 -0.01 0.50 3.85 -0.01 0.50 4.05 4.36 0.31 3.90 4.36 0.44 3.84 -0.01 0.48 3.84 -0.01 0.48 3.84 4.47 0.46 3.84 4.42 0.46 4.23 4.47 0.20 4.23 4.42 0.20 4.21 4.49 0.18 4.21 -0.01 0.17 4.21 -0.01 0.17 4.27 4.36 0.14 4.27 4.36 0.14 4.23 4.36 0.20 4.19 4.47 0.16 4.28 -0.01 0.15 4.28 4.47 0.15 4.28 4.42 0.15 4.23 -0.01 0.20 4.19 4.42 0.16 4.26 4.36 0.13 4.26 4.49 0.13 4.26 4.42 0.14 4.26 4.42 0.14 4.28 4.36 0.15 4.21 4.36 0.17 4.26 -0.01 0.13 4.26 -0.01 0.13 4.24 4.47 0.12 4.24 4.42 0.12 4.10 4.46 -0.11 3.81 4.46 0.28 3.81 4.46 0.28 4.10 -4.48 -0.11 4.10 -4.48 -0.11 3.81 -4.48 0.28 3.81 -4.48 0.28 3.83 4.46 0.25 3.86 4.46 0.21 3.89 4.46 0.18 3.91 4.46 0.14 3.94 4.46 0.11 3.97 4.46 0.07 3.99 4.46 0.03 4.02 4.46 -0.00 4.05 4.46 -0.04 4.07 4.46 -0.07 3.83 -4.48 0.25 3.86 -4.48 0.21 3.89 -4.48 0.18 3.91 -4.48 0.14 3.94 -4.48 0.11 3.97 -4.48 0.07 3.99 -4.48 0.03 4.02 -4.48 -0.00 4.05 -4.48 -0.04 4.07 -4.48 -0.07 3.95 4.46 -0.23 3.78 4.46 0.25 3.78 4.46 0.25 3.95 -4.48 -0.23 3.95 -4.48 -0.23 3.78 -4.48 0.25 3.78 -4.48 0.25 3.80 4.46 0.22 3.82 4.46 0.17 3.83 4.46 0.13 3.85 4.46 0.08 3.86 4.46 0.04 3.88 4.46 -0.00 3.89 4.46 -0.05 3.90 4.46 -0.09 3.92 4.46 -0.14 3.93 4.46 -0.18 3.80 -4.48 0.22 3.82 -4.48 0.17 3.83 -4.48 0.13 3.85 -4.48 0.08 3.86 -4.48 0.04 3.88 -4.48 -0.00 3.89 -4.48 -0.05 3.90 -4.48 -0.09 3.92 -4.48 -0.14 3.93 -4.48 -0.18 4.21 4.46 0.10 3.84 4.46 0.42 3.84 4.46 0.42 4.21 -4.48 0.10 4.21 -4.48 0.10 3.84 -4.48 0.42 3.84 -4.48 0.42 3.87 4.46 0.39 3.91 4.46 0.36 3.94 4.46 0.33 3.97 4.46 0.31 4.01 4.46 0.28 4.04 4.46 0.25 4.08 4.46 0.22 4.11 4.46 0.19 4.15 4.46 0.16 4.18 4.46 0.13 3.87 -4.48 0.39 3.91 -4.48 0.36 3.94 -4.48 0.33 3.97 -4.48 0.31 4.01 -4.48 0.28 4.04 -4.48 0.25 4.08 -4.48 0.22 4.11 -4.48 0.19 4.15 -4.48 0.16 4.18 -4.48 0.13 4.17 4.46 0.01 3.83 4.46 0.35 3.83 4.46 0.35 4.17 -4.48 0.01 4.17 -4.48 0.01 3.83 -4.48 0.35 3.83 -4.48 0.35 3.86 4.46 0.32 3.89 4.46 0.29 3.92 4.46 0.26 3.95 4.46 0.23 3.98 4.46 0.20 4.02 4.46 0.17 4.05 4.46 0.13 4.08 4.46 0.10 4.11 4.46 0.07 4.14 4.46 0.04 3.86 -4.48 0.32 3.89 -4.48 0.29 3.92 -4.48 0.26 3.95 -4.48 0.23 3.98 -4.48 0.20 4.02 -4.48 0.17 4.05 -4.48 0.13 4.08 -4.48 0.10 4.11 -4.48 0.07 4.14 -4.48 0.04 3.69 4.46 -0.26 3.66 4.46 0.32 3.66 4.46 0.32 3.69 -4.48 -0.26 3.69 -4.48 -0.26 3.66 -4.48 0.32 3.66 -4.48 0.32 3.66 4.46 0.26 3.66 4.46 0.21 3.67 4.46 0.16 3.67 4.46 0.11 3.67 4.46 0.05 3.68 4.46 0.00 3.68 4.46 -0.05 3.68 4.46 -0.10 3.69 4.46 -0.16 3.69 4.46 -0.21 3.66 -4.48 0.26 3.66 -4.48 0.21 3.67 -4.48 0.16 3.67 -4.48 0.11 3.67 -4.48 0.05 3.68 -4.48 0.00 3.68 -4.48 -0.05 3.68 -4.48 -0.10 3.69 -4.48 -0.16 3.69 -4.48 -0.21 3.40 4.46 -0.27 3.41 4.46 0.31 3.41 4.46 0.31 3.40 -4.48 -0.27 3.40 -4.48 -0.27 3.41 -4.48 0.31 3.41 -4.48 0.31 3.41 4.46 0.26 3.41 4.46 0.20 3.41 4.46 0.15 3.41 4.46 0.10 3.41 4.46 0.04 3.41 4.46 -0.01 3.41 4.46 -0.06 3.41 4.46 -0.11 3.40 4.46 -0.17 3.40 4.46 -0.22 3.41 -4.48 0.26 3.41 -4.48 0.20 3.41 -4.48 0.15 3.41 -4.48 0.10 3.41 -4.48 0.04 3.41 -4.48 -0.01 3.41 -4.48 -0.06 3.41 -4.48 -0.11 3.40 -4.48 -0.17 3.40 -4.48 -0.22
4.24 4.46 0.15 3.85 4.46 0.45 3.85 4.46 0.45 -2.26 4.46 -0.26 -2.26 4.46 -0.26 -2.26 4.46 -0.26 -2.33 4.46 0.32 -2.33 4.46 0.32 -2.33 4.46 0.32 -2.25 -4.48 -0.26 -2.25 -4.48 -0.26 -2.25 -4.48 -0.26 -2.33 -4.48 0.32 -2.33 -4.48 0.32 -2.33 -4.48 0.32 4.24 -4.48 0.15 4.24 -4.48 0.15 3.85 -4.48 0.45 3.85 -4.48 0.45 3.88 4.46 0.42 3.88 4.46 0.42 3.92 4.46 0.40 3.92 4.46 0.40 3.95 4.46 0.37 3.95 4.46 0.37 3.99 4.46 0.34 3.99 4.46 0.34 4.03 4.46 0.32 4.03 4.46 0.32 4.03 4.46 0.32 4.06 4.46 0.29 4.06 4.46 0.29 4.06 4.46 0.29 4.10 4.46 0.26 4.10 4.46 0.26 4.13 4.46 0.24 4.13 4.46 0.24 4.17 4.46 0.21 4.17 4.46 0.21 4.20 4.46 0.18 4.20 4.46 0.18 -2.32 4.46 0.27 -2.32 4.46 0.27 -2.31 4.46 0.22 -2.31 4.46 0.22 -2.30 4.46 0.16 -2.30 4.46 0.16 -2.29 4.46 0.11 -2.29 4.46 0.11 -2.28 4.46 0.06 -2.28 4.46 0.06 -2.27 4.46 0.01 -2.27 4.46 0.01 -2.27 4.46 -0.05 -2.27 4.46 -0.05 -2.26 4.46 -0.10 -2.26 4.46 -0.10 -2.26 4.46 -0.15 -2.26 4.46 -0.15 -2.26 4.46 -0.20 -2.26 4.46 -0.20 -2.32 -4.48 0.27 -2.32 -4.48 0.27 -2.31 -4.48 0.22 -2.31 -4.48 0.22 -2.30 -4.48 0.16 -2.30 -4.48 0.16 -2.29 -4.48 0.11 -2.29 -4.48 0.11 -2.28 -4.48 0.06 -2.28 -4.48 0.06 -2.27 -4.48 0.01 -2.27 -4.48 0.01 -2.26 -4.48 -0.05 -2.26 -4.48 -0.05 -2.26 -4.48 -0.10 -2.26 -4.48 -0.10 -2.26 -4.48 -0.15 -2.26 -4.48 -0.15 -2.25 -4.48 -0.20 -2.25 -4.48 -0.20 3.88 -4.48 0.42 3.88 -4.48 0.42 3.92 -4.48 0.40 3.92 -4.48 0.40 3.95 -4.48 0.37 3.95 -4.48 0.37 3.99 -4.48 0.34 3.99 -4.48 0.34 4.03 -4.48 0.32 4.03 -4.48 0.32 4.03 -4.48 0.32 4.06 -4.48 0.29 4.06 -4.48 0.29 4.06 -4.48 0.29 4.10 -4.48 0.26 4.10 -4.48 0.26 4.13 -4.48 0.24 4.13 -4.48 0.24 4.17 -4.48 0.21 4.17 -4.48 0.21 4.20 -4.48 0.18 4.20 -4.48 0.18 0.95 4.46 -0.24 0.95 4.46 0.34 0.95 4.46 0.34 0.95 -4.48 -0.24 0.95 -4.48 -0.24 0.95 -4.48 0.34 0.95 -4.48 0.34 0.95 4.46 0.29 0.95 4.46 0.24 0.95 4.46 0.18 0.95 4.46 0.13 0.95 4.46 0.08 0.95 4.46 0.02 0.95 4.46 -0.03 0.95 4.46 -0.08 0.95 4.46 -0.13 0.95 4.46 -0.19 0.95 -4.48 0.29 0.95 -4.48 0.24 0.95 -4.48 0.18 0.95 -4.48 0.13 0.95 -4.48 0.08 0.95 -4.48 0.02 0.95 -4.48 -0.03 0.95 -4.48 -0.08 0.95 -4.48 -0.13 0.95 -4.48 -0.19 1.21 4.46 -0.24 1.21 4.46 0.34 1.21 4.46 0.34 1.21 -4.48 -0.24 1.21 -4.48 -0.24 1.21 -4.48 0.34 1.21 -4.48 0.34 1.21 4.46 0.29 1.21 4.46 0.23 1.21 4.46 0.18 1.21 4.46 0.13 1.21 4.46 0.08 1.21 4.46 0.02 1.21 4.46 -0.03 1.21 4.46 -0.08 1.21 4.46 -0.14 1.21 4.46 -0.19 1.21 -4.48 0.29 1.21 -4.48 0.23 1.21 -4.48 0.18 1.21 -4.48 0.13 1.21 -4.48 0.08 1.21 -4.48 0.02 1.21 -4.48 -0.03 1.21 -4.48 -0.08 1.21 -4.48 -0.14 1.21 -4.48 -0.19 1.47 4.46 -0.24 1.47 4.46 0.34 1.47 4.46 0.34 1.47 -4.48 -0.24 1.47 -4.48 -0.24 1.47 -4.48 0.34 1.47 -4.48 0.34 1.47 4.46 0.29 1.47 4.46 0.23 1.47 4.46 0.18 1.47 4.46 0.13 1.47 4.46 0.07 1.47 4.46 0.02 1.47 4.46 -0.03 1.47 4.46 -0.08 1.47 4.46 -0.14 1.47 4.46 -0.19 1.47 -4.48 0.29 1.47 -4.48 0.23 1.47 -4.48 0.18 1.47 -4.48 0.13 1.47 -4.48 0.07 1.47 -4.48 0.02 1.47 -4.48 -0.03 1.47 -4.48 -0.08 1.47 -4.48 -0.14 1.47 -4.48 -0.19 1.73 4.46 -0.24 1.73 4.46 0.34 1.73 4.46 0.34 1.73 -4.48 -0.24 1.73 -4.48 -0.24 1.73 -4.48 0.34 1.73 -4.48 0.34 1.73 4.46 0.28 1.73 4.46 0.23 1.73 4.46 0.18 1.73 4.46 0.13 1.73 4.46 0.07 1.73 4.46 0.02 1.73 4.46 -0.03 1.73 4.46 -0.09 1.73 4.46 -0.14 1.73 4.46 -0.19 1.73 -4.48 0.28 1.73 -4.48 0.23 1.73 -4.48 0.18 1.73 -4.48 0.13 1.73 -4.48 0.07 1.73 -4.48 0.02 1.73 -4.48 -0.03 1.73 -4.48 -0.09 1.73 -4.48 -0.14 1.73 -4.48 -0.19 1.99 4.46 -0.25 1.99 4.46 0.33 1.99 4.46 0.33 1.99 -4.48 -0.25 1.99 -4.48 -0.25 1.99 -4.48 0.33 1.99 -4.48 0.33 1.99 4.46 0.28 1.99 4.46 0.23 1.99 4.46 0.18 1.99 4.46 0.12 1.99 4.46 0.07 1.99 4.46 0.02 1.99 4.46 -0.04 1.99 4.46 -0.09 1.99 4.46 -0.14 1.99 4.46 -0.19 1.99 -4.48 0.28 1.99 -4.48 0.23 1.99 -4.48 0.18 1.99 -4.48 0.12 1.99 -4.48 0.07 1.99 -4.48 0.02 1.99 -4.48 -0.04 1.99 -4.48 -0.09 1.99 -4.48 -0.14 1.99 -4.48 -0.19 2.25 4.46 -0.25 2.25 4.46 0.33 2.25 4.46 0.33 2.25 -4.48 -0.25 2.25 -4.48 -0.25 2.25 -4.48 0.33 2.25 -4.48 0.33 2.25 4.46 0.28 2.25 4.46 0.22 2.25 4.46 0.17 2.25 4.46 0.12 2.25 4.46 0.07 2.25 4.46 0.01 2.25 4.46 -0.04 2.25 4.46 -0.09 2.25 4.46 -0.15 2.25 4.46 -0.20 2.25 -4.48 0.28 2.25 -4.48 0.22 2.25 -4.48 0.17 2.25 -4.48 0.12 2.25 -4.48 0.07 2.25 -4.48 0.01 2.25 -4.48 -0.04 2.25 -4.48 -0.09 2.25 -4.48 -0.15 2.25 -4.48 -0.20 2.51 4.46 -0.26 2.51 4.46 0.33 2.51 4.46 0.33 2.51 -4.48 -0.26 2.51 -4.48 -0.26 2.51 -4.48 0.33 2.51 -4.48 0.33 2.51 4.46 0.27 2.51 4.46 0.22 2.51 4.46 0.17 2.51 4.46 0.11 2.51 4.46 0.06 2.51 4.46 0.01 2.51 4.46 -0.04 2.51 4.46 -0.10 2.51 4.46 -0.15 2.51 4.46 -0.20 2.51 -4.48 0.27 2.51 -4.48 0.22 2.51 -4.48 0.17 2.51 -4.48 0.11 2.51 -4.48 0.06 2.51 -4.48 0.01 2.51 -4.48 -0.04 2.51 -4.48 -0.10 2.51 -4.48 -0.15 2.51 -4.48 -0.20 2.77 4.46 -0.26 2.77 4.46 0.32 2.77 4.46 0.32 2.77 -4.48 -0.26 2.77 -4.48 -0.26 2.77 -4.48 0.32 2.77 -4.48 0.32 2.77 4.46 0.27 2.77 4.46 0.22 2.77 4.46 0.16 2.77 4.46 0.11 2.77 4.46 0.06 2.77 4.46 0.00 2.77 4.46 -0.05 2.77 4.46 -0.10 2.77 4.46 -0.15 2.77 4.46 -0.21 2.77 -4.48 0.27 2.77 -4.48 0.22 2.77 -4.48 0.16 2.77 -4.48 0.11 2.77 -4.48 0.06 2.77 -4.48 0.00 2.77 -4.48 -0.05 2.77 -4.48 -0.10 2.77 -4.48 -0.15 2.77 -4.48 -0.21 3.03 4.46 -0.26 3.03 4.46 0.32 3.03 4.46 0.32 3.03 -4.48 -0.26 3.03 -4.48 -0.26 3.03 -4.48 0.32 3.03 -4.48 0.32 3.03 4.46 0.26 3.03 4.46 0.21 3.03 4.46 0.16 3.03 4.46 0.11 3.03 4.46 0.05 3.03 4.46 -0.00 3.03 4.46 -0.05 3.03 4.46 -0.11 3.03 4.46 -0.16 3.03 4.46 -0.21 3.03 -4.48 0.26 3.03 -4.48 0.21 3.03 -4.48 0.16 3.03 -4.48 0.11 3.03 -4.48 0.05 3.03 -4.48 -0.00 3.03 -4.48 -0.05 3.03 -4.48 -0.11 3.03 -4.48 -0.16 3.03 -4.48 -0.21 3.29 4.46 -0.27 3.29 4.46 0.31 3.29 4.46 0.31 3.29 -4.48 -0.27 3.29 -4.48 -0.27 3.29 -4.48 0.31 3.29 -4.48 0.31 3.29 4.46 0.26 3.29 4.46 0.21 3.29 4.46 0.15 3.29 4.46 0.10 3.29 4.46 0.05 3.29 4.46 -0.00 3.29 4.46 -0.06 3.29 4.46 -0.11 3.29 4.46 -0.16 3.29 4.46 -0.22 3.29 -4.48 0.26 3.29 -4.48 0.21 3.29 -4.48 0.15 3.29 -4.48 0.10 3.29 -4.48 0.05 3.29 -4.48 -0.00 3.29 -4.48 -0.06 3.29 -4.48 -0.11 3.29 -4.48 -0.16 3.29 -4.48 -0.22 -1.46 4.46 -0.25 -1.50 4.46 0.33 -1.50 4.46 0.33 -1.45 -4.48 -0.25 -1.45 -4.48 -0.25 -1.50 -4.48 0.33 -1.50 -4.48 0.33 -1.49 4.46 0.28 -1.49 4.46 0.23 -1.48 4.46 0.17 -1.47 4.46 0.12 -1.47 4.46 0.07 -1.46 4.46 0.02 -1.46 4.46 -0.04 -1.46 4.46 -0.09 -1.46 4.46 -0.14 -1.46 4.46 -0.19 -1.49 -4.48 0.28 -1.49 -4.48 0.23 -1.48 -4.48 0.17 -1.47 -4.48 0.12 -1.47 -4.48 0.07 -1.46 -4.48 0.02 -1.46 -4.48 -0.04 -1.46 -4.48 -0.09 -1.46 -4.48 -0.14 -1.46 -4.48 -0.19 -0.95 4.46 -0.24 -0.97 4.46 0.34 -0.97 4.46 0.34 -0.95 -4.48 -0.24 -0.95 -4.48 -0.24 -0.97 -4.48 0.34 -0.97 -4.48 0.34 -0.97 4.46 0.28 -0.97 4.46 0.23 -0.96 4.46 0.18 -0.96 4.46 0.13 -0.96 4.46 0.07 -0.96 4.46 0.02 -0.95 4.46 -0.03 -0.95 4.46 -0.08 -0.95 4.46 -0.14 -0.95 4.46 -0.19 -0.97 -4.48 0.28 -0.97 -4.48 0.23 -0.96 -4.48 0.18 -0.96 -4.48 0.13 -0.96 -4.48 0.07 -0.96 -4.48 0.02 -0.95 -4.48 -0.03 -0.95 -4.48 -0.08 -0.95 -4.48 -0.14 -0.95 -4.48 -0.19 -0.43 4.46 -0.24 -0.44 4.46 0.34 -0.44 4.46 0.34 -0.43 -4.48 -0.24 -0.43 -4.48 -0.24 -0.44 -4.48 0.34 -0.44 -4.48 0.34 -0.44 4.46 0.29 -0.44 4.46 0.24 -0.44 4.46 0.18 -0.44 4.46 0.13 -0.43 4.46 0.08 -0.43 4.46 0.03 -0.43 4.46 -0.03 -0.43 4.46 -0.08 -0.43 4.46 -0.13 -0.43 4.46 -0.18 -0.44 -4.48 0.29 -0.44 -4.48 0.24 -0.44 -4.48 0.18 -0.44 -4.48 0.13 -0.43 -4.48 0.08 -0.43 -4.48 0.03 -0.43 -4.48 -0.03 -0.43 -4.48 -0.08 -0.43 -4.48 -0.13 -0.43 -4.48 -0.18 0.09 4.46 -0.24 0.09 4.46 0.34 0.09 4.46 0.34 0.09 -4.48 -0.24 0.09 -4.48 -0.24 0.09 -4.48 0.34 0.09 -4.48 0.34 0.09 4.46 0.29 0.09 4.46 0.24 0.09 4.46 0.19 0.09 4.46 0.13 0.09 4.46 0.08 0.09 4.46 0.03 0.09 4.46 -0.03 0.09 4.46 -0.08 0.09 4.46 -0.13 0.09 4.46 -0.18 0.09 -4.48 0.29 0.09 -4.48 0.24 0.09 -4.48 0.19 0.09 -4.48 0.13 0.09 -4.48 0.08 0.09 -4.48 0.03 0.09 -4.48 -0.03 0.09 -4.48 -0.08 0.09 -4.48 -0.13 0.09 -4.48 -0.18 0.60 4.46 -0.24 0.61 4.46 0.34 0.61 4.46 0.34 0.60 -4.48 -0.24 0.60 -4.48 -0.24 0.61 -4.48 0.34 0.61 -4.48 0.34 0.61 4.46 0.29 0.61 4.46 0.24 0.61 4.46 0.18 0.61 4.46 0.13 0.61 4.46 0.08 0.60 4.46 0.03 0.60 4.46 -0.03 0.60 4.46 -0.08 0.60 4.46 -0.13 0.60 4.46 -0.19 0.61 -4.48 0.29 0.61 -4.48 0.24 0.61 -4.48 0.18 0.61 -4.48 0.13 0.61 -4.48 0.08 0.60 -4.48 0.03 0.60 -4.48 -0.03 0.60 -4.48 -0.08 0.60 -4.48 -0.13 0.60 -4.48 -0.19 4.07 -4.49 0.35 3.90 -4.49 0.48 3.90 -4.44 0.48 4.07 -4.44 0.35 4.06 -4.51 0.33 3.89 -4.51 0.45 3.89 -0.01 0.44 3.89 -0.01 0.44 3.84 -4.38 0.50 3.84 -4.38 0.50 3.90 -4.38 0.48 4.07 -4.38 0.35 4.05 -4.49 0.31 3.89 -4.49 0.42 3.84 -2.37 0.52 3.84 -4.49 0.52 3.84 -4.44 0.52 4.06 -0.01 0.33 4.06 -0.01 0.33 4.07 -2.37 0.35 3.90 -2.37 0.48 4.05 -4.44 0.31 3.89 -4.44 0.42 3.84 -4.38 0.48 3.84 -4.51 0.49 3.84 -4.44 0.49 3.84 -4.44 0.49 3.84 -4.38 0.52 4.06 -4.38 0.33 3.89 -4.38 0.44 3.84 -4.49 0.46 3.84 -4.44 0.46 4.24 -4.49 0.23 4.24 -4.44 0.23 4.22 -4.51 0.21 4.28 -4.38 0.17 4.28 -4.38 0.17 4.24 -4.38 0.23 4.20 -4.49 0.19 4.29 -2.37 0.18 4.29 -4.49 0.18 4.29 -4.44 0.18 4.24 -2.37 0.23 4.20 -4.44 0.19 4.27 -4.38 0.16 4.27 -4.51 0.17 4.27 -4.44 0.17 4.27 -4.44 0.17 4.29 -4.38 0.18 4.28 -0.01 0.17 4.28 -0.01 0.17 4.28 -0.01 0.17 4.28 -0.01 0.17 4.21 -4.38 0.20 4.25 -4.49 0.15 4.25 -4.44 0.15 4.07 4.47 0.35 3.90 4.47 0.48 3.90 4.42 0.48 4.07 4.42 0.35 4.06 4.49 0.33 3.89 4.49 0.45 3.84 4.36 0.50 3.84 4.36 0.50 3.90 4.36 0.48 4.07 4.36 0.35 4.05 4.47 0.31 3.89 4.47 0.42 3.84 -0.01 0.52 3.84 4.47 0.52 3.84 4.42 0.52 4.07 -0.01 0.35 3.90 -0.01 0.48 4.05 4.42 0.31 3.89 4.42 0.42 3.84 4.36 0.48 3.84 4.49 0.49 3.84 4.42 0.49 3.84 4.42 0.49 3.84 4.36 0.52 3.84 -0.01 0.50 3.84 -0.01 0.50 3.84 -0.01 0.50 3.84 -0.01 0.50 4.06 4.36 0.33 3.89 4.36 0.44 3.84 -0.01 0.48 3.84 -0.01 0.48 3.84 4.47 0.46 3.84 4.42 0.46 4.24 4.47 0.23 4.24 4.42 0.23 4.22 4.49 0.21 4.22 -0.01 0.20 4.22 -0.01 0.20 4.28 4.36 0.17 4.28 4.36 0.17 4.24 4.36 0.23 4.20 4.47 0.19 4.29 -0.01 0.18 4.29 4.47 0.18 4.29 4.42 0.18 4.24 -0.01 0.23 4.20 4.42 0.19 4.27 4.36 0.16 4.27 4.49 0.17 4.27 4.42 0.17 4.27 4.42 0.17 4.29 4.36 0.18 4.22 4.36 0.20 4.27 -0.01 0.16 4.27 -0.01 0.16 4.25 4.47 0.15 4.25 4.42 0.15 4.12 4.46 -0.09 3.81 4.46 0.28 3.81 4.46 0.28 4.12 -4.48 -0.09 4.12 -4.48 -0.09 3.81 -4.48 0.28 3.81 -4.48 0.28 3.84 4.46 0.25 3.87 4.46 0.21 3.90 4.46 0.18 3.92 4.46 0.15 3.95 4.46 0.11 3.98 4.46 0.08 4.01 4.46 0.05 4.04 4.46 0.01 4.06 4.46 -0.02 4.09 4.46 -0.05 3.84 -4.48 0.25 3.87 -4.48 0.21 3.90 -4.48 0.18 3.92 -4.48 0.15 3.95 -4.48 0.11 3.98 -4.48 0.08 4.01 -4.48 0.05 4.04 -4.48 0.01 4.06 -4.48 -0.02 4.09 -4.48 -0.05 3.97 4.46 -0.22 3.79 4.46 0.25 3.79 4.46 0.25 3.97 -4.48 -0.22 3.97 -4.48 -0.22 3.79 -4.48 0.25 3.79 -4.48 0.25 3.82 4.46 0.22 3.83 4.46 0.18 3.85 4.46 0.13 3.86 4.46 0.09 3.88 4.46 0.05 3.89 4.46 0.00 3.91 4.46 -0.04 3.92 4.46 -0.08 3.94 4.46 -0.13 3.95 4.46 -0.17 3.82 -4.48 0.22 3.83 -4.48 0.18 3.85 -4.48 0.13 3.86 -4.48 0.09 3.88 -4.48 0.05 3.89 -4.48 0.00 3.91 -4.48 -0.04 3.92 -4.48 -0.08 3.94 -4.48 -0.13 3.95 -4.48 -0.17 4.23 4.46 0.13 3.83 4.46 0.42 3.83 4.46 0.42 4.23 -4.48 0.13 4.23 -4.48 0.13 3.83 -4.48 0.42 3.83 -4.48 0.42 3.87 4.46 0.40 3.91 4.46 0.37 3.94 4.46 0.34 3.98 4.46 0.32 4.01 4.46 0.29 4.05 4.46 0.26 4.08 4.46 0.24 4.12 4.46 0.21 4.16 4.46 0.18 4.19 4.46 0.15 3.87 -4.48 0.40 3.91 -4.48 0.37 3.94 -4.48 0.34 3.98 -4.48 0.32 4.01 -4.48 0.29 4.05 -4.48 0.26 4.08 -4.48 0.24 4.12 -4.48 0.21 4.16 -4.48 0.18 4.19 -4.48 0.15 4.19 4.46 0.03 3.83 4.46 0.35 3.83 4.46 0.35 4.19 -4.48 0.03 4.19 -4.48 0.03 3.83 -4.48 0.35 3.83 -4.48 0.35 3.86 4.46 0.33 3.89 4.46 0.30 3.93 4.46 0.27 3.96 4.46 0.24 3.99 4.46 0.21 4.02 4.46 0.18 4.06 4.46 0.15 4.09 4.46 0.12 4.12 4.46 0.09 4.15 4.46 0.06 3.86 -4.48 0.33 3.89 -4.48 0.30 3.93 -4.48 0.27 3.96 -4.48 0.24 3.99 -4.48 0.21 4.02 -4.48 0.18 4.06 -4.48 0.15 4.09 -4.48 0.12 4.12 -4.48 0.09 4.15 -4.48 0.06 3.71 4.46 -0.26 3.67 4.46 0.32 3.67 4.46 0.32 3.71 -4.48 -0.26 3.71 -4.48 -0.26 3.67 -4.48 0.32 3.67 -4.48 0.32 3.67 4.46 0.27 3.68 4.46 0.22 3.68 4.46 0.16 3.68 4.46 0.11 3.69 4.46 0.06 3.69 4.46 0.01 3.70 4.46 -0.05 3.70 4.46 -0.10 3.70 4.46 -0.15 3.71 4.46 -0.20 3.67 -4.48 0.27 3.68 -4.48 0.22 3.68 -4.48 0.16 3.68 -4.48 0.11 3.69 -4.48 0.06 3.69 -4.48 0.01 3.70 -4.48 -0.05 3.70 -4.48 -0.10 3.70 -4.48 -0.15 3.71 -4.48 -0.20 3.42 4.46 -0.27 3.43 4.46 0.31 3.43 4.46 0.31 3.42 -4.48 -0.27 3.42 -4.48 -0.27 3.43 -4.48 0.31 3.43 -4.48 0.31 3.43 4.46 0.26 3.43 4.46 0.20 3.43 4.46 0.15 3.42 4.46 0.10 3.42 4.46 0.05 3.42 4.46 -0.01 3.42 4.46 -0.06 3.42 4.46 -0.11 3.42 4.46 -0.17 3.42 4.46 -0.22 3.43 -4.48 0.26 3.43 -4.48 0.20 3.43 -4.48 0.15 3.42 -4.48 0.10 3.42 -4.48 0.05 3.42 -4.48 -0.01 3.42 -4.48 -0.06 3.42 -4.48 -0.11 3.42 -4.48 -0.17 3.42 -4.48 -0.22
4.25 4.46 0.17 3.84 4.46 0.45 3.84 4.46 0.45 -2.24 4.46 -0.25 -2.24 4.46 -0.25 -2.24 4.46 -0.25 -2.32 4.46 0.33 -2.32 4.46 0.33 -2.32 4.46 0.33 -2.24 -4.48 -0.25 -2.24 -4.48 -0.25 -2.24 -4.48 -0.25 -2.32 -4.48 0.33 -2.32 -4.48 0.33 -2.32 -4.48 0.33 4.25 -4.48 0.17 4.25 -4.48 0.17 3.84 -4.48 0.45 3.84 -4.48 0.45 3.88 4.46 0.43 3.88 4.46 0.43 3.92 4.46 0.40 3.92 4.46 0.40 3.95 4.46 0.38 3.95 4.46 0.38 3.99 4.46 0.35 3.99 4.46 0.35 4.03 4.46 0.33 4.03 4.46 0.33 4.03 4.46 0.33 4.06 4.46 0.30 4.06 4.46 0.30 4.06 4.46 0.30 4.10 4.46 0.28 4.10 4.46 0.28 4.14 4.46 0.25 4.14 4.46 0.25 4.17 4.46 0.23 4.17 4.46 0.23 4.21 4.46 0.20 4.21 4.46 0.20 -2.31 4.46 0.28 -2.31 4.46 0.28 -2.29 4.46 0.23 -2.29 4.46 0.23 -2.28 4.46 0.17 -2.28 4.46 0.17 -2.27 4.46 0.12 -2.27 4.46 0.12 -2.27 4.46 0.07 -2.27 4.46 0.07 -2.26 4.46 0.02 -2.26 4.46 0.02 -2.25 4.46 -0.04 -2.25 4.46 -0.04 -2.25 4.46 -0.09 -2.25 4.46 -0.09 -2.25 4.46 -0.14 -2.25 4.46 -0.14 -2.24 4.46 -0.19 -2.24 4.46 -0.19 -2.30 -4.48 0.28 -2.30 -4.48 0.28 -2.29 -4.48 0.23 -2.29 -4.48 0.23 -2.28 -4.48 0.17 -2.28 -4.48 0.17 -2.27 -4.48 0.12 -2.27 -4.48 0.12 -2.26 -4.48 0.07 -2.26 -4.48 0.07 -2.26 -4.48 0.02 -2.26 -4.48 0.02 -2.25 -4.48 -0.04 -2.25 -4.48 -0.04 -2.25 -4.48 -0.09 -2.25 -4.48 -0.09 -2.24 -4.48 -0.14 -2.24 -4.48 -0.14 -2.24 -4.48 -0.19 -2.24 -4.48 -0.19 3.88 -4.48 0.43 3.88 -4.48 0.43 3.92 -4.48 0.40 3.92 -4.48 0.40 3.95 -4.48 0.38 3.95 -4.48 0.38 3.99 -4.48 0.35 3.99 -4.48 0.35 4.03 -4.48 0.33 4.03 -4.48 0.33 4.03 -4.48 0.33 4.06 -4.48 0.30 4.06 -4.48 0.30 4.06 -4.48 0.30 4.10 -4.48 0.28 4.10 -4.48 0.28 4.14 -4.48 0.25 4.14 -4.48 0.25 4.17 -4.48 0.23 4.17 -4.48 0.23 4.21 -4.48 0.20 4.21 -4.48 0.20 0.96 4.46 -0.25 0.96 4.46 0.33 0.96 4.46 0.33 0.96 -4.48 -0.25 0.96 -4.48 -0.25 0.96 -4.48 0.33 0.96 -4.48 0.33 0.96 4.46 0.28 0.96 4.46 0.23 0.96 4.46 0.17 0.96 4.46 0.12 0.96 4.46 0.07 0.96 4.46 0.02 0.96 4.46 -0.04 0.96 4.46 -0.09 0.96 4.46 -0.14 0.96 4.46 -0.20 0.96 -4.48 0.28 0.96 -4.48 0.23 0.96 -4.48 0.17 0.96 -4.48 0.12 0.96 -4.48 0.07 0.96 -4.48 0.02 0.96 -4.48 -0.04 0.96 -4.48 -0.09 0.96 -4.48 -0.14 0.96 -4.48 -0.20 1.22 4.46 -0.25 1.22 4.46 0.33 1.22 4.46 0.33 1.22 -4.48 -0.25 1.22 -4.48 -0.25 1.22 -4.48 0.33 1.22 -4.48 0.33 1.22 4.46 0.28 1.22 4.46 0.22 1.22 4.46 0.17 1.22 4.46 0.12 1.22 4.46 0.06 1.22 4.46 0.01 1.22 4.46 -0.04 1.22 4.46 -0.09 1.22 4.46 -0.15 1.22 4.46 -0.20 1.22 -4.48 0.28 1.22 -4.48 0.22 1.22 -4.48 0.17 1.22 -4.48 0.12 1.22 -4.48 0.06 1.22 -4.48 0.01 1.22 -4.48 -0.04 1.22 -4.48 -0.09 1.22 -4.48 -0.15 1.22 -4.48 -0.20 1.48 4.46 -0.26 1.48 4.46 0.32 1.48 4.46 0.32 1.48 -4.48 -0.26 1.48 -4.48 -0.26 1.48 -4.48 0.32 1.48 -4.48 0.32 1.48 4.46 0.27 1.48 4.46 0.22 1.48 4.46 0.17 1.48 4.46 0.11 1.48 4.46 0.06 1.48 4.46 0.01 1.48 4.46 -0.05 1.48 4.46 -0.10 1.48 4.46 -0.15 1.48 4.46 -0.20 1.48 -4.48 0.27 1.48 -4.48 0.22 1.48 -4.48 0.17 1.48 -4.48 0.11 1.48 -4.48 0.06 1.48 -4.48 0.01 1.48 -4.48 -0.05 1.48 -4.48 -0.10 1.48 -4.48 -0.15 1.48 -4.48 -0.20 1.74 4.46 -0.26 1.75 4.46 0.32 1.75 4.46 0.32 1.74 -4.48 -0.26 1.74 -4.48 -0.26 1.75 -4.48 0.32 1.75 -4.48 0.32 1.74 4.46 0.27 1.74 4.46 0.22 1.74 4.46 0.16 1.74 4.46 0.11 1.74 4.46 0.06 1.74 4.46 0.00 1.74 4.46 -0.05 1.74 4.46 -0.10 1.74 4.46 -0.15 1.74 4.46 -0.21 1.74 -4.48 0.27 1.74 -4.48 0.22 1.74 -4.48 0.16 1.74 -4.48 0.11 1.74 -4.48 0.06 1.74 -4.48 0.00 1.74 -4.48 -0.05 1.74 -4.48 -0.10 1.74 -4.48 -0.15 1.74 -4.48 -0.21 2.00 4.46 -0.26 2.00 4.46 0.32 2.00 4.46 0.32 2.00 -4.48 -0.26 2.00 -4.48 -0.26 2.00 -4.48 0.32 2.00 -4.48 0.32 2.00 4.46 0.26 2.00 4.46 0.21 2.00 4.46 0.16 2.00 4.46 0.11 2.00 4.46 0.05 2.00 4.46 0.00 2.00 4.46 -0.05 2.00 4.46 -0.11 2.00 4.46 -0.16 2.00 4.46 -0.21 2.00 -4.48 0.26 2.00 -4.48 0.21 2.00 -4.48 0.16 2.00 -4.48 0.11 2.00 -4.48 0.05 2.00 -4.48 0.00 2.00 -4.48 -0.05 2.00 -4.48 -0.11 2.00 -4.48 -0.16 2.00 -4.48 -0.21 2.26 4.46 -0.27 2.27 4.46 0.31 2.27 4.46 0.31 2.26 -4.48 -0.27 2.26 -4.48 -0.27 2.27 -4.48 0.31 2.27 -4.48 0.31 2.26 4.46 0.26 2.26 4.46 0.21 2.26 4.46 0.16 2.26 4.46 0.10 2.26 4.46 0.05 2.26 4.46 -0.00 2.26 4.46 -0.06 2.26 4.46 -0.11 2.26 4.46 -0.16 2.26 4.46 -0.21 2.26 -4.48 0.26 2.26 -4.48 0.21 2.26 -4.48 0.16 2.26 -4.48 0.10 2.26 -4.48 0.05 2.26 -4.48 -0.00 2.26 -4.48 -0.06 2.26 -4.48 -0.11 2.26 -4.48 -0.16 2.26 -4.48 -0.21 2.52 4.46 -0.27 2.53 4.46 0.31 2.53 4.46 0.31 2.52 -4.48 -0.27 2.52 -4.48 -0.27 2.53 -4.48 0.31 2.53 -4.48 0.31 2.53 4.46 0.26 2.52 4.46 0.21 2.52 4.46 0.15 2.52 4.46 0.10 2.52 4.46 0.05 2.52 4.46 -0.01 2.52 4.46 -0.06 2.52 4.46 -0.11 2.52 4.46 -0.16 2.52 4.46 -0.22 2.53 -4.48 0.26 2.52 -4.48 0.21 2.52 -4.48 0.15 2.52 -4.48 0.10 2.52 -4.48 0.05 2.52 -4.48 -0.01 2.52 -4.48 -0.06 2.52 -4.48 -0.11 2.52 -4.48 -0.16 2.52 -4.48 -0.22 2.78 4.46 -0.27 2.79 4.46 0.31 2.79 4.46 0.31 2.78 -4.48 -0.27 2.78 -4.48 -0.27 2.79 -4.48 0.31 2.79 -4.48 0.31 2.79 4.46 0.26 2.79 4.46 0.20 2.78 4.46 0.15 2.78 4.46 0.10 2.78 4.46 0.04 2.78 4.46 -0.01 2.78 4.46 -0.06 2.78 4.46 -0.11 2.78 4.46 -0.17 2.78 4.46 -0.22 2.79 -4.48 0.26 2.79 -4.48 0.20 2.78 -4.48 0.15 2.78 -4.48 0.10 2.78 -4.48 0.04 2.78 -4.48 -0.01 2.78 -4.48 -0.06 2.78 -4.48 -0.11 2.78 -4.48 -0.17 2.78 -4.48 -0.22 3.04 4.46 -0.28 3.05 4.46 0.31 3.05 4.46 0.31 3.04 -4.48 -0.28 3.04 -4.48 -0.28 3.05 -4.48 0.31 3.05 -4.48 0.31 3.05 4.46 0.25 3.05 4.46 0.20 3.05 4.46 0.15 3.04 4.46 0.09 3.04 4.46 0.04 3.04 4.46 -0.01 3.04 4.46 -0.06 3.04 4.46 -0.12 3.04 4.46 -0.17 3.04 4.46 -0.22 3.05 -4.48 0.25 3.05 -4.48 0.20 3.05 -4.48 0.15 3.04 -4.48 0.09 3.04 -4.48 0.04 3.04 -4.48 -0.01 3.04 -4.48 -0.06 3.04 -4.48 -0.12 3.04 -4.48 -0.17 3.04 -4.48 -0.22 3.30 4.46 -0.28 3.31 4.46 0.30 3.31 4.46 0.30 3.30 -4.48 -0.28 3.30 -4.48 -0.28 3.31 -4.48 0.30 3.31 -4.48 0.30 3.31 4.46 0.25 3.31 4.46 0.20 3.31 4.46 0.14 3.31 4.46 0.09 3.30 4.46 0.04 3.30 4.46 -0.02 3.30 4.46 -0.07 3.30 4.46 -0.12 3.30 4.46 -0.17 3.30 4.46 -0.23 3.31 -4.48 0.25 3.31 -4.48 0.20 3.31 -4.48 0.14 3.31 -4.48 0.09 3.30 -4.48 0.04 3.30 -4.48 -0.02 3.30 -4.48 -0.07 3.30 -4.48 -0.12 3.30 -4.48 -0.17 3.30 -4.48 -0.23 -1.44 4.46 -0.24 -1.49 4.46 0.34 -1.49 4.46 0.34 -1.44 -4.48 -0.24 -1.44 -4.48 -0.24 -1.49 -4.48 0.34 -1.49 -4.48 0.34 -1.48 4.46 0.29 -1.47 4.46 0.23 -1.47 4.46 0.18 -1.46 4.46 0.13 -1.46 4.46 0.08 -1.45 4.46 0.02 -1.45 4.46 -0.03 -1.45 4.46 -0.08 -1.44 4.46 -0.13 -1.44 4.46 -0.19 -1.48 -4.48 0.29 -1.47 -4.48 0.23 -1.47 -4.48 0.18 -1.46 -4.48 0.13 -1.45 -4.48 0.08 -1.45 -4.48 0.02 -1.45 -4.48 -0.03 -1.44 -4.48 -0.08 -1.44 -4.48 -0.13 -1.44 -4.48 -0.19 -0.93 4.46 -0.24 -0.96 4.46 0.34 -0.96 4.46 0.34 -0.93 -4.48 -0.24 -0.93 -4.48 -0.24 -0.96 -4.48 0.34 -0.96 -4.48 0.34 -0.95 4.46 0.29 -0.95 4.46 0.24 -0.95 4.46 0.18 -0.95 4.46 0.13 -0.95 4.46 0.08 -0.94 4.46 0.03 -0.94 4.46 -0.03 -0.94 4.46 -0.08 -0.94 4.46 -0.13 -0.94 4.46 -0.18 -0.95 -4.48 0.29 -0.95 -4.48 0.24 -0.95 -4.48 0.18 -0.95 -4.48 0.13 -0.95 -4.48 0.08 -0.94 -4.48 0.03 -0.94 -4.48 -0.03 -0.94 -4.48 -0.08 -0.94 -4.48 -0.13 -0.93 -4.48 -0.18 -0.42 4.46 -0.23 -0.43 4.46 0.35 -0.43 4.46 0.35 -0.42 -4.48 -0.23 -0.42 -4.48 -0.23 -0.43 -4.48 0.35 -0.43 -4.48 0.35 -0.43 4.46 0.29 -0.42 4.46 0.24 -0.42 4.46 0.19 -0.42 4.46 0.14 -0.42 4.46 0.08 -0.42 4.46 0.03 -0.42 4.46 -0.02 -0.42 4.46 -0.07 -0.42 4.46 -0.13 -0.42 4.46 -0.18 -0.42 -4.48 0.29 -0.42 -4.48 0.24 -0.42 -4.48 0.19 -0.42 -4.48 0.14 -0.42 -4.48 0.08 -0.42 -4.48 0.03 -0.42 -4.48 -0.02 -0.42 -4.48 -0.07 -0.42 -4.48 -0.13 -0.42 -4.48 -0.18 0.10 4.46 -0.24 0.10 4.46 0.35 0.10 4.46 0.35 0.10 -4.48 -0.24 0.10 -4.48 -0.24 0.10 -4.48 0.35 0.10 -4.48 0.35 0.10 4.46 0.29 0.10 4.46 0.24 0.10 4.46 0.19 0.10 4.46 0.13 0.10 4.46 0.08 0.10 4.46 0.03 0.10 4.46 -0.02 0.10 4.46 -0.08 0.10 4.46 -0.13 0.10 4.46 -0.18 0.10 -4.48 0.29 0.10 -4.48 0.24 0.10 -4.48 0.19 0.10 -4.48 0.13 0.10 -4.48 0.08 0.10 -4.48 0.03 0.10 -4.48 -0.02 0.10 -4.48 -0.08 0.10 -4.48 -0.13 0.10 -4.48 -0.18 0.62 4.46 -0.24 0.62 4.46 0.34 0.62 4.46 0.34 0.62 -4.48 -0.24 0.62 -4.48 -0.24 0.62 -4.48 0.34 0.62 -4.48 0.34 0.62 4.46 0.28 0.62 4.46 0.23 0.62 4.46 0.18 0.62 4.46 0.13 0.62 4.46 0.07 0.62 4.46 0.02 0.62 4.46 -0.03 0.62 4.46 -0.09 0.62 4.46 -0.14 0.62 4.46 -0.19 0.62 -4.48 0.28 0.62 -4.48 0.23 0.62 -4.48 0.18 0.62 -4.48 0.13 0.62 -4.48 0.07 0.62 -4.48 0.02 0.62 -4.48 -0.03 0.62 -4.48 -0.09 0.62 -4.48 -0.14 0.62 -4.48 -0.19 4.07 -4.49 0.36 3.90 -4.49 0.48 3.90 -4.44 0.48 4.07 -4.44 0.36 4.06 -4.51 0.35 3.89 -4.51 0.46 3.89 -0.01 0.45 3.89 -0.01 0.45 3.84 -4.38 0.50 3.84 -4.38 0.50 3.90 -4.38 0.48 4.07 -4.38 0.36 4.05 -4.49 0.32 3.89 -4.49 0.42 3.84 -2.37 0.52 3.84 -4.49 0.52 3.84 -4.44 0.52 4.06 -0.01 0.34 4.06 -0.01 0.34 4.07 -2.37 0.36 3.90 -2.37 0.48 4.05 -4.44 0.32 3.89 -4.44 0.42 3.84 -4.38 0.48 3.84 -4.51 0.49 3.84 -4.44 0.49 3.84 -4.44 0.49 3.84 -4.38 0.52 4.06 -4.38 0.34 3.89 -4.38 0.45 3.84 -4.49 0.46 3.84 -4.44 0.46 4.24 -4.49 0.25 4.24 -4.44 0.25 4.23 -4.51 0.23 4.28 -4.38 0.19 4.28 -4.38 0.19 4.24 -4.38 0.25 4.21 -4.49 0.21 4.30 -2.37 0.20 4.30 -4.49 0.20 4.30 -4.44 0.20 4.24 -2.37 0.25 4.21 -4.44 0.21 4.27 -4.38 0.18 4.28 -4.51 0.19 4.28 -4.44 0.19 4.28 -4.44 0.19 4.30 -4.38 0.20 4.28 -0.01 0.19 4.28 -0.01 0.19 4.28 -0.01 0.19 4.28 -0.01 0.19 4.22 -4.38 0.22 4.26 -4.49 0.17 4.26 -4.44 0.17 4.07 4.47 0.36 3.90 4.47 0.48 3.90 4.42 0.48 4.07 4.42 0.36 4.06 4.49 0.35 3.89 4.49 0.46 3.84 4.36 0.50 3.84 4.36 0.50 3.90 4.36 0.48 4.07 4.36 0.36 4.05 4.47 0.32 3.89 4.47 0.42 3.84 -0.01 0.52 3.84 4.47 0.52 3.84 4.42 0.52 4.07 -0.01 0.36 3.90 -0.01 0.48 4.05 4.42 0.32 3.89 4.42 0.42 3.84 4.36 0.48 3.84 4.49 0.49 3.84 4.42 0.49 3.84 4.42 0.49 3.84 4.36 0.52 3.84 -0.01 0.50 3.84 -0.01 0.50 3.84 -0.01 0.50 3.84 -0.01 0.50 4.06 4.36 0.34 3.89 4.36 0.45 3.84 -0.01 0.48 3.84 -0.01 0.48 3.84 4.47 0.46 3.84 4.42 0.46 4.24 4.47 0.25 4.24 4.42 0.25 4.23 4.49 0.23 4.22 -0.01 0.22 4.22 -0.01 0.22 4.28 4.36 0.19 4.28 4.36 0.19 4.24 4.36 0.25 4.21 4.47 0.21 4.30 -0.01 0.20 4.30 4.47 0.20 4.30 4.42 0.20 4.24 -0.01 0.25 4.21 4.42 0.21 4.27 4.36 0.18 4.28 4.49 0.19 4.28 4.42 0.19 4.28 4.42 0.19 4.30 4.36 0.20 4.22 4.36 0.22 4.27 -0.01 0.18 4.27 -0.01 0.18 4.26 4.47 0.17 4.26 4.42 0.17 4.13 4.46 -0.07 3.82 4.46 0.28 3.82 4.46 0.28 4.13 -4.48 -0.07 4.13 -4.48 -0.07 3.82 -4.48 0.28 3.82 -4.48 0.28 3.85 4.46 0.25 3.87 4.46 0.22 3.90 4.46 0.18 3.93 4.46 0.15 3.96 4.46 0.12 3.99 4.46 0.09 4.02 4.46 0.06 4.05 4.46 0.02 4.08 4.46 -0.01 4.10 4.46 -0.04 3.85 -4.48 0.25 3.87 -4.48 0.22 3.90 -4.48 0.18 3.93 -4.48 0.15 3.96 -4.48 0.12 3.99 -4.48 0.09 4.02 -4.48 0.06 4.05 -4.48 0.02 4.08 -4.48 -0.01 4.10 -4.48 -0.04 3.99 4.46 -0.21 3.80 4.46 0.25 3.80 4.46 0.25 3.99 -4.48 -0.21 3.99 -4.48 -0.21 3.80 -4.48 0.25 3.80 -4.48 0.25 3.82 4.46 0.22 3.84 4.46 0.18 3.86 4.46 0.14 3.87 4.46 0.09 3.89 4.46 0.05 3.91 4.46 0.01 3.92 4.46 -0.04 3.94 4.46 -0.08 3.95 4.46 -0.12 3.97 4.46 -0.16 3.82 -4.48 0.22 3.84 -4.48 0.18 3.86 -4.48 0.14 3.87 -4.48 0.09 3.89 -4.48 0.05 3.91 -4.48 0.01 3.92 -4.48 -0.04 3.94 -4.48 -0.08 3.95 -4.48 -0.12 3.97 -4.48 -0.16 4.23 4.46 0.15 3.83 4.46 0.42 3.83 4.46 0.42 4.23 -4.48 0.15 4.23 -4.48 0.15 3.83 -4.48 0.42 3.83 -4.48 0.42 3.87 4.46 0.40 3.91 4.46 0.37 3.94 4.46 0.35 3.98 4.46 0.32 4.02 4.46 0.30 4.05 4.46 0.27 4.09 4.46 0.25 4.13 4.46 0.22 4.16 4.46 0.20 4.20 4.46 0.17 3.87 -4.48 0.40 3.91 -4.48 0.37 3.94 -4.48 0.35 3.98 -4.48 0.32 4.02 -4.48 0.30 4.05 -4.48 0.27 4.09 -4.48 0.25 4.13 -4.48 0.22 4.16 -4.48 0.20 4.20 -4.48 0.17 4.20 4.46 0.05 3.83 4.46 0.35 3.83 4.46 0.35 4.20 -4.48 0.05 4.20 -4.48 0.05 3.83 -4.48 0.35 3.83 -4.48 0.35 3.86 4.46 0.33 3.90 4.46 0.30 3.93 4.46 0.27 3.96 4.46 0.24 4.00 4.46 0.22 4.03 4.46 0.19 4.06 4.46 0.16 4.10 4.46 0.13 4.13 4.46 0.11 4.16 4.46 0.08 3.86 -4.48 0.33 3.90 -4.48 0.30 3.93 -4.48 0.27 3.96 -4.48 0.24 4.00 -4.48 0.22 4.03 -4.48 0.19 4.06 -4.48 0.16 4.10 -4.48 0.13 4.13 -4.48 0.11 4.16 -4.48 0.08 3.73 4.46 -0.26 3.67 4.46 0.32 3.67 4.46 0.32 3.73 -4.48 -0.26 3.73 -4.48 -0.26 3.67 -4.48 0.32 3.67 -4.48 0.32 3.68 4.46 0.26 3.68 4.46 0.21 3.69 4.46 0.16 3.69 4.46 0.11 3.70 4.46 0.05 3.70 4.46 0.00 3.71 4.46 -0.05 3.72 4.46 -0.10 3.72 4.46 -0.16 3.73 4.46 -0.21 3.68 -4.48 0.26 3.68 -4.48 0.21 3.69 -4.48 0.16 3.69 -4.48 0.11 3.70 -4.48 0.05 3.70 -4.48 0.00 3.71 -4.48 -0.05 3.72 -4.48 -0.10 3.72 -4.48 -0.16 3.73 -4.48 -0.21 3.43 4.46 -0.28 3.44 4.46 0.30 3.44 4.46 0.30 3.43 -4.48 -0.28 3.43 -4.48 -0.28 3.44 -4.48 0.30 3.44 -4.48 0.30 3.44 4.46 0.25 3.44 4.46 0.19 3.44 4.46 0.14 3.44 4.46 0.09 3.44 4.46 0.04 3.44 4.46 -0.02 3.44 4.46 -0.07 3.44 4.46 -0.12 3.44 4.46 -0.18 3.43 4.46 -0.23 3.44 -4.48 0.25 3.44 -4.48 0.19 3.44 -4.48 0.14 3.44 -4.48 0.09 3.44 -4.48 0.04 3.44 -4.48 -0.02 3.44 -4.48 -0.07 3.44 -4.48 -0.12 3.44 -4.48 -0.18 3.43 -4.48 -0.23
4.25 4.46 0.19 3.84 4.46 0.45 3.84 4.46 0.45 -2.23 4.46 -0.23 -2.23 4.46 -0.23 -2.23 4.46 -0.23 -2.31 4.46 0.35 -2.31 4.46 0.35 -2.31 4.46 0.35 -2.23 -4.48 -0.23 -2.23 -4.48 -0.23 -2.23 -4.48 -0.23 -2.30 -4.48 0.35 -2.30 -4.48 0.35 -2.30 -4.48 0.35 4.25 -4.48 0.19 4.25 -4.48 0.19 3.84 -4.48 0.45 3.84 -4.48 0.45 3.88 4.46 0.43 3.88 4.46 0.43 3.92 4.46 0.41 3.92 4.46 0.41 3.95 4.46 0.38 3.95 4.46 0.38 3.99 4.46 0.36 3.99 4.46 0.36 4.03 4.46 0.34 4.03 4.46 0.34 4.03 4.46 0.34 4.07 4.46 0.31 4.07 4.46 0.31 4.07 4.46 0.31 4.10 4.46 0.29 4.10 4.46 0.29 4.14 4.46 0.26 4.14 4.46 0.26 4.18 4.46 0.24 4.18 4.46 0.24 4.21 4.46 0.21 4.21 4.46 0.21 -2.29 4.46 0.29 -2.29 4.46 0.29 -2.28 4.46 0.24 -2.28 4.46 0.24 -2.27 4.46 0.19 -2.27 4.46 0.19 -2.26 4.46 0.14 -2.26 4.46 0.14 -2.25 4.46 0.09 -2.25 4.46 0.09 -2.25 4.46 0.03 -2.25 4.46 0.03 -2.24 4.46 -0.02 -2.24 4.46 -0.02 -2.24 4.46 -0.07 -2.24 4.46 -0.07 -2.24 4.46 -0.12 -2.24 4.46 -0.12 -2.23 4.46 -0.18 -2.23 4.46 -0.18 -2.29 -4.48 0.29 -2.29 -4.48 0.29 -2.28 -4.48 0.24 -2.28 -4.48 0.24 -2.27 -4.48 0.19 -2.27 -4.48 0.19 -2.26 -4.48 0.14 -2.26 -4.48 0.14 -2.25 -4.48 0.09 -2.25 -4.48 0.09 -2.25 -4.48 0.03 -2.25 -4.48 0.03 -2.24 -4.48 -0.02 -2.24 -4.48 -0.02 -2.24 -4.48 -0.07 -2.24 -4.48 -0.07 -2.23 -4.48 -0.12 -2.23 -4.48 -0.12 -2.23 -4.48 -0.18 -2.23 -4.48 -0.18 3.88 -4.48 0.43 3.88 -4.48 0.43 3.92 -4.48 0.41 3.92 -4.48 0.41 3.95 -4.48 0.38 3.95 -4.48 0.38 3.99 -4.48 0.36 3.99 -4.48 0.36 4.03 -4.48 0.34 4.03 -4.48 0.34 4.03 -4.48 0.34 4.07 -4.48 0.31 4.07 -4.48 0.31 4.07 -4.48 0.31 4.10 -4.48 0.29 4.10 -4.48 0.29 4.14 -4.48 0.26 4.14 -4.48 0.26 4.18 -4.48 0.24 4.18 -4.48 0.24 4.21 -4.48 0.21 4.21 -4.48 0.21 0.97 4.46 -0.23 0.97 4.46 0.35 0.97 4.46 0.35 0.97 -4.48 -0.23 0.97 -4.48 -0.23 0.97 -4.48 0.35 0.97 -4.48 0.35 0.97 4.46 0.29 0.97 4.46 0.24 0.97 4.46 0.19 0.97 4.46 0.14 0.97 4.46 0.08 0.97 4.46 0.03 0.97 4.46 -0.02 0.97 4.46 -0.08 0.97 4.46 -0.13 0.97 4.46 -0.18 0.97 -4.48 0.29 0.97 -4.48 0.24 0.97 -4.48 0.19 0.97 -4.48 0.14 0.97 -4.48 0.08 0.97 -4.48 0.03 0.97 -4.48 -0.02 0.97 -4.48 -0.08 0.97 -4.48 -0.13 0.97 -4.48 -0.18 1.23 4.46 -0.24 1.23 4.46 0.35 1.23 4.46 0.35 1.23 -4.48 -0.24 1.23 -4.48 -0.24 1.23 -4.48 0.35 1.23 -4.48 0.35 1.23 4.46 0.29 1.23 4.46 0.24 1.23 4.46 0.19 1.23 4.46 0.13 1.23 4.46 0.08 1.23 4.46 0.03 1.23 4.46 -0.02 1.23 4.46 -0.08 1.23 4.46 -0.13 1.23 4.46 -0.18 1.23 -4.48 0.29 1.23 -4.48 0.24 1.23 -4.48 0.19 1.23 -4.48 0.13 1.23 -4.48 0.08 1.23 -4.48 0.03 1.23 -4.48 -0.02 1.23 -4.48 -0.08 1.23 -4.48 -0.13 1.23 -4.48 -0.18 1.49 4.46 -0.24 1.49 4.46 0.34 1.49 4.46 0.34 1.49 -4.48 -0.24 1.49 -4.48 -0.24 1.49 -4.48 0.34 1.49 -4.48 0.34 1.49 4.46 0.29 1.49 4.46 0.24 1.49 4.46 0.19 1.49 4.46 0.13 1.49 4.46 0.08 1.49 4.46 0.03 1.49 4.46 -0.03 1.49 4.46 -0.08 1.49 4.46 -0.13 1.49 4.46 -0.18 1.49 -4.48 0.29 1.49 -4.48 0.24 1.49 -4.48 0.19 1.49 -4.48 0.13 1.49 -4.48 0.08 1.49 -4.48 0.03 1.49 -4.48 -0.03 1.49 -4.48 -0.08 1.49 -4.48 -0.13 1.49 -4.48 -0.18 1.75 4.46 -0.24 1.75 4.46 0.34 1.75 4.46 0.34 1.75 -4.48 -0.24 1.75 -4.48 -0.24 1.75 -4.48 0.34 1.75 -4.48 0.34 1.75 4.46 0.29 1.75 4.46 0.24 1.75 4.46 0.19 1.75 4.46 0.13 1.75 4.46 0.08 1.75 4.46 0.03 1.75 4.46 -0.03 1.75 4.46 -0.08 1.75 4.46 -0.13 1.75 4.46 -0.18 1.75 -4.48 0.29 1.75 -4.48 0.24 1.75 -4.48 0.19 1.75 -4.48 0.13 1.75 -4.48 0.08 1.75 -4.48 0.03 1.75 -4.48 -0.03 1.75 -4.48 -0.08 1.75 -4.48 -0.13 1.75 -4.48 -0.18 2.01 4.46 -0.25 2.02 4.46 0.34 2.02 4.46 0.34 2.01 -4.48 -0.25 2.01 -4.48 -0.25 2.02 -4.48 0.34 2.02 -4.48 0.34 2.02 4.46 0.28 2.02 4.46 0.23 2.02 4.46 0.18 2.02 4.46 0.12 2.01 4.46 0.07 2.01 4.46 0.02 2.01 4.46 -0.03 2.01 4.46 -0.09 2.01 4.46 -0.14 2.01 4.46 -0.19 2.02 -4.48 0.28 2.02 -4.48 0.23 2.02 -4.48 0.18 2.02 -4.48 0.12 2.01 -4.48 0.07 2.01 -4.48 0.02 2.01 -4.48 -0.03 2.01 -4.48 -0.09 2.01 -4.48 -0.14 2.01 -4.48 -0.19 2.27 4.46 -0.25 2.28 4.46 0.33 2.28 4.46 0.33 2.27 -4.48 -0.25 2.27 -4.48 -0.25 2.28 -4.48 0.33 2.28 -4.48 0.33 2.28 4.46 0.27 2.28 4.46 0.22 2.28 4.46 0.17 2.28 4.46 0.12 2.27 4.46 0.06 2.27 4.46 0.01 2.27 4.46 -0.04 2.27 4.46 -0.10 2.27 4.46 -0.15 2.27 4.46 -0.20 2.28 -4.48 0.27 2.28 -4.48 0.22 2.28 -4.48 0.17 2.28 -4.48 0.12 2.27 -4.48 0.06 2.27 -4.48 0.01 2.27 -4.48 -0.04 2.27 -4.48 -0.10 2.27 -4.48 -0.15 2.27 -4.48 -0.20 2.53 4.46 -0.26 2.54 4.46 0.32 2.54 4.46 0.32 2.53 -4.48 -0.26 2.53 -4.48 -0.26 2.54 -4.48 0.32 2.54 -4.48 0.32 2.54 4.46 0.26 2.54 4.46 0.21 2.54 4.46 0.16 2.54 4.46 0.11 2.54 4.46 0.05 2.53 4.46 0.00 2.53 4.46 -0.05 2.53 4.46 -0.11 2.53 4.46 -0.16 2.53 4.46 -0.21 2.54 -4.48 0.26 2.54 -4.48 0.21 2.54 -4.48 0.16 2.54 -4.48 0.11 2.54 -4.48 0.05 2.53 -4.48 0.00 2.53 -4.48 -0.05 2.53 -4.48 -0.11 2.53 -4.48 -0.16 2.53 -4.48 -0.21 2.79 4.46 -0.27 2.80 4.46 0.31 2.80 4.46 0.31 2.79 -4.48 -0.27 2.79 -4.48 -0.27 2.80 -4.48 0.31 2.80 -4.48 0.31 2.80 4.46 0.26 2.80 4.46 0.20 2.80 4.46 0.15 2.80 4.46 0.10 2.80 4.46 0.04 2.79 4.46 -0.01 2.79 4.46 -0.06 2.79 4.46 -0.11 2.79 4.46 -0.17 2.79 4.46 -0.22 2.80 -4.48 0.26 2.80 -4.48 0.20 2.80 -4.48 0.15 2.80 -4.48 0.10 2.80 -4.48 0.04 2.79 -4.48 -0.01 2.79 -4.48 -0.06 2.79 -4.48 -0.11 2.79 -4.48 -0.17 2.79 -4.48 -0.22 3.05 4.46 -0.28 3.06 4.46 0.30 3.06 4.46 0.30 3.05 -4.48 -0.28 3.05 -4.48 -0.28 3.06 -4.48 0.30 3.06 -4.48 0.30 3.06 4.46 0.25 3.06 4.46 0.19 3.06 4.46 0.14 3.06 4.46 0.09 3.06 4.46 0.03 3.05 4.46 -0.02 3.05 4.46 -0.07 3.05 4.46 -0.12 3.05 4.46 -0.18 3.05 4.46 -0.23 3.06 -4.48 0.25 3.06 -4.48 0.19 3.06 -4.48 0.14 3.06 -4.48 0.09 3.06 -4.48 0.03 3.05 -4.48 -0.02 3.05 -4.48 -0.07 3.05 -4.48 -0.12 3.05 -4.48 -0.18 3.05 -4.48 -0.23 3.31 4.46 -0.29 3.32 4.46 0.29 3.32 4.46 0.29 3.31 -4.48 -0.29 3.31 -4.48 -0.29 3.32 -4.48 0.29 3.32 -4.48 0.29 3.32 4.46 0.24 3.32 4.46 0.18 3.32 4.46 0.13 3.32 4.46 0.08 3.32 4.46 0.03 3.31 4.46 -0.03 3.31 4.46 -0.08 3.31 4.46 -0.13 3.31 4.46 -0.19 3.31 4.46 -0.24 3.32 -4.48 0.24 3.32 -4.48 0.18 3.32 -4.48 0.13 3.32 -4.48 0.08 3.32 -4.48 0.03 3.31 -4.48 -0.03 3.31 -4.48 -0.08 3.31 -4.48 -0.13 3.31 -4.48 -0.19 3.31 -4.48 -0.24 -1.43 4.46 -0.23 -1.48 4.46 0.35 -1.48 4.46 0.35 -1.43 -4.48 -0.23 -1.43 -4.48 -0.23 -1.47 -4.48 0.35 -1.47 -4.48 0.35 -1.47 4.46 0.30 -1.46 4.46 0.24 -1.46 4.46 0.19 -1.45 4.46 0.14 -1.44 4.46 0.09 -1.44 4.46 0.03 -1.44 4.46 -0.02 -1.44 4.46 -0.07 -1.43 4.46 -0.12 -1.43 4.46 -0.18 -1.47 -4.48 0.30 -1.46 -4.48 0.24 -1.45 -4.48 0.19 -1.45 -4.48 0.14 -1.44 -4.48 0.09 -1.44 -4.48 0.03 -1.44 -4.48 -0.02 -1.43 -4.48 -0.07 -1.43 -4.48 -0.12 -1.43 -4.48 -0.18 -0.92 4.46 -0.23 -0.94 4.46 0.35 -0.94 4.46 0.35 -0.92 -4.48 -0.23 -0.92 -4.48 -0.23 -0.94 -4.48 0.35 -0.94 -4.48 0.35 -0.94 4.46 0.30 -0.94 4.46 0.24 -0.94 4.46 0.19 -0.94 4.46 0.14 -0.94 4.46 0.09 -0.93 4.46 0.03 -0.93 4.46 -0.02 -0.93 4.46 -0.07 -0.93 4.46 -0.13 -0.93 4.46 -0.18 -0.94 -4.48 0.30 -0.94 -4.48 0.24 -0.94 -4.48 0.19 -0.94 -4.48 0.14 -0.93 -4.48 0.09 -0.93 -4.48 0.03 -0.93 -4.48 -0.02 -0.93 -4.48 -0.07 -0.93 -4.48 -0.13 -0.93 -4.48 -0.18 -0.41 4.46 -0.23 -0.41 4.46 0.35 -0.41 4.46 0.35 -0.41 -4.48 -0.23 -0.41 -4.48 -0.23 -0.41 -4.48 0.35 -0.41 -4.48 0.35 -0.41 4.46 0.30 -0.41 4.46 0.24 -0.41 4.46 0.19 -0.41 4.46 0.14 -0.41 4.46 0.09 -0.41 4.46 0.03 -0.41 4.46 -0.02 -0.41 4.46 -0.07 -0.41 4.46 -0.13 -0.41 4.46 -0.18 -0.41 -4.48 0.30 -0.41 -4.48 0.24 -0.41 -4.48 0.19 -0.41 -4.48 0.14 -0.41 -4.48 0.09 -0.41 -4.48 0.03 -0.41 -4.48 -0.02 -0.41 -4.48 -0.07 -0.41 -4.48 -0.13 -0.41 -4.48 -0.18 0.11 4.46 -0.23 0.11 4.46 0.35 0.11 4.46 0.35 0.11 -4.48 -0.23 0.11 -4.48 -0.23 0.11 -4.48 0.35 0.11 -4.48 0.35 0.11 4.46 0.30 0.11 4.46 0.24 0.11 4.46 0.19 0.11 4.46 0.14 0.11 4.46 0.08 0.11 4.46 0.03 0.11 4.46 -0.02 0.11 4.46 -0.07 0.11 4.46 -0.13 0.11 4.46 -0.18 0.11 -4.48 0.30 0.11 -4.48 0.24 0.11 -4.48 0.19 0.11 -4.48 0.14 0.11 -4.48 0.08 0.11 -4.48 0.03 0.11 -4.48 -0.02 0.11 -4.48 -0.07 0.11 -4.48 -0.13 0.11 -4.48 -0.18 0.63 4.46 -0.23 0.63 4.46 0.35 0.63 4.46 0.35 0.63 -4.48 -0.23 0.63 -4.48 -0.23 0.63 -4.48 0.35 0.63 -4.48 0.35 0.63 4.46 0.29 0.63 4.46 0.24 0.63 4.46 0.19 0.63 4.46 0.14 0.63 4.46 0.08 0.63 4.46 0.03 0.63 4.46 -0.02 0.63 4.46 -0.08 0.63 4.46 -0.13 0.63 4.46 -0.18 0.63 -4.48 0.29 0.63 -4.48 0.24 0.63 -4.48 0.19 0.63 -4.48 0.14 0.63 -4.48 0.08 0.63 -4.48 0.03 0.63 -4.48 -0.02 0.63 -4.48 -0.08 0.63 -4.48 -0.13 0.63 -4.48 -0.18 4.07 -4.49 0.37 3.89 -4.49 0.48 3.89 -4.44 0.48 4.07 -4.44 0.37 4.06 -4.51 0.35 3.89 -4.51 0.46 3.89 -0.01 0.45 3.89 -0.01 0.45 3.83 -4.38 0.50 3.83 -4.38 0.50 3.89 -4.38 0.48 4.07 -4.38 0.37 4.05 -4.49 0.33 3.89 -4.49 0.43 3.83 -2.37 0.52 3.83 -4.49 0.52 3.83 -4.44 0.52 4.06 -0.01 0.35 4.06 -0.01 0.35 4.07 -2.37 0.37 3.89 -2.37 0.48 4.05 -4.44 0.33 3.89 -4.44 0.43 3.83 -4.38 0.48 3.83 -4.51 0.49 3.83 -4.44 0.49 3.83 -4.44 0.49 3.83 -4.38 0.52 4.06 -4.38 0.35 3.89 -4.38 0.45 3.84 -4.49 0.46 3.84 -4.44 0.46 4.24 -4.49 0.26 4.24 -4.44 0.26 4.23 -4.51 0.24 4.29 -4.38 0.21 4.29 -4.38 0.21 4.24 -4.38 0.26 4.21 -4.49 0.22 4.30 -2.37 0.22 4.30 -4.49 0.22 4.30 -4.44 0.22 4.24 -2.37 0.26 4.21 -4.44 0.22 4.28 -4.38 0.20 4.28 -4.51 0.20 4.28 -4.44 0.21 4.28 -4.44 0.21 4.30 -4.38 0.22 4.29 -0.01 0.21 4.29 -0.01 0.21 4.29 -0.01 0.21 4.29 -0.01 0.21 4.22 -4.38 0.23 4.26 -4.49 0.19 4.26 -4.44 0.19 4.07 4.47 0.37 3.89 4.47 0.48 3.89 4.42 0.48 4.07 4.42 0.37 4.06 4.49 0.35 3.89 4.49 0.46 3.83 4.36 0.50 3.83 4.36 0.50 3.89 4.36 0.48 4.07 4.36 0.37 4.05 4.47 0.33 3.89 4.47 0.43 3.83 -0.01 0.52 3.83 4.47 0.52 3.83 4.42 0.52 4.07 -0.01 0.37 3.89 -0.01 0.48 4.05 4.42 0.33 3.89 4.42 0.43 3.83 4.36 0.48 3.83 4.49 0.49 3.83 4.42 0.49 3.83 4.42 0.49 3.83 4.36 0.52 3.83 -0.01 0.50 3.83 -0.01 0.50 3.83 -0.01 0.50 3.83 -0.01 0.50 4.06 4.36 0.35 3.89 4.36 0.45 3.83 -0.01 0.48 3.83 -0.01 0.48 3.84 4.47 0.46 3.84 4.42 0.46 4.24 4.47 0.26 4.24 4.42 0.26 4.23 4.49 0.24 4.22 -0.01 0.23 4.22 -0.01 0.23 4.29 4.36 0.21 4.29 4.36 0.21 4.24 4.36 0.26 4.21 4.47 0.22 4.30 -0.01 0.22 4.30 4.47 0.22 4.30 4.42 0.22 4.24 -0.01 0.26 4.21 4.42 0.22 4.28 4.36 0.20 4.28 4.49 0.20 4.28 4.42 0.21 4.28 4.42 0.21 4.30 4.36 0.22 4.22 4.36 0.23 4.28 -0.01 0.20 4.28 -0.01 0.20 4.26 4.47 0.19 4.26 4.42 0.19 4.14 4.46 -0.06 3.82 4.46 0.28 3.82 4.46 0.28 4.14 -4.48 -0.06 4.14 -4.48 -0.06 3.82 -4.48 0.28 3.82 -4.48 0.28 3.85 4.46 0.25 3.88 4.46 0.22 3.91 4.46 0.19 3.94 4.46 0.16 3.97 4.46 0.12 3.99 4.46 0.09 4.02 4.46 0.06 4.05 4.46 0.03 4.08 4.46 0.00 4.11 4.46 -0.03 3.85 -4.48 0.25 3.88 -4.48 0.22 3.91 -4.48 0.19 3.94 -4.48 0.16 3.97 -4.48 0.12 3.99 -4.48 0.09 4.02 -4.48 0.06 4.05 -4.48 0.03 4.08 -4.48 0.00 4.11 -4.48 -0.03 4.00 4.46 -0.20 3.80 4.46 0.25 3.80 4.46 0.25 4.00 -4.48 -0.20 4.00 -4.48 -0.20 3.80 -4.48 0.25 3.80 -4.48 0.25 3.82 4.46 0.22 3.84 4.46 0.18 3.86 4.46 0.13 3.88 4.46 0.09 3.89 4.46 0.05 3.91 4.46 0.01 3.93 4.46 -0.03 3.95 4.46 -0.08 3.97 4.46 -0.12 3.98 4.46 -0.16 3.82 -4.48 0.22 3.84 -4.48 0.18 3.86 -4.48 0.13 3.88 -4.48 0.09 3.89 -4.48 0.05 3.91 -4.48 0.01 3.93 -4.48 -0.03 3.95 -4.48 -0.08 3.97 -4.48 -0.12 3.98 -4.48 -0.16 4.24 4.46 0.16 3.83 4.46 0.42 3.83 4.46 0.42 4.24 -4.48 0.16 4.24 -4.48 0.16 3.83 -4.48 0.42 3.83 -4.48 0.42 3.87 4.46 0.40 3.91 4.46 0.38 3.94 4.46 0.35 3.98 4.46 0.33 4.02 4.46 0.31 4.05 4.46 0.28 4.09 4.46 0.26 4.13 4.46 0.23 4.17 4.46 0.21 4.20 4.46 0.18 3.87 -4.48 0.40 3.91 -4.48 0.38 3.94 -4.48 0.35 3.98 -4.48 0.33 4.02 -4.48 0.31 4.05 -4.48 0.28 4.09 -4.48 0.26 4.13 -4.48 0.23 4.17 -4.48 0.21 4.20 -4.48 0.18 4.20 4.46 0.06 3.83 4.46 0.36 3.83 4.46 0.36 4.20 -4.48 0.06 4.20 -4.48 0.06 3.83 -4.48 0.36 3.83 -4.48 0.36 3.86 4.46 0.33 3.90 4.46 0.30 3.93 4.46 0.28 3.97 4.46 0.25 4.00 4.46 0.22 4.03 4.46 0.20 4.07 4.46 0.17 4.10 4.46 0.14 4.14 4.46 0.12 4.17 4.46 0.09 3.86 -4.48 0.33 3.90 -4.48 0.30 3.93 -4.48 0.28 3.97 -4.48 0.25 4.00 -4.48 0.22 4.03 -4.48 0.20 4.07 -4.48 0.17 4.10 -4.48 0.14 4.14 -4.48 0.12 4.17 -4.48 0.09 3.75 4.46 -0.27 3.67 4.46 0.30 3.67 4.46 0.30 3.75 -4.48 -0.27 3.75 -4.48 -0.27 3.67 -4.48 0.30 3.67 -4.48 0.30 3.68 4.46 0.25 3.68 4.46 0.20 3.69 4.46 0.15 3.70 4.46 0.09 3.71 4.46 0.04 3.71 4.46 -0.01 3.72 4.46 -0.06 3.73 4.46 -0.11 3.73 4.46 -0.17 3.74 4.46 -0.22 3.68 -4.48 0.25 3.68 -4.48 0.20 3.69 -4.48 0.15 3.70 -4.48 0.09 3.71 -4.48 0.04 3.71 -4.48 -0.01 3.72 -4.48 -0.06 3.73 -4.48 -0.11 3.73 -4.48 -0.17 3.74 -4.48 -0.22 3.44 4.46 -0.30 3.45 4.46 0.28 3.45 4.46 0.28 3.44 -4.48 -0.30 3.44 -4.48 -0.30 3.45 -4.48 0.28 3.45 -4.48 0.28 3.45 4.46 0.23 3.45 4.46 0.18 3.45 4.46 0.13 3.45 4.46 0.07 3.45 4.46 0.02 3.45 4.46 -0.03 3.45 4.46 -0.09 3.44 4.46 -0.14 3.44 4.46 -0.19 3.44 4.46 -0.24 3.45 -4.48 0.23 3.45 -4.48 0.18 3.45 -4.48 0.13 3.45 -4.48 0.07 3.45 -4.48 0.02 3.45 -4.48 -0.03 3.45 -4.48 -0.08 3.44 -4.48 -0.14 3.44 -4.48 -0.19 3.44 -4.48 -0.24
4.25 4.46 0.19 3.84 4.46 0.45 3.84 4.46 0.45 -2.23 4.46 -0.24 -2.23 4.46 -0.24 -2.23 4.46 -0.24 -2.30 4.46 0.33 -2.30 4.46 0.33 -2.30 4.46 0.33 -2.23 -4.48 -0.24 -2.23 -4.48 -0.24 -2.23 -4.48 -0.24 -2.30 -4.48 0.33 -2.30 -4.48 0.33 -2.30 -4.48 0.33 4.25 -4.48 0.19 4.25 -4.48 0.19 3.84 -4.48 0.45 3.84 -4.48 0.45 3.88 4.46 0.43 3.88 4.46 0.43 3.92 4.46 0.41 3.92 4.46 0.41 3.95 4.46 0.38 3.95 4.46 0.38 3.99 4.46 0.36 3.99 4.46 0.36 4.03 4.46 0.34 4.03 4.46 0.34 4.03 4.46 0.34 4.07 4.46 0.31 4.07 4.46 0.31 4.07 4.46 0.31 4.10 4.46 0.29 4.10 4.46 0.29 4.14 4.46 0.27 4.14 4.46 0.27 4.18 4.46 0.24 4.18 4.46 0.24 4.21 4.46 0.22 4.21 4.46 0.22 -2.29 4.46 0.28 -2.29 4.46 0.28 -2.28 4.46 0.23 -2.28 4.46 0.23 -2.27 4.46 0.17 -2.27 4.46 0.17 -2.26 4.46 0.12 -2.26 4.46 0.12 -2.25 4.46 0.07 -2.25 4.46 0.07 -2.24 4.46 0.02 -2.24 4.46 0.02 -2.24 4.46 -0.03 -2.24 4.46 -0.03 -2.23 4.46 -0.09 -2.23 4.46 -0.09 -2.23 4.46 -0.14 -2.23 4.46 -0.14 -2.23 4.46 -0.19 -2.23 4.46 -0.19 -2.29 -4.48 0.28 -2.29 -4.48 0.28 -2.28 -4.48 0.23 -2.28 -4.48 0.23 -2.26 -4.48 0.17 -2.26 -4.48 0.17 -2.26 -4.48 0.12 -2.26 -4.48 0.12 -2.25 -4.48 0.07 -2.25 -4.48 0.07 -2.24 -4.48 0.02 -2.24 -4.48 0.02 -2.24 -4.48 -0.03 -2.24 -4.48 -0.03 -2.23 -4.48 -0.09 -2.23 -4.48 -0.09 -2.23 -4.48 -0.14 -2.23 -4.48 -0.14 -2.23 -4.48 -0.19 -2.23 -4.48 -0.19 3.88 -4.48 0.43 3.88 -4.48 0.43 3.92 -4.48 0.41 3.92 -4.48 0.41 3.95 -4.48 0.38 3.95 -4.48 0.38 3.99 -4.48 0.36 3.99 -4.48 0.36 4.03 -4.48 0.34 4.03 -4.48 0.34 4.03 -4.48 0.34 4.07 -4.48 0.31 4.07 -4.48 0.31 4.07 -4.48 0.31 4.10 -4.48 0.29 4.10 -4.48 0.29 4.14 -4.48 0.27 4.14 -4.48 0.27 4.18 -4.48 0.24 4.18 -4.48 0.24 4.21 -4.48 0.22 4.21 -4.48 0.22 0.98 4.46 -0.23 0.97 4.46 0.35 0.97 4.46 0.35 0.98 -4.48 -0.23 0.98 -4.48 -0.23 0.97 -4.48 0.35 0.97 -4.48 0.35 0.97 4.46 0.30 0.97 4.46 0.24 0.97 4.46 0.19 0.98 4.46 0.14 0.98 4.46 0.09 0.98 4.46 0.03 0.98 4.46 -0.02 0.98 4.46 -0.07 0.98 4.46 -0.13 0.98 4.46 -0.18 0.97 -4.48 0.30 0.97 -4.48 0.24 0.97 -4.48 0.19 0.98 -4.48 0.14 0.98 -4.48 0.09 0.98 -4.48 0.03 0.98 -4.48 -0.02 0.98 -4.48 -0.07 0.98 -4.48 -0.13 0.98 -4.48 -0.18 1.24 4.46 -0.23 1.23 4.46 0.35 1.23 4.46 0.35 1.24 -4.48 -0.23 1.24 -4.48 -0.23 1.23 -4.48 0.35 1.23 -4.48 0.35 1.23 4.46 0.30 1.23 4.46 0.25 1.24 4.46 0.20 1.24 4.46 0.14 1.24 4.46 0.09 1.24 4.46 0.04 1.24 4.46 -0.02 1.24 4.46 -0.07 1.24 4.46 -0.12 1.24 4.46 -0.17 1.23 -4.48 0.30 1.23 -4.48 0.25 1.24 -4.48 0.20 1.24 -4.48 0.14 1.24 -4.48 0.09 1.24 -4.48 0.04 1.24 -4.48 -0.02 1.24 -4.48 -0.07 1.24 -4.48 -0.12 1.24 -4.48 -0.17 1.50 4.46 -0.22 1.49 4.46 0.36 1.49 4.46 0.36 1.50 -4.48 -0.22 1.50 -4.48 -0.22 1.49 -4.48 0.36 1.49 -4.48 0.36 1.49 4.46 0.31 1.50 4.46 0.25 1.50 4.46 0.20 1.50 4.46 0.15 1.50 4.46 0.09 1.50 4.46 0.04 1.50 4.46 -0.01 1.50 4.46 -0.06 1.50 4.46 -0.12 1.50 4.46 -0.17 1.49 -4.48 0.31 1.50 -4.48 0.25 1.50 -4.48 0.20 1.50 -4.48 0.15 1.50 -4.48 0.09 1.50 -4.48 0.04 1.50 -4.48 -0.01 1.50 -4.48 -0.06 1.50 -4.48 -0.12 1.50 -4.48 -0.17 1.76 4.46 -0.22 1.75 4.46 0.36 1.75 4.46 0.36 1.76 -4.48 -0.22 1.76 -4.48 -0.22 1.75 -4.48 0.36 1.75 -4.48 0.36 1.75 4.46 0.31 1.76 4.46 0.26 1.76 4.46 0.20 1.76 4.46 0.15 1.76 4.46 0.10 1.76 4.46 0.05 1.76 4.46 -0.01 1.76 4.46 -0.06 1.76 4.46 -0.11 1.76 4.46 -0.17 1.75 -4.48 0.31 1.76 -4.48 0.26 1.76 -4.48 0.20 1.76 -4.48 0.15 1.76 -4.48 0.10 1.76 -4.48 0.05 1.76 -4.48 -0.01 1.76 -4.48 -0.06 1.76 -4.48 -0.11 1.76 -4.48 -0.17 2.01 4.46 -0.23 2.03 4.46 0.35 2.03 4.46 0.35 2.01 -4.48 -0.23 2.01 -4.48 -0.23 2.03 -4.48 0.35 2.03 -4.48 0.35 2.03 4.46 0.30 2.03 4.46 0.24 2.02 4.46 0.19 2.02 4.46 0.14 2.02 4.46 0.09 2.02 4.46 0.03 2.02 4.46 -0.02 2.01 4.46 -0.07 2.01 4.46 -0.12 2.01 4.46 -0.18 2.03 -4.48 0.30 2.03 -4.48 0.24 2.02 -4.48 0.19 2.02 -4.48 0.14 2.02 -4.48 0.09 2.02 -4.48 0.03 2.02 -4.48 -0.02 2.01 -4.48 -0.07 2.01 -4.48 -0.12 2.01 -4.48 -0.18 2.27 4.46 -0.24 2.29 4.46 0.34 2.29 4.46 0.34 2.27 -4.48 -0.24 2.27 -4.48 -0.24 2.29 -4.48 0.34 2.29 -4.48 0.34 2.29 4.46 0.28 2.29 4.46 0.23 2.28 4.46 0.18 2.28 4.46 0.13 2.28 4.46 0.07 2.28 4.46 0.02 2.28 4.46 -0.03 2.28 4.46 -0.09 2.27 4.46 -0.14 2.27 4.46 -0.19 2.29 -4.48 0.28 2.29 -4.48 0.23 2.28 -4.48 0.18 2.28 -4.48 0.13 2.28 -4.48 0.07 2.28 -4.48 0.02 2.28 -4.48 -0.03 2.28 -4.48 -0.09 2.27 -4.48 -0.14 2.27 -4.48 -0.19 2.53 4.46 -0.26 2.55 4.46 0.32 2.55 4.46 0.32 2.53 -4.48 -0.26 2.53 -4.48 -0.26 2.55 -4.48 0.32 2.55 -4.48 0.32 2.55 4.46 0.27 2.55 4.46 0.22 2.54 4.46 0.16 2.54 4.46 0.11 2.54 4.46 0.06 2.54 4.46 0.01 2.54 4.46 -0.05 2.54 4.46 -0.10 2.53 4.46 -0.15 2.53 4.46 -0.21 2.55 -4.48 0.27 2.55 -4.48 0.22 2.54 -4.48 0.16 2.54 -4.48 0.11 2.54 -4.48 0.06 2.54 -4.48 0.01 2.54 -4.48 -0.05 2.54 -4.48 -0.10 2.53 -4.48 -0.15 2.53 -4.48 -0.21 2.79 4.46 -0.27 2.81 4.46 0.31 2.81 4.46 0.31 2.79 -4.48 -0.27 2.79 -4.48 -0.27 2.81 -4.48 0.31 2.81 -4.48 0.31 2.81 4.46 0.26 2.81 4.46 0.20 2.80 4.46 0.15 2.80 4.46 0.10 2.80 4.46 0.04 2.80 4.46 -0.01 2.80 4.46 -0.06 2.80 4.46 -0.11 2.79 4.46 -0.17 2.79 4.46 -0.22 2.81 -4.48 0.26 2.81 -4.48 0.20 2.80 -4.48 0.15 2.80 -4.48 0.10 2.80 -4.48 0.04 2.80 -4.48 -0.01 2.80 -4.48 -0.06 2.80 -4.48 -0.11 2.79 -4.48 -0.17 2.79 -4.48 -0.22 3.05 4.46 -0.29 3.07 4.46 0.29 3.07 4.46 0.29 3.05 -4.48 -0.29 3.05 -4.48 -0.29 3.07 -4.48 0.29 3.07 -4.48 0.29 3.07 4.46 0.24 3.07 4.46 0.19 3.06 4.46 0.14 3.06 4.46 0.08 3.06 4.46 0.03 3.06 4.46 -0.02 3.06 4.46 -0.08 3.06 4.46 -0.13 3.05 4.46 -0.18 3.05 4.46 -0.23 3.07 -4.48 0.24 3.07 -4.48 0.19 3.06 -4.48 0.14 3.06 -4.48 0.08 3.06 -4.48 0.03 3.06 -4.48 -0.02 3.06 -4.48 -0.08 3.06 -4.48 -0.13 3.05 -4.48 -0.18 3.05 -4.48 -0.23 3.31 4.46 -0.30 3.33 4.46 0.28 3.33 4.46 0.28 3.31 -4.48 -0.30 3.31 -4.48 -0.30 3.33 -4.48 0.28 3.33 -4.48 0.28 3.33 4.46 0.23 3.33 4.46 0.17 3.33 4.46 0.12 3.32 4.46 0.07 3.32 4.46 0.02 3.32 4.46 -0.04 3.32 4.46 -0.09 3.32 4.46 -0.14 3.31 4.46 -0.20 3.31 4.46 -0.25 3.33 -4.48 0.23 3.33 -4.48 0.17 3.33 -4.48 0.12 3.32 -4.48 0.07 3.32 -4.48 0.02 3.32 -4.48 -0.04 3.32 -4.48 -0.09 3.32 -4.48 -0.14 3.31 -4.48 -0.20 3.31 -4.48 -0.25 -1.43 4.46 -0.25 -1.47 4.46 0.33 -1.47 4.46 0.33 -1.43 -4.48 -0.25 -1.43 -4.48 -0.25 -1.47 -4.48 0.33 -1.47 -4.48 0.33 -1.46 4.46 0.28 -1.46 4.46 0.23 -1.45 4.46 0.17 -1.44 4.46 0.12 -1.44 4.46 0.07 -1.44 4.46 0.02 -1.43 4.46 -0.04 -1.43 4.46 -0.09 -1.43 4.46 -0.14 -1.43 4.46 -0.19 -1.46 -4.48 0.28 -1.46 -4.48 0.23 -1.45 -4.48 0.17 -1.44 -4.48 0.12 -1.44 -4.48 0.07 -1.43 -4.48 0.02 -1.43 -4.48 -0.04 -1.43 -4.48 -0.09 -1.43 -4.48 -0.14 -1.43 -4.48 -0.19 -0.92 4.46 -0.25 -0.94 4.46 0.33 -0.94 4.46 0.33 -0.92 -4.48 -0.25 -0.92 -4.48 -0.25 -0.94 -4.48 0.33 -0.94 -4.48 0.33 -0.94 4.46 0.28 -0.94 4.46 0.23 -0.93 4.46 0.17 -0.93 4.46 0.12 -0.93 4.46 0.07 -0.93 4.46 0.02 -0.93 4.46 -0.04 -0.92 4.46 -0.09 -0.92 4.46 -0.14 -0.92 4.46 -0.20 -0.94 -4.48 0.28 -0.93 -4.48 0.23 -0.93 -4.48 0.17 -0.93 -4.48 0.12 -0.93 -4.48 0.07 -0.93 -4.48 0.02 -0.93 -4.48 -0.04 -0.92 -4.48 -0.09 -0.92 -4.48 -0.14 -0.92 -4.48 -0.20 -0.40 4.46 -0.25 -0.41 4.46 0.33 -0.41 4.46 0.33 -0.40 -4.48 -0.25 -0.40 -4.48 -0.25 -0.41 -4.48 0.33 -0.41 -4.48 0.33 -0.41 4.46 0.28 -0.41 4.46 0.23 -0.41 4.46 0.17 -0.41 4.46 0.12 -0.40 4.46 0.07 -0.40 4.46 0.01 -0.40 4.46 -0.04 -0.40 4.46 -0.09 -0.40 4.46 -0.14 -0.40 4.46 -0.20 -0.41 -4.48 0.28 -0.41 -4.48 0.23 -0.41 -4.48 0.17 -0.41 -4.48 0.12 -0.40 -4.48 0.07 -0.40 -4.48 0.01 -0.40 -4.48 -0.04 -0.40 -4.48 -0.09 -0.40 -4.48 -0.14 -0.40 -4.48 -0.20 0.12 4.46 -0.25 0.11 4.46 0.34 0.11 4.46 0.34 0.12 -4.48 -0.25 0.12 -4.48 -0.25 0.11 -4.48 0.34 0.11 -4.48 0.34 0.11 4.46 0.28 0.11 4.46 0.23 0.11 4.46 0.18 0.11 4.46 0.12 0.11 4.46 0.07 0.11 4.46 0.02 0.12 4.46 -0.03 0.12 4.46 -0.09 0.12 4.46 -0.14 0.12 4.46 -0.19 0.11 -4.48 0.28 0.11 -4.48 0.23 0.11 -4.48 0.18 0.11 -4.48 0.12 0.11 -4.48 0.07 0.11 -4.48 0.02 0.12 -4.48 -0.03 0.12 -4.48 -0.09 0.12 -4.48 -0.14 0.12 -4.48 -0.19 0.64 4.46 -0.24 0.63 4.46 0.34 0.63 4.46 0.34 0.64 -4.48 -0.24 0.64 -4.48 -0.24 0.63 -4.48 0.34 0.63 -4.48 0.34 0.63 4.46 0.29 0.63 4.46 0.24 0.63 4.46 0.19 0.63 4.46 0.13 0.63 4.46 0.08 0.63 4.46 0.03 0.63 4.46 -0.03 0.63 4.46 -0.08 0.64 4.46 -0.13 0.64 4.46 -0.18 0.63 -4.48 0.29 0.63 -4.48 0.24 0.63 -4.48 0.19 0.63 -4.48 0.13 0.63 -4.48 0.08 0.63 -4.48 0.03 0.63 -4.48 -0.03 0.63 -4.48 -0.08 0.64 -4.48 -0.13 0.64 -4.48 -0.18 4.07 -4.49 0.37 3.89 -4.49 0.48 3.89 -4.44 0.48 4.07 -4.44 0.37 4.06 -4.51 0.36 3.89 -4.51 0.46 3.89 -0.01 0.45 3.89 -0.01 0.45 3.83 -4.38 0.50 3.83 -4.38 0.50 3.89 -4.38 0.48 4.07 -4.38 0.37 4.05 -4.49 0.33 3.89 -4.49 0.43 3.83 -2.37 0.52 3.83 -4.49 0.52 3.83 -4.44 0.52 4.06 -0.01 0.35 4.06 -0.01 0.35 4.07 -2.37 0.37 3.89 -2.37 0.48 4.05 -4.44 0.33 3.89 -4.44 0.43 3.83 -4.38 0.48 3.83 -4.51 0.49 3.83 -4.44 0.49 3.83 -4.44 0.49 3.83 -4.38 0.52 4.06 -4.38 0.35 3.89 -4.38 0.45 3.83 -4.49 0.46 3.83 -4.44 0.46 4.24 -4.49 0.26 4.24 -4.44 0.26 4.23 -4.51 0.24 4.29 -4.38 0.21 4.29 -4.38 0.21 4.24 -4.38 0.26 4.21 -4.49 0.22 4.30 -2.37 0.22 4.30 -4.49 0.22 4.30 -4.44 0.22 4.24 -2.37 0.26 4.21 -4.44 0.22 4.28 -4.38 0.20 4.28 -4.51 0.21 4.28 -4.44 0.21 4.28 -4.44 0.21 4.30 -4.38 0.22 4.29 -0.01 0.21 4.29 -0.01 0.21 4.29 -0.01 0.21 4.29 -0.01 0.21 4.22 -4.38 0.24 4.26 -4.49 0.19 4.26 -4.44 0.19 4.07 4.47 0.37 3.89 4.47 0.48 3.89 4.42 0.48 4.07 4.42 0.37 4.06 4.49 0.36 3.89 4.49 0.46 3.83 4.36 0.50 3.83 4.36 0.50 3.89 4.36 0.48 4.07 4.36 0.37 4.05 4.47 0.33 3.89 4.47 0.43 3.83 -0.01 0.52 3.83 4.47 0.52 3.83 4.42 0.52 4.07 -0.01 0.37 3.89 -0.01 0.48 4.05 4.42 0.33 3.89 4.42 0.43 3.83 4.36 0.48 3.83 4.49 0.49 3.83 4.42 0.49 3.83 4.42 0.49 3.83 4.36 0.52 3.83 -0.01 0.50 3.83 -0.01 0.50 3.83 -0.01 0.50 3.83 -0.01 0.50 4.06 4.36 0.35 3.89 4.36 0.45 3.83 -0.01 0.48 3.83 -0.01 0.48 3.83 4.47 0.46 3.83 4.42 0.46 4.24 4.47 0.26 4.24 4.42 0.26 4.23 4.49 0.24 4.22 -0.01 0.24 4.22 -0.01 0.24 4.29 4.36 0.21 4.29 4.36 0.21 4.24 4.36 0.26 4.21 4.47 0.22 4.30 -0.01 0.22 4.30 4.47 0.22 4.30 4.42 0.22 4.24 -0.01 0.26 4.21 4.42 0.22 4.28 4.36 0.20 4.28 4.49 0.21 4.28 4.42 0.21 4.28 4.42 0.21 4.30 4.36 0.22 4.22 4.36 0.24 4.28 -0.01 0.20 4.28 -0.01 0.20 4.26 4.47 0.19 4.26 4.42 0.19 4.15 4.46 -0.06 3.82 4.46 0.28 3.82 4.46 0.28 4.15 -4.48 -0.06 4.15 -4.48 -0.06 3.82 -4.48 0.28 3.82 -4.48 0.28 3.85 4.46 0.25 3.88 4.46 0.22 3.91 4.46 0.19 3.94 4.46 0.16 3.97 4.46 0.13 4.00 4.46 0.10 4.03 4.46 0.07 4.06 4.46 0.03 4.09 4.46 0.00 4.12 4.46 -0.03 3.85 -4.48 0.25 3.88 -4.48 0.22 3.91 -4.48 0.19 3.94 -4.48 0.16 3.97 -4.48 0.13 4.00 -4.48 0.10 4.03 -4.48 0.07 4.06 -4.48 0.03 4.09 -4.48 0.00 4.12 -4.48 -0.03 4.01 4.46 -0.20 3.79 4.46 0.25 3.79 4.46 0.25 4.01 -4.48 -0.20 4.01 -4.48 -0.20 3.79 -4.48 0.25 3.79 -4.48 0.25 3.82 4.46 0.22 3.84 4.46 0.18 3.86 4.46 0.13 3.88 4.46 0.09 3.89 4.46 0.05 3.91 4.46 0.01 3.93 4.46 -0.03 3.95 4.46 -0.08 3.97 4.46 -0.12 3.99 4.46 -0.16 3.82 -4.48 0.22 3.84 -4.48 0.18 3.86 -4.48 0.13 3.88 -4.48 0.09 3.89 -4.48 0.05 3.91 -4.48 0.01 3.93 -4.48 -0.03 3.95 -4.48 -0.08 3.97 -4.48 -0.12 3.99 -4.48 -0.16 4.24 4.46 0.16 3.83 4.46 0.42 3.83 4.46 0.42 4.24 -4.48 0.16 4.24 -4.48 0.16 3.83 -4.48 0.42 3.83 -4.48 0.42 3.87 4.46 0.40 3.91 4.46 0.38 3.94 4.46 0.35 3.98 4.46 0.33 4.02 4.46 0.31 4.05 4.46 0.28 4.09 4.46 0.26 4.13 4.46 0.24 4.17 4.46 0.21 4.20 4.46 0.19 3.87 -4.48 0.40 3.91 -4.48 0.38 3.94 -4.48 0.35 3.98 -4.48 0.33 4.02 -4.48 0.31 4.05 -4.48 0.28 4.09 -4.48 0.26 4.13 -4.48 0.24 4.17 -4.48 0.21 4.20 -4.48 0.19 4.21 4.46 0.07 3.83 4.46 0.36 3.83 4.46 0.36 4.21 -4.48 0.07 4.21 -4.48 0.07 3.83 -4.48 0.36 3.83 -4.48 0.36 3.86 4.46 0.33 3.90 4.46 0.30 3.93 4.46 0.28 3.97 4.46 0.25 4.00 4.46 0.22 4.04 4.46 0.20 4.07 4.46 0.17 4.10 4.46 0.15 4.14 4.46 0.12 4.17 4.46 0.09 3.86 -4.48 0.33 3.90 -4.48 0.30 3.93 -4.48 0.28 3.97 -4.48 0.25 4.00 -4.48 0.22 4.04 -4.48 0.20 4.07 -4.48 0.17 4.10 -4.48 0.15 4.14 -4.48 0.12 4.17 -4.48 0.09 3.76 4.46 -0.28 3.66 4.46 0.29 3.66 4.46 0.29 3.76 -4.48 -0.28 3.76 -4.48 -0.28 3.66 -4.48 0.29 3.66 -4.48 0.29 3.67 4.46 0.24 3.68 4.46 0.19 3.69 4.46 0.14 3.70 4.46 0.08 3.71 4.46 0.03 3.72 4.46 -0.02 3.72 4.46 -0.07 3.73 4.46 -0.12 3.74 4.46 -0.17 3.75 4.46 -0.23 3.67 -4.48 0.24 3.68 -4.48 0.19 3.69 -4.48 0.14 3.70 -4.48 0.08 3.71 -4.48 0.03 3.72 -4.48 -0.02 3.72 -4.48 -0.07 3.73 -4.48 -0.12 3.74 -4.48 -0.17 3.75 -4.48 -0.23 3.44 4.46 -0.31 3.46 4.46 0.27 3.46 4.46 0.27 3.44 -4.48 -0.31 3.44 -4.48 -0.31 3.46 -4.48 0.27 3.46 -4.48 0.27 3.46 4.46 0.22 3.46 4.46 0.17 3.46 4.46 0.11 3.46 4.46 0.06 3.45 4.46 0.01 3.45 4.46 -0.04 3.45 4.46 -0.10 3.45 4.46 -0.15 3.45 4.46 -0.20 3.44 4.46 -0.25 3.46 -4.48 0.22 3.46 -4.48 0.17 3.46 -4.48 0.11 3.46 -4.48 0.06 3.45 -4.48 0.01 3.45 -4.48 -0.04 3.45 -4.48 -0.10 3.45 -4.48 -0.15 3.45 -4.48 -0.20 3.44 -4.48 -0.25
			'/>
		
	</Scene>
</X3D>