<?xml version="1.0" encoding="UTF-8"?>
<!DOCTYPE X3D PUBLIC "ISO//Web3D//DTD X3D 3.0//EN" "http://www.web3d.org/specifications/x3d-3.0.dtd">
<X3D version="3.0" profile="Immersive" xmlns:xsd="http://www.w3.org/2001/XMLSchema-instance" xsd:noNamespaceSchemaLocation="http://www.web3d.org/specifications/x3d-3.0.xsd">
	<head>
		<meta name="filename" content="BookPaper2scale3merged.x3d" />
		<meta name="generator" content="Blender 2.93.7" />
	</head>
	<Scene>
		<NavigationInfo headlight="true"
		                visibilityLimit="0.0"
		                type='"EXAMINE", "ANY"'
		                avatarSize="0.25, 1.75, 0.75"
		                />
		<Background DEF="WO_World"
		            groundColor="0.051 0.051 0.051"
		            skyColor="0.051 0.051 0.051"
		            />
		<Transform DEF="book_TRANSFORM"
		           translation="-0.609374 0.030201 0.171297"
		           scale="0.083837 0.065919 0.079646"
		           rotation="0.000000 -0.000000 -0.000000 0.000000"
		           >
			<Transform DEF="Subdivisio_TRANSFORM"
			           translation="-0.033068 -0.008713 -0.000000"
			           scale="1.000000 1.000000 1.000000"
			           rotation="0.000000 -0.707107 -0.707107 3.141593"
			           >
				<Transform DEF="cover_TRANSFORM"
				           translation="-0.093281 0.000000 0.170666"
				           scale="0.125000 0.125000 0.125000"
				           rotation="0.000000 0.000000 -0.000000 0.000000"
				           >
				</Transform>
				<Transform DEF="paper_2_po_TRANSFORM"
				           translation="-1.372745 -0.102353 0.047107"
				           scale="1.000000 1.000000 1.000000"
				           rotation="0.000000 0.707107 0.707107 3.141593"
				           >
					<Transform DEF="paper_2_ro_TRANSFORM"
					           translation="-0.000000 0.000000 0.102246"
					           scale="1.000000 1.000000 1.000000"
					           rotation="-0.000000 0.000000 -0.000000 0.000000"
					           >
					</Transform>
				</Transform>
			</Transform>
		</Transform>
		<Transform DEF="Armature_TRANSFORM"
		           translation="0.000000 0.000000 0.000000"
		           scale="0.025400 0.025400 0.025400"
		           rotation="0.000000 1.000000 -0.000000 3.141593"
		           >
			<Transform DEF="paper003_TRANSFORM"
			           translation="-7.899868 0.249696 -4.203884"
			           scale="8.000000 8.000000 8.000001"
			           rotation="0.001745 0.999999 -0.000000 3.141592"
			           >
				<Transform DEF="paper003_ifs_TRANSFORM"
				           translation="0.000000 -0.000000 -0.000000"
				           scale="1.000000 1.000000 1.000000"
				           rotation="-0.000000 0.000000 0.000000 0.000000"
				           >
					<Group DEF="group_ME_paper">
						<Shape>
							<Appearance>
								<Material DEF="MA_edge"
								          diffuseColor="0.588 0.588 0.588"
								          specularColor="0.802 0.802 0.802"
								          emissiveColor="0.000 0.000 0.000"
								          ambientIntensity="0.000"
								          shininess="1.000"
								          transparency="0.0"
								          />
										  <ImageTexture url='"Book/book.fbm/pages3.jpg"'></ImageTexture>
							</Appearance>
							<IndexedFaceSet solid="false"
											creaseAngle="3.14"
							                texCoordIndex="0 1 2 3 -1 4 5 6 7 -1 8 9 10 11 -1 12 13 14 15 -1 16 17 18 19 -1 20 21 22 23 -1 24 25 26 27 -1 28 29 30 31 -1 32 33 34 35 -1 36 37 38 39 -1 40 41 42 43 -1 44 45 46 47 -1 48 49 50 51 -1 52 53 54 55 -1 56 57 58 59 -1 60 61 62 63 -1 64 65 66 67 -1 68 69 70 71 -1 72 73 74 75 -1 76 77 78 79 -1 80 81 82 83 -1 84 85 86 87 -1 88 89 90 91 -1 92 93 94 95 -1 96 97 98 99 -1 100 101 102 103 -1 104 105 106 107 -1 108 109 110 111 -1 112 113 114 -1 115 116 117 118 -1 119 120 121 122 -1 123 124 125 126 -1 127 128 129 130 -1 131 132 133 134 -1 135 136 137 138 -1 139 140 141 142 -1 143 144 145 146 -1 147 148 149 150 -1 151 152 153 -1 154 155 156 157 -1 158 159 160 161 -1 162 163 164 165 -1 166 167 168 169 -1 170 171 172 173 -1 174 175 176 177 -1 178 179 180 181 -1 182 183 184 185 -1 186 187 188 189 -1 190 191 192 193 -1 194 195 196 197 -1 198 199 200 201 -1 202 203 204 205 -1 206 207 208 209 -1 210 211 212 213 -1 214 215 216 -1 217 218 219 220 -1 221 222 223 224 -1 225 226 227 228 -1 229 230 231 232 -1 233 234 235 236 -1 237 238 239 240 -1 241 242 243 244 -1 245 246 247 248 -1 249 250 251 252 -1 253 254 255 256 -1 257 258 259 260 -1 261 262 263 264 -1 265 266 267 268 -1 269 270 271 272 -1 273 274 275 276 -1 277 278 279 280 -1 281 282 283 284 -1 285 286 287 288 -1 289 290 291 292 -1 293 294 295 296 -1 297 298 299 300 -1 301 302 303 304 -1 305 306 307 308 -1 309 310 311 312 -1 313 314 315 316 -1 317 318 319 320 -1 321 322 323 324 -1 325 326 327 328 -1 329 330 331 332 -1 333 334 335 336 -1 337 338 339 340 -1 341 342 343 344 -1 345 346 347 348 -1 349 350 351 352 -1 353 354 355 356 -1 357 358 359 360 -1 361 362 363 364 -1 365 366 367 368 -1 369 370 371 372 -1 373 374 375 376 -1 377 378 379 380 -1 381 382 383 384 -1 385 386 387 388 -1 389 390 391 392 -1 393 394 395 396 -1 397 398 399 400 -1 401 402 403 404 -1 405 406 407 408 -1 409 410 411 412 -1 413 414 415 416 -1 417 418 419 420 -1 421 422 423 424 -1 425 426 427 428 -1 429 430 431 432 -1 433 434 435 436 -1 437 438 439 440 -1 441 442 443 444 -1 445 446 447 448 -1 449 450 451 452 -1 453 454 455 456 -1 457 458 459 460 -1 461 462 463 464 -1 465 466 467 468 -1 469 470 471 472 -1 473 474 475 476 -1 477 478 479 480 -1 481 482 483 484 -1 485 486 487 488 -1 489 490 491 492 -1 493 494 495 496 -1 497 498 499 500 -1 501 502 503 504 -1 505 506 507 508 -1 509 510 511 512 -1 513 514 515 516 -1 517 518 519 520 -1 521 522 523 524 -1 525 526 527 528 -1 529 530 531 532 -1 533 534 535 536 -1 537 538 539 540 -1 541 542 543 544 -1 545 546 547 548 -1 549 550 551 552 -1 553 554 555 556 -1 557 558 559 560 -1 561 562 563 564 -1 565 566 567 568 -1 569 570 571 572 -1 573 574 575 576 -1 577 578 579 580 -1 581 582 583 584 -1 585 586 587 588 -1 589 590 591 592 -1 593 594 595 596 -1 597 598 599 600 -1 601 602 603 604 -1 605 606 607 608 -1 609 610 611 612 -1 613 614 615 616 -1 617 618 619 620 -1 621 622 623 624 -1 625 626 627 628 -1 629 630 631 632 -1 633 634 635 636 -1 637 638 639 640 -1 641 642 643 644 -1 645 646 647 648 -1 649 650 651 652 -1 653 654 655 656 -1 657 658 659 660 -1 661 662 663 664 -1 665 666 667 668 -1 669 670 671 672 -1 673 674 675 676 -1 677 678 679 680 -1 681 682 683 684 -1 685 686 687 688 -1 689 690 691 692 -1 693 694 695 696 -1 697 698 699 700 -1 701 702 703 704 -1 705 706 707 708 -1 709 710 711 712 -1 713 714 715 716 -1 717 718 719 720 -1 721 722 723 724 -1 725 726 727 728 -1 729 730 731 732 -1 733 734 735 736 -1 737 738 739 740 -1 741 742 743 744 -1 745 746 747 748 -1 749 750 751 752 -1 753 754 755 756 -1 757 758 759 760 -1 761 762 763 764 -1 765 766 767 768 -1 769 770 771 772 -1 773 774 775 776 -1 777 778 779 780 -1 781 782 783 784 -1 785 786 787 788 -1 789 790 791 792 -1 793 794 795 796 -1 797 798 799 800 -1 801 802 803 804 -1 805 806 807 808 -1 809 810 811 812 -1 813 814 815 816 -1 817 818 819 820 -1 821 822 823 824 -1 825 826 827 828 -1 829 830 831 832 -1 833 834 835 836 -1 837 838 839 840 -1 841 842 843 844 -1 845 846 847 848 -1 849 850 851 852 -1 853 854 855 856 -1 857 858 859 860 -1 861 862 863 864 -1 865 866 867 868 -1 869 870 871 872 -1 873 874 875 876 -1 877 878 879 880 -1 881 882 883 884 -1 885 886 887 888 -1 889 890 891 892 -1 893 894 895 896 -1 897 898 899 900 -1 901 902 903 904 -1 905 906 907 908 -1 909 910 911 912 -1 913 914 915 916 -1 917 918 919 920 -1 921 922 923 924 -1 925 926 927 928 -1 929 930 931 932 -1 933 934 935 936 -1 937 938 939 940 -1 941 942 943 944 -1 945 946 947 948 -1 949 950 951 952 -1 953 954 955 956 -1 957 958 959 960 -1 961 962 963 964 -1 965 966 967 968 -1 969 970 971 972 -1 973 974 975 976 -1 977 978 979 980 -1 981 982 983 984 -1 985 986 987 988 -1 989 990 991 992 -1 993 994 995 996 -1 997 998 999 1000 -1 1001 1002 1003 1004 -1 1005 1006 1007 1008 -1 1009 1010 1011 1012 -1 1013 1014 1015 1016 -1 1017 1018 1019 1020 -1 1021 1022 1023 1024 -1 1025 1026 1027 1028 -1 1029 1030 1031 1032 -1 1033 1034 1035 1036 -1 1037 1038 1039 1040 -1 1041 1042 1043 1044 -1 1045 1046 1047 1048 -1 1049 1050 1051 1052 -1 1053 1054 1055 1056 -1 1057 1058 1059 1060 -1 1061 1062 1063 1064 -1 1065 1066 1067 1068 -1 1069 1070 1071 1072 -1 1073 1074 1075 1076 -1 1077 1078 1079 1080 -1 1081 1082 1083 1084 -1 1085 1086 1087 1088 -1 1089 1090 1091 1092 -1 1093 1094 1095 1096 -1 1097 1098 1099 1100 -1 1101 1102 1103 1104 -1 1105 1106 1107 1108 -1 1109 1110 1111 1112 -1 1113 1114 1115 1116 -1 1117 1118 1119 1120 -1 1121 1122 1123 1124 -1 1125 1126 1127 1128 -1 1129 1130 1131 1132 -1 1133 1134 1135 1136 -1 1137 1138 1139 1140 -1 1141 1142 1143 1144 -1 1145 1146 1147 1148 -1 1149 1150 1151 1152 -1 1153 1154 1155 1156 -1 1157 1158 1159 1160 -1 1161 1162 1163 1164 -1 1165 1166 1167 1168 -1 1169 1170 1171 1172 -1 1173 1174 1175 1176 -1 1177 1178 1179 1180 -1 1181 1182 1183 1184 -1 1185 1186 1187 1188 -1 1189 1190 1191 1192 -1 1193 1194 1195 1196 -1 1197 1198 1199 1200 -1 1201 1202 1203 1204 -1 1205 1206 1207 1208 -1 1209 1210 1211 1212 -1 1213 1214 1215 1216 -1 1217 1218 1219 1220 -1 1221 1222 1223 1224 -1 1225 1226 1227 1228 -1 1229 1230 1231 1232 -1 1233 1234 1235 1236 -1 1237 1238 1239 1240 -1 1241 1242 1243 1244 -1 1245 1246 1247 1248 -1 1249 1250 1251 1252 -1 1253 1254 1255 1256 -1 1257 1258 1259 1260 -1 1261 1262 1263 1264 -1 1265 1266 1267 1268 -1 1269 1270 1271 1272 -1 1273 1274 1275 1276 -1 1277 1278 1279 1280 -1 1281 1282 1283 1284 -1 1285 1286 1287 1288 -1 1289 1290 1291 1292 -1 1293 1294 1295 1296 -1 1297 1298 1299 1300 -1 1301 1302 1303 1304 -1 1305 1306 1307 1308 -1 1309 1310 1311 1312 -1 1313 1314 1315 1316 -1 1317 1318 1319 1320 -1 1321 1322 1323 1324 -1 1325 1326 1327 1328 -1 1329 1330 1331 1332 -1 1333 1334 1335 1336 -1 1337 1338 1339 1340 -1 1341 1342 1343 1344 -1 1345 1346 1347 1348 -1 1349 1350 1351 1352 -1 1353 1354 1355 1356 -1 1357 1358 1359 1360 -1 1361 1362 1363 1364 -1 1365 1366 1367 1368 -1 1369 1370 1371 1372 -1 1373 1374 1375 1376 -1 1377 1378 1379 1380 -1 1381 1382 1383 1384 -1 1385 1386 1387 1388 -1 1389 1390 1391 1392 -1 1393 1394 1395 1396 -1 1397 1398 1399 1400 -1 1401 1402 1403 1404 -1 1405 1406 1407 1408 -1 1409 1410 1411 1412 -1 1413 1414 1415 1416 -1 1417 1418 1419 1420 -1 1421 1422 1423 1424 -1 1425 1426 1427 1428 -1 1429 1430 1431 1432 -1 1433 1434 1435 1436 -1 1437 1438 1439 1440 -1 1441 1442 1443 1444 -1 1445 1446 1447 1448 -1 1449 1450 1451 1452 -1 1453 1454 1455 1456 -1 1457 1458 1459 1460 -1 1461 1462 1463 1464 -1 1465 1466 1467 1468 -1 1469 1470 1471 1472 -1 1473 1474 1475 1476 -1 1477 1478 1479 -1 1480 1481 1482 1483 -1 1484 1485 1486 1487 -1 1488 1489 1490 1491 -1 1492 1493 1494 1495 -1 1496 1497 1498 1499 -1 1500 1501 1502 1503 -1 1504 1505 1506 1507 -1 1508 1509 1510 -1 1511 1512 1513 1514 -1 1515 1516 1517 1518 -1 1519 1520 1521 1522 -1 1523 1524 1525 1526 -1 1527 1528 1529 1530 -1 1531 1532 1533 1534 -1 1535 1536 1537 1538 -1 1539 1540 1541 1542 -1 1543 1544 1545 1546 -1 1547 1548 1549 1550 -1 1551 1552 1553 1554 -1 1555 1556 1557 1558 -1 1559 1560 1561 1562 -1 1563 1564 1565 1566 -1 1567 1568 1569 1570 -1 1571 1572 1573 1574 -1 1575 1576 1577 1578 -1 1579 1580 1581 1582 -1 1583 1584 1585 1586 -1 1587 1588 1589 1590 -1 1591 1592 1593 1594 -1 1595 1596 1597 1598 -1 1599 1600 1601 1602 -1 1603 1604 1605 1606 -1 1607 1608 1609 1610 -1 1611 1612 1613 1614 -1 1615 1616 1617 1618 -1 1619 1620 1621 -1 1622 1623 1624 1625 -1 1626 1627 1628 1629 -1 1630 1631 1632 1633 -1 1634 1635 1636 1637 -1 1638 1639 1640 1641 -1 1642 1643 1644 1645 -1 1646 1647 1648 1649 -1 1650 1651 1652 1653 -1 1654 1655 1656 1657 -1 1658 1659 1660 1661 -1 1662 1663 1664 1665 -1 1666 1667 1668 1669 -1 1670 1671 1672 1673 -1 1674 1675 1676 1677 -1 1678 1679 1680 1681 -1 1682 1683 1684 1685 -1 1686 1687 1688 1689 -1 1690 1691 1692 1693 -1 1694 1695 1696 1697 -1 1698 1699 1700 1701 -1 1702 1703 1704 1705 -1 1706 1707 1708 1709 -1 1710 1711 1712 1713 -1 1714 1715 1716 1717 -1 1718 1719 1720 1721 -1 1722 1723 1724 1725 -1 1726 1727 1728 1729 -1 1730 1731 1732 1733 -1 1734 1735 1736 1737 -1 1738 1739 1740 1741 -1 1742 1743 1744 1745 -1 1746 1747 1748 1749 -1 1750 1751 1752 1753 -1 1754 1755 1756 1757 -1 1758 1759 1760 1761 -1 1762 1763 1764 1765 -1 1766 1767 1768 1769 -1 1770 1771 1772 1773 -1 1774 1775 1776 1777 -1 1778 1779 1780 1781 -1 1782 1783 1784 1785 -1 1786 1787 1788 1789 -1 1790 1791 1792 1793 -1 1794 1795 1796 1797 -1 1798 1799 1800 1801 -1 1802 1803 1804 1805 -1 1806 1807 1808 1809 -1 1810 1811 1812 1813 -1 1814 1815 1816 1817 -1 1818 1819 1820 1821 -1 1822 1823 1824 1825 -1 1826 1827 1828 1829 -1 1830 1831 1832 1833 -1 1834 1835 1836 1837 -1 1838 1839 1840 1841 -1 1842 1843 1844 1845 -1 1846 1847 1848 1849 -1 1850 1851 1852 1853 -1 1854 1855 1856 1857 -1 1858 1859 1860 1861 -1 1862 1863 1864 1865 -1 1866 1867 1868 1869 -1 1870 1871 1872 1873 -1 1874 1875 1876 1877 -1 1878 1879 1880 1881 -1 1882 1883 1884 1885 -1 1886 1887 1888 1889 -1 1890 1891 1892 1893 -1 1894 1895 1896 1897 -1 1898 1899 1900 1901 -1 1902 1903 1904 1905 -1 1906 1907 1908 1909 -1 1910 1911 1912 1913 -1 1914 1915 1916 1917 -1 1918 1919 1920 1921 -1 1922 1923 1924 1925 -1 1926 1927 1928 1929 -1 1930 1931 1932 1933 -1 1934 1935 1936 1937 -1 1938 1939 1940 1941 -1 1942 1943 1944 1945 -1 1946 1947 1948 1949 -1 1950 1951 1952 1953 -1 1954 1955 1956 1957 -1 1958 1959 1960 1961 -1 1962 1963 1964 1965 -1 1966 1967 1968 1969 -1 1970 1971 1972 1973 -1 1974 1975 1976 1977 -1 1978 1979 1980 1981 -1 1982 1983 1984 1985 -1 1986 1987 1988 1989 -1 1990 1991 1992 1993 -1 1994 1995 1996 1997 -1 1998 1999 2000 2001 -1 2002 2003 2004 2005 -1 2006 2007 2008 2009 -1 2010 2011 2012 2013 -1 2014 2015 2016 2017 -1 2018 2019 2020 2021 -1 2022 2023 2024 2025 -1 2026 2027 2028 2029 -1 2030 2031 2032 2033 -1 2034 2035 2036 2037 -1 2038 2039 2040 2041 -1 2042 2043 2044 2045 -1 2046 2047 2048 2049 -1 2050 2051 2052 2053 -1 2054 2055 2056 2057 -1 2058 2059 2060 2061 -1 2062 2063 2064 2065 -1 2066 2067 2068 2069 -1 2070 2071 2072 2073 -1 2074 2075 2076 2077 -1 2078 2079 2080 2081 -1 2082 2083 2084 2085 -1 2086 2087 2088 2089 -1 2090 2091 2092 2093 -1 2094 2095 2096 2097 -1 2098 2099 2100 2101 -1 2102 2103 2104 2105 -1 2106 2107 2108 2109 -1 2110 2111 2112 2113 -1 2114 2115 2116 2117 -1 2118 2119 2120 2121 -1 2122 2123 2124 2125 -1 2126 2127 2128 2129 -1 2130 2131 2132 2133 -1 2134 2135 2136 2137 -1 2138 2139 2140 2141 -1 2142 2143 2144 2145 -1 2146 2147 2148 2149 -1 2150 2151 2152 2153 -1 2154 2155 2156 2157 -1 2158 2159 2160 2161 -1 2162 2163 2164 2165 -1 2166 2167 2168 2169 -1 2170 2171 2172 2173 -1 2174 2175 2176 2177 -1 2178 2179 2180 2181 -1 2182 2183 2184 2185 -1 2186 2187 2188 2189 -1 2190 2191 2192 2193 -1 2194 2195 2196 2197 -1 2198 2199 2200 2201 -1 2202 2203 2204 2205 -1 2206 2207 2208 2209 -1 2210 2211 2212 2213 -1 2214 2215 2216 2217 -1 2218 2219 2220 2221 -1 2222 2223 2224 2225 -1 2226 2227 2228 2229 -1 2230 2231 2232 2233 -1 2234 2235 2236 2237 -1 2238 2239 2240 2241 -1 2242 2243 2244 2245 -1 2246 2247 2248 2249 -1 2250 2251 2252 2253 -1 2254 2255 2256 2257 -1 2258 2259 2260 2261 -1 2262 2263 2264 2265 -1 2266 2267 2268 2269 -1 2270 2271 2272 2273 -1 2274 2275 2276 2277 -1 2278 2279 2280 2281 -1 2282 2283 2284 2285 -1 2286 2287 2288 2289 -1 2290 2291 2292 2293 -1 2294 2295 2296 2297 -1 2298 2299 2300 2301 -1 2302 2303 2304 2305 -1 2306 2307 2308 2309 -1 2310 2311 2312 2313 -1 2314 2315 2316 2317 -1 2318 2319 2320 2321 -1 2322 2323 2324 2325 -1 2326 2327 2328 2329 -1 2330 2331 2332 2333 -1 2334 2335 2336 2337 -1 2338 2339 2340 2341 -1 2342 2343 2344 2345 -1 2346 2347 2348 2349 -1 2350 2351 2352 2353 -1 2354 2355 2356 2357 -1 2358 2359 2360 2361 -1 2362 2363 2364 2365 -1 2366 2367 2368 2369 -1 2370 2371 2372 2373 -1 2374 2375 2376 2377 -1 2378 2379 2380 2381 -1 2382 2383 2384 2385 -1 2386 2387 2388 2389 -1 2390 2391 2392 2393 -1 2394 2395 2396 2397 -1 2398 2399 2400 2401 -1 2402 2403 2404 2405 -1 2406 2407 2408 2409 -1 2410 2411 2412 2413 -1 2414 2415 2416 2417 -1 2418 2419 2420 2421 -1 2422 2423 2424 2425 -1 2426 2427 2428 2429 -1 2430 2431 2432 2433 -1 2434 2435 2436 2437 -1 2438 2439 2440 2441 -1 2442 2443 2444 2445 -1 2446 2447 2448 2449 -1 2450 2451 2452 2453 -1 2454 2455 2456 2457 -1 2458 2459 2460 2461 -1 2462 2463 2464 2465 -1 2466 2467 2468 2469 -1 2470 2471 2472 2473 -1 2474 2475 2476 2477 -1 2478 2479 2480 2481 -1 2482 2483 2484 2485 -1 2486 2487 2488 2489 -1 2490 2491 2492 2493 -1 2494 2495 2496 2497 -1 2498 2499 2500 2501 -1 2502 2503 2504 2505 -1 2506 2507 2508 2509 -1 2510 2511 2512 2513 -1 2514 2515 2516 2517 -1 2518 2519 2520 2521 -1 2522 2523 2524 2525 -1 2526 2527 2528 2529 -1 2530 2531 2532 2533 -1 2534 2535 2536 2537 -1 2538 2539 2540 2541 -1 2542 2543 2544 2545 -1 2546 2547 2548 2549 -1 2550 2551 2552 2553 -1 2554 2555 2556 2557 -1 2558 2559 2560 2561 -1 2562 2563 2564 2565 -1 2566 2567 2568 2569 -1 2570 2571 2572 2573 -1 2574 2575 2576 2577 -1 2578 2579 2580 2581 -1 2582 2583 2584 2585 -1 2586 2587 2588 2589 -1 2590 2591 2592 2593 -1 2594 2595 2596 2597 -1 2598 2599 2600 2601 -1 2602 2603 2604 2605 -1 2606 2607 2608 2609 -1 2610 2611 2612 2613 -1 2614 2615 2616 2617 -1 2618 2619 2620 2621 -1 2622 2623 2624 2625 -1 2626 2627 2628 2629 -1 2630 2631 2632 2633 -1 2634 2635 2636 2637 -1 2638 2639 2640 2641 -1 2642 2643 2644 2645 -1 2646 2647 2648 2649 -1 2650 2651 2652 2653 -1 2654 2655 2656 2657 -1 2658 2659 2660 2661 -1 2662 2663 2664 2665 -1 2666 2667 2668 2669 -1 2670 2671 2672 2673 -1 2674 2675 2676 2677 -1 2678 2679 2680 2681 -1 2682 2683 2684 2685 -1 2686 2687 2688 2689 -1 2690 2691 2692 2693 -1 2694 2695 2696 2697 -1 2698 2699 2700 2701 -1 2702 2703 2704 2705 -1 2706 2707 2708 2709 -1 2710 2711 2712 2713 -1 2714 2715 2716 2717 -1 2718 2719 2720 2721 -1 2722 2723 2724 2725 -1 2726 2727 2728 2729 -1 2730 2731 2732 2733 -1 2734 2735 2736 2737 -1 2738 2739 2740 2741 -1 2742 2743 2744 2745 -1 2746 2747 2748 2749 -1 "
							                coordIndex="2 27 373 360 -1 37 27 2 4 -1 50 71 479 458 -1 17 47 6 0 -1 457 459 51 49 -1 4 2 360 362 -1 18 361 364 19 -1 365 20 19 364 -1 52 49 73 76 -1 373 372 396 397 -1 60 59 83 84 -1 83 82 106 107 -1 58 57 81 82 -1 57 56 80 81 -1 56 55 79 80 -1 366 389 390 367 -1 391 368 367 390 -1 78 77 101 102 -1 28 18 19 29 -1 5 3 18 28 -1 36 26 27 37 -1 35 25 26 36 -1 34 24 25 35 -1 33 23 24 34 -1 32 22 23 33 -1 31 21 22 32 -1 30 20 21 31 -1 29 19 20 30 -1 374 28 29 -1 375 374 29 30 -1 446 435 411 422 -1 382 36 37 383 -1 94 93 69 70 -1 117 116 92 93 -1 116 115 91 92 -1 91 90 66 67 -1 114 113 89 90 -1 65 64 472 473 -1 376 375 30 -1 8 38 39 9 -1 1 7 38 8 -1 16 46 47 17 -1 15 45 46 16 -1 14 44 45 15 -1 13 43 44 14 -1 12 42 43 13 -1 11 41 42 12 -1 10 40 41 11 -1 9 39 40 10 -1 85 72 48 61 -1 74 95 71 50 -1 75 73 49 51 -1 0 6 625 623 -1 100 101 77 76 -1 364 361 385 -1 388 365 364 385 -1 132 133 109 108 -1 372 371 395 396 -1 24 369 370 25 -1 371 26 25 370 -1 369 392 393 370 -1 394 371 370 393 -1 393 392 416 417 -1 392 369 368 391 -1 126 127 103 102 -1 390 389 413 414 -1 87 86 62 63 -1 86 75 51 62 -1 167 166 142 143 -1 405 406 430 429 -1 34 35 381 380 -1 379 380 404 403 -1 32 33 379 378 -1 425 426 450 449 -1 137 136 112 113 -1 112 111 87 88 -1 121 124 100 97 -1 155 156 132 131 -1 59 58 82 83 -1 129 130 106 105 -1 104 105 81 80 -1 103 104 80 79 -1 54 53 77 78 -1 118 117 93 94 -1 68 69 93 92 -1 67 68 92 91 -1 115 114 90 91 -1 65 66 90 89 -1 109 96 72 85 -1 194 215 191 170 -1 99 97 73 75 -1 50 48 72 74 -1 53 52 76 77 -1 61 60 84 85 -1 55 54 78 79 -1 135 134 110 111 -1 685 674 267 278 -1 70 71 95 94 -1 64 65 89 88 -1 63 64 88 87 -1 178 179 155 154 -1 125 126 102 101 -1 141 140 116 117 -1 212 211 187 188 -1 210 209 185 186 -1 74 72 96 98 -1 124 125 101 100 -1 85 84 108 109 -1 79 78 102 103 -1 94 95 119 118 -1 88 89 113 112 -1 160 159 135 136 -1 76 73 97 100 -1 84 83 107 108 -1 82 81 105 106 -1 128 129 105 104 -1 678 679 272 271 -1 142 141 117 118 -1 139 138 114 115 -1 133 120 96 109 -1 95 74 98 119 -1 123 121 97 99 -1 86 87 111 110 -1 75 86 110 99 -1 98 96 120 122 -1 204 205 181 180 -1 150 151 127 126 -1 118 119 143 142 -1 161 160 136 137 -1 193 196 172 169 -1 108 107 131 132 -1 177 178 154 153 -1 119 98 122 143 -1 183 182 158 159 -1 99 110 134 123 -1 107 106 130 131 -1 197 198 174 173 -1 165 164 140 141 -1 115 116 140 139 -1 113 114 138 137 -1 148 149 125 124 -1 111 112 136 135 -1 200 201 177 176 -1 104 103 127 128 -1 166 165 141 142 -1 163 162 138 139 -1 157 144 120 133 -1 650 648 289 291 -1 122 120 144 146 -1 215 214 190 191 -1 227 228 204 203 -1 143 122 146 167 -1 123 134 158 147 -1 131 130 154 155 -1 139 140 164 163 -1 137 138 162 161 -1 184 183 159 160 -1 128 127 151 152 -1 133 132 156 157 -1 294 295 678 677 -1 353 352 615 616 -1 124 121 145 148 -1 130 129 153 154 -1 134 135 159 158 -1 126 125 149 150 -1 189 188 164 165 -1 172 173 149 148 -1 129 128 152 153 -1 214 213 189 190 -1 187 186 162 163 -1 181 168 144 157 -1 121 123 147 145 -1 146 144 168 170 -1 167 146 170 191 -1 147 158 182 171 -1 226 227 203 202 -1 163 164 188 187 -1 161 162 186 185 -1 152 151 175 176 -1 157 156 180 181 -1 148 145 169 172 -1 249 250 226 225 -1 686 685 278 279 -1 150 149 173 174 -1 153 152 176 177 -1 145 147 171 169 -1 166 167 191 190 -1 156 155 179 180 -1 208 207 183 184 -1 151 150 174 175 -1 160 161 185 184 -1 213 212 188 189 -1 196 197 173 172 -1 165 166 190 189 -1 211 210 186 187 -1 229 216 192 205 -1 170 168 192 194 -1 218 239 215 194 -1 171 182 206 195 -1 236 235 211 212 -1 258 257 233 234 -1 176 175 199 200 -1 252 253 229 228 -1 241 244 220 217 -1 245 246 222 221 -1 224 225 201 200 -1 169 171 195 193 -1 311 310 693 694 -1 180 179 203 204 -1 175 174 198 199 -1 184 185 209 208 -1 262 261 237 238 -1 179 178 202 203 -1 178 177 201 202 -1 182 183 207 206 -1 232 231 207 208 -1 237 236 212 213 -1 220 221 197 196 -1 235 234 210 211 -1 168 181 205 192 -1 194 192 216 218 -1 195 206 230 219 -1 200 199 223 224 -1 193 195 219 217 -1 323 324 659 658 -1 199 198 222 223 -1 208 209 233 232 -1 250 251 227 226 -1 202 201 225 226 -1 206 207 231 230 -1 253 240 216 229 -1 290 311 694 673 -1 260 259 235 236 -1 209 210 234 233 -1 205 204 228 229 -1 196 193 217 220 -1 198 197 221 222 -1 248 249 225 224 -1 214 215 239 238 -1 213 214 238 237 -1 256 255 231 232 -1 261 260 236 237 -1 244 245 221 220 -1 259 258 234 235 -1 218 216 240 242 -1 219 230 254 243 -1 224 223 247 248 -1 217 219 243 241 -1 223 222 246 247 -1 232 233 257 256 -1 273 274 250 249 -1 230 231 255 254 -1 689 688 281 282 -1 683 684 277 276 -1 672 675 268 265 -1 269 270 246 245 -1 238 239 263 262 -1 310 309 692 693 -1 228 227 251 252 -1 274 275 251 250 -1 277 264 240 253 -1 239 218 242 263 -1 308 307 690 691 -1 607 608 321 320 -1 304 303 686 687 -1 309 308 691 692 -1 292 293 676 675 -1 283 282 258 259 -1 242 240 264 266 -1 243 254 278 267 -1 248 247 271 272 -1 241 243 267 265 -1 247 246 270 271 -1 256 257 281 280 -1 254 255 279 278 -1 262 263 287 286 -1 252 251 275 276 -1 263 242 266 287 -1 13 14 633 632 -1 257 258 282 281 -1 253 252 276 277 -1 244 241 265 268 -1 652 653 294 293 -1 261 262 286 285 -1 322 323 658 657 -1 301 288 671 684 -1 259 260 284 283 -1 249 248 272 273 -1 255 256 280 279 -1 260 261 285 284 -1 245 244 268 269 -1 690 689 282 283 -1 673 671 288 290 -1 350 339 602 613 -1 582 583 344 343 -1 672 674 291 289 -1 653 654 295 294 -1 280 281 688 687 -1 614 613 326 327 -1 670 669 310 311 -1 683 682 299 300 -1 601 622 335 314 -1 665 664 305 306 -1 659 660 301 300 -1 313 316 651 648 -1 669 668 309 310 -1 667 666 307 308 -1 680 679 296 297 -1 663 662 303 304 -1 333 332 667 668 -1 316 317 652 651 -1 274 273 680 681 -1 270 269 676 677 -1 682 681 298 299 -1 660 647 288 301 -1 666 665 306 307 -1 649 647 312 314 -1 578 576 337 339 -1 663 664 329 328 -1 15 16 635 634 -1 656 655 320 321 -1 657 656 321 322 -1 628 629 581 580 -1 609 610 323 322 -1 291 302 661 650 -1 655 654 319 320 -1 605 606 319 318 -1 661 662 327 326 -1 646 645 597 598 -1 670 649 314 335 -1 354 353 616 617 -1 348 349 612 611 -1 600 603 316 313 -1 358 357 620 621 -1 595 594 355 356 -1 615 614 327 328 -1 620 619 332 333 -1 627 628 580 579 -1 349 336 599 612 -1 355 354 617 618 -1 601 599 336 338 -1 640 639 591 592 -1 584 345 344 583 -1 322 321 608 609 -1 589 578 339 350 -1 607 606 343 344 -1 39 38 637 638 -1 625 646 598 577 -1 600 602 339 337 -1 610 347 348 611 -1 318 317 604 605 -1 585 586 347 346 -1 629 630 582 581 -1 334 335 622 621 -1 593 592 353 354 -1 587 588 349 348 -1 576 579 340 337 -1 46 45 644 645 -1 619 356 355 618 -1 639 638 590 591 -1 596 595 356 357 -1 317 316 603 604 -1 636 623 575 588 -1 594 593 354 355 -1 469 456 432 445 -1 37 4 362 383 -1 3 5 363 361 -1 432 434 410 408 -1 389 366 365 388 -1 26 371 372 27 -1 373 27 372 -1 20 365 366 21 -1 367 22 21 366 -1 423 422 398 399 -1 5 28 374 363 -1 407 406 382 383 -1 30 31 377 376 -1 424 423 399 400 -1 18 3 361 -1 418 419 395 394 -1 23 368 369 24 -1 22 367 368 23 -1 35 36 382 381 -1 429 428 404 405 -1 33 34 380 379 -1 403 402 378 379 -1 31 32 378 377 -1 383 362 386 407 -1 361 363 387 385 -1 420 421 397 396 -1 438 439 415 414 -1 363 374 398 387 -1 376 377 401 400 -1 433 436 412 409 -1 419 420 396 395 -1 417 418 394 393 -1 55 56 464 463 -1 381 382 406 405 -1 68 67 475 476 -1 377 378 402 401 -1 360 373 397 384 -1 362 360 384 386 -1 412 413 389 388 -1 374 375 399 398 -1 431 430 406 407 -1 375 376 400 399 -1 395 371 394 -1 380 381 405 404 -1 427 426 402 403 -1 407 386 410 431 -1 385 387 411 409 -1 387 398 422 411 -1 400 401 425 424 -1 464 465 441 440 -1 461 462 438 437 -1 454 453 429 430 -1 401 402 426 425 -1 384 397 421 408 -1 386 384 408 410 -1 63 62 470 471 -1 64 63 471 472 -1 442 443 419 418 -1 453 452 428 429 -1 468 469 445 444 -1 391 390 414 415 -1 388 385 409 412 -1 443 444 420 419 -1 441 442 418 417 -1 392 391 415 416 -1 403 404 428 427 -1 436 437 413 412 -1 455 454 430 431 -1 451 450 426 427 -1 431 410 434 455 -1 409 411 435 433 -1 470 459 435 446 -1 424 425 449 448 -1 474 473 449 450 -1 408 421 445 432 -1 456 458 434 432 -1 462 463 439 438 -1 49 52 460 457 -1 416 415 439 440 -1 427 428 452 451 -1 417 416 440 441 -1 414 413 437 438 -1 70 69 477 478 -1 422 423 447 446 -1 423 424 448 447 -1 466 467 443 442 -1 477 476 452 453 -1 421 420 444 445 -1 59 60 468 467 -1 465 466 442 441 -1 460 461 437 436 -1 479 478 454 455 -1 475 474 450 451 -1 455 434 458 479 -1 433 435 459 457 -1 448 449 473 472 -1 61 48 456 469 -1 440 439 463 464 -1 451 452 476 475 -1 56 57 465 464 -1 53 54 462 461 -1 446 447 471 470 -1 447 448 472 471 -1 60 61 469 468 -1 62 51 459 470 -1 66 65 473 474 -1 48 50 458 456 -1 54 55 463 462 -1 436 433 457 460 -1 453 454 478 477 -1 58 59 467 466 -1 69 68 476 477 -1 444 443 467 468 -1 57 58 466 465 -1 52 53 461 460 -1 71 70 478 479 -1 67 66 474 475 -1 510 520 515 508 -1 520 521 516 515 -1 528 529 530 527 -1 551 544 543 550 -1 531 532 528 527 -1 540 548 534 529 -1 529 534 535 530 -1 554 553 537 544 -1 537 553 546 532 -1 553 554 547 546 -1 536 537 532 531 -1 545 554 544 551 -1 539 540 529 528 -1 554 545 533 547 -1 535 534 542 541 -1 547 533 548 540 -1 486 552 545 551 -1 534 548 538 542 -1 495 486 551 550 -1 548 533 549 538 -1 544 537 536 543 -1 533 545 552 549 -1 532 546 539 528 -1 546 547 540 539 -1 555 527 530 556 -1 571 550 543 566 -1 531 527 555 557 -1 564 556 560 570 -1 556 530 535 560 -1 574 566 561 573 -1 561 557 568 573 -1 573 568 569 574 -1 536 531 557 561 -1 567 571 566 574 -1 563 555 556 564 -1 574 569 559 567 -1 535 541 565 560 -1 569 564 570 559 -1 558 571 567 572 -1 560 565 562 570 -1 495 550 571 558 -1 570 562 523 559 -1 566 543 536 561 -1 559 523 572 567 -1 557 555 563 568 -1 568 563 564 569 -1 481 480 483 482 -1 505 504 498 499 -1 484 480 481 485 -1 494 482 488 503 -1 482 483 489 488 -1 507 499 491 506 -1 491 485 501 506 -1 506 501 502 507 -1 490 484 485 491 -1 500 505 499 507 -1 493 481 482 494 -1 507 502 487 500 -1 489 496 497 488 -1 502 494 503 487 -1 486 505 500 552 -1 488 497 492 503 -1 495 504 505 486 -1 503 492 549 487 -1 499 498 490 491 -1 487 549 552 500 -1 485 481 493 501 -1 501 493 494 502 -1 508 509 483 480 -1 524 518 498 504 -1 484 510 508 480 -1 516 522 512 509 -1 509 512 489 483 -1 526 525 513 518 -1 513 525 520 510 -1 525 526 521 520 -1 490 513 510 484 -1 519 526 518 524 -1 515 516 509 508 -1 526 519 511 521 -1 489 512 517 496 -1 521 511 522 516 -1 558 572 519 524 -1 512 522 514 517 -1 495 558 524 504 -1 522 511 523 514 -1 518 513 490 498 -1 511 519 572 523 -1 338 336 575 577 -1 346 345 584 585 -1 11 12 631 630 -1 626 624 576 578 -1 348 347 586 587 -1 342 341 580 581 -1 358 359 598 597 -1 44 43 642 643 -1 341 340 579 580 -1 352 353 592 591 -1 12 13 632 631 -1 637 626 578 589 -1 350 351 590 589 -1 359 338 577 598 -1 633 634 586 585 -1 343 342 581 582 -1 641 640 592 593 -1 635 636 588 587 -1 1 8 627 624 -1 358 597 596 357 -1 351 352 591 590 -1 644 643 595 596 -1 336 349 588 575 -1 642 641 593 594 -1 328 329 616 615 -1 344 345 608 607 -1 315 326 613 602 -1 351 350 613 614 -1 338 359 622 601 -1 346 347 610 609 -1 342 343 606 605 -1 330 617 616 329 -1 325 324 611 612 -1 337 340 603 600 -1 334 621 620 333 -1 352 351 614 615 -1 357 356 619 620 -1 325 612 599 312 -1 330 331 618 617 -1 314 312 599 601 -1 345 346 609 608 -1 320 319 606 607 -1 313 315 602 600 -1 324 323 610 611 -1 342 605 604 341 -1 359 358 621 622 -1 331 332 619 618 -1 340 341 604 603 -1 577 575 623 625 -1 585 584 632 633 -1 587 586 634 635 -1 9 10 629 628 -1 47 46 645 646 -1 8 9 628 627 -1 41 40 639 640 -1 589 590 638 637 -1 6 47 646 625 -1 10 11 630 629 -1 596 597 645 644 -1 40 39 638 639 -1 17 0 623 636 -1 583 582 630 631 -1 7 1 624 626 -1 594 595 643 642 -1 584 583 631 632 -1 38 7 626 637 -1 14 15 634 633 -1 42 41 640 641 -1 16 17 636 635 -1 579 576 624 627 -1 45 44 643 644 -1 43 42 641 642 -1 315 313 648 650 -1 300 299 658 659 -1 317 318 653 652 -1 299 298 657 658 -1 318 319 654 653 -1 335 334 669 670 -1 330 329 664 665 -1 324 325 660 659 -1 292 289 648 651 -1 334 333 668 669 -1 332 331 666 667 -1 328 327 662 663 -1 308 309 668 667 -1 293 292 651 652 -1 325 312 647 660 -1 331 330 665 666 -1 290 288 647 649 -1 304 305 664 663 -1 297 296 655 656 -1 298 297 656 657 -1 326 315 650 661 -1 296 295 654 655 -1 302 303 662 661 -1 311 290 649 670 -1 302 291 674 685 -1 295 296 679 678 -1 271 270 677 678 -1 303 302 685 686 -1 286 287 694 693 -1 287 266 673 694 -1 306 305 688 689 -1 300 301 684 683 -1 289 292 675 672 -1 285 286 693 692 -1 283 284 691 690 -1 279 280 687 686 -1 284 285 692 691 -1 269 268 675 676 -1 264 277 684 671 -1 307 306 689 690 -1 266 264 671 673 -1 265 267 674 672 -1 305 304 687 688 -1 276 275 682 683 -1 273 272 679 680 -1 297 298 681 680 -1 293 294 677 676 -1 275 274 681 682 -1 "
							                >
								<Coordinate DEF="coords_ME_paper"
								            point="-3.414603 0.160758 -0.369451 -3.345163 0.188386 -0.369451 -2.375822 0.207284 -0.369452 -2.369384 0.146051 -0.369452 -2.376100 0.207302 1.004360 -2.369650 0.146069 1.004360 -3.414603 0.160758 1.004361 -3.345164 0.188386 1.004361 -3.351379 0.185724 -0.369451 -3.357614 0.183092 -0.369451 -3.363869 0.180490 -0.369451 -3.370143 0.177918 -0.369451 -3.376437 0.175377 -0.369451 -3.382749 0.172865 -0.369451 -3.389081 0.170383 -0.369451 -3.395432 0.167932 -0.369451 -3.401803 0.165510 -0.369451 -3.408193 0.163119 -0.369451 -2.370808 0.151653 -0.369452 -2.372176 0.157251 -0.369452 -2.373431 0.162842 -0.369452 -2.374517 0.168427 -0.369452 -2.375389 0.174005 -0.369452 -2.376019 0.179573 -0.369452 -2.376397 0.185133 -0.369452 -2.376535 0.190683 -0.369452 -2.376460 0.196225 -0.369452 -2.376209 0.201758 -0.369452 -2.371076 0.151671 1.004360 -2.372446 0.157268 1.004360 -2.373702 0.162860 1.004360 -2.374789 0.168445 1.004360 -2.375661 0.174022 1.004360 -2.376292 0.179591 1.004360 -2.376670 0.185151 1.004360 -2.376810 0.190701 1.004360 -2.376735 0.196243 1.004360 -2.376485 0.201776 1.004360 -3.351380 0.185724 1.004361 -3.357615 0.183092 1.004361 -3.363870 0.180490 1.004361 -3.370143 0.177919 1.004361 -3.376437 0.175377 1.004361 -3.382749 0.172865 1.004361 -3.389081 0.170384 1.004361 -3.395433 0.167932 1.004361 -3.401803 0.165511 1.004361 -3.408194 0.163119 1.004361 -2.920080 0.238935 -0.369452 -2.925361 0.177886 -0.369452 -2.920079 0.238936 1.004361 -2.925360 0.177887 1.004361 -2.924881 0.183436 -0.369452 -2.924401 0.188986 -0.369452 -2.923921 0.194536 -0.369452 -2.923440 0.200086 -0.369452 -2.922960 0.205636 -0.369452 -2.922480 0.211186 -0.369452 -2.922000 0.216736 -0.369452 -2.921520 0.222286 -0.369452 -2.921040 0.227836 -0.369452 -2.920560 0.233386 -0.369452 -2.924880 0.183437 1.004361 -2.924400 0.188987 1.004361 -2.923919 0.194537 1.004361 -2.923440 0.200087 1.004361 -2.922959 0.205637 1.004361 -2.922479 0.211187 1.004361 -2.921999 0.216737 1.004361 -2.921519 0.222287 1.004361 -2.921039 0.227836 1.004361 -2.920559 0.233387 1.004361 -2.963993 0.240022 -0.369452 -2.970311 0.179059 -0.369451 -2.963991 0.240023 1.004361 -2.970310 0.179060 1.004361 -2.969737 0.184601 -0.369451 -2.969162 0.190143 -0.369451 -2.968588 0.195685 -0.369452 -2.968014 0.201228 -0.369452 -2.967439 0.206770 -0.369452 -2.966865 0.212312 -0.369452 -2.966290 0.217854 -0.369452 -2.965716 0.223396 -0.369452 -2.965141 0.228938 -0.369452 -2.964567 0.234480 -0.369452 -2.969736 0.184602 1.004361 -2.969161 0.190144 1.004361 -2.968587 0.195686 1.004361 -2.968012 0.201228 1.004361 -2.967438 0.206771 1.004361 -2.966863 0.212313 1.004361 -2.966289 0.217855 1.004361 -2.965714 0.223397 1.004361 -2.965140 0.228939 1.004361 -2.964566 0.234481 1.004361 -3.008052 0.242706 -0.369451 -3.014651 0.181766 -0.369451 -3.008051 0.242707 1.004361 -3.014649 0.181767 1.004361 -3.014050 0.187306 -0.369451 -3.013451 0.192846 -0.369451 -3.012851 0.198386 -0.369451 -3.012251 0.203926 -0.369451 -3.011651 0.209466 -0.369451 -3.011051 0.215006 -0.369451 -3.010452 0.220546 -0.369451 -3.009852 0.226086 -0.369451 -3.009252 0.231626 -0.369451 -3.008652 0.237166 -0.369451 -3.014049 0.187307 1.004361 -3.013449 0.192847 1.004361 -3.012849 0.198387 1.004361 -3.012250 0.203927 1.004361 -3.011650 0.209467 1.004361 -3.011050 0.215007 1.004361 -3.010450 0.220547 1.004361 -3.009851 0.226087 1.004361 -3.009250 0.231627 1.004361 -3.008651 0.237167 1.004361 -3.052208 0.245663 -0.369451 -3.058806 0.184723 -0.369451 -3.052207 0.245664 1.004361 -3.058805 0.184724 1.004361 -3.058206 0.190263 -0.369451 -3.057606 0.195803 -0.369451 -3.057006 0.201343 -0.369451 -3.056407 0.206883 -0.369451 -3.055807 0.212423 -0.369451 -3.055207 0.217963 -0.369451 -3.054607 0.223503 -0.369451 -3.054008 0.229043 -0.369451 -3.053407 0.234583 -0.369451 -3.052808 0.240123 -0.369451 -3.058205 0.190264 1.004361 -3.057605 0.195804 1.004361 -3.057005 0.201344 1.004361 -3.056405 0.206884 1.004361 -3.055806 0.212424 1.004361 -3.055206 0.217964 1.004361 -3.054606 0.223504 1.004361 -3.054006 0.229044 1.004361 -3.053406 0.234584 1.004361 -3.052806 0.240124 1.004361 -3.094910 0.249656 -0.369451 -3.104303 0.188944 -0.369451 -3.094908 0.249657 1.004361 -3.104302 0.188944 1.004361 -3.103450 0.194463 -0.369451 -3.102596 0.199982 -0.369451 -3.101742 0.205502 -0.369451 -3.100888 0.211021 -0.369451 -3.100034 0.216540 -0.369451 -3.099180 0.222060 -0.369451 -3.098325 0.227579 -0.369451 -3.097472 0.233098 -0.369451 -3.096618 0.238618 -0.369451 -3.095764 0.244137 -0.369451 -3.103448 0.194464 1.004361 -3.102594 0.199983 1.004361 -3.101740 0.205503 1.004361 -3.100886 0.211022 1.004361 -3.100032 0.216541 1.004361 -3.099178 0.222061 1.004361 -3.098324 0.227580 1.004361 -3.097470 0.233099 1.004361 -3.096617 0.238619 1.004361 -3.095762 0.244138 1.004361 -3.138415 0.254552 -0.369451 -3.148648 0.193907 -0.369451 -3.138414 0.254553 1.004361 -3.148646 0.193908 1.004361 -3.147717 0.199420 -0.369451 -3.146787 0.204934 -0.369451 -3.145857 0.210447 -0.369451 -3.144927 0.215960 -0.369451 -3.143996 0.221473 -0.369451 -3.143066 0.226986 -0.369451 -3.142136 0.232499 -0.369451 -3.141206 0.238013 -0.369451 -3.140276 0.243526 -0.369451 -3.139345 0.249039 -0.369451 -3.147716 0.199421 1.004361 -3.146785 0.204934 1.004361 -3.145856 0.210448 1.004361 -3.144926 0.215961 1.004361 -3.143995 0.221474 1.004361 -3.143065 0.226987 1.004361 -3.142135 0.232500 1.004361 -3.141205 0.238013 1.004361 -3.140275 0.243527 1.004361 -3.139344 0.249040 1.004361 -3.182000 0.259845 -0.369451 -3.192792 0.199245 -0.369451 -3.181999 0.259846 1.004361 -3.192790 0.199246 1.004361 -3.191811 0.204754 -0.369451 -3.190830 0.210263 -0.369451 -3.189848 0.215772 -0.369451 -3.188868 0.221281 -0.369451 -3.187886 0.226790 -0.369451 -3.186906 0.232299 -0.369451 -3.185924 0.237808 -0.369451 -3.184943 0.243318 -0.369451 -3.183963 0.248827 -0.369451 -3.182982 0.254336 -0.369451 -3.191809 0.204755 1.004361 -3.190828 0.210264 1.004361 -3.189847 0.215773 1.004361 -3.188866 0.221282 1.004361 -3.187885 0.226791 1.004361 -3.186904 0.232300 1.004361 -3.185923 0.237809 1.004361 -3.184942 0.243318 1.004361 -3.183961 0.248827 1.004361 -3.182980 0.254337 1.004361 -3.225909 0.264679 -0.369451 -3.236700 0.204080 -0.369451 -3.225908 0.264680 1.004361 -3.236699 0.204081 1.004361 -3.235719 0.209589 -0.369451 -3.234738 0.215098 -0.369451 -3.233757 0.220607 -0.369451 -3.232776 0.226116 -0.369451 -3.231795 0.231625 -0.369451 -3.230814 0.237134 -0.369451 -3.229833 0.242643 -0.369451 -3.228852 0.248152 -0.369451 -3.227871 0.253661 -0.369451 -3.226890 0.259170 -0.369451 -3.235718 0.209590 1.004361 -3.234737 0.215099 1.004361 -3.233756 0.220608 1.004361 -3.232775 0.226117 1.004361 -3.231794 0.231626 1.004361 -3.230813 0.237135 1.004361 -3.229831 0.242644 1.004361 -3.228851 0.248153 1.004361 -3.227870 0.253662 1.004361 -3.226889 0.259171 1.004361 -3.269818 0.269514 -0.369451 -3.280609 0.208915 -0.369451 -3.269816 0.269515 1.004361 -3.280608 0.208916 1.004361 -3.279628 0.214424 -0.369451 -3.278647 0.219933 -0.369451 -3.277666 0.225442 -0.369451 -3.276685 0.230951 -0.369451 -3.275704 0.236460 -0.369451 -3.274723 0.241969 -0.369451 -3.273742 0.247478 -0.369451 -3.272761 0.252987 -0.369451 -3.271780 0.258496 -0.369451 -3.270799 0.264005 -0.369451 -3.279627 0.214425 1.004361 -3.278646 0.219934 1.004361 -3.277665 0.225443 1.004361 -3.276684 0.230952 1.004361 -3.275702 0.236461 1.004361 -3.274722 0.241970 1.004361 -3.273741 0.247479 1.004361 -3.272759 0.252988 1.004361 -3.271778 0.258497 1.004361 -3.270797 0.264006 1.004361 -3.313726 0.274349 -0.369451 -3.324518 0.213749 -0.369451 -3.313725 0.274350 1.004361 -3.324516 0.213750 1.004361 -3.323537 0.219258 -0.369451 -3.322556 0.224767 -0.369451 -3.321575 0.230276 -0.369451 -3.320594 0.235785 -0.369451 -3.319613 0.241295 -0.369451 -3.318632 0.246804 -0.369451 -3.317651 0.252313 -0.369451 -3.316670 0.257822 -0.369451 -3.315689 0.263331 -0.369451 -3.314707 0.268840 -0.369451 -3.323535 0.219259 1.004361 -3.322554 0.224768 1.004361 -3.321573 0.230277 1.004361 -3.320592 0.235786 1.004361 -3.319611 0.241295 1.004361 -3.318630 0.246804 1.004361 -3.317649 0.252314 1.004361 -3.316668 0.257823 1.004361 -3.315687 0.263332 1.004361 -3.314706 0.268841 1.004361 -3.366158 0.276521 -0.369451 -3.361036 0.222314 -0.369451 -3.366157 0.276522 1.004361 -3.361034 0.222315 1.004361 -3.361502 0.227242 -0.369451 -3.361967 0.232170 -0.369451 -3.362433 0.237097 -0.369451 -3.362898 0.242025 -0.369451 -3.363364 0.246953 -0.369451 -3.363830 0.251881 -0.369451 -3.364295 0.256809 -0.369451 -3.364761 0.261737 -0.369451 -3.365227 0.266665 -0.369451 -3.365693 0.271593 -0.369451 -3.361500 0.227243 1.004361 -3.361966 0.232170 1.004361 -3.362432 0.237098 1.004361 -3.362897 0.242026 1.004361 -3.363363 0.246954 1.004361 -3.363828 0.251882 1.004361 -3.364294 0.256810 1.004361 -3.364760 0.261738 1.004361 -3.365226 0.266666 1.004361 -3.365691 0.271594 1.004361 -3.420746 0.240636 -0.369451 -3.368642 0.214641 -0.369451 -3.420746 0.240637 1.004361 -3.368642 0.214642 1.004361 -3.373379 0.217004 -0.369451 -3.378115 0.219367 -0.369451 -3.382852 0.221730 -0.369451 -3.387589 0.224093 -0.369451 -3.392326 0.226457 -0.369451 -3.397062 0.228820 -0.369451 -3.401799 0.231183 -0.369451 -3.406536 0.233546 -0.369451 -3.411272 0.235909 -0.369451 -3.416009 0.238273 -0.369451 -3.373378 0.217005 1.004361 -3.378115 0.219368 1.004361 -3.382852 0.221731 1.004361 -3.387588 0.224094 1.004361 -3.392325 0.226457 1.004361 -3.397062 0.228821 1.004361 -3.401798 0.231184 1.004361 -3.406535 0.233547 1.004361 -3.411272 0.235910 1.004361 -3.416009 0.238273 1.004361 -3.424065 0.175460 -0.369451 -3.354625 0.203088 -0.369451 -3.424065 0.175460 1.004361 -3.354626 0.203088 1.004361 -3.360938 0.200576 -0.369451 -3.367251 0.198064 -0.369451 -3.373564 0.195553 -0.369451 -3.379876 0.193041 -0.369451 -3.386189 0.190529 -0.369451 -3.392501 0.188018 -0.369451 -3.398814 0.185506 -0.369451 -3.405127 0.182994 -0.369451 -3.411440 0.180483 -0.369451 -3.417752 0.177971 -0.369451 -3.360939 0.200576 1.004361 -3.367251 0.198065 1.004361 -3.373564 0.195553 1.004361 -3.379877 0.193041 1.004361 -3.386189 0.190530 1.004361 -3.392502 0.188018 1.004361 -3.398815 0.185506 1.004361 -3.405127 0.182995 1.004361 -3.411440 0.180483 1.004361 -3.417753 0.177971 1.004361 -2.511597 0.215494 -0.369452 -2.510204 0.154399 -0.369452 -2.511817 0.215507 1.004360 -2.510421 0.154412 1.004360 -2.510828 0.159964 -0.369452 -2.511445 0.165528 -0.369452 -2.512005 0.171090 -0.369452 -2.512462 0.176650 -0.369452 -2.512776 0.182207 -0.369452 -2.512924 0.187762 -0.369452 -2.512901 0.193313 -0.369452 -2.512723 0.198861 -0.369452 -2.512420 0.204407 -0.369452 -2.512031 0.209951 -0.369452 -2.511047 0.159977 1.004360 -2.511664 0.165541 1.004360 -2.512226 0.171104 1.004360 -2.512683 0.176664 1.004360 -2.512998 0.182221 1.004360 -2.513145 0.187775 1.004360 -2.513123 0.193326 1.004360 -2.512945 0.198875 1.004360 -2.512641 0.204421 1.004360 -2.512251 0.209965 1.004360 -2.598005 0.220908 -0.369452 -2.600215 0.159861 -0.369452 -2.598159 0.220917 1.004360 -2.600363 0.159870 1.004360 -2.600025 0.165413 -0.369452 -2.599845 0.170964 -0.369452 -2.599667 0.176515 -0.369452 -2.599488 0.182065 -0.369452 -2.599302 0.187616 -0.369452 -2.599106 0.193165 -0.369452 -2.598901 0.198715 -0.369452 -2.598686 0.204264 -0.369452 -2.598463 0.209813 -0.369452 -2.598237 0.215361 -0.369452 -2.600174 0.165422 1.004360 -2.599994 0.170974 1.004360 -2.599818 0.176524 1.004360 -2.599639 0.182075 1.004360 -2.599453 0.187625 1.004360 -2.599258 0.193175 1.004360 -2.599053 0.198725 1.004360 -2.598839 0.204274 1.004360 -2.598617 0.209823 1.004360 -2.598391 0.215370 1.004360 -2.685987 0.226197 -0.369452 -2.690279 0.165171 -0.369452 -2.686075 0.226203 1.004360 -2.690363 0.165177 1.004360 -2.689898 0.170720 -0.369452 -2.689518 0.176269 -0.369452 -2.689137 0.181818 -0.369452 -2.688756 0.187367 -0.369452 -2.688372 0.192915 -0.369452 -2.687986 0.198463 -0.369452 -2.687596 0.204010 -0.369452 -2.687202 0.209558 -0.369452 -2.686803 0.215104 -0.369452 -2.686398 0.220651 -0.369452 -2.689983 0.170726 1.004360 -2.689603 0.176275 1.004360 -2.689224 0.181824 1.004360 -2.688843 0.187373 1.004360 -2.688460 0.192921 1.004360 -2.688074 0.198469 1.004360 -2.687685 0.204016 1.004360 -2.687290 0.209564 1.004360 -2.686892 0.215110 1.004360 -2.686487 0.220657 1.004360 -2.773923 0.231171 -0.369452 -2.778846 0.170135 -0.369452 -2.773964 0.231174 1.004360 -2.778883 0.170138 1.004361 -2.778399 0.175684 -0.369452 -2.777952 0.181233 -0.369452 -2.777506 0.186783 -0.369452 -2.777059 0.192332 -0.369452 -2.776613 0.197881 -0.369452 -2.776166 0.203431 -0.369452 -2.775720 0.208980 -0.369452 -2.775272 0.214528 -0.369452 -2.774824 0.220075 -0.369452 -2.774374 0.225623 -0.369452 -2.778437 0.175687 1.004361 -2.777990 0.181236 1.004361 -2.777544 0.186786 1.004361 -2.777098 0.192335 1.004361 -2.776652 0.197884 1.004361 -2.776206 0.203434 1.004361 -2.775760 0.208983 1.004361 -2.775312 0.214531 1.004361 -2.774864 0.220079 1.004361 -2.774415 0.225626 1.004360 -2.861925 0.235874 -0.369452 -2.867195 0.174828 -0.369452 -2.861935 0.235876 1.004360 -2.867204 0.174829 1.004361 -2.866721 0.180377 -0.369452 -2.866246 0.185927 -0.369452 -2.865769 0.191477 -0.369452 -2.865292 0.197027 -0.369452 -2.864813 0.202576 -0.369452 -2.864333 0.208126 -0.369452 -2.863853 0.213676 -0.369452 -2.863372 0.219225 -0.369452 -2.862890 0.224775 -0.369452 -2.862408 0.230325 -0.369452 -2.866730 0.180379 1.004361 -2.866255 0.185929 1.004361 -2.865779 0.191478 1.004361 -2.865302 0.197028 1.004361 -2.864823 0.202578 1.004361 -2.864343 0.208128 1.004361 -2.863863 0.213677 1.004360 -2.863382 0.219227 1.004360 -2.862901 0.224777 1.004360 -2.862418 0.230326 1.004360 -3.376378 0.168896 1.005394 -3.346706 0.180704 1.005394 -3.346706 0.180704 0.998397 -3.376378 0.168896 0.998397 -3.377653 0.170877 1.008411 -3.349136 0.182753 1.008414 -3.349946 0.183436 0.317480 -3.338876 0.186060 0.988492 -3.346706 0.180704 0.988492 -3.376378 0.168896 0.988492 -3.379552 0.173827 1.005394 -3.352051 0.185212 1.005394 -3.336887 0.184974 0.680050 -3.336886 0.184974 1.005394 -3.336886 0.184974 0.998397 -3.378182 0.171699 0.317480 -3.376378 0.168896 0.680050 -3.346706 0.180704 0.680050 -3.379552 0.173827 0.998397 -3.352051 0.185212 0.998397 -3.340867 0.187146 0.988492 -3.339867 0.186600 1.008410 -3.339608 0.186459 0.998397 -3.336886 0.184974 0.988492 -3.378182 0.171699 0.988492 -3.349946 0.183436 0.988492 -3.343452 0.188556 1.005394 -3.343452 0.188556 0.998397 -3.406052 0.157092 1.005394 -3.406052 0.157092 0.998397 -3.406712 0.159845 1.008414 -3.416178 0.155304 0.988492 -3.406052 0.157092 0.988492 -3.407506 0.163148 1.005394 -3.416244 0.153400 0.680050 -3.416244 0.153400 1.005394 -3.416244 0.153400 0.998397 -3.406051 0.157092 0.680050 -3.407506 0.163148 0.998397 -3.416112 0.157207 0.988492 -3.416145 0.156251 1.008410 -3.416153 0.156003 0.998397 -3.416244 0.153400 0.988492 -3.416178 0.155303 0.317480 -3.406933 0.160762 0.988492 -3.416026 0.159681 1.005394 -3.416026 0.159681 0.998397 -3.376378 0.168896 -0.370434 -3.346705 0.180704 -0.370434 -3.346705 0.180704 -0.363437 -3.376378 0.168896 -0.363437 -3.377652 0.170877 -0.373451 -3.349136 0.182753 -0.373454 -3.338876 0.186060 -0.353532 -3.346705 0.180704 -0.353532 -3.376377 0.168896 -0.353532 -3.379551 0.173827 -0.370434 -3.352051 0.185212 -0.370434 -3.336886 0.184974 0.317480 -3.336886 0.184974 -0.370434 -3.336886 0.184974 -0.363437 -3.376378 0.168896 0.317480 -3.346706 0.180704 0.317480 -3.379551 0.173827 -0.363437 -3.352051 0.185212 -0.363437 -3.340866 0.187145 -0.353532 -3.339867 0.186600 -0.373451 -3.339607 0.186458 -0.363437 -3.336886 0.184974 -0.353532 -3.338876 0.186060 0.317480 -3.378181 0.171699 -0.353532 -3.349945 0.183436 -0.353532 -3.340866 0.187145 0.317480 -3.343452 0.188556 -0.370434 -3.343452 0.188556 -0.363437 -3.406051 0.157091 -0.370434 -3.406051 0.157091 -0.363437 -3.406712 0.159845 -0.373454 -3.406933 0.160762 0.317480 -3.416177 0.155303 -0.353532 -3.406051 0.157091 -0.353532 -3.407505 0.163148 -0.370434 -3.416244 0.153400 0.317480 -3.416243 0.153400 -0.370434 -3.416243 0.153400 -0.363437 -3.406051 0.157092 0.317480 -3.407505 0.163148 -0.363437 -3.416111 0.157207 -0.353532 -3.416144 0.156251 -0.373451 -3.416153 0.156003 -0.363437 -3.416244 0.153400 -0.353532 -3.406933 0.160762 -0.353532 -3.416112 0.157207 0.317480 -3.416026 0.159681 -0.370434 -3.416026 0.159681 -0.363437 -3.418867 0.167383 -0.369451 -3.349427 0.195011 -0.369451 -3.418867 0.167383 1.004361 -3.349428 0.195011 1.004361 -3.355687 0.192417 -0.369451 -3.361957 0.189839 -0.369451 -3.368238 0.187278 -0.369451 -3.374530 0.184734 -0.369451 -3.380831 0.182205 -0.369451 -3.387144 0.179694 -0.369451 -3.393467 0.177199 -0.369451 -3.399801 0.174720 -0.369451 -3.406146 0.172258 -0.369451 -3.412501 0.169812 -0.369451 -3.355687 0.192417 1.004361 -3.361958 0.189840 1.004361 -3.368238 0.187278 1.004361 -3.374530 0.184734 1.004361 -3.380832 0.182206 1.004361 -3.387144 0.179694 1.004361 -3.393468 0.177199 1.004361 -3.399802 0.174720 1.004361 -3.406146 0.172258 1.004361 -3.412501 0.169812 1.004361 -3.432799 0.202786 -0.369451 -3.363715 0.207855 -0.369451 -3.432799 0.202787 1.004361 -3.363715 0.207855 1.004361 -3.370007 0.207134 -0.369451 -3.376298 0.206412 -0.369451 -3.382590 0.205691 -0.369451 -3.388881 0.204970 -0.369451 -3.395086 0.204045 -0.369451 -3.401371 0.203835 -0.369451 -3.407657 0.203626 -0.369451 -3.413942 0.203416 -0.369451 -3.420228 0.203206 -0.369451 -3.426513 0.202996 -0.369451 -3.370007 0.207134 1.004361 -3.376298 0.206413 1.004361 -3.382590 0.205691 1.004361 -3.388881 0.204970 1.004361 -3.395086 0.204046 1.004361 -3.401372 0.203836 1.004361 -3.407657 0.203626 1.004361 -3.413943 0.203416 1.004361 -3.420228 0.203207 1.004361 -3.426513 0.202997 1.004361 -3.416533 0.163756 -0.369451 -3.347093 0.191385 -0.369451 -3.416533 0.163757 1.004361 -3.347094 0.191385 1.004361 -3.353329 0.188753 -0.369451 -3.359580 0.186146 -0.369451 -3.365847 0.183563 -0.369451 -3.372128 0.181003 -0.369451 -3.378426 0.178468 -0.369451 -3.384738 0.175956 -0.369451 -3.391066 0.173468 -0.369451 -3.397410 0.171004 -0.369451 -3.403769 0.168564 -0.369451 -3.410143 0.166149 -0.369451 -3.353329 0.188754 1.004361 -3.359581 0.186146 1.004361 -3.365847 0.183563 1.004361 -3.372129 0.181003 1.004361 -3.378426 0.178468 1.004361 -3.384739 0.175956 1.004361 -3.391067 0.173468 1.004361 -3.397410 0.171005 1.004361 -3.403769 0.168565 1.004361 -3.410143 0.166149 1.004361 -3.398308 0.263696 -0.369451 -3.365338 0.220675 -0.369451 -3.398308 0.263697 1.004361 -3.365337 0.220676 1.004361 -3.368335 0.224586 -0.369451 -3.371332 0.228497 -0.369451 -3.374330 0.232408 -0.369451 -3.377327 0.236319 -0.369451 -3.380324 0.240230 -0.369451 -3.383322 0.244141 -0.369451 -3.386319 0.248052 -0.369451 -3.389316 0.251963 -0.369451 -3.392313 0.255874 -0.369451 -3.395311 0.259785 -0.369451 -3.368335 0.224587 1.004361 -3.371332 0.228498 1.004361 -3.374329 0.232409 1.004361 -3.377327 0.236320 1.004361 -3.380324 0.240231 1.004361 -3.383321 0.244142 1.004361 -3.386318 0.248053 1.004361 -3.389316 0.251964 1.004361 -3.392313 0.255875 1.004361 -3.395310 0.259786 1.004361 -3.335988 0.276800 -0.369451 -3.346779 0.216200 -0.369451 -3.335986 0.276801 1.004361 -3.346778 0.216201 1.004361 -3.345798 0.221710 -0.369451 -3.344817 0.227219 -0.369451 -3.343836 0.232728 -0.369451 -3.342855 0.238237 -0.369451 -3.341874 0.243746 -0.369451 -3.340893 0.249255 -0.369451 -3.339912 0.254764 -0.369451 -3.338931 0.260273 -0.369451 -3.337950 0.265782 -0.369451 -3.336969 0.271291 -0.369451 -3.345797 0.221710 1.004361 -3.344815 0.227219 1.004361 -3.343834 0.232729 1.004361 -3.342853 0.238238 1.004361 -3.341872 0.243747 1.004361 -3.340891 0.249256 1.004361 -3.339911 0.254765 1.004361 -3.338929 0.260274 1.004361 -3.337948 0.265783 1.004361 -3.336967 0.271292 1.004361 "
								            />
								<TextureCoordinate point="0.6092 0.9009 0.6076 0.9023 0.5344 0.9023 0.5359 0.9009 0.4606 0.9033 0.7148 0.9033 0.7148 0.9021 0.4606 0.9021 0.3239 0.9492 0.3223 0.9506 0.3508 0.9506 0.3523 0.9492 0.0486 0.9009 0.0486 0.9159 0.0505 0.9159 0.0505 0.9009 1.7889 0.1216 1.7889 0.4651 1.7672 0.4651 1.7672 0.1216 0.0198 0.8397 0.0198 0.4922 0.0831 0.4922 0.0831 0.8397 0.6076 0.9146 0.5359 0.9159 0.5344 0.9146 0.6063 0.9132 0.5332 0.9132 0.6054 0.9118 0.6063 0.9132 0.5344 0.9146 0.3267 0.9146 0.3283 0.9159 0.3060 0.9159 0.3044 0.9146 0.5344 0.9023 0.5332 0.9036 0.4886 0.9036 0.4898 0.9023 0.3254 0.9036 0.3244 0.9050 0.3021 0.9050 0.3031 0.9036 0.3021 0.9050 0.3015 0.9064 0.2792 0.9064 0.2798 0.9050 0.3238 0.9064 0.3235 0.9077 0.3012 0.9077 0.3015 0.9064 0.3235 0.9077 0.3235 0.9091 0.3012 0.9091 0.3012 0.9077 0.3235 0.9091 0.3238 0.9105 0.3015 0.9105 0.3012 0.9091 0.5323 0.9118 0.4886 0.9132 0.4877 0.9118 0.5318 0.9105 0.4871 0.9105 0.5315 0.9091 0.5318 0.9105 0.4877 0.9118 0.3021 0.9118 0.3031 0.9132 0.2808 0.9132 0.2798 0.9118 0.4606 0.9134 0.7148 0.9134 0.7148 0.9123 0.4606 0.9123 0.4606 0.9145 0.7148 0.9145 0.7148 0.9134 0.4606 0.9134 0.4606 0.9044 0.7148 0.9044 0.7148 0.9033 0.4606 0.9033 0.4606 0.9055 0.7148 0.9055 0.7148 0.9044 0.4606 0.9044 0.4606 0.9066 0.7148 0.9066 0.7148 0.9055 0.4606 0.9055 0.4606 0.9078 0.7148 0.9078 0.7148 0.9066 0.4606 0.9066 0.4606 0.9089 0.7148 0.9089 0.7148 0.9078 0.4606 0.9078 0.4606 0.9100 0.7148 0.9100 0.7148 0.9089 0.4606 0.9089 0.4606 0.9111 0.7148 0.9111 0.7148 0.9100 0.4606 0.9100 0.4606 0.9123 0.7148 0.9123 0.7148 0.9111 0.4606 0.9111 0.5236 0.9629 0.5945 0.9629 0.5933 0.9616 0.5225 0.9616 0.5236 0.9629 0.5933 0.9616 0.5924 0.9602 0.3940 0.9629 0.3955 0.9643 0.4387 0.9643 0.4372 0.9629 0.5225 0.9520 0.5933 0.9520 0.5945 0.9506 0.5236 0.9506 0.2995 0.9520 0.2985 0.9533 0.3202 0.9533 0.3211 0.9520 0.2769 0.9533 0.2763 0.9547 0.2979 0.9547 0.2985 0.9533 0.2763 0.9547 0.2760 0.9561 0.2976 0.9561 0.2979 0.9547 0.2976 0.9561 0.2976 0.9575 0.3192 0.9575 0.3192 0.9561 0.2760 0.9575 0.2763 0.9588 0.2979 0.9588 0.2976 0.9575 0.3195 0.9588 0.3202 0.9602 0.3487 0.9602 0.3481 0.9588 0.5216 0.9602 0.5225 0.9616 0.5924 0.9602 1.5610 0.1216 1.5610 0.4651 1.5599 0.4651 1.5599 0.1216 1.5624 0.1216 1.5624 0.4651 1.5610 0.4651 1.5610 0.1216 0.0471 0.9009 0.0471 0.9159 0.0486 0.9159 0.0486 0.9009 0.0459 0.9009 0.0459 0.9159 0.0471 0.9159 0.0471 0.9009 0.0452 0.9009 0.0452 0.9159 0.0459 0.9159 0.0459 0.9009 0.0448 0.9009 0.0448 0.9159 0.0452 0.9159 0.0452 0.9009 -0.5404 1.2117 -0.5404 1.2746 -0.5347 1.2746 -0.5347 1.2117 1.5585 0.1216 1.5585 0.4651 1.5582 0.4651 1.5582 0.1216 1.5591 0.1216 1.5591 0.4651 1.5585 0.4651 1.5585 0.1216 1.5599 0.1216 1.5599 0.4651 1.5591 0.4651 1.5591 0.1216 0.3044 0.9023 0.3060 0.9009 0.3283 0.9009 0.3267 0.9023 0.3023 0.9492 0.3007 0.9506 0.3223 0.9506 0.3239 0.9492 1.7508 0.4651 1.7508 0.1216 1.7672 0.1216 1.7672 0.4651 0.5022 0.4922 0.5022 0.8397 0.5004 0.8397 0.5004 0.4922 0.2821 0.9146 0.2808 0.9132 0.3031 0.9132 0.3044 0.9146 0.5344 0.9146 0.5359 0.9159 0.4913 0.9159 0.4898 0.9146 0.5332 0.9132 0.5344 0.9146 0.4913 0.9159 0.2585 0.9036 0.2598 0.9023 0.2821 0.9023 0.2808 0.9036 0.5332 0.9036 0.5323 0.9050 0.4877 0.9050 0.4886 0.9036 0.6048 0.9064 0.5315 0.9077 0.5318 0.9064 0.6054 0.9050 0.5323 0.9050 0.6063 0.9036 0.6054 0.9050 0.5318 0.9064 0.5315 0.9077 0.4868 0.9091 0.4868 0.9077 0.5318 0.9064 0.4871 0.9064 0.5323 0.9050 0.5318 0.9064 0.4868 0.9077 0.4868 0.9077 0.4868 0.9091 0.4422 0.9091 0.4422 0.9077 0.4868 0.9091 0.5315 0.9077 0.5315 0.9091 0.4871 0.9105 0.2575 0.9118 0.2569 0.9105 0.2792 0.9105 0.2798 0.9118 0.4877 0.9118 0.4886 0.9132 0.4440 0.9132 0.4431 0.9118 0.2995 0.9616 0.3007 0.9629 0.3223 0.9629 0.3211 0.9616 0.3007 0.9629 0.3023 0.9643 0.3239 0.9643 0.3223 0.9629 0.2359 0.9506 0.2346 0.9520 0.2563 0.9520 0.2575 0.9506 0.4784 0.9533 0.4792 0.9520 0.4360 0.9520 0.4351 0.9533 0.5918 0.9547 0.5924 0.9533 0.5216 0.9533 0.5210 0.9547 0.5208 0.9561 0.5210 0.9547 0.4778 0.9547 0.4775 0.9561 0.5915 0.9575 0.5915 0.9561 0.5208 0.9561 0.5208 0.9575 0.4345 0.9588 0.4343 0.9575 0.3910 0.9575 0.3913 0.9588 0.2547 0.9588 0.2553 0.9602 0.2769 0.9602 0.2763 0.9588 0.2769 0.9602 0.2779 0.9616 0.2995 0.9616 0.2985 0.9602 0.2615 0.9159 0.2598 0.9146 0.2821 0.9146 0.2837 0.9159 0.2352 0.9050 0.2362 0.9036 0.2585 0.9036 0.2575 0.9050 0.3244 0.9050 0.3238 0.9064 0.3015 0.9064 0.3021 0.9050 0.2565 0.9077 0.2569 0.9064 0.2792 0.9064 0.2788 0.9077 0.2788 0.9091 0.2788 0.9077 0.3012 0.9077 0.3012 0.9091 0.2792 0.9105 0.2788 0.9091 0.3012 0.9091 0.3015 0.9105 0.3244 0.9118 0.3254 0.9132 0.3031 0.9132 0.3021 0.9118 0.2779 0.9520 0.2769 0.9533 0.2985 0.9533 0.2995 0.9520 0.3195 0.9547 0.3202 0.9533 0.2985 0.9533 0.2979 0.9547 0.3192 0.9561 0.3195 0.9547 0.2979 0.9547 0.2976 0.9561 0.2760 0.9561 0.2760 0.9575 0.2976 0.9575 0.2976 0.9561 0.3195 0.9588 0.3192 0.9575 0.2976 0.9575 0.2979 0.9588 0.2821 0.9023 0.2837 0.9009 0.3060 0.9009 0.3044 0.9023 0.1944 0.9492 0.1927 0.9506 0.2143 0.9506 0.2160 0.9492 1.7344 0.4651 1.7344 0.1216 1.7508 0.1216 1.7508 0.4651 0.2624 0.8397 0.2624 0.4922 0.2816 0.4922 0.2816 0.8397 0.3254 0.9132 0.3267 0.9146 0.3044 0.9146 0.3031 0.9132 0.3267 0.9023 0.3254 0.9036 0.3031 0.9036 0.3044 0.9023 0.3238 0.9105 0.3244 0.9118 0.3021 0.9118 0.3015 0.9105 0.2563 0.9616 0.2575 0.9629 0.2791 0.9629 0.2779 0.9616 0.1170 0.9629 0.1187 0.9643 0.1296 0.9643 0.1279 0.9629 0.3211 0.9520 0.3223 0.9506 0.3007 0.9506 0.2995 0.9520 0.3202 0.9602 0.3195 0.9588 0.2979 0.9588 0.2985 0.9602 0.3211 0.9616 0.3202 0.9602 0.2985 0.9602 0.2995 0.9616 0.2122 0.9064 0.2129 0.9050 0.2352 0.9050 0.2345 0.9064 0.2585 0.9132 0.2575 0.9118 0.2798 0.9118 0.2808 0.9132 0.2553 0.9533 0.2547 0.9547 0.2763 0.9547 0.2769 0.9533 0.1898 0.9547 0.1895 0.9561 0.2111 0.9561 0.2114 0.9547 0.1895 0.9575 0.1898 0.9588 0.2114 0.9588 0.2111 0.9575 0.2816 0.8397 0.2816 0.4922 0.3008 0.4922 0.3008 0.8397 0.2598 0.9146 0.2585 0.9132 0.2808 0.9132 0.2821 0.9146 0.3044 0.9023 0.3031 0.9036 0.2808 0.9036 0.2821 0.9023 0.3015 0.9105 0.3021 0.9118 0.2798 0.9118 0.2792 0.9105 0.2995 0.9520 0.3007 0.9506 0.2791 0.9506 0.2779 0.9520 0.2985 0.9602 0.2979 0.9588 0.2763 0.9588 0.2769 0.9602 0.2337 0.9602 0.2346 0.9616 0.2563 0.9616 0.2553 0.9602 0.3044 0.9146 0.3060 0.9159 0.2837 0.9159 0.2821 0.9146 0.3031 0.9036 0.3021 0.9050 0.2798 0.9050 0.2808 0.9036 0.3015 0.9064 0.3012 0.9077 0.2788 0.9077 0.2792 0.9064 0.2565 0.9091 0.2565 0.9077 0.2788 0.9077 0.2788 0.9091 0.1116 0.9105 0.1113 0.9091 0.1226 0.9091 0.1230 0.9105 0.2563 0.9520 0.2553 0.9533 0.2769 0.9533 0.2779 0.9520 0.2543 0.9561 0.2543 0.9575 0.2760 0.9575 0.2760 0.9561 0.2598 0.9023 0.2615 0.9009 0.2837 0.9009 0.2821 0.9023 0.3007 0.9506 0.3023 0.9492 0.2807 0.9492 0.2791 0.9506 1.7179 0.4651 1.7179 0.1216 1.7344 0.1216 1.7344 0.4651 0.3007 0.9629 0.2995 0.9616 0.2779 0.9616 0.2791 0.9629 0.3023 0.9643 0.3007 0.9629 0.2791 0.9629 0.2807 0.9643 0.3008 0.8397 0.3008 0.4922 0.3201 0.4922 0.3201 0.8397 0.1916 0.9036 0.1929 0.9023 0.2152 0.9023 0.2139 0.9036 0.2352 0.9118 0.2345 0.9105 0.2569 0.9105 0.2575 0.9118 0.2779 0.9520 0.2791 0.9506 0.2575 0.9506 0.2563 0.9520 0.2330 0.9588 0.2337 0.9602 0.2553 0.9602 0.2547 0.9588 0.1946 0.9159 0.1929 0.9146 0.2152 0.9146 0.2169 0.9159 0.2808 0.9036 0.2798 0.9050 0.2575 0.9050 0.2585 0.9036 0.2119 0.9077 0.2122 0.9064 0.2345 0.9064 0.2342 0.9077 0.2791 0.9506 0.2807 0.9492 0.2591 0.9492 0.2575 0.9506 0.2130 0.9616 0.2143 0.9629 0.2359 0.9629 0.2346 0.9616 0.2807 0.9643 0.2791 0.9629 0.2575 0.9629 0.2591 0.9643 0.2798 0.9050 0.2792 0.9064 0.2569 0.9064 0.2575 0.9050 0.1916 0.9132 0.1906 0.9118 0.2129 0.9118 0.2139 0.9132 0.2337 0.9533 0.2330 0.9547 0.2547 0.9547 0.2553 0.9533 0.2760 0.9561 0.2763 0.9547 0.2547 0.9547 0.2543 0.9561 0.2763 0.9588 0.2760 0.9575 0.2543 0.9575 0.2547 0.9588 0.2375 0.9146 0.2362 0.9132 0.2585 0.9132 0.2598 0.9146 0.2779 0.9616 0.2769 0.9602 0.2553 0.9602 0.2563 0.9616 0.1896 0.9091 0.1896 0.9077 0.2119 0.9077 0.2119 0.9091 0.2788 0.9091 0.2792 0.9105 0.2569 0.9105 0.2565 0.9091 0.2346 0.9520 0.2337 0.9533 0.2553 0.9533 0.2563 0.9520 0.2327 0.9561 0.2327 0.9575 0.2543 0.9575 0.2543 0.9561 0.2375 0.9023 0.2392 0.9009 0.2615 0.9009 0.2598 0.9023 1.5940 0.4651 1.5940 0.1216 1.6030 0.1216 1.6030 0.4651 0.3201 0.8397 0.3201 0.4922 0.3393 0.4922 0.3393 0.8397 0.1927 0.9506 0.1914 0.9520 0.2130 0.9520 0.2143 0.9506 0.1683 0.9050 0.1693 0.9036 0.1916 0.9036 0.1906 0.9050 0.2575 0.9506 0.2591 0.9492 0.2375 0.9492 0.2359 0.9506 0.2591 0.9643 0.2575 0.9629 0.2359 0.9629 0.2375 0.9643 0.2575 0.9050 0.2569 0.9064 0.2345 0.9064 0.2352 0.9050 0.2543 0.9561 0.2547 0.9547 0.2330 0.9547 0.2327 0.9561 0.2547 0.9588 0.2543 0.9575 0.2327 0.9575 0.2330 0.9588 0.2121 0.9602 0.2130 0.9616 0.2346 0.9616 0.2337 0.9602 0.2565 0.9091 0.2569 0.9105 0.2345 0.9105 0.2342 0.9091 0.2598 0.9023 0.2585 0.9036 0.2362 0.9036 0.2375 0.9023 0.1013 0.9118 0.1006 0.9105 0.1116 0.9105 0.1123 0.9118 0.0601 0.9588 0.0607 0.9602 0.0708 0.9602 0.0701 0.9588 0.2598 0.9146 0.2615 0.9159 0.2392 0.9159 0.2375 0.9146 0.2569 0.9064 0.2565 0.9077 0.2342 0.9077 0.2345 0.9064 0.2575 0.9629 0.2563 0.9616 0.2346 0.9616 0.2359 0.9629 0.2575 0.9118 0.2585 0.9132 0.2362 0.9132 0.2352 0.9118 0.2121 0.9533 0.2114 0.9547 0.2330 0.9547 0.2337 0.9533 0.2152 0.9146 0.2139 0.9132 0.2362 0.9132 0.2375 0.9146 0.2565 0.9077 0.2565 0.9091 0.2342 0.9091 0.2342 0.9077 0.1914 0.9520 0.1904 0.9533 0.2121 0.9533 0.2130 0.9520 0.2111 0.9561 0.2111 0.9575 0.2327 0.9575 0.2327 0.9561 0.2152 0.9023 0.2169 0.9009 0.2392 0.9009 0.2375 0.9023 1.7179 0.1216 1.7179 0.4651 1.7015 0.4651 1.7015 0.1216 0.3393 0.8397 0.3393 0.4922 0.3585 0.4922 0.3585 0.8397 0.2359 0.9506 0.2375 0.9492 0.2160 0.9492 0.2143 0.9506 0.2375 0.9643 0.2359 0.9629 0.2143 0.9629 0.2160 0.9643 0.1676 0.9064 0.1683 0.9050 0.1906 0.9050 0.1899 0.9064 0.2327 0.9561 0.2330 0.9547 0.2114 0.9547 0.2111 0.9561 0.2330 0.9588 0.2327 0.9575 0.2111 0.9575 0.2114 0.9588 0.2342 0.9091 0.2345 0.9105 0.2122 0.9105 0.2119 0.9091 0.2375 0.9023 0.2362 0.9036 0.2139 0.9036 0.2152 0.9023 0.2375 0.9146 0.2392 0.9159 0.2169 0.9159 0.2152 0.9146 0.1449 0.9077 0.1453 0.9064 0.1676 0.9064 0.1672 0.9077 0.1156 0.9616 0.1170 0.9629 0.1279 0.9629 0.1266 0.9616 0.2352 0.9118 0.2362 0.9132 0.2139 0.9132 0.2129 0.9118 0.2342 0.9077 0.2342 0.9091 0.2119 0.9091 0.2119 0.9077 1.7015 0.1216 1.7015 0.4651 1.6851 0.4651 1.6851 0.1216 0.2346 0.9520 0.2359 0.9506 0.2143 0.9506 0.2130 0.9520 0.2362 0.9036 0.2352 0.9050 0.2129 0.9050 0.2139 0.9036 0.1904 0.9602 0.1914 0.9616 0.2130 0.9616 0.2121 0.9602 0.2345 0.9105 0.2352 0.9118 0.2129 0.9118 0.2122 0.9105 0.2337 0.9602 0.2330 0.9588 0.2114 0.9588 0.2121 0.9602 0.1904 0.9533 0.1898 0.9547 0.2114 0.9547 0.2121 0.9533 0.1929 0.9146 0.1916 0.9132 0.2139 0.9132 0.2152 0.9146 0.2337 0.9533 0.2346 0.9520 0.2130 0.9520 0.2121 0.9533 0.1895 0.9561 0.1895 0.9575 0.2111 0.9575 0.2111 0.9561 0.1707 0.9023 0.1724 0.9009 0.1946 0.9009 0.1929 0.9023 0.3585 0.8397 0.3585 0.4922 0.3778 0.4922 0.3778 0.8397 0.1728 0.9492 0.1711 0.9506 0.1927 0.9506 0.1944 0.9492 0.2160 0.9643 0.2143 0.9629 0.1927 0.9629 0.1944 0.9643 0.1682 0.9547 0.1678 0.9561 0.1895 0.9561 0.1898 0.9547 0.1462 0.9575 0.1465 0.9588 0.1682 0.9588 0.1678 0.9575 0.2119 0.9091 0.2122 0.9105 0.1899 0.9105 0.1896 0.9091 0.1470 0.9036 0.1484 0.9023 0.1707 0.9023 0.1693 0.9036 0.1501 0.9159 0.1484 0.9146 0.1707 0.9146 0.1724 0.9159 0.1470 0.9132 0.1460 0.9118 0.1683 0.9118 0.1693 0.9132 0.1672 0.9091 0.1672 0.9077 0.1896 0.9077 0.1896 0.9091 1.6851 0.1216 1.6851 0.4651 1.6687 0.4651 1.6687 0.1216 0.1064 0.9506 0.1050 0.9520 0.1156 0.9520 0.1170 0.9506 0.2139 0.9036 0.2129 0.9050 0.1906 0.9050 0.1916 0.9036 0.2122 0.9105 0.2129 0.9118 0.1906 0.9118 0.1899 0.9105 0.2121 0.9602 0.2114 0.9588 0.1898 0.9588 0.1904 0.9602 0.1482 0.9520 0.1472 0.9533 0.1688 0.9533 0.1698 0.9520 0.2129 0.9050 0.2122 0.9064 0.1899 0.9064 0.1906 0.9050 0.2122 0.9064 0.2119 0.9077 0.1896 0.9077 0.1899 0.9064 0.2143 0.9629 0.2130 0.9616 0.1914 0.9616 0.1927 0.9629 0.1688 0.9602 0.1698 0.9616 0.1914 0.9616 0.1904 0.9602 0.1688 0.9533 0.1682 0.9547 0.1898 0.9547 0.1904 0.9533 0.1707 0.9146 0.1693 0.9132 0.1916 0.9132 0.1929 0.9146 0.1678 0.9561 0.1678 0.9575 0.1895 0.9575 0.1895 0.9561 0.2169 0.9009 0.2152 0.9023 0.1929 0.9023 0.1946 0.9009 0.3778 0.8397 0.3778 0.4922 0.3970 0.4922 0.3970 0.8397 0.1944 0.9643 0.1927 0.9629 0.1711 0.9629 0.1728 0.9643 0.1896 0.9091 0.1899 0.9105 0.1676 0.9105 0.1672 0.9091 1.6687 0.1216 1.6687 0.4651 1.6523 0.4651 1.6523 0.1216 0.0790 0.9050 0.0801 0.9036 0.0901 0.9036 0.0890 0.9050 0.1899 0.9105 0.1906 0.9118 0.1683 0.9118 0.1676 0.9105 0.1904 0.9602 0.1898 0.9588 0.1682 0.9588 0.1688 0.9602 0.1453 0.9064 0.1460 0.9050 0.1683 0.9050 0.1676 0.9064 0.1899 0.9064 0.1896 0.9077 0.1672 0.9077 0.1676 0.9064 0.1927 0.9629 0.1914 0.9616 0.1698 0.9616 0.1711 0.9629 0.1484 0.9023 0.1501 0.9009 0.1724 0.9009 0.1707 0.9023 0.1080 0.9492 0.1064 0.9506 0.1170 0.9506 0.1187 0.9492 0.1465 0.9547 0.1462 0.9561 0.1678 0.9561 0.1682 0.9547 0.1898 0.9588 0.1895 0.9575 0.1678 0.9575 0.1682 0.9588 0.1929 0.9023 0.1916 0.9036 0.1693 0.9036 0.1707 0.9023 0.1929 0.9146 0.1946 0.9159 0.1724 0.9159 0.1707 0.9146 0.1906 0.9118 0.1916 0.9132 0.1693 0.9132 0.1683 0.9118 0.1449 0.9091 0.1449 0.9077 0.1672 0.9077 0.1672 0.9091 0.1914 0.9520 0.1927 0.9506 0.1711 0.9506 0.1698 0.9520 0.1904 0.9533 0.1914 0.9520 0.1698 0.9520 0.1688 0.9533 0.1472 0.9602 0.1482 0.9616 0.1698 0.9616 0.1688 0.9602 0.1472 0.9533 0.1465 0.9547 0.1682 0.9547 0.1688 0.9533 0.1484 0.9146 0.1470 0.9132 0.1693 0.9132 0.1707 0.9146 0.1462 0.9561 0.1462 0.9575 0.1678 0.9575 0.1678 0.9561 0.3970 0.8397 0.3970 0.4922 0.4162 0.4922 0.4162 0.8397 0.1728 0.9643 0.1711 0.9629 0.1495 0.9629 0.1512 0.9643 0.1672 0.9091 0.1676 0.9105 0.1453 0.9105 0.1449 0.9091 1.6523 0.1216 1.6523 0.4651 1.6359 0.4651 1.6359 0.1216 0.1676 0.9105 0.1683 0.9118 0.1460 0.9118 0.1453 0.9105 0.1688 0.9602 0.1682 0.9588 0.1465 0.9588 0.1472 0.9602 0.1226 0.9077 0.1230 0.9064 0.1453 0.9064 0.1449 0.9077 0.1711 0.9629 0.1698 0.9616 0.1482 0.9616 0.1495 0.9629 0.1136 0.9575 0.1140 0.9588 0.1249 0.9588 0.1246 0.9575 0.1134 0.9036 0.1148 0.9023 0.1261 0.9023 0.1247 0.9036 0.1165 0.9159 0.1148 0.9146 0.1261 0.9146 0.1278 0.9159 0.1247 0.9132 0.1237 0.9118 0.1460 0.9118 0.1470 0.9132 0.1698 0.9520 0.1711 0.9506 0.1495 0.9506 0.1482 0.9520 0.1050 0.9520 0.1040 0.9533 0.1146 0.9533 0.1156 0.9520 0.1693 0.9036 0.1683 0.9050 0.1460 0.9050 0.1470 0.9036 0.1230 0.9064 0.1237 0.9050 0.1460 0.9050 0.1453 0.9064 0.1261 0.9023 0.1278 0.9009 0.1501 0.9009 0.1484 0.9023 0.1711 0.9506 0.1728 0.9492 0.1512 0.9492 0.1495 0.9506 0.1033 0.9547 0.1030 0.9561 0.1136 0.9561 0.1140 0.9547 0.0660 0.9091 0.0660 0.9077 0.0780 0.9077 0.0780 0.9091 0.1040 0.9602 0.1050 0.9616 0.1156 0.9616 0.1146 0.9602 0.1040 0.9533 0.1033 0.9547 0.1140 0.9547 0.1146 0.9533 0.1038 0.9146 0.1024 0.9132 0.1134 0.9132 0.1148 0.9146 0.1246 0.9561 0.1246 0.9575 0.1462 0.9575 0.1462 0.9561 0.4162 0.8397 0.4162 0.4922 0.4355 0.4922 0.4355 0.8397 0.1512 0.9643 0.1495 0.9629 0.1279 0.9629 0.1296 0.9643 0.1449 0.9091 0.1453 0.9105 0.1230 0.9105 0.1226 0.9091 1.6359 0.1216 1.6359 0.4651 1.6194 0.4651 1.6194 0.1216 0.1453 0.9105 0.1460 0.9118 0.1237 0.9118 0.1230 0.9105 0.1472 0.9602 0.1465 0.9588 0.1249 0.9588 0.1256 0.9602 0.1495 0.9629 0.1482 0.9616 0.1266 0.9616 0.1279 0.9629 0.1482 0.9520 0.1495 0.9506 0.1279 0.9506 0.1266 0.9520 0.1470 0.9036 0.1460 0.9050 0.1237 0.9050 0.1247 0.9036 0.1495 0.9506 0.1512 0.9492 0.1296 0.9492 0.1279 0.9506 0.0448 0.9077 0.0452 0.9064 0.0474 0.9064 0.0470 0.9077 0.1465 0.9588 0.1462 0.9575 0.1246 0.9575 0.1249 0.9588 0.1484 0.9023 0.1470 0.9036 0.1247 0.9036 0.1261 0.9023 0.1484 0.9146 0.1501 0.9159 0.1278 0.9159 0.1261 0.9146 0.0901 0.9132 0.0890 0.9118 0.1013 0.9118 0.1024 0.9132 0.1472 0.9533 0.1482 0.9520 0.1266 0.9520 0.1256 0.9533 0.0783 0.9064 0.0790 0.9050 0.0890 0.9050 0.0883 0.9064 0.1038 0.9023 0.1055 0.9009 0.1165 0.9009 0.1148 0.9023 0.1462 0.9561 0.1465 0.9547 0.1249 0.9547 0.1246 0.9561 0.1449 0.9077 0.1449 0.9091 0.1226 0.9091 0.1226 0.9077 0.1482 0.9616 0.1472 0.9602 0.1256 0.9602 0.1266 0.9616 0.1465 0.9547 0.1472 0.9533 0.1256 0.9533 0.1249 0.9547 0.1470 0.9132 0.1484 0.9146 0.1261 0.9146 0.1247 0.9132 0.1136 0.9561 0.1136 0.9575 0.1246 0.9575 0.1246 0.9561 0.4452 0.8397 0.4452 0.4922 0.4547 0.4922 0.4547 0.8397 0.0632 0.9629 0.0649 0.9643 0.0749 0.9643 0.0732 0.9629 0.0500 0.9105 0.0497 0.9091 0.0557 0.9091 0.0560 0.9105 1.6111 0.1216 1.6111 0.4651 1.6030 0.4651 1.6030 0.1216 0.0890 0.9118 0.0883 0.9105 0.1006 0.9105 0.1013 0.9118 0.1256 0.9602 0.1249 0.9588 0.1140 0.9588 0.1146 0.9602 0.0718 0.9616 0.0732 0.9629 0.0848 0.9629 0.0834 0.9616 0.0944 0.9506 0.0930 0.9520 0.1050 0.9520 0.1064 0.9506 0.1134 0.9036 0.1123 0.9050 0.1013 0.9050 0.1024 0.9036 0.0749 0.9492 0.0732 0.9506 0.0848 0.9506 0.0865 0.9492 0.0910 0.9575 0.0913 0.9588 0.1033 0.9588 0.1030 0.9575 0.0901 0.9036 0.0915 0.9023 0.1038 0.9023 0.1024 0.9036 0.0833 0.9159 0.0815 0.9146 0.0915 0.9146 0.0932 0.9159 0.0930 0.9520 0.0920 0.9533 0.1040 0.9533 0.1050 0.9520 0.0913 0.9547 0.0910 0.9561 0.1030 0.9561 0.1033 0.9547 0.1113 0.9077 0.1113 0.9091 0.1003 0.9091 0.1003 0.9077 0.0920 0.9602 0.0930 0.9616 0.1050 0.9616 0.1040 0.9602 0.0824 0.9533 0.0817 0.9547 0.0913 0.9547 0.0920 0.9533 0.0815 0.9146 0.0801 0.9132 0.0901 0.9132 0.0915 0.9146 0.1230 0.9064 0.1226 0.9077 0.1113 0.9077 0.1116 0.9064 0.1237 0.9118 0.1247 0.9132 0.1134 0.9132 0.1123 0.9118 0.1123 0.9050 0.1116 0.9064 0.1006 0.9064 0.1013 0.9050 0.0915 0.9023 0.0932 0.9009 0.1055 0.9009 0.1038 0.9023 0.0910 0.9561 0.0910 0.9575 0.1030 0.9575 0.1030 0.9561 0.4653 0.8397 0.4653 0.4922 0.4739 0.4922 0.4739 0.8397 1.5659 0.4651 1.5659 0.1216 1.5702 0.1216 1.5702 0.4651 0.0920 0.9602 0.0913 0.9588 0.0817 0.9588 0.0824 0.9602 0.0459 0.9050 0.0471 0.9036 0.0492 0.9036 0.0481 0.9050 0.0880 0.9077 0.0880 0.9091 0.0780 0.9091 0.0780 0.9077 0.0883 0.9064 0.0880 0.9077 0.0780 0.9077 0.0783 0.9064 0.0492 0.9132 0.0481 0.9118 0.0508 0.9118 0.0519 0.9132 0.0664 0.9064 0.0671 0.9050 0.0790 0.9050 0.0783 0.9064 0.1080 0.9643 0.1064 0.9629 0.0944 0.9629 0.0961 0.9643 0.0880 0.9091 0.0883 0.9105 0.0783 0.9105 0.0780 0.9091 0.0671 0.9118 0.0664 0.9105 0.0783 0.9105 0.0790 0.9118 0.0944 0.9629 0.0930 0.9616 0.0834 0.9616 0.0848 0.9629 0.0549 0.9506 0.0535 0.9520 0.0561 0.9520 0.0575 0.9506 0.0944 0.9506 0.0961 0.9492 0.0865 0.9492 0.0848 0.9506 0.0597 0.9575 0.0601 0.9588 0.0701 0.9588 0.0697 0.9575 0.0578 0.9036 0.0592 0.9023 0.0696 0.9023 0.0681 0.9036 0.0713 0.9159 0.0696 0.9146 0.0815 0.9146 0.0833 0.9159 0.0618 0.9520 0.0607 0.9533 0.0708 0.9533 0.0718 0.9520 0.0543 0.9547 0.0539 0.9561 0.0597 0.9561 0.0601 0.9547 0.0708 0.9602 0.0718 0.9616 0.0834 0.9616 0.0824 0.9602 0.0708 0.9533 0.0701 0.9547 0.0817 0.9547 0.0824 0.9533 0.0507 0.9146 0.0492 0.9132 0.0519 0.9132 0.0534 0.9146 0.0592 0.9023 0.0610 0.9009 0.0713 0.9009 0.0696 0.9023 0.0597 0.9561 0.0597 0.9575 0.0697 0.9575 0.0697 0.9561 0.4842 0.8397 0.4842 0.4922 0.4932 0.4922 0.4932 0.8397 0.0517 0.9588 0.0524 0.9602 0.0550 0.9602 0.0543 0.9588 0.0497 0.9077 0.0557 0.9077 0.0557 0.9091 0.0497 0.9091 0.0783 0.9064 0.0780 0.9077 0.0660 0.9077 0.0664 0.9064 0.0575 0.9629 0.0593 0.9643 0.0649 0.9643 0.0632 0.9629 0.0660 0.9091 0.0664 0.9105 0.0560 0.9105 0.0557 0.9091 0.0514 0.9616 0.0528 0.9629 0.0549 0.9629 0.0535 0.9616 0.0568 0.9492 0.0549 0.9506 0.0575 0.9506 0.0593 0.9492 1.5778 0.1216 1.5778 0.4651 1.5702 0.4651 1.5702 0.1216 0.0671 0.9050 0.0567 0.9050 0.0578 0.9036 0.0681 0.9036 0.0790 0.9118 0.0801 0.9132 0.0681 0.9132 0.0671 0.9118 0.0500 0.9064 0.0508 0.9050 0.0567 0.9050 0.0560 0.9064 0.0481 0.9118 0.0474 0.9105 0.0500 0.9105 0.0508 0.9118 0.0834 0.9520 0.0848 0.9506 0.0732 0.9506 0.0718 0.9520 0.0539 0.9575 0.0543 0.9588 0.0601 0.9588 0.0597 0.9575 0.0519 0.9036 0.0534 0.9023 0.0592 0.9023 0.0578 0.9036 0.0552 0.9159 0.0534 0.9146 0.0592 0.9146 0.0610 0.9159 0.0514 0.9520 0.0503 0.9533 0.0524 0.9533 0.0535 0.9520 0.0701 0.9547 0.0601 0.9547 0.0597 0.9561 0.0697 0.9561 0.0524 0.9602 0.0535 0.9616 0.0561 0.9616 0.0550 0.9602 0.0550 0.9533 0.0543 0.9547 0.0601 0.9547 0.0607 0.9533 0.0801 0.9132 0.0815 0.9146 0.0696 0.9146 0.0681 0.9132 0.0507 0.9023 0.0526 0.9009 0.0552 0.9009 0.0534 0.9023 0.0539 0.9561 0.0539 0.9575 0.0597 0.9575 0.0597 0.9561 0.3561 0.9023 0.3577 0.9009 0.4022 0.9009 0.4007 0.9023 0.5945 0.9506 0.5961 0.9492 0.5250 0.9492 0.5236 0.9506 1.9742 0.1216 1.9742 0.4651 1.9202 0.4651 1.9202 0.1216 0.1985 0.4922 0.1985 0.8397 0.1601 0.8397 0.1601 0.4922 0.4886 0.9132 0.5323 0.9118 0.5332 0.9132 0.4898 0.9146 0.6063 0.9036 0.5323 0.9050 0.5332 0.9036 0.6076 0.9023 0.5344 0.9023 0.6076 0.9023 0.5332 0.9036 0.6054 0.9118 0.5332 0.9132 0.5323 0.9118 0.6048 0.9105 0.5318 0.9105 0.6045 0.9091 0.6048 0.9105 0.5323 0.9118 0.4360 0.9616 0.4372 0.9629 0.4804 0.9629 0.4792 0.9616 0.5961 0.9643 0.5945 0.9629 0.5236 0.9629 0.5250 0.9643 0.4804 0.9506 0.4792 0.9520 0.5225 0.9520 0.5236 0.9506 0.5924 0.9602 0.5918 0.9588 0.5210 0.9588 0.5216 0.9602 0.4351 0.9602 0.4360 0.9616 0.4792 0.9616 0.4784 0.9602 0.6076 0.9146 0.6092 0.9159 0.5359 0.9159 0.4425 0.9064 0.4431 0.9050 0.4877 0.9050 0.4871 0.9064 0.6045 0.9077 0.5315 0.9091 0.5315 0.9077 0.6048 0.9064 0.6045 0.9091 0.5318 0.9105 0.5315 0.9091 0.6045 0.9077 0.5924 0.9533 0.5933 0.9520 0.5225 0.9520 0.5216 0.9533 0.4351 0.9533 0.4345 0.9547 0.4778 0.9547 0.4784 0.9533 0.5915 0.9561 0.5918 0.9547 0.5210 0.9547 0.5208 0.9561 0.4775 0.9561 0.4775 0.9575 0.5208 0.9575 0.5208 0.9561 0.5918 0.9588 0.5915 0.9575 0.5208 0.9575 0.5210 0.9588 0.5236 0.9506 0.5250 0.9492 0.4818 0.9492 0.4804 0.9506 1.9202 0.1216 1.9202 0.4651 1.8874 0.4651 1.8874 0.1216 0.4440 0.9036 0.4452 0.9023 0.4898 0.9023 0.4886 0.9036 0.3985 0.9118 0.3979 0.9105 0.4425 0.9105 0.4431 0.9118 0.5250 0.9643 0.5236 0.9629 0.4804 0.9629 0.4818 0.9643 0.5216 0.9602 0.5210 0.9588 0.4778 0.9588 0.4784 0.9602 0.4022 0.9159 0.4007 0.9146 0.4452 0.9146 0.4468 0.9159 0.4431 0.9050 0.4440 0.9036 0.4886 0.9036 0.4877 0.9050 0.4422 0.9077 0.4425 0.9064 0.4871 0.9064 0.4868 0.9077 0.3238 0.9105 0.3235 0.9091 0.3529 0.9091 0.3532 0.9105 0.5216 0.9533 0.5225 0.9520 0.4792 0.9520 0.4784 0.9533 0.3195 0.9547 0.3192 0.9561 0.3477 0.9561 0.3481 0.9547 0.5210 0.9588 0.5208 0.9575 0.4775 0.9575 0.4778 0.9588 0.5359 0.9009 0.5344 0.9023 0.4898 0.9023 0.4913 0.9009 0.0831 0.8397 0.0831 0.4922 0.1216 0.4922 0.1216 0.8397 0.4452 0.9146 0.4440 0.9132 0.4886 0.9132 0.4898 0.9146 0.5236 0.9629 0.5225 0.9616 0.4792 0.9616 0.4804 0.9629 0.4372 0.9506 0.4360 0.9520 0.4792 0.9520 0.4804 0.9506 0.5225 0.9616 0.5216 0.9602 0.4784 0.9602 0.4792 0.9616 0.4877 0.9050 0.5323 0.9050 0.4871 0.9064 0.5210 0.9547 0.5216 0.9533 0.4784 0.9533 0.4778 0.9547 0.4343 0.9561 0.4343 0.9575 0.4775 0.9575 0.4775 0.9561 0.4804 0.9506 0.4818 0.9492 0.4387 0.9492 0.4372 0.9506 1.8874 0.1216 1.8874 0.4651 1.8545 0.4651 1.8545 0.1216 0.4818 0.9643 0.4804 0.9629 0.4372 0.9629 0.4387 0.9643 0.4784 0.9602 0.4778 0.9588 0.4345 0.9588 0.4351 0.9602 0.3529 0.9091 0.3529 0.9077 0.3976 0.9077 0.3976 0.9091 0.3548 0.9132 0.3539 0.9118 0.3985 0.9118 0.3994 0.9132 0.3928 0.9520 0.3919 0.9533 0.4351 0.9533 0.4360 0.9520 0.4778 0.9588 0.4775 0.9575 0.4343 0.9575 0.4345 0.9588 0.4913 0.9009 0.4898 0.9023 0.4452 0.9023 0.4468 0.9009 0.1216 0.8397 0.1216 0.4922 0.1601 0.4922 0.1601 0.8397 0.3211 0.9616 0.3223 0.9629 0.3508 0.9629 0.3496 0.9616 0.3202 0.9602 0.3211 0.9616 0.3496 0.9616 0.3487 0.9602 0.3979 0.9064 0.3985 0.9050 0.4431 0.9050 0.4425 0.9064 0.3919 0.9533 0.3913 0.9547 0.4345 0.9547 0.4351 0.9533 0.3548 0.9036 0.3561 0.9023 0.4007 0.9023 0.3994 0.9036 0.4871 0.9105 0.4877 0.9118 0.4431 0.9118 0.4425 0.9105 0.4898 0.9146 0.4913 0.9159 0.4468 0.9159 0.4452 0.9146 0.3985 0.9050 0.3994 0.9036 0.4440 0.9036 0.4431 0.9050 0.3976 0.9077 0.3979 0.9064 0.4425 0.9064 0.4422 0.9077 0.4868 0.9091 0.4871 0.9105 0.4425 0.9105 0.4422 0.9091 0.4775 0.9561 0.4778 0.9547 0.4345 0.9547 0.4343 0.9561 0.4007 0.9146 0.3994 0.9132 0.4440 0.9132 0.4452 0.9146 0.3940 0.9506 0.3928 0.9520 0.4360 0.9520 0.4372 0.9506 0.3910 0.9561 0.3910 0.9575 0.4343 0.9575 0.4343 0.9561 0.4372 0.9506 0.4387 0.9492 0.3955 0.9492 0.3940 0.9506 1.8545 0.1216 1.8545 0.4651 1.8217 0.4651 1.8217 0.1216 0.3508 0.9629 0.3523 0.9643 0.3955 0.9643 0.3940 0.9629 0.4351 0.9602 0.4345 0.9588 0.3913 0.9588 0.3919 0.9602 0.3477 0.9575 0.3481 0.9588 0.3913 0.9588 0.3910 0.9575 0.4468 0.9009 0.4452 0.9023 0.4007 0.9023 0.4022 0.9009 0.2370 0.4922 0.2370 0.8397 0.1985 0.8397 0.1985 0.4922 0.3539 0.9118 0.3532 0.9105 0.3979 0.9105 0.3985 0.9118 0.3283 0.9159 0.3267 0.9146 0.3561 0.9146 0.3577 0.9159 0.4422 0.9091 0.4425 0.9105 0.3979 0.9105 0.3976 0.9091 0.4343 0.9561 0.4345 0.9547 0.3913 0.9547 0.3910 0.9561 0.4422 0.9077 0.4422 0.9091 0.3976 0.9091 0.3976 0.9077 0.4431 0.9118 0.4440 0.9132 0.3994 0.9132 0.3985 0.9118 0.3211 0.9520 0.3202 0.9533 0.3487 0.9533 0.3496 0.9520 0.4372 0.9629 0.4360 0.9616 0.3928 0.9616 0.3940 0.9629 0.4360 0.9616 0.4351 0.9602 0.3919 0.9602 0.3928 0.9616 0.3532 0.9064 0.3539 0.9050 0.3985 0.9050 0.3979 0.9064 0.3487 0.9533 0.3481 0.9547 0.3913 0.9547 0.3919 0.9533 0.4452 0.9023 0.4440 0.9036 0.3994 0.9036 0.4007 0.9023 0.3244 0.9050 0.3254 0.9036 0.3548 0.9036 0.3539 0.9050 0.3529 0.9077 0.3532 0.9064 0.3979 0.9064 0.3976 0.9077 0.3561 0.9146 0.3548 0.9132 0.3994 0.9132 0.4007 0.9146 0.3508 0.9506 0.3496 0.9520 0.3928 0.9520 0.3940 0.9506 0.3477 0.9561 0.3477 0.9575 0.3910 0.9575 0.3910 0.9561 0.3940 0.9506 0.3955 0.9492 0.3523 0.9492 0.3508 0.9506 1.8217 0.1216 1.8217 0.4651 1.7889 0.4651 1.7889 0.1216 0.3919 0.9602 0.3913 0.9588 0.3481 0.9588 0.3487 0.9602 0.3267 0.9023 0.3283 0.9009 0.3577 0.9009 0.3561 0.9023 0.3976 0.9091 0.3979 0.9105 0.3532 0.9105 0.3529 0.9091 0.3910 0.9561 0.3913 0.9547 0.3481 0.9547 0.3477 0.9561 0.3235 0.9091 0.3235 0.9077 0.3529 0.9077 0.3529 0.9091 0.3254 0.9132 0.3244 0.9118 0.3539 0.9118 0.3548 0.9132 0.3940 0.9629 0.3928 0.9616 0.3496 0.9616 0.3508 0.9629 0.3928 0.9616 0.3919 0.9602 0.3487 0.9602 0.3496 0.9616 0.3254 0.9036 0.3267 0.9023 0.3561 0.9023 0.3548 0.9036 0.3223 0.9629 0.3239 0.9643 0.3523 0.9643 0.3508 0.9629 0.3192 0.9575 0.3195 0.9588 0.3481 0.9588 0.3477 0.9575 0.2624 0.4922 0.2624 0.8397 0.2370 0.8397 0.2370 0.4922 0.3244 0.9118 0.3238 0.9105 0.3532 0.9105 0.3539 0.9118 0.4007 0.9146 0.4022 0.9159 0.3577 0.9159 0.3561 0.9146 0.3919 0.9533 0.3928 0.9520 0.3496 0.9520 0.3487 0.9533 0.3238 0.9064 0.3244 0.9050 0.3539 0.9050 0.3532 0.9064 0.3202 0.9533 0.3195 0.9547 0.3481 0.9547 0.3487 0.9533 0.3994 0.9036 0.3985 0.9050 0.3539 0.9050 0.3548 0.9036 0.3235 0.9077 0.3238 0.9064 0.3532 0.9064 0.3529 0.9077 0.3267 0.9146 0.3254 0.9132 0.3548 0.9132 0.3561 0.9146 0.3223 0.9506 0.3211 0.9520 0.3496 0.9520 0.3508 0.9506 0.3192 0.9561 0.3192 0.9575 0.3477 0.9575 0.3477 0.9561 0.0495 0.9042 0.0495 0.9014 0.0497 0.9015 0.0498 0.9042 0.0495 0.9014 0.0499 0.9009 0.0500 0.9014 0.0497 0.9015 0.0549 0.9613 0.0565 0.9614 0.0566 0.9573 0.0550 0.9573 0.0482 0.9614 0.0508 0.9614 0.0507 0.9573 0.0481 0.9573 0.0538 0.9573 0.0538 0.9613 0.0549 0.9613 0.0550 0.9573 0.0560 0.9641 0.0584 0.9643 0.0589 0.9614 0.0565 0.9614 0.0565 0.9614 0.0589 0.9614 0.0590 0.9572 0.0566 0.9573 0.0510 0.9639 0.0523 0.9638 0.0525 0.9614 0.0508 0.9614 0.0525 0.9614 0.0523 0.9638 0.0534 0.9640 0.0538 0.9613 0.0523 0.9638 0.0510 0.9639 0.0510 0.9645 0.0534 0.9640 0.0525 0.9573 0.0525 0.9614 0.0538 0.9613 0.0538 0.9573 0.0486 0.9640 0.0510 0.9639 0.0508 0.9614 0.0482 0.9614 0.0544 0.9639 0.0560 0.9641 0.0565 0.9614 0.0549 0.9613 0.0510 0.9639 0.0486 0.9640 0.0486 0.9644 0.0510 0.9645 0.0590 0.9572 0.0589 0.9614 0.0618 0.9615 0.0619 0.9572 0.0557 0.9646 0.0583 0.9647 0.0584 0.9643 0.0560 0.9641 0.0454 0.9614 0.0457 0.9642 0.0486 0.9640 0.0482 0.9614 0.0589 0.9614 0.0584 0.9643 0.0614 0.9645 0.0618 0.9615 0.0451 0.9573 0.0454 0.9614 0.0482 0.9614 0.0481 0.9573 0.0584 0.9643 0.0583 0.9647 0.0614 0.9649 0.0614 0.9645 0.0508 0.9614 0.0525 0.9614 0.0525 0.9573 0.0507 0.9573 0.0486 0.9644 0.0486 0.9640 0.0457 0.9642 0.0458 0.9645 0.0538 0.9613 0.0534 0.9640 0.0544 0.9639 0.0549 0.9613 0.0534 0.9640 0.0557 0.9646 0.0560 0.9641 0.0544 0.9639 0.0549 0.9532 0.0550 0.9573 0.0566 0.9573 0.0564 0.9532 0.0481 0.9531 0.0481 0.9573 0.0507 0.9573 0.0507 0.9532 0.0538 0.9573 0.0550 0.9573 0.0549 0.9532 0.0538 0.9532 0.0560 0.9505 0.0564 0.9532 0.0588 0.9531 0.0583 0.9503 0.0564 0.9532 0.0566 0.9573 0.0590 0.9572 0.0588 0.9531 0.0510 0.9506 0.0507 0.9532 0.0524 0.9532 0.0524 0.9507 0.0524 0.9532 0.0538 0.9532 0.0534 0.9505 0.0524 0.9507 0.0524 0.9507 0.0534 0.9505 0.0511 0.9499 0.0510 0.9506 0.0525 0.9573 0.0538 0.9573 0.0538 0.9532 0.0524 0.9532 0.0485 0.9504 0.0481 0.9531 0.0507 0.9532 0.0510 0.9506 0.0545 0.9506 0.0549 0.9532 0.0564 0.9532 0.0560 0.9505 0.0510 0.9506 0.0511 0.9499 0.0485 0.9500 0.0485 0.9504 0.0590 0.9572 0.0619 0.9572 0.0616 0.9530 0.0588 0.9531 0.0558 0.9500 0.0560 0.9505 0.0583 0.9503 0.0583 0.9500 0.0452 0.9531 0.0481 0.9531 0.0485 0.9504 0.0455 0.9502 0.0588 0.9531 0.0616 0.9530 0.0612 0.9502 0.0583 0.9503 0.0451 0.9573 0.0481 0.9573 0.0481 0.9531 0.0452 0.9531 0.0583 0.9503 0.0612 0.9502 0.0611 0.9499 0.0583 0.9500 0.0507 0.9532 0.0507 0.9573 0.0525 0.9573 0.0524 0.9532 0.0485 0.9500 0.0455 0.9498 0.0455 0.9502 0.0485 0.9504 0.0538 0.9532 0.0549 0.9532 0.0545 0.9506 0.0534 0.9505 0.0534 0.9505 0.0545 0.9506 0.0560 0.9505 0.0558 0.9500 0.0498 0.9127 0.0498 0.9085 0.0501 0.9085 0.0501 0.9127 0.0484 0.9128 0.0484 0.9085 0.0489 0.9085 0.0489 0.9127 0.0495 0.9085 0.0498 0.9085 0.0498 0.9127 0.0495 0.9127 0.0500 0.9157 0.0501 0.9127 0.0506 0.9128 0.0505 0.9159 0.0501 0.9127 0.0501 0.9085 0.0506 0.9084 0.0506 0.9128 0.0490 0.9154 0.0489 0.9127 0.0493 0.9128 0.0492 0.9153 0.0493 0.9128 0.0495 0.9127 0.0494 0.9155 0.0492 0.9153 0.0492 0.9153 0.0494 0.9155 0.0490 0.9161 0.0490 0.9154 0.0493 0.9085 0.0495 0.9085 0.0495 0.9127 0.0493 0.9128 0.0485 0.9156 0.0484 0.9128 0.0489 0.9127 0.0490 0.9154 0.0497 0.9154 0.0498 0.9127 0.0501 0.9127 0.0500 0.9157 0.0490 0.9154 0.0490 0.9161 0.0485 0.9159 0.0485 0.9156 0.0506 0.9084 0.0512 0.9084 0.0512 0.9129 0.0506 0.9128 0.0499 0.9162 0.0500 0.9157 0.0505 0.9159 0.0505 0.9162 0.0478 0.9128 0.0484 0.9128 0.0485 0.9156 0.0479 0.9157 0.0506 0.9128 0.0512 0.9129 0.0511 0.9160 0.0505 0.9159 0.0478 0.9085 0.0484 0.9085 0.0484 0.9128 0.0478 0.9128 0.0505 0.9159 0.0511 0.9160 0.0511 0.9165 0.0505 0.9162 0.0489 0.9127 0.0489 0.9085 0.0493 0.9085 0.0493 0.9128 0.0485 0.9159 0.0479 0.9160 0.0479 0.9157 0.0485 0.9156 0.0495 0.9127 0.0498 0.9127 0.0497 0.9154 0.0494 0.9155 0.0494 0.9155 0.0497 0.9154 0.0500 0.9157 0.0499 0.9162 0.0498 0.9042 0.0501 0.9042 0.0501 0.9085 0.0498 0.9085 0.0484 0.9042 0.0489 0.9042 0.0489 0.9085 0.0484 0.9085 0.0495 0.9085 0.0495 0.9042 0.0498 0.9042 0.0498 0.9085 0.0500 0.9014 0.0505 0.9012 0.0506 0.9041 0.0501 0.9042 0.0501 0.9042 0.0506 0.9041 0.0506 0.9084 0.0501 0.9085 0.0490 0.9014 0.0492 0.9016 0.0493 0.9042 0.0489 0.9042 0.0493 0.9042 0.0492 0.9016 0.0495 0.9014 0.0495 0.9042 0.0492 0.9016 0.0490 0.9014 0.0490 0.9008 0.0495 0.9014 0.0493 0.9085 0.0493 0.9042 0.0495 0.9042 0.0495 0.9085 0.0485 0.9012 0.0490 0.9014 0.0489 0.9042 0.0484 0.9042 0.0497 0.9015 0.0500 0.9014 0.0501 0.9042 0.0498 0.9042 0.0490 0.9014 0.0485 0.9012 0.0484 0.9008 0.0490 0.9008 0.0506 0.9084 0.0506 0.9041 0.0511 0.9040 0.0512 0.9084 0.0499 0.9009 0.0505 0.9009 0.0505 0.9012 0.0500 0.9014 0.0478 0.9041 0.0478 0.9011 0.0485 0.9012 0.0484 0.9042 0.0506 0.9041 0.0505 0.9012 0.0510 0.9011 0.0511 0.9040 0.0478 0.9085 0.0478 0.9041 0.0484 0.9042 0.0484 0.9085 0.0505 0.9012 0.0505 0.9009 0.0510 0.9007 0.0510 0.9011 0.0489 0.9042 0.0493 0.9042 0.0493 0.9085 0.0489 0.9085 0.0484 0.9008 0.0485 0.9012 0.0478 0.9011 0.0478 0.9007 0.4932 0.8397 0.4932 0.4922 0.4981 0.4922 0.4981 0.8397 0.0560 0.9064 0.0557 0.9077 0.0497 0.9077 0.0500 0.9064 0.0452 0.9105 0.0448 0.9091 0.0470 0.9091 0.0474 0.9105 1.5640 0.4651 1.5640 0.1216 1.5659 0.1216 1.5659 0.4651 0.0578 0.9036 0.0567 0.9050 0.0508 0.9050 0.0519 0.9036 0.0567 0.9118 0.0578 0.9132 0.0519 0.9132 0.0508 0.9118 0.0618 0.9520 0.0632 0.9506 0.0575 0.9506 0.0561 0.9520 0.0495 0.9547 0.0492 0.9561 0.0513 0.9561 0.0517 0.9547 0.0578 0.9132 0.0592 0.9146 0.0534 0.9146 0.0519 0.9132 0.0607 0.9602 0.0601 0.9588 0.0543 0.9588 0.0550 0.9602 0.0448 0.9091 0.0448 0.9077 0.0470 0.9077 0.0470 0.9091 0.0549 0.9629 0.0568 0.9643 0.0593 0.9643 0.0575 0.9629 0.0632 0.9629 0.0618 0.9616 0.0561 0.9616 0.0575 0.9629 0.0632 0.9506 0.0649 0.9492 0.0593 0.9492 0.0575 0.9506 0.0474 0.9064 0.0481 0.9050 0.0508 0.9050 0.0500 0.9064 0.0560 0.9105 0.0567 0.9118 0.0508 0.9118 0.0500 0.9105 0.0513 0.9575 0.0517 0.9588 0.0543 0.9588 0.0539 0.9575 0.0492 0.9036 0.0507 0.9023 0.0534 0.9023 0.0519 0.9036 0.0505 0.9159 0.0486 0.9146 0.0507 0.9146 0.0526 0.9159 0.0618 0.9520 0.0561 0.9520 0.0550 0.9533 0.0607 0.9533 0.0618 0.9616 0.0607 0.9602 0.0550 0.9602 0.0561 0.9616 0.0524 0.9533 0.0517 0.9547 0.0543 0.9547 0.0550 0.9533 0.0610 0.9009 0.0592 0.9023 0.0534 0.9023 0.0552 0.9009 0.0513 0.9561 0.0513 0.9575 0.0539 0.9575 0.0539 0.9561 0.0824 0.9602 0.0817 0.9588 0.0701 0.9588 0.0708 0.9602 0.0557 0.9091 0.0557 0.9077 0.0660 0.9077 0.0660 0.9091 0.0865 0.9643 0.0848 0.9629 0.0732 0.9629 0.0749 0.9643 0.0618 0.9616 0.0632 0.9629 0.0732 0.9629 0.0718 0.9616 0.0649 0.9492 0.0632 0.9506 0.0732 0.9506 0.0749 0.9492 0.0560 0.9064 0.0567 0.9050 0.0671 0.9050 0.0664 0.9064 0.0567 0.9118 0.0560 0.9105 0.0664 0.9105 0.0671 0.9118 0.0813 0.9575 0.0697 0.9575 0.0701 0.9588 0.0817 0.9588 0.0815 0.9023 0.0801 0.9036 0.0681 0.9036 0.0696 0.9023 0.0610 0.9159 0.0592 0.9146 0.0696 0.9146 0.0713 0.9159 0.0834 0.9520 0.0718 0.9520 0.0708 0.9533 0.0824 0.9533 0.0607 0.9602 0.0618 0.9616 0.0718 0.9616 0.0708 0.9602 0.0607 0.9533 0.0601 0.9547 0.0701 0.9547 0.0708 0.9533 0.0815 0.9023 0.0696 0.9023 0.0713 0.9009 0.0833 0.9009 0.0813 0.9575 0.0813 0.9561 0.0697 0.9561 0.0697 0.9575 0.4739 0.8397 0.4739 0.4922 0.4842 0.4922 0.4842 0.8397 0.0557 0.9077 0.0560 0.9064 0.0664 0.9064 0.0660 0.9077 0.0780 0.9091 0.0783 0.9105 0.0664 0.9105 0.0660 0.9091 1.5866 0.1216 1.5866 0.4651 1.5778 0.4651 1.5778 0.1216 0.0801 0.9036 0.0790 0.9050 0.0671 0.9050 0.0681 0.9036 0.0567 0.9118 0.0671 0.9118 0.0681 0.9132 0.0578 0.9132 0.0632 0.9506 0.0618 0.9520 0.0718 0.9520 0.0732 0.9506 0.0813 0.9561 0.0817 0.9547 0.0701 0.9547 0.0697 0.9561 0.0592 0.9146 0.0578 0.9132 0.0681 0.9132 0.0696 0.9146 0.4981 0.8397 0.4981 0.4922 0.5004 0.4922 0.5004 0.8397 0.0500 0.9064 0.0497 0.9077 0.0470 0.9077 0.0474 0.9064 0.0519 0.9036 0.0508 0.9050 0.0481 0.9050 0.0492 0.9036 0.0471 0.9132 0.0459 0.9118 0.0481 0.9118 0.0492 0.9132 0.0528 0.9506 0.0514 0.9520 0.0535 0.9520 0.0549 0.9506 0.0486 0.9146 0.0471 0.9132 0.0492 0.9132 0.0507 0.9146 0.0495 0.9588 0.0503 0.9602 0.0524 0.9602 0.0517 0.9588 0.0575 0.9629 0.0561 0.9616 0.0535 0.9616 0.0549 0.9629 0.0547 0.9492 0.0528 0.9506 0.0549 0.9506 0.0568 0.9492 0.0459 0.9118 0.0452 0.9105 0.0474 0.9105 0.0481 0.9118 0.0550 0.9533 0.0561 0.9520 0.0535 0.9520 0.0524 0.9533 0.0503 0.9602 0.0514 0.9616 0.0535 0.9616 0.0524 0.9602 0.0486 0.9023 0.0505 0.9009 0.0526 0.9009 0.0507 0.9023 0.0497 0.9091 0.0500 0.9105 0.0474 0.9105 0.0470 0.9091 1.5624 0.4651 1.5624 0.1216 1.5640 0.1216 1.5640 0.4651 0.0539 0.9561 0.0543 0.9547 0.0517 0.9547 0.0513 0.9561 0.0497 0.9077 0.0497 0.9091 0.0470 0.9091 0.0470 0.9077 0.0528 0.9629 0.0547 0.9643 0.0568 0.9643 0.0549 0.9629 0.0452 0.9064 0.0459 0.9050 0.0481 0.9050 0.0474 0.9064 0.0492 0.9575 0.0495 0.9588 0.0517 0.9588 0.0513 0.9575 0.0471 0.9036 0.0486 0.9023 0.0507 0.9023 0.0492 0.9036 0.0534 0.9146 0.0552 0.9159 0.0526 0.9159 0.0507 0.9146 0.0503 0.9533 0.0495 0.9547 0.0517 0.9547 0.0524 0.9533 0.0492 0.9561 0.0492 0.9575 0.0513 0.9575 0.0513 0.9561 1.5866 0.4651 1.5866 0.1216 1.5940 0.1216 1.5940 0.4651 0.1024 0.9036 0.1013 0.9050 0.0890 0.9050 0.0901 0.9036 0.0801 0.9132 0.0790 0.9118 0.0890 0.9118 0.0901 0.9132 0.1013 0.9050 0.1006 0.9064 0.0883 0.9064 0.0890 0.9050 0.0790 0.9118 0.0783 0.9105 0.0883 0.9105 0.0890 0.9118 0.0848 0.9506 0.0834 0.9520 0.0930 0.9520 0.0944 0.9506 0.0813 0.9575 0.0817 0.9588 0.0913 0.9588 0.0910 0.9575 0.0801 0.9036 0.0815 0.9023 0.0915 0.9023 0.0901 0.9036 0.1038 0.9146 0.1055 0.9159 0.0932 0.9159 0.0915 0.9146 0.0834 0.9520 0.0824 0.9533 0.0920 0.9533 0.0930 0.9520 0.0817 0.9547 0.0813 0.9561 0.0910 0.9561 0.0913 0.9547 0.0824 0.9602 0.0834 0.9616 0.0930 0.9616 0.0920 0.9602 0.1033 0.9547 0.1040 0.9533 0.0920 0.9533 0.0913 0.9547 0.1024 0.9132 0.1038 0.9146 0.0915 0.9146 0.0901 0.9132 0.0815 0.9023 0.0833 0.9009 0.0932 0.9009 0.0915 0.9023 0.0813 0.9561 0.0813 0.9575 0.0910 0.9575 0.0910 0.9561 0.4547 0.8397 0.4547 0.4922 0.4653 0.4922 0.4653 0.8397 0.1040 0.9602 0.1033 0.9588 0.0913 0.9588 0.0920 0.9602 0.1003 0.9077 0.1003 0.9091 0.0880 0.9091 0.0880 0.9077 0.1006 0.9064 0.1003 0.9077 0.0880 0.9077 0.0883 0.9064 0.0848 0.9629 0.0865 0.9643 0.0961 0.9643 0.0944 0.9629 0.1003 0.9091 0.1006 0.9105 0.0883 0.9105 0.0880 0.9091 0.1064 0.9629 0.1050 0.9616 0.0930 0.9616 0.0944 0.9629 0.1064 0.9506 0.1080 0.9492 0.0961 0.9492 0.0944 0.9506 0.1064 0.9629 0.1080 0.9643 0.1187 0.9643 0.1170 0.9629 0.1006 0.9105 0.1003 0.9091 0.1113 0.9091 0.1116 0.9105 0.1230 0.9105 0.1237 0.9118 0.1123 0.9118 0.1116 0.9105 0.1050 0.9616 0.1064 0.9629 0.1170 0.9629 0.1156 0.9616 0.1266 0.9520 0.1279 0.9506 0.1170 0.9506 0.1156 0.9520 0.1279 0.9506 0.1296 0.9492 0.1187 0.9492 0.1170 0.9506 0.1030 0.9575 0.1033 0.9588 0.1140 0.9588 0.1136 0.9575 0.1024 0.9036 0.1038 0.9023 0.1148 0.9023 0.1134 0.9036 0.1055 0.9159 0.1038 0.9146 0.1148 0.9146 0.1165 0.9159 0.1256 0.9533 0.1266 0.9520 0.1156 0.9520 0.1146 0.9533 0.1246 0.9561 0.1249 0.9547 0.1140 0.9547 0.1136 0.9561 0.1266 0.9616 0.1256 0.9602 0.1146 0.9602 0.1156 0.9616 0.1249 0.9547 0.1256 0.9533 0.1146 0.9533 0.1140 0.9547 0.1247 0.9132 0.1261 0.9146 0.1148 0.9146 0.1134 0.9132 0.1278 0.9009 0.1261 0.9023 0.1148 0.9023 0.1165 0.9009 0.1030 0.9561 0.1030 0.9575 0.1136 0.9575 0.1136 0.9561 0.4355 0.8397 0.4355 0.4922 0.4452 0.4922 0.4452 0.8397 1.6194 0.1216 1.6194 0.4651 1.6111 0.4651 1.6111 0.1216 0.1033 0.9588 0.1040 0.9602 0.1146 0.9602 0.1140 0.9588 0.1247 0.9036 0.1237 0.9050 0.1123 0.9050 0.1134 0.9036 0.1226 0.9077 0.1226 0.9091 0.1113 0.9091 0.1113 0.9077 0.1003 0.9077 0.1006 0.9064 0.1116 0.9064 0.1113 0.9077 0.1024 0.9132 0.1013 0.9118 0.1123 0.9118 0.1134 0.9132 0.1237 0.9050 0.1230 0.9064 0.1116 0.9064 0.1123 0.9050 " />
							</IndexedFaceSet>
						</Shape>
					</Group>
				</Transform>
			</Transform>
			<Transform DEF="cover1_TRANSFORM"
			           translation="2.397139 1.295624 -4.204739"
			           scale="1.000000 1.000000 1.000000"
			           rotation="-1.000000 -0.000000 -0.000000 1.570796"
			           >
				<Transform DEF="cover1_ifs_TRANSFORM"
				           translation="0.000000 0.000000 0.000000"
				           scale="1.000000 1.000000 1.000000"
				           rotation="0.000000 0.000000 -0.000000 0.000000"
				           >
					<Group DEF="group_ME_cover">
						<Shape>
							<Appearance>
								<Material DEF="MA_endpaper" diffuseColor="0.588 0.588 0.588" specularColor="0.802 0.802 0.802" emissiveColor="0.000 0.000 0.000" ambientIntensity="0.000" shininess="1.000" transparency="0.0"/>
								<ImageTexture url='"Book/book.fbm/Untitled-1.jpg"'/>
							</Appearance>
							<IndexedFaceSet solid="false"
							                creaseAngle="3.14"
							                texCoordIndex="0 1 2 3 -1 4 5 6 7 -1 8 9 10 11 -1 12 13 14 15 -1 16 17 18 19 -1 20 21 22 23 24 25 -1 26 27 28 29 -1 30 31 32 33 -1 34 35 36 37 -1 38 39 40 41 -1 42 43 44 45 -1 46 47 48 49 -1 50 51 52 53 -1 54 55 56 57 -1 58 59 60 61 -1 62 63 64 65 -1 66 67 68 69 -1 70 71 72 73 -1 74 75 76 77 -1 78 79 80 81 -1 82 83 84 85 -1 86 87 88 89 -1 90 91 92 93 -1 94 95 96 97 -1 98 99 100 101 -1 102 103 104 105 -1 106 107 108 109 -1 110 111 112 113 -1 114 115 116 117 -1 118 119 120 121 -1 122 123 124 125 -1 126 127 128 129 -1 130 131 132 133 -1 134 135 136 137 -1 138 139 140 141 -1 142 143 144 145 -1 146 147 148 149 -1 150 151 152 153 -1 154 155 156 157 -1 158 159 160 161 -1 162 163 164 165 -1 166 167 168 169 -1 170 171 172 173 -1 174 175 176 177 -1 178 179 180 181 -1 182 183 184 185 -1 186 187 188 189 -1 190 191 192 193 -1 194 195 196 197 -1 198 199 200 201 -1 202 203 204 205 -1 206 207 208 209 -1 210 211 212 213 -1 214 215 216 217 -1 218 219 220 221 -1 222 223 224 225 -1 226 227 228 229 -1 230 231 232 233 -1 234 235 236 237 -1 238 239 240 241 -1 242 243 244 245 -1 246 247 248 249 -1 250 251 252 253 -1 254 255 256 257 -1 258 259 260 261 -1 262 263 264 265 -1 266 267 268 269 -1 270 271 272 273 -1 274 275 276 277 -1 278 279 280 281 -1 282 283 284 285 -1 286 287 288 289 -1 290 291 292 293 -1 294 295 296 297 -1 298 299 300 301 -1 302 303 304 305 -1 306 307 308 309 -1 310 311 312 313 -1 314 315 316 317 -1 318 319 320 321 -1 322 323 324 325 -1 326 327 328 329 -1 330 331 332 333 -1 334 335 336 337 -1 338 339 340 341 -1 342 343 344 345 -1 346 347 348 349 -1 350 351 352 353 -1 354 355 356 357 -1 358 359 360 361 -1 362 363 364 365 -1 366 367 368 369 -1 370 371 372 373 -1 374 375 376 377 -1 378 379 380 381 -1 382 383 384 385 -1 386 387 388 389 -1 390 391 392 393 -1 394 395 396 397 -1 398 399 400 401 -1 402 403 404 405 -1 406 407 408 409 -1 410 411 412 413 -1 414 415 416 417 -1 418 419 420 421 -1 422 423 424 425 -1 426 427 428 429 -1 430 431 432 433 -1 434 435 436 437 -1 438 439 440 441 -1 442 443 444 445 -1 446 447 448 449 -1 450 451 452 453 -1 454 455 456 457 -1 458 459 460 461 -1 462 463 464 465 -1 466 467 468 469 -1 470 471 472 473 -1 474 475 476 477 -1 478 479 480 481 -1 482 483 484 485 -1 486 487 488 489 -1 490 491 492 493 -1 494 495 496 497 -1 498 499 500 501 -1 502 503 504 505 -1 506 507 508 509 -1 510 511 512 513 -1 514 515 516 517 -1 518 519 520 521 -1 522 523 524 525 -1 526 527 528 529 -1 530 531 532 533 -1 534 535 536 537 -1 538 539 540 541 -1 542 543 544 545 -1 546 547 548 549 -1 550 551 552 553 -1 554 555 556 557 -1 558 559 560 561 -1 562 563 564 565 -1 566 567 568 569 -1 570 571 572 573 -1 574 575 576 577 -1 578 579 580 581 -1 582 583 584 585 -1 586 587 588 589 -1 590 591 592 593 -1 594 595 596 597 -1 598 599 600 601 -1 602 603 604 605 -1 606 607 608 609 -1 610 611 612 613 -1 614 615 616 617 -1 618 619 620 621 -1 622 623 624 625 -1 626 627 628 629 -1 630 631 632 633 -1 634 635 636 637 -1 638 639 640 641 -1 642 643 644 645 -1 646 647 648 649 -1 650 651 652 653 -1 654 655 656 657 -1 658 659 660 661 -1 662 663 664 665 -1 666 667 668 669 -1 670 671 672 673 -1 674 675 676 677 -1 678 679 680 681 -1 682 683 684 685 686 687 -1 688 689 690 691 -1 692 693 694 695 -1 696 697 698 699 -1 700 701 702 703 -1 704 705 706 707 -1 708 709 710 711 -1 712 713 714 715 -1 716 717 718 719 -1 720 721 722 723 -1 724 725 726 727 -1 728 729 730 731 -1 732 733 734 735 -1 736 737 738 739 -1 740 741 742 743 -1 744 745 746 747 -1 748 749 750 751 -1 752 753 754 755 -1 756 757 758 759 -1 760 761 762 763 -1 764 765 766 767 -1 768 769 770 771 -1 772 773 774 775 -1 776 777 778 779 -1 780 781 782 783 -1 784 785 786 787 -1 788 789 790 791 -1 792 793 794 795 -1 796 797 798 799 -1 800 801 802 803 -1 804 805 806 807 -1 808 809 810 811 -1 812 813 814 815 -1 816 817 818 819 -1 820 821 822 823 -1 824 825 826 827 -1 828 829 830 831 -1 832 833 834 835 -1 836 837 838 839 -1 840 841 842 843 -1 844 845 846 847 -1 848 849 850 851 -1 852 853 854 855 -1 856 857 858 859 -1 860 861 862 863 -1 864 865 866 867 -1 868 869 870 871 -1 872 873 874 875 -1 876 877 878 879 -1 880 881 882 883 -1 884 885 886 887 -1 888 889 890 891 -1 892 893 894 895 -1 896 897 898 899 -1 900 901 902 903 -1 904 905 906 907 -1 908 909 910 911 -1 912 913 914 915 -1 916 917 918 919 -1 920 921 922 923 -1 924 925 926 927 -1 928 929 930 931 -1 932 933 934 935 -1 936 937 938 939 -1 940 941 942 943 -1 944 945 946 947 -1 948 949 950 951 -1 952 953 954 955 -1 956 957 958 959 -1 960 961 962 963 -1 964 965 966 967 -1 968 969 970 971 -1 972 973 974 975 -1 976 977 978 979 -1 980 981 982 983 -1 984 985 986 987 -1 988 989 990 991 -1 992 993 994 995 -1 996 997 998 999 -1 1000 1001 1002 1003 -1 1004 1005 1006 1007 -1 1008 1009 1010 1011 -1 1012 1013 1014 1015 -1 1016 1017 1018 1019 -1 1020 1021 1022 1023 -1 1024 1025 1026 1027 -1 1028 1029 1030 1031 -1 1032 1033 1034 1035 -1 1036 1037 1038 1039 -1 1040 1041 1042 1043 -1 1044 1045 1046 1047 -1 1048 1049 1050 1051 -1 1052 1053 1054 1055 -1 1056 1057 1058 1059 -1 1060 1061 1062 1063 -1 1064 1065 1066 1067 -1 1068 1069 1070 1071 -1 1072 1073 1074 1075 -1 1076 1077 1078 1079 -1 1080 1081 1082 1083 -1 1084 1085 1086 1087 -1 1088 1089 1090 1091 -1 1092 1093 1094 1095 -1 1096 1097 1098 1099 -1 1100 1101 1102 1103 -1 1104 1105 1106 1107 -1 1108 1109 1110 1111 -1 1112 1113 1114 1115 -1 1116 1117 1118 1119 -1 1120 1121 1122 1123 -1 1124 1125 1126 1127 -1 1128 1129 1130 1131 -1 1132 1133 1134 1135 -1 1136 1137 1138 1139 -1 1140 1141 1142 1143 -1 1144 1145 1146 1147 -1 1148 1149 1150 1151 -1 1152 1153 1154 1155 -1 1156 1157 1158 1159 -1 1160 1161 1162 1163 -1 1164 1165 1166 1167 -1 1168 1169 1170 1171 -1 1172 1173 1174 1175 -1 1176 1177 1178 1179 -1 1180 1181 1182 1183 -1 1184 1185 1186 1187 -1 1188 1189 1190 1191 -1 1192 1193 1194 1195 -1 1196 1197 1198 1199 -1 1200 1201 1202 1203 -1 1204 1205 1206 1207 -1 1208 1209 1210 1211 -1 1212 1213 1214 1215 -1 1216 1217 1218 1219 -1 1220 1221 1222 1223 -1 1224 1225 1226 1227 -1 1228 1229 1230 1231 -1 1232 1233 1234 1235 -1 1236 1237 1238 1239 -1 1240 1241 1242 1243 -1 1244 1245 1246 1247 -1 1248 1249 1250 1251 -1 1252 1253 1254 1255 -1 1256 1257 1258 1259 -1 1260 1261 1262 1263 -1 1264 1265 1266 1267 -1 1268 1269 1270 1271 -1 1272 1273 1274 1275 -1 1276 1277 1278 1279 -1 1280 1281 1282 1283 -1 1284 1285 1286 1287 -1 1288 1289 1290 1291 -1 1292 1293 1294 1295 -1 1296 1297 1298 1299 -1 1300 1301 1302 1303 -1 1304 1305 1306 1307 -1 1308 1309 1310 1311 -1 1312 1313 1314 1315 -1 1316 1317 1318 1319 -1 1320 1321 1322 1323 -1 1324 1325 1326 1327 -1 1328 1329 1330 1331 -1 1332 1333 1334 1335 -1 1336 1337 1338 1339 -1 1340 1341 1342 1343 -1 1344 1345 1346 1347 -1 1348 1349 1350 1351 -1 1352 1353 1354 1355 -1 1356 1357 1358 1359 -1 1360 1361 1362 1363 -1 1364 1365 1366 1367 -1 1368 1369 1370 1371 -1 1372 1373 1374 1375 -1 1376 1377 1378 1379 -1 1380 1381 1382 1383 -1 1384 1385 1386 1387 -1 1388 1389 1390 1391 -1 1392 1393 1394 1395 -1 1396 1397 1398 1399 -1 1400 1401 1402 1403 -1 1404 1405 1406 1407 -1 1408 1409 1410 1411 -1 1412 1413 1414 1415 -1 1416 1417 1418 1419 -1 1420 1421 1422 1423 -1 1424 1425 1426 1427 -1 1428 1429 1430 1431 -1 1432 1433 1434 1435 -1 1436 1437 1438 1439 -1 1440 1441 1442 1443 -1 1444 1445 1446 1447 -1 1448 1449 1450 1451 -1 1452 1453 1454 1455 -1 1456 1457 1458 1459 -1 1460 1461 1462 1463 -1 1464 1465 1466 1467 -1 1468 1469 1470 1471 -1 1472 1473 1474 1475 -1 1476 1477 1478 1479 -1 1480 1481 1482 1483 -1 1484 1485 1486 1487 -1 1488 1489 1490 1491 -1 1492 1493 1494 1495 -1 1496 1497 1498 1499 -1 1500 1501 1502 1503 -1 1504 1505 1506 1507 -1 1508 1509 1510 1511 -1 1512 1513 1514 1515 -1 1516 1517 1518 1519 -1 1520 1521 1522 1523 -1 1524 1525 1526 1527 -1 1528 1529 1530 1531 -1 1532 1533 1534 1535 -1 1536 1537 1538 1539 -1 1540 1541 1542 1543 -1 1544 1545 1546 1547 -1 1548 1549 1550 1551 -1 1552 1553 1554 1555 -1 1556 1557 1558 1559 -1 1560 1561 1562 1563 -1 1564 1565 1566 1567 -1 1568 1569 1570 1571 -1 1572 1573 1574 1575 -1 1576 1577 1578 1579 -1 1580 1581 1582 1583 -1 1584 1585 1586 1587 -1 1588 1589 1590 1591 -1 1592 1593 1594 1595 -1 1596 1597 1598 1599 -1 1600 1601 1602 1603 -1 1604 1605 1606 1607 -1 1608 1609 1610 1611 -1 1612 1613 1614 1615 -1 1616 1617 1618 1619 -1 1620 1621 1622 1623 -1 1624 1625 1626 1627 -1 1628 1629 1630 1631 -1 1632 1633 1634 1635 -1 1636 1637 1638 1639 -1 1640 1641 1642 1643 -1 1644 1645 1646 1647 -1 1648 1649 1650 1651 -1 1652 1653 1654 1655 -1 1656 1657 1658 1659 -1 1660 1661 1662 1663 -1 1664 1665 1666 1667 -1 1668 1669 1670 1671 -1 1672 1673 1674 1675 -1 1676 1677 1678 1679 -1 1680 1681 1682 1683 -1 1684 1685 1686 1687 -1 1688 1689 1690 1691 -1 1692 1693 1694 1695 -1 1696 1697 1698 1699 -1 1700 1701 1702 1703 -1 1704 1705 1706 1707 -1 1708 1709 1710 1711 -1 1712 1713 1714 1715 -1 1716 1717 1718 1719 -1 1720 1721 1722 1723 -1 1724 1725 1726 1727 -1 1728 1729 1730 1731 -1 1732 1733 1734 1735 -1 1736 1737 1738 1739 -1 1740 1741 1742 1743 -1 1744 1745 1746 1747 -1 1748 1749 1750 1751 -1 1752 1753 1754 1755 -1 1756 1757 1758 1759 -1 1760 1761 1762 1763 -1 1764 1765 1766 1767 -1 1768 1769 1770 1771 -1 1772 1773 1774 1775 -1 1776 1777 1778 1779 -1 1780 1781 1782 1783 -1 1784 1785 1786 1787 -1 1788 1789 1790 1791 -1 1792 1793 1794 1795 -1 1796 1797 1798 1799 -1 1800 1801 1802 1803 -1 1804 1805 1806 1807 -1 1808 1809 1810 1811 -1 1812 1813 1814 1815 -1 1816 1817 1818 1819 -1 1820 1821 1822 1823 -1 1824 1825 1826 1827 -1 1828 1829 1830 1831 -1 1832 1833 1834 1835 -1 1836 1837 1838 1839 -1 1840 1841 1842 1843 -1 1844 1845 1846 1847 -1 1848 1849 1850 1851 -1 1852 1853 1854 1855 -1 1856 1857 1858 1859 -1 1860 1861 1862 1863 -1 1864 1865 1866 1867 -1 1868 1869 1870 1871 -1 1872 1873 1874 1875 -1 1876 1877 1878 1879 -1 1880 1881 1882 1883 -1 1884 1885 1886 1887 -1 1888 1889 1890 1891 -1 1892 1893 1894 1895 -1 1896 1897 1898 1899 -1 1900 1901 1902 1903 -1 1904 1905 1906 1907 -1 1908 1909 1910 1911 -1 1912 1913 1914 1915 -1 1916 1917 1918 1919 -1 1920 1921 1922 1923 -1 1924 1925 1926 1927 -1 1928 1929 1930 1931 -1 1932 1933 1934 1935 -1 1936 1937 1938 1939 -1 1940 1941 1942 1943 -1 1944 1945 1946 1947 -1 1948 1949 1950 1951 -1 1952 1953 1954 1955 -1 1956 1957 1958 1959 -1 1960 1961 1962 1963 -1 1964 1965 1966 1967 -1 1968 1969 1970 1971 -1 1972 1973 1974 1975 -1 1976 1977 1978 1979 -1 1980 1981 1982 1983 -1 1984 1985 1986 -1 1987 1988 1989 1990 -1 1991 1992 1993 1994 -1 1995 1996 1997 1998 -1 1999 2000 2001 2002 -1 2003 2004 2005 2006 -1 2007 2008 2009 2010 -1 2011 2012 2013 2014 -1 2015 2016 2017 2018 -1 2019 2020 2021 2022 -1 2023 2024 2025 2026 -1 2027 2028 2029 2030 -1 2031 2032 2033 2034 -1 2035 2036 2037 2038 -1 2039 2040 2041 2042 -1 2043 2044 2045 2046 -1 2047 2048 2049 2050 -1 2051 2052 2053 2054 -1 2055 2056 2057 2058 -1 2059 2060 2061 2062 -1 2063 2064 2065 2066 -1 2067 2068 2069 2070 2071 -1 2072 2073 2074 2075 -1 2076 2077 2078 2079 -1 2080 2081 2082 2083 -1 2084 2085 2086 2087 -1 2088 2089 2090 2091 -1 2092 2093 2094 2095 -1 2096 2097 2098 2099 -1 2100 2101 2102 2103 -1 2104 2105 2106 2107 -1 2108 2109 2110 2111 -1 2112 2113 2114 2115 -1 2116 2117 2118 2119 -1 2120 2121 2122 2123 -1 2124 2125 2126 2127 -1 2128 2129 2130 2131 -1 2132 2133 2134 2135 -1 2136 2137 2138 2139 -1 2140 2141 2142 2143 -1 2144 2145 2146 2147 -1 2148 2149 2150 2151 -1 2152 2153 2154 2155 -1 2156 2157 2158 2159 -1 2160 2161 2162 2163 -1 2164 2165 2166 2167 -1 2168 2169 2170 2171 -1 2172 2173 2174 2175 -1 2176 2177 2178 2179 -1 2180 2181 2182 2183 -1 2184 2185 2186 2187 -1 2188 2189 2190 2191 -1 2192 2193 2194 2195 -1 2196 2197 2198 2199 -1 2200 2201 2202 2203 -1 2204 2205 2206 2207 -1 2208 2209 2210 2211 -1 2212 2213 2214 2215 -1 2216 2217 2218 2219 -1 2220 2221 2222 2223 -1 2224 2225 2226 2227 -1 2228 2229 2230 2231 -1 2232 2233 2234 2235 -1 2236 2237 2238 2239 -1 2240 2241 2242 2243 -1 2244 2245 2246 2247 -1 2248 2249 2250 2251 -1 2252 2253 2254 2255 -1 2256 2257 2258 2259 -1 2260 2261 2262 2263 -1 2264 2265 2266 2267 -1 2268 2269 2270 2271 -1 2272 2273 2274 2275 -1 2276 2277 2278 2279 -1 2280 2281 2282 2283 -1 2284 2285 2286 2287 -1 2288 2289 2290 2291 -1 2292 2293 2294 2295 -1 2296 2297 2298 2299 -1 2300 2301 2302 2303 -1 2304 2305 2306 2307 -1 2308 2309 2310 2311 -1 2312 2313 2314 2315 -1 2316 2317 2318 2319 -1 2320 2321 2322 2323 -1 2324 2325 2326 2327 -1 2328 2329 2330 2331 -1 2332 2333 2334 2335 -1 2336 2337 2338 2339 -1 2340 2341 2342 2343 -1 2344 2345 2346 2347 -1 2348 2349 2350 2351 -1 2352 2353 2354 2355 -1 2356 2357 2358 2359 -1 2360 2361 2362 2363 -1 2364 2365 2366 2367 -1 2368 2369 2370 2371 -1 2372 2373 2374 2375 -1 2376 2377 2378 2379 -1 2380 2381 2382 2383 -1 2384 2385 2386 2387 -1 2388 2389 2390 2391 -1 2392 2393 2394 2395 -1 2396 2397 2398 2399 -1 2400 2401 2402 2403 -1 2404 2405 2406 2407 -1 2408 2409 2410 2411 -1 2412 2413 2414 2415 -1 2416 2417 2418 2419 -1 2420 2421 2422 2423 -1 2424 2425 2426 2427 -1 2428 2429 2430 2431 -1 2432 2433 2434 2435 -1 2436 2437 2438 2439 -1 2440 2441 2442 2443 -1 2444 2445 2446 2447 -1 2448 2449 2450 2451 -1 2452 2453 2454 2455 -1 2456 2457 2458 2459 -1 2460 2461 2462 2463 -1 2464 2465 2466 2467 -1 2468 2469 2470 2471 -1 2472 2473 2474 2475 -1 2476 2477 2478 2479 -1 2480 2481 2482 2483 -1 2484 2485 2486 2487 -1 2488 2489 2490 2491 -1 2492 2493 2494 2495 -1 2496 2497 2498 2499 -1 2500 2501 2502 2503 -1 2504 2505 2506 2507 -1 2508 2509 2510 2511 -1 2512 2513 2514 2515 -1 2516 2517 2518 2519 -1 2520 2521 2522 2523 -1 2524 2525 2526 2527 -1 2528 2529 2530 2531 -1 2532 2533 2534 2535 -1 2536 2537 2538 2539 -1 2540 2541 2542 2543 -1 2544 2545 2546 2547 -1 2548 2549 2550 2551 -1 2552 2553 2554 2555 -1 2556 2557 2558 2559 -1 2560 2561 2562 2563 -1 2564 2565 2566 2567 -1 2568 2569 2570 2571 -1 2572 2573 2574 2575 -1 2576 2577 2578 2579 -1 2580 2581 2582 2583 -1 2584 2585 2586 2587 -1 2588 2589 2590 2591 -1 2592 2593 2594 2595 -1 2596 2597 2598 2599 -1 2600 2601 2602 2603 -1 2604 2605 2606 2607 -1 2608 2609 2610 2611 -1 2612 2613 2614 2615 -1 2616 2617 2618 2619 -1 2620 2621 2622 2623 -1 2624 2625 2626 2627 -1 2628 2629 2630 2631 -1 2632 2633 2634 2635 -1 2636 2637 2638 2639 -1 2640 2641 2642 2643 -1 2644 2645 2646 2647 -1 2648 2649 2650 2651 -1 2652 2653 2654 2655 -1 2656 2657 2658 2659 -1 2660 2661 2662 2663 -1 2664 2665 2666 2667 -1 2668 2669 2670 2671 -1 2672 2673 2674 2675 -1 2676 2677 2678 2679 -1 2680 2681 2682 2683 -1 2684 2685 2686 2687 -1 2688 2689 2690 2691 -1 2692 2693 2694 2695 -1 2696 2697 2698 2699 -1 2700 2701 2702 2703 -1 2704 2705 2706 2707 -1 2708 2709 2710 2711 -1 2712 2713 2714 2715 -1 2716 2717 2718 2719 -1 2720 2721 2722 2723 -1 2724 2725 2726 2727 -1 2728 2729 2730 2731 -1 2732 2733 2734 2735 -1 2736 2737 2738 2739 -1 2740 2741 2742 2743 -1 2744 2745 2746 2747 -1 2748 2749 2750 2751 -1 2752 2753 2754 2755 -1 2756 2757 2758 2759 -1 2760 2761 2762 2763 -1 2764 2765 2766 2767 -1 2768 2769 2770 2771 -1 2772 2773 2774 2775 -1 2776 2777 2778 2779 -1 2780 2781 2782 2783 -1 2784 2785 2786 2787 -1 2788 2789 2790 2791 -1 2792 2793 2794 2795 -1 2796 2797 2798 2799 -1 2800 2801 2802 2803 -1 2804 2805 2806 2807 -1 2808 2809 2810 2811 -1 2812 2813 2814 2815 -1 2816 2817 2818 2819 -1 2820 2821 2822 2823 -1 2824 2825 2826 2827 -1 2828 2829 2830 2831 -1 2832 2833 2834 2835 -1 2836 2837 2838 2839 -1 2840 2841 2842 2843 -1 2844 2845 2846 2847 -1 2848 2849 2850 2851 -1 2852 2853 2854 2855 -1 2856 2857 2858 2859 -1 2860 2861 2862 2863 -1 2864 2865 2866 2867 -1 2868 2869 2870 2871 -1 2872 2873 2874 2875 -1 2876 2877 2878 2879 -1 2880 2881 2882 2883 -1 2884 2885 2886 2887 -1 2888 2889 2890 2891 -1 2892 2893 2894 2895 -1 2896 2897 2898 2899 -1 2900 2901 2902 2903 -1 2904 2905 2906 2907 -1 2908 2909 2910 -1 2911 2912 2913 2914 -1 2915 2916 2917 2918 -1 2919 2920 2921 2922 -1 2923 2924 2925 2926 -1 2927 2928 2929 -1 2930 2931 2932 2933 -1 2934 2935 2936 2937 -1 2938 2939 2940 2941 -1 2942 2943 2944 2945 -1 2946 2947 2948 2949 -1 2950 2951 2952 2953 -1 2954 2955 2956 2957 -1 2958 2959 2960 2961 -1 2962 2963 2964 2965 -1 2966 2967 2968 2969 -1 2970 2971 2972 2973 -1 2974 2975 2976 2977 -1 2978 2979 2980 2981 -1 2982 2983 2984 2985 -1 2986 2987 2988 2989 -1 2990 2991 2992 2993 -1 2994 2995 2996 2997 -1 2998 2999 3000 3001 -1 3002 3003 3004 3005 -1 3006 3007 3008 3009 -1 3010 3011 3012 3013 -1 3014 3015 3016 3017 -1 3018 3019 3020 3021 -1 3022 3023 3024 3025 -1 3026 3027 3028 3029 -1 3030 3031 3032 3033 -1 3034 3035 3036 3037 -1 3038 3039 3040 3041 -1 3042 3043 3044 3045 -1 3046 3047 3048 3049 -1 3050 3051 3052 3053 -1 3054 3055 3056 3057 -1 3058 3059 3060 3061 -1 3062 3063 3064 3065 -1 3066 3067 3068 3069 -1 3070 3071 3072 3073 -1 3074 3075 3076 3077 -1 3078 3079 3080 3081 -1 3082 3083 3084 3085 -1 3086 3087 3088 3089 -1 3090 3091 3092 3093 -1 3094 3095 3096 3097 -1 3098 3099 3100 3101 -1 3102 3103 3104 3105 -1 3106 3107 3108 3109 -1 3110 3111 3112 3113 -1 3114 3115 3116 3117 -1 3118 3119 3120 3121 -1 3122 3123 3124 3125 -1 3126 3127 3128 3129 -1 3130 3131 3132 3133 -1 3134 3135 3136 3137 -1 3138 3139 3140 3141 -1 3142 3143 3144 3145 -1 3146 3147 3148 3149 -1 3150 3151 3152 3153 -1 3154 3155 3156 3157 -1 3158 3159 3160 3161 -1 3162 3163 3164 3165 -1 3166 3167 3168 3169 -1 3170 3171 3172 3173 -1 3174 3175 3176 3177 -1 3178 3179 3180 3181 -1 3182 3183 3184 3185 -1 3186 3187 3188 3189 -1 3190 3191 3192 3193 -1 3194 3195 3196 3197 -1 3198 3199 3200 3201 -1 3202 3203 3204 3205 -1 3206 3207 3208 3209 -1 3210 3211 3212 3213 -1 3214 3215 3216 3217 -1 3218 3219 3220 3221 -1 3222 3223 3224 3225 -1 3226 3227 3228 3229 -1 3230 3231 3232 3233 -1 3234 3235 3236 3237 -1 3238 3239 3240 3241 -1 3242 3243 3244 3245 -1 3246 3247 3248 3249 -1 3250 3251 3252 3253 -1 3254 3255 3256 3257 -1 3258 3259 3260 3261 -1 3262 3263 3264 3265 -1 3266 3267 3268 3269 -1 3270 3271 3272 3273 -1 3274 3275 3276 3277 -1 3278 3279 3280 3281 -1 3282 3283 3284 3285 -1 3286 3287 3288 3289 -1 3290 3291 3292 3293 -1 3294 3295 3296 3297 -1 3298 3299 3300 3301 -1 3302 3303 3304 3305 -1 3306 3307 3308 3309 -1 3310 3311 3312 3313 -1 3314 3315 3316 3317 -1 3318 3319 3320 3321 -1 3322 3323 3324 3325 -1 3326 3327 3328 3329 -1 3330 3331 3332 3333 -1 3334 3335 3336 3337 -1 3338 3339 3340 3341 -1 3342 3343 3344 3345 -1 3346 3347 3348 3349 -1 3350 3351 3352 -1 3353 3354 3355 3356 -1 3357 3358 3359 3360 -1 3361 3362 3363 3364 -1 3365 3366 3367 3368 -1 3369 3370 3371 3372 -1 3373 3374 3375 3376 -1 3377 3378 3379 3380 -1 3381 3382 3383 3384 -1 3385 3386 3387 3388 -1 3389 3390 3391 3392 -1 3393 3394 3395 3396 -1 3397 3398 3399 3400 -1 3401 3402 3403 3404 -1 3405 3406 3407 3408 -1 3409 3410 3411 3412 -1 3413 3414 3415 3416 -1 3417 3418 3419 3420 -1 3421 3422 3423 3424 3425 -1 3426 3427 3428 3429 -1 3430 3431 3432 3433 -1 3434 3435 3436 3437 -1 3438 3439 3440 3441 -1 3442 3443 3444 3445 -1 3446 3447 3448 3449 -1 3450 3451 3452 3453 -1 3454 3455 3456 3457 -1 3458 3459 3460 3461 -1 3462 3463 3464 3465 -1 3466 3467 3468 3469 -1 3470 3471 3472 3473 -1 3474 3475 3476 3477 -1 3478 3479 3480 3481 -1 3482 3483 3484 3485 -1 3486 3487 3488 3489 -1 3490 3491 3492 3493 -1 3494 3495 3496 3497 -1 3498 3499 3500 3501 -1 3502 3503 3504 3505 -1 3506 3507 3508 3509 -1 3510 3511 3512 3513 -1 3514 3515 3516 3517 -1 3518 3519 3520 3521 -1 3522 3523 3524 3525 -1 3526 3527 3528 3529 -1 3530 3531 3532 3533 -1 3534 3535 3536 3537 -1 3538 3539 3540 3541 -1 3542 3543 3544 3545 -1 3546 3547 3548 3549 -1 3550 3551 3552 3553 -1 3554 3555 3556 3557 -1 3558 3559 3560 3561 -1 3562 3563 3564 3565 -1 3566 3567 3568 3569 -1 3570 3571 3572 3573 -1 3574 3575 3576 3577 -1 3578 3579 3580 3581 -1 3582 3583 3584 3585 -1 3586 3587 3588 3589 -1 3590 3591 3592 3593 -1 3594 3595 3596 3597 -1 3598 3599 3600 3601 -1 3602 3603 3604 3605 -1 3606 3607 3608 3609 -1 3610 3611 3612 3613 -1 3614 3615 3616 3617 -1 3618 3619 3620 3621 -1 3622 3623 3624 3625 -1 3626 3627 3628 3629 -1 3630 3631 3632 3633 -1 3634 3635 3636 3637 -1 3638 3639 3640 3641 -1 3642 3643 3644 3645 -1 3646 3647 3648 3649 -1 3650 3651 3652 3653 -1 3654 3655 3656 3657 -1 3658 3659 3660 3661 -1 3662 3663 3664 3665 -1 3666 3667 3668 3669 -1 3670 3671 3672 3673 -1 3674 3675 3676 3677 -1 3678 3679 3680 3681 -1 3682 3683 3684 3685 -1 3686 3687 3688 3689 -1 3690 3691 3692 3693 -1 3694 3695 3696 3697 -1 3698 3699 3700 3701 -1 3702 3703 3704 3705 -1 3706 3707 3708 3709 -1 3710 3711 3712 3713 -1 3714 3715 3716 3717 -1 3718 3719 3720 3721 -1 3722 3723 3724 3725 -1 3726 3727 3728 3729 -1 3730 3731 3732 3733 -1 3734 3735 3736 3737 -1 3738 3739 3740 3741 -1 3742 3743 3744 3745 -1 3746 3747 3748 -1 3749 3750 3751 3752 -1 3753 3754 3755 3756 -1 3757 3758 3759 3760 -1 3761 3762 3763 3764 -1 3765 3766 3767 3768 -1 3769 3770 3771 3772 -1 3773 3774 3775 3776 -1 3777 3778 3779 3780 -1 3781 3782 3783 3784 -1 3785 3786 3787 3788 -1 3789 3790 3791 3792 -1 3793 3794 3795 3796 -1 3797 3798 3799 3800 -1 3801 3802 3803 3804 -1 3805 3806 3807 3808 -1 3809 3810 3811 3812 -1 3813 3814 3815 3816 -1 3817 3818 3819 3820 -1 3821 3822 3823 3824 -1 3825 3826 3827 3828 -1 3829 3830 3831 3832 -1 3833 3834 3835 3836 -1 3837 3838 3839 3840 -1 3841 3842 3843 3844 -1 3845 3846 3847 3848 -1 3849 3850 3851 3852 -1 3853 3854 3855 3856 -1 3857 3858 3859 3860 -1 3861 3862 3863 3864 -1 3865 3866 3867 3868 -1 3869 3870 3871 3872 -1 3873 3874 3875 3876 -1 3877 3878 3879 3880 -1 3881 3882 3883 3884 -1 3885 3886 3887 3888 -1 3889 3890 3891 3892 -1 3893 3894 3895 3896 -1 3897 3898 3899 3900 -1 3901 3902 3903 3904 -1 3905 3906 3907 3908 -1 3909 3910 3911 3912 -1 3913 3914 3915 3916 -1 3917 3918 3919 3920 -1 3921 3922 3923 3924 -1 3925 3926 3927 3928 -1 3929 3930 3931 3932 -1 3933 3934 3935 3936 -1 3937 3938 3939 3940 -1 3941 3942 3943 3944 -1 3945 3946 3947 3948 -1 3949 3950 3951 3952 -1 3953 3954 3955 3956 -1 3957 3958 3959 3960 -1 3961 3962 3963 3964 -1 3965 3966 3967 3968 -1 3969 3970 3971 3972 -1 3973 3974 3975 3976 -1 3977 3978 3979 3980 -1 3981 3982 3983 3984 -1 3985 3986 3987 3988 -1 3989 3990 3991 3992 -1 3993 3994 3995 3996 -1 3997 3998 3999 4000 -1 4001 4002 4003 4004 -1 4005 4006 4007 4008 -1 4009 4010 4011 4012 -1 4013 4014 4015 4016 -1 4017 4018 4019 4020 -1 4021 4022 4023 4024 -1 4025 4026 4027 4028 -1 4029 4030 4031 4032 -1 4033 4034 4035 4036 -1 4037 4038 4039 4040 -1 4041 4042 4043 4044 -1 4045 4046 4047 4048 -1 4049 4050 4051 4052 -1 4053 4054 4055 4056 -1 4057 4058 4059 4060 -1 4061 4062 4063 4064 -1 4065 4066 4067 4068 -1 4069 4070 4071 4072 -1 4073 4074 4075 4076 -1 4077 4078 4079 4080 -1 4081 4082 4083 4084 -1 4085 4086 4087 4088 -1 4089 4090 4091 4092 -1 4093 4094 4095 4096 -1 4097 4098 4099 4100 -1 4101 4102 4103 4104 -1 4105 4106 4107 4108 -1 4109 4110 4111 4112 -1 4113 4114 4115 4116 -1 4117 4118 4119 4120 -1 4121 4122 4123 4124 -1 4125 4126 4127 4128 -1 4129 4130 4131 4132 -1 4133 4134 4135 4136 -1 4137 4138 4139 4140 -1 4141 4142 4143 4144 -1 4145 4146 4147 4148 -1 4149 4150 4151 4152 -1 4153 4154 4155 4156 -1 4157 4158 4159 4160 -1 4161 4162 4163 4164 -1 4165 4166 4167 4168 -1 4169 4170 4171 4172 -1 4173 4174 4175 4176 -1 4177 4178 4179 4180 -1 4181 4182 4183 4184 -1 4185 4186 4187 4188 -1 4189 4190 4191 4192 -1 4193 4194 4195 4196 -1 4197 4198 4199 4200 -1 4201 4202 4203 4204 -1 4205 4206 4207 4208 -1 4209 4210 4211 4212 -1 4213 4214 4215 4216 -1 4217 4218 4219 4220 -1 4221 4222 4223 4224 -1 4225 4226 4227 4228 -1 4229 4230 4231 -1 4232 4233 4234 4235 -1 4236 4237 4238 4239 -1 4240 4241 4242 4243 -1 4244 4245 4246 4247 -1 4248 4249 4250 4251 -1 4252 4253 4254 4255 -1 4256 4257 4258 4259 -1 4260 4261 4262 4263 -1 4264 4265 4266 4267 -1 4268 4269 4270 4271 -1 4272 4273 4274 4275 -1 4276 4277 4278 4279 -1 4280 4281 4282 4283 -1 4284 4285 4286 4287 -1 4288 4289 4290 4291 -1 4292 4293 4294 4295 -1 4296 4297 4298 4299 -1 4300 4301 4302 4303 -1 4304 4305 4306 4307 -1 4308 4309 4310 4311 -1 4312 4313 4314 4315 -1 4316 4317 4318 4319 -1 4320 4321 4322 4323 -1 4324 4325 4326 4327 -1 4328 4329 4330 4331 -1 4332 4333 4334 4335 -1 4336 4337 4338 4339 -1 4340 4341 4342 4343 -1 4344 4345 4346 4347 -1 4348 4349 4350 4351 -1 4352 4353 4354 4355 -1 4356 4357 4358 4359 -1 4360 4361 4362 4363 -1 4364 4365 4366 4367 -1 4368 4369 4370 4371 -1 4372 4373 4374 4375 -1 4376 4377 4378 4379 -1 4380 4381 4382 4383 -1 4384 4385 4386 4387 -1 4388 4389 4390 4391 -1 4392 4393 4394 4395 -1 4396 4397 4398 4399 -1 4400 4401 4402 4403 -1 4404 4405 4406 4407 -1 4408 4409 4410 4411 -1 4412 4413 4414 4415 -1 4416 4417 4418 4419 -1 4420 4421 4422 4423 -1 4424 4425 4426 4427 -1 4428 4429 4430 4431 -1 4432 4433 4434 4435 -1 4436 4437 4438 4439 -1 4440 4441 4442 4443 -1 4444 4445 4446 4447 -1 4448 4449 4450 4451 -1 4452 4453 4454 4455 -1 4456 4457 4458 4459 -1 4460 4461 4462 4463 -1 4464 4465 4466 4467 -1 4468 4469 4470 4471 -1 4472 4473 4474 4475 -1 4476 4477 4478 4479 -1 4480 4481 4482 4483 -1 4484 4485 4486 4487 -1 4488 4489 4490 4491 -1 4492 4493 4494 4495 -1 4496 4497 4498 4499 -1 4500 4501 4502 4503 -1 4504 4505 4506 4507 -1 4508 4509 4510 4511 -1 4512 4513 4514 4515 -1 4516 4517 4518 4519 -1 4520 4521 4522 4523 -1 4524 4525 4526 4527 -1 4528 4529 4530 4531 -1 4532 4533 4534 4535 -1 4536 4537 4538 4539 -1 4540 4541 4542 4543 -1 4544 4545 4546 4547 -1 4548 4549 4550 4551 -1 4552 4553 4554 4555 -1 4556 4557 4558 4559 -1 4560 4561 4562 4563 -1 4564 4565 4566 4567 -1 4568 4569 4570 4571 -1 4572 4573 4574 4575 -1 4576 4577 4578 4579 -1 4580 4581 4582 4583 -1 4584 4585 4586 4587 -1 4588 4589 4590 4591 -1 4592 4593 4594 4595 -1 4596 4597 4598 4599 -1 4600 4601 4602 4603 -1 4604 4605 4606 4607 -1 4608 4609 4610 4611 -1 4612 4613 4614 4615 -1 4616 4617 4618 4619 -1 4620 4621 4622 4623 -1 4624 4625 4626 4627 -1 4628 4629 4630 4631 -1 4632 4633 4634 4635 -1 4636 4637 4638 4639 -1 4640 4641 4642 4643 -1 4644 4645 4646 4647 -1 4648 4649 4650 4651 -1 4652 4653 4654 4655 -1 4656 4657 4658 4659 -1 4660 4661 4662 4663 -1 4664 4665 4666 4667 -1 4668 4669 4670 4671 -1 4672 4673 4674 4675 -1 4676 4677 4678 4679 -1 4680 4681 4682 4683 -1 4684 4685 4686 4687 -1 4688 4689 4690 4691 -1 4692 4693 4694 4695 -1 4696 4697 4698 4699 -1 4700 4701 4702 4703 -1 4704 4705 4706 4707 -1 4708 4709 4710 4711 -1 4712 4713 4714 4715 -1 4716 4717 4718 4719 -1 4720 4721 4722 4723 -1 4724 4725 4726 4727 -1 4728 4729 4730 4731 -1 4732 4733 4734 4735 -1 4736 4737 4738 4739 -1 4740 4741 4742 4743 -1 4744 4745 4746 4747 -1 4748 4749 4750 4751 -1 4752 4753 4754 4755 -1 4756 4757 4758 4759 -1 4760 4761 4762 4763 -1 4764 4765 4766 4767 -1 4768 4769 4770 4771 -1 4772 4773 4774 4775 -1 4776 4777 4778 4779 -1 4780 4781 4782 4783 -1 4784 4785 4786 4787 -1 4788 4789 4790 4791 -1 4792 4793 4794 4795 -1 4796 4797 4798 4799 -1 4800 4801 4802 4803 -1 4804 4805 4806 4807 -1 4808 4809 4810 4811 -1 4812 4813 4814 4815 -1 4816 4817 4818 4819 -1 4820 4821 4822 4823 -1 4824 4825 4826 4827 -1 4828 4829 4830 4831 -1 4832 4833 4834 4835 -1 4836 4837 4838 4839 -1 4840 4841 4842 4843 -1 4844 4845 4846 4847 -1 4848 4849 4850 4851 -1 4852 4853 4854 4855 -1 4856 4857 4858 4859 -1 4860 4861 4862 4863 -1 4864 4865 4866 4867 -1 4868 4869 4870 4871 -1 4872 4873 4874 4875 -1 4876 4877 4878 4879 -1 4880 4881 4882 4883 -1 4884 4885 4886 4887 -1 4888 4889 4890 4891 -1 4892 4893 4894 4895 -1 4896 4897 4898 4899 -1 4900 4901 4902 4903 -1 4904 4905 4906 4907 -1 4908 4909 4910 4911 -1 4912 4913 4914 4915 -1 4916 4917 4918 4919 -1 4920 4921 4922 4923 -1 4924 4925 4926 4927 -1 4928 4929 4930 4931 -1 4932 4933 4934 4935 -1 4936 4937 4938 4939 -1 4940 4941 4942 4943 -1 4944 4945 4946 4947 -1 4948 4949 4950 4951 -1 4952 4953 4954 4955 -1 4956 4957 4958 4959 -1 4960 4961 4962 4963 -1 4964 4965 4966 4967 -1 4968 4969 4970 4971 -1 4972 4973 4974 4975 -1 4976 4977 4978 4979 -1 4980 4981 4982 4983 -1 4984 4985 4986 4987 -1 4988 4989 4990 4991 -1 4992 4993 4994 4995 -1 4996 4997 4998 4999 -1 5000 5001 5002 5003 -1 5004 5005 5006 5007 -1 5008 5009 5010 5011 -1 5012 5013 5014 5015 -1 5016 5017 5018 5019 -1 5020 5021 5022 5023 -1 5024 5025 5026 5027 -1 5028 5029 5030 5031 -1 5032 5033 5034 5035 -1 5036 5037 5038 5039 -1 5040 5041 5042 5043 -1 5044 5045 5046 5047 -1 5048 5049 5050 5051 -1 5052 5053 5054 5055 -1 5056 5057 5058 5059 -1 5060 5061 5062 5063 -1 5064 5065 5066 5067 -1 5068 5069 5070 5071 -1 5072 5073 5074 5075 -1 5076 5077 5078 5079 -1 5080 5081 5082 5083 -1 5084 5085 5086 5087 -1 5088 5089 5090 5091 -1 5092 5093 5094 5095 -1 5096 5097 5098 5099 -1 5100 5101 5102 5103 -1 5104 5105 5106 5107 -1 5108 5109 5110 5111 -1 5112 5113 5114 5115 -1 5116 5117 5118 5119 -1 5120 5121 5122 5123 -1 5124 5125 5126 5127 -1 5128 5129 5130 5131 -1 5132 5133 5134 5135 -1 5136 5137 5138 5139 -1 5140 5141 5142 5143 -1 5144 5145 5146 5147 -1 5148 5149 5150 5151 -1 5152 5153 5154 5155 -1 5156 5157 5158 5159 -1 5160 5161 5162 5163 -1 5164 5165 5166 5167 -1 5168 5169 5170 5171 -1 5172 5173 5174 5175 -1 5176 5177 5178 5179 -1 5180 5181 5182 5183 -1 5184 5185 5186 5187 -1 5188 5189 5190 5191 -1 5192 5193 5194 5195 -1 5196 5197 5198 5199 -1 5200 5201 5202 5203 -1 5204 5205 5206 5207 -1 5208 5209 5210 5211 -1 5212 5213 5214 5215 -1 5216 5217 5218 5219 -1 5220 5221 5222 5223 -1 5224 5225 5226 5227 -1 5228 5229 5230 5231 -1 5232 5233 5234 5235 -1 5236 5237 5238 5239 -1 5240 5241 5242 5243 -1 5244 5245 5246 5247 -1 5248 5249 5250 5251 -1 5252 5253 5254 5255 -1 5256 5257 5258 5259 -1 5260 5261 5262 5263 -1 5264 5265 5266 5267 -1 5268 5269 5270 5271 -1 5272 5273 5274 5275 -1 5276 5277 5278 5279 -1 5280 5281 5282 5283 -1 5284 5285 5286 5287 -1 5288 5289 5290 5291 -1 5292 5293 5294 5295 -1 5296 5297 5298 5299 -1 5300 5301 5302 5303 -1 5304 5305 5306 5307 -1 5308 5309 5310 5311 -1 5312 5313 5314 5315 -1 5316 5317 5318 5319 -1 5320 5321 5322 5323 -1 5324 5325 5326 5327 -1 5328 5329 5330 5331 -1 5332 5333 5334 5335 -1 5336 5337 5338 5339 -1 5340 5341 5342 5343 -1 5344 5345 5346 5347 -1 5348 5349 5350 5351 -1 5352 5353 5354 5355 -1 5356 5357 5358 5359 -1 5360 5361 5362 5363 -1 5364 5365 5366 5367 -1 5368 5369 5370 5371 -1 5372 5373 5374 5375 -1 5376 5377 5378 5379 -1 5380 5381 5382 5383 -1 5384 5385 5386 5387 -1 5388 5389 5390 5391 -1 5392 5393 5394 5395 -1 5396 5397 5398 5399 -1 5400 5401 5402 5403 -1 5404 5405 5406 5407 -1 5408 5409 5410 5411 -1 5412 5413 5414 5415 -1 5416 5417 5418 5419 -1 5420 5421 5422 5423 -1 5424 5425 5426 5427 -1 5428 5429 5430 5431 -1 5432 5433 5434 5435 -1 5436 5437 5438 5439 -1 5440 5441 5442 5443 -1 5444 5445 5446 5447 -1 5448 5449 5450 5451 -1 5452 5453 5454 5455 -1 5456 5457 5458 5459 -1 5460 5461 5462 5463 -1 5464 5465 5466 5467 -1 5468 5469 5470 5471 -1 5472 5473 5474 5475 -1 5476 5477 5478 5479 -1 5480 5481 5482 5483 -1 5484 5485 5486 5487 -1 5488 5489 5490 5491 -1 5492 5493 5494 5495 -1 5496 5497 5498 5499 -1 5500 5501 5502 5503 -1 5504 5505 5506 5507 -1 5508 5509 5510 5511 -1 5512 5513 5514 5515 -1 5516 5517 5518 5519 -1 5520 5521 5522 5523 -1 5524 5525 5526 5527 -1 5528 5529 5530 5531 -1 5532 5533 5534 5535 -1 5536 5537 5538 5539 -1 5540 5541 5542 5543 -1 5544 5545 5546 5547 -1 5548 5549 5550 5551 -1 5552 5553 5554 5555 -1 5556 5557 5558 5559 -1 5560 5561 5562 5563 -1 5564 5565 5566 5567 -1 5568 5569 5570 5571 -1 5572 5573 5574 5575 -1 5576 5577 5578 5579 -1 5580 5581 5582 5583 -1 5584 5585 5586 5587 -1 5588 5589 5590 5591 -1 5592 5593 5594 5595 -1 5596 5597 5598 5599 -1 5600 5601 5602 5603 -1 5604 5605 5606 5607 -1 5608 5609 5610 5611 -1 5612 5613 5614 5615 -1 5616 5617 5618 5619 -1 5620 5621 5622 5623 -1 5624 5625 5626 5627 -1 5628 5629 5630 5631 -1 5632 5633 5634 5635 -1 5636 5637 5638 5639 -1 5640 5641 5642 5643 -1 5644 5645 5646 5647 -1 5648 5649 5650 5651 -1 5652 5653 5654 5655 -1 5656 5657 5658 5659 -1 5660 5661 5662 5663 -1 5664 5665 5666 5667 -1 5668 5669 5670 5671 -1 5672 5673 5674 5675 -1 5676 5677 5678 5679 -1 5680 5681 5682 5683 -1 5684 5685 5686 5687 -1 5688 5689 5690 5691 -1 5692 5693 5694 5695 -1 5696 5697 5698 5699 -1 5700 5701 5702 5703 -1 5704 5705 5706 5707 -1 5708 5709 5710 5711 -1 5712 5713 5714 5715 -1 5716 5717 5718 5719 -1 5720 5721 5722 5723 -1 5724 5725 5726 5727 -1 5728 5729 5730 5731 -1 5732 5733 5734 5735 -1 5736 5737 5738 5739 -1 5740 5741 5742 5743 -1 5744 5745 5746 5747 -1 5748 5749 5750 5751 -1 5752 5753 5754 5755 -1 5756 5757 5758 5759 -1 5760 5761 5762 5763 -1 5764 5765 5766 5767 -1 5768 5769 5770 5771 -1 5772 5773 5774 5775 -1 5776 5777 5778 5779 -1 5780 5781 5782 5783 -1 5784 5785 5786 5787 -1 5788 5789 5790 5791 -1 5792 5793 5794 5795 -1 5796 5797 5798 5799 -1 5800 5801 5802 5803 -1 5804 5805 5806 5807 -1 5808 5809 5810 5811 -1 5812 5813 5814 5815 -1 5816 5817 5818 5819 -1 5820 5821 5822 5823 -1 5824 5825 5826 5827 -1 5828 5829 5830 5831 -1 5832 5833 5834 5835 -1 5836 5837 5838 5839 -1 5840 5841 5842 5843 -1 5844 5845 5846 5847 -1 5848 5849 5850 5851 -1 5852 5853 5854 5855 -1 5856 5857 5858 5859 -1 5860 5861 5862 5863 -1 5864 5865 5866 5867 -1 5868 5869 5870 5871 -1 5872 5873 5874 5875 -1 5876 5877 5878 5879 -1 5880 5881 5882 5883 -1 5884 5885 5886 5887 -1 5888 5889 5890 5891 -1 5892 5893 5894 -1 5895 5896 5897 5898 -1 5899 5900 5901 5902 -1 5903 5904 5905 5906 -1 5907 5908 5909 5910 -1 5911 5912 5913 5914 -1 5915 5916 5917 5918 -1 5919 5920 5921 5922 -1 5923 5924 5925 5926 -1 5927 5928 5929 5930 -1 5931 5932 5933 5934 -1 5935 5936 5937 5938 -1 5939 5940 5941 5942 -1 5943 5944 5945 5946 -1 5947 5948 5949 5950 -1 5951 5952 5953 5954 -1 5955 5956 5957 5958 -1 5959 5960 5961 5962 -1 5963 5964 5965 5966 -1 5967 5968 5969 5970 -1 5971 5972 5973 5974 -1 5975 5976 5977 5978 -1 5979 5980 5981 5982 -1 5983 5984 5985 5986 -1 5987 5988 5989 5990 -1 5991 5992 5993 5994 -1 5995 5996 5997 5998 -1 5999 6000 6001 6002 -1 6003 6004 6005 6006 -1 6007 6008 6009 6010 -1 6011 6012 6013 6014 -1 6015 6016 6017 6018 -1 6019 6020 6021 6022 -1 6023 6024 6025 6026 -1 6027 6028 6029 6030 -1 6031 6032 6033 6034 -1 6035 6036 6037 6038 -1 6039 6040 6041 6042 -1 6043 6044 6045 6046 -1 6047 6048 6049 6050 -1 6051 6052 6053 6054 -1 6055 6056 6057 6058 -1 6059 6060 6061 6062 -1 6063 6064 6065 6066 -1 6067 6068 6069 6070 -1 6071 6072 6073 6074 -1 6075 6076 6077 6078 -1 6079 6080 6081 6082 -1 6083 6084 6085 6086 -1 6087 6088 6089 6090 -1 6091 6092 6093 6094 -1 6095 6096 6097 6098 -1 6099 6100 6101 6102 -1 6103 6104 6105 6106 -1 6107 6108 6109 6110 -1 6111 6112 6113 6114 -1 6115 6116 6117 6118 -1 6119 6120 6121 6122 -1 6123 6124 6125 6126 -1 6127 6128 6129 6130 -1 6131 6132 6133 6134 -1 6135 6136 6137 6138 -1 6139 6140 6141 6142 -1 6143 6144 6145 6146 -1 6147 6148 6149 6150 -1 6151 6152 6153 6154 -1 6155 6156 6157 6158 -1 6159 6160 6161 6162 -1 6163 6164 6165 6166 -1 6167 6168 6169 6170 -1 6171 6172 6173 6174 -1 6175 6176 6177 6178 -1 6179 6180 6181 6182 -1 6183 6184 6185 6186 -1 6187 6188 6189 6190 -1 6191 6192 6193 6194 -1 6195 6196 6197 6198 -1 6199 6200 6201 6202 -1 6203 6204 6205 6206 -1 6207 6208 6209 6210 -1 6211 6212 6213 6214 -1 6215 6216 6217 6218 -1 6219 6220 6221 6222 -1 6223 6224 6225 6226 -1 6227 6228 6229 6230 -1 6231 6232 6233 6234 -1 6235 6236 6237 6238 -1 6239 6240 6241 6242 -1 6243 6244 6245 6246 -1 6247 6248 6249 6250 -1 6251 6252 6253 6254 -1 6255 6256 6257 6258 -1 6259 6260 6261 6262 -1 6263 6264 6265 6266 -1 6267 6268 6269 6270 -1 6271 6272 6273 6274 -1 6275 6276 6277 6278 -1 6279 6280 6281 6282 -1 6283 6284 6285 6286 -1 6287 6288 6289 6290 -1 6291 6292 6293 6294 -1 6295 6296 6297 6298 -1 6299 6300 6301 6302 -1 6303 6304 6305 6306 -1 6307 6308 6309 6310 -1 6311 6312 6313 6314 -1 6315 6316 6317 6318 -1 6319 6320 6321 6322 -1 6323 6324 6325 6326 -1 6327 6328 6329 6330 -1 6331 6332 6333 6334 -1 6335 6336 6337 6338 -1 6339 6340 6341 6342 -1 6343 6344 6345 6346 -1 6347 6348 6349 -1 6350 6351 6352 6353 -1 6354 6355 6356 6357 -1 6358 6359 6360 6361 -1 6362 6363 6364 6365 -1 6366 6367 6368 6369 -1 6370 6371 6372 6373 -1 6374 6375 6376 6377 -1 6378 6379 6380 6381 -1 6382 6383 6384 6385 -1 6386 6387 6388 6389 -1 6390 6391 6392 6393 -1 6394 6395 6396 6397 -1 6398 6399 6400 6401 -1 6402 6403 6404 6405 -1 6406 6407 6408 6409 -1 6410 6411 6412 6413 -1 6414 6415 6416 6417 -1 6418 6419 6420 6421 -1 6422 6423 6424 6425 -1 6426 6427 6428 6429 -1 6430 6431 6432 6433 -1 6434 6435 6436 6437 -1 6438 6439 6440 6441 -1 6442 6443 6444 6445 -1 6446 6447 6448 6449 -1 6450 6451 6452 6453 -1 6454 6455 6456 6457 -1 6458 6459 6460 6461 -1 6462 6463 6464 6465 -1 6466 6467 6468 6469 -1 6470 6471 6472 6473 -1 6474 6475 6476 6477 -1 6478 6479 6480 6481 -1 6482 6483 6484 6485 -1 6486 6487 6488 6489 -1 6490 6491 6492 6493 -1 6494 6495 6496 6497 -1 6498 6499 6500 6501 -1 6502 6503 6504 6505 -1 6506 6507 6508 6509 -1 6510 6511 6512 6513 -1 6514 6515 6516 6517 -1 6518 6519 6520 6521 -1 6522 6523 6524 6525 -1 6526 6527 6528 6529 -1 6530 6531 6532 6533 -1 6534 6535 6536 6537 -1 6538 6539 6540 6541 -1 6542 6543 6544 6545 -1 6546 6547 6548 6549 -1 6550 6551 6552 6553 -1 6554 6555 6556 6557 -1 6558 6559 6560 6561 -1 6562 6563 6564 6565 -1 6566 6567 6568 6569 -1 6570 6571 6572 6573 -1 6574 6575 6576 6577 -1 6578 6579 6580 6581 -1 6582 6583 6584 6585 -1 6586 6587 6588 6589 -1 6590 6591 6592 6593 -1 6594 6595 6596 6597 -1 6598 6599 6600 6601 -1 6602 6603 6604 6605 -1 6606 6607 6608 6609 -1 6610 6611 6612 6613 -1 6614 6615 6616 6617 -1 6618 6619 6620 6621 -1 6622 6623 6624 6625 -1 6626 6627 6628 6629 -1 6630 6631 6632 6633 -1 6634 6635 6636 6637 -1 6638 6639 6640 6641 -1 6642 6643 6644 6645 -1 6646 6647 6648 6649 -1 6650 6651 6652 6653 -1 6654 6655 6656 6657 -1 6658 6659 6660 6661 -1 6662 6663 6664 6665 -1 6666 6667 6668 6669 -1 6670 6671 6672 6673 -1 6674 6675 6676 6677 -1 6678 6679 6680 6681 -1 6682 6683 6684 6685 -1 6686 6687 6688 6689 -1 6690 6691 6692 6693 -1 6694 6695 6696 6697 -1 6698 6699 6700 6701 -1 6702 6703 6704 6705 -1 6706 6707 6708 6709 -1 6710 6711 6712 6713 -1 6714 6715 6716 6717 -1 6718 6719 6720 6721 -1 6722 6723 6724 6725 -1 6726 6727 6728 6729 -1 6730 6731 6732 6733 -1 6734 6735 6736 6737 -1 6738 6739 6740 6741 -1 6742 6743 6744 6745 -1 6746 6747 6748 6749 -1 6750 6751 6752 6753 -1 6754 6755 6756 6757 -1 6758 6759 6760 6761 -1 6762 6763 6764 6765 -1 6766 6767 6768 6769 -1 6770 6771 6772 6773 -1 6774 6775 6776 6777 -1 6778 6779 6780 6781 -1 6782 6783 6784 6785 -1 6786 6787 6788 6789 -1 6790 6791 6792 6793 -1 6794 6795 6796 6797 -1 6798 6799 6800 -1 6801 6802 6803 6804 -1 6805 6806 6807 6808 -1 6809 6810 6811 6812 -1 6813 6814 6815 6816 -1 6817 6818 6819 6820 -1 6821 6822 6823 6824 -1 6825 6826 6827 6828 -1 6829 6830 6831 6832 -1 6833 6834 6835 6836 -1 6837 6838 6839 6840 -1 6841 6842 6843 6844 -1 6845 6846 6847 6848 -1 6849 6850 6851 6852 -1 6853 6854 6855 6856 -1 6857 6858 6859 6860 -1 6861 6862 6863 6864 -1 6865 6866 6867 6868 -1 6869 6870 6871 6872 -1 6873 6874 6875 6876 -1 6877 6878 6879 6880 -1 6881 6882 6883 6884 -1 6885 6886 6887 6888 -1 6889 6890 6891 6892 -1 6893 6894 6895 6896 -1 6897 6898 6899 6900 -1 6901 6902 6903 6904 -1 6905 6906 6907 6908 -1 6909 6910 6911 6912 -1 6913 6914 6915 6916 -1 6917 6918 6919 6920 -1 6921 6922 6923 6924 -1 6925 6926 6927 6928 -1 6929 6930 6931 6932 -1 6933 6934 6935 6936 -1 6937 6938 6939 6940 -1 6941 6942 6943 6944 -1 6945 6946 6947 6948 -1 6949 6950 6951 6952 -1 6953 6954 6955 6956 -1 6957 6958 6959 6960 -1 6961 6962 6963 6964 -1 6965 6966 6967 6968 -1 6969 6970 6971 6972 -1 6973 6974 6975 6976 -1 6977 6978 6979 6980 -1 6981 6982 6983 6984 -1 6985 6986 6987 6988 -1 6989 6990 6991 6992 -1 6993 6994 6995 6996 -1 6997 6998 6999 7000 -1 7001 7002 7003 7004 -1 7005 7006 7007 7008 -1 7009 7010 7011 7012 -1 7013 7014 7015 7016 -1 7017 7018 7019 7020 -1 7021 7022 7023 7024 -1 7025 7026 7027 7028 -1 7029 7030 7031 7032 -1 7033 7034 7035 7036 -1 7037 7038 7039 7040 -1 7041 7042 7043 7044 -1 7045 7046 7047 7048 -1 7049 7050 7051 7052 -1 7053 7054 7055 7056 -1 7057 7058 7059 7060 -1 7061 7062 7063 7064 -1 7065 7066 7067 7068 -1 7069 7070 7071 7072 -1 7073 7074 7075 7076 -1 7077 7078 7079 7080 -1 7081 7082 7083 7084 -1 7085 7086 7087 7088 -1 7089 7090 7091 7092 -1 7093 7094 7095 7096 -1 7097 7098 7099 7100 -1 7101 7102 7103 7104 -1 7105 7106 7107 7108 -1 7109 7110 7111 7112 -1 7113 7114 7115 7116 -1 7117 7118 7119 7120 -1 7121 7122 7123 7124 -1 7125 7126 7127 7128 -1 7129 7130 7131 7132 -1 7133 7134 7135 7136 -1 7137 7138 7139 7140 -1 7141 7142 7143 7144 -1 7145 7146 7147 7148 -1 7149 7150 7151 7152 -1 7153 7154 7155 7156 -1 7157 7158 7159 7160 -1 7161 7162 7163 7164 -1 7165 7166 7167 7168 -1 7169 7170 7171 7172 -1 7173 7174 7175 7176 -1 7177 7178 7179 7180 -1 7181 7182 7183 7184 -1 7185 7186 7187 7188 -1 7189 7190 7191 7192 -1 7193 7194 7195 7196 -1 7197 7198 7199 7200 -1 7201 7202 7203 7204 -1 7205 7206 7207 7208 -1 7209 7210 7211 7212 -1 7213 7214 7215 7216 -1 7217 7218 7219 7220 -1 7221 7222 7223 7224 -1 7225 7226 7227 7228 -1 7229 7230 7231 7232 -1 7233 7234 7235 7236 -1 7237 7238 7239 7240 -1 7241 7242 7243 7244 -1 7245 7246 7247 7248 -1 7249 7250 7251 7252 -1 7253 7254 7255 7256 -1 7257 7258 7259 7260 -1 7261 7262 7263 7264 -1 7265 7266 7267 7268 -1 7269 7270 7271 7272 -1 7273 7274 7275 7276 -1 7277 7278 7279 7280 -1 7281 7282 7283 7284 -1 7285 7286 7287 7288 -1 7289 7290 7291 7292 -1 7293 7294 7295 7296 -1 7297 7298 7299 7300 -1 7301 7302 7303 7304 -1 7305 7306 7307 7308 -1 7309 7310 7311 7312 -1 7313 7314 7315 7316 -1 7317 7318 7319 7320 -1 7321 7322 7323 7324 -1 7325 7326 7327 7328 -1 7329 7330 7331 7332 -1 7333 7334 7335 -1 7336 7337 7338 7339 -1 7340 7341 7342 7343 -1 7344 7345 7346 7347 -1 7348 7349 7350 7351 -1 7352 7353 7354 7355 -1 7356 7357 7358 7359 -1 7360 7361 7362 7363 -1 7364 7365 7366 7367 -1 7368 7369 7370 7371 -1 7372 7373 7374 7375 -1 7376 7377 7378 7379 -1 7380 7381 7382 7383 -1 7384 7385 7386 7387 -1 7388 7389 7390 7391 -1 7392 7393 7394 7395 -1 7396 7397 7398 7399 -1 7400 7401 7402 7403 -1 7404 7405 7406 7407 -1 7408 7409 7410 7411 -1 7412 7413 7414 7415 -1 7416 7417 7418 7419 -1 7420 7421 7422 7423 -1 7424 7425 7426 7427 -1 7428 7429 7430 7431 -1 7432 7433 7434 7435 -1 7436 7437 7438 7439 -1 7440 7441 7442 7443 -1 7444 7445 7446 7447 -1 7448 7449 7450 7451 -1 7452 7453 7454 7455 -1 7456 7457 7458 7459 -1 7460 7461 7462 7463 -1 7464 7465 7466 7467 -1 7468 7469 7470 7471 -1 7472 7473 7474 7475 -1 7476 7477 7478 7479 -1 7480 7481 7482 7483 -1 7484 7485 7486 7487 -1 7488 7489 7490 7491 -1 7492 7493 7494 7495 -1 7496 7497 7498 7499 -1 7500 7501 7502 7503 -1 7504 7505 7506 7507 -1 7508 7509 7510 7511 -1 7512 7513 7514 7515 -1 7516 7517 7518 7519 -1 7520 7521 7522 7523 -1 7524 7525 7526 7527 -1 7528 7529 7530 7531 -1 7532 7533 7534 7535 -1 7536 7537 7538 7539 -1 7540 7541 7542 7543 -1 7544 7545 7546 7547 -1 7548 7549 7550 7551 -1 7552 7553 7554 7555 -1 7556 7557 7558 7559 -1 7560 7561 7562 7563 -1 7564 7565 7566 7567 -1 7568 7569 7570 7571 -1 7572 7573 7574 7575 -1 7576 7577 7578 7579 -1 7580 7581 7582 7583 -1 7584 7585 7586 7587 -1 7588 7589 7590 7591 -1 7592 7593 7594 7595 -1 7596 7597 7598 7599 -1 7600 7601 7602 7603 -1 7604 7605 7606 7607 -1 7608 7609 7610 7611 -1 7612 7613 7614 7615 -1 7616 7617 7618 7619 -1 7620 7621 7622 7623 -1 7624 7625 7626 7627 -1 7628 7629 7630 7631 -1 7632 7633 7634 7635 -1 7636 7637 7638 7639 -1 7640 7641 7642 7643 -1 7644 7645 7646 7647 -1 7648 7649 7650 7651 -1 7652 7653 7654 7655 -1 7656 7657 7658 7659 -1 7660 7661 7662 7663 -1 7664 7665 7666 7667 -1 7668 7669 7670 7671 -1 7672 7673 7674 7675 -1 7676 7677 7678 7679 -1 7680 7681 7682 7683 -1 7684 7685 7686 7687 -1 7688 7689 7690 7691 -1 7692 7693 7694 7695 -1 7696 7697 7698 7699 -1 7700 7701 7702 7703 -1 7704 7705 7706 7707 -1 7708 7709 7710 7711 -1 7712 7713 7714 7715 -1 7716 7717 7718 7719 -1 7720 7721 7722 7723 -1 7724 7725 7726 7727 -1 7728 7729 7730 7731 -1 7732 7733 7734 7735 -1 7736 7737 7738 7739 -1 7740 7741 7742 7743 -1 7744 7745 7746 7747 -1 7748 7749 7750 7751 -1 7752 7753 7754 7755 -1 7756 7757 7758 7759 -1 7760 7761 7762 7763 -1 7764 7765 7766 7767 -1 7768 7769 7770 7771 -1 7772 7773 7774 7775 -1 7776 7777 7778 7779 -1 7780 7781 7782 7783 -1 7784 7785 7786 7787 -1 7788 7789 7790 7791 -1 7792 7793 7794 7795 -1 7796 7797 7798 -1 7799 7800 7801 7802 -1 7803 7804 7805 7806 -1 7807 7808 7809 7810 -1 7811 7812 7813 7814 -1 7815 7816 7817 7818 -1 7819 7820 7821 7822 -1 7823 7824 7825 7826 -1 7827 7828 7829 7830 -1 7831 7832 7833 7834 -1 7835 7836 7837 7838 -1 7839 7840 7841 7842 -1 7843 7844 7845 7846 -1 7847 7848 7849 7850 -1 7851 7852 7853 7854 -1 7855 7856 7857 7858 -1 7859 7860 7861 7862 -1 7863 7864 7865 7866 -1 7867 7868 7869 7870 -1 7871 7872 7873 7874 -1 7875 7876 7877 7878 -1 7879 7880 7881 7882 -1 7883 7884 7885 7886 -1 7887 7888 7889 7890 -1 7891 7892 7893 7894 -1 7895 7896 7897 7898 -1 7899 7900 7901 7902 -1 7903 7904 7905 7906 -1 7907 7908 7909 7910 -1 7911 7912 7913 7914 -1 7915 7916 7917 7918 -1 7919 7920 7921 7922 -1 7923 7924 7925 7926 -1 7927 7928 7929 7930 -1 7931 7932 7933 7934 -1 7935 7936 7937 7938 -1 7939 7940 7941 7942 -1 7943 7944 7945 7946 -1 7947 7948 7949 7950 -1 7951 7952 7953 7954 -1 7955 7956 7957 7958 -1 7959 7960 7961 7962 -1 7963 7964 7965 7966 -1 7967 7968 7969 7970 -1 7971 7972 7973 7974 -1 7975 7976 7977 7978 -1 7979 7980 7981 7982 -1 7983 7984 7985 7986 -1 7987 7988 7989 7990 -1 7991 7992 7993 7994 -1 7995 7996 7997 7998 -1 7999 8000 8001 8002 -1 8003 8004 8005 8006 -1 8007 8008 8009 8010 -1 8011 8012 8013 8014 -1 8015 8016 8017 8018 -1 8019 8020 8021 8022 -1 8023 8024 8025 8026 -1 8027 8028 8029 8030 -1 8031 8032 8033 8034 -1 8035 8036 8037 8038 -1 8039 8040 8041 8042 -1 8043 8044 8045 8046 -1 8047 8048 8049 8050 -1 8051 8052 8053 8054 -1 8055 8056 8057 8058 -1 8059 8060 8061 8062 -1 8063 8064 8065 8066 -1 8067 8068 8069 8070 -1 8071 8072 8073 8074 -1 8075 8076 8077 8078 -1 8079 8080 8081 8082 -1 8083 8084 8085 8086 -1 8087 8088 8089 8090 -1 8091 8092 8093 8094 -1 8095 8096 8097 8098 -1 8099 8100 8101 8102 -1 8103 8104 8105 8106 -1 8107 8108 8109 8110 -1 8111 8112 8113 8114 -1 8115 8116 8117 8118 -1 8119 8120 8121 8122 -1 8123 8124 8125 8126 -1 8127 8128 8129 8130 -1 8131 8132 8133 8134 -1 8135 8136 8137 8138 -1 8139 8140 8141 8142 -1 8143 8144 8145 8146 -1 8147 8148 8149 8150 -1 8151 8152 8153 8154 -1 8155 8156 8157 8158 -1 8159 8160 8161 8162 -1 8163 8164 8165 8166 -1 8167 8168 8169 8170 -1 8171 8172 8173 8174 -1 8175 8176 8177 8178 -1 8179 8180 8181 8182 -1 8183 8184 8185 8186 -1 8187 8188 8189 8190 -1 8191 8192 8193 8194 -1 8195 8196 8197 8198 -1 8199 8200 8201 8202 -1 8203 8204 8205 8206 -1 8207 8208 8209 8210 -1 8211 8212 8213 8214 -1 8215 8216 8217 8218 -1 8219 8220 8221 8222 -1 8223 8224 8225 8226 -1 8227 8228 8229 8230 -1 8231 8232 8233 8234 -1 8235 8236 8237 8238 -1 8239 8240 8241 8242 -1 8243 8244 8245 8246 -1 8247 8248 8249 8250 -1 8251 8252 8253 8254 -1 8255 8256 8257 8258 -1 8259 8260 8261 8262 -1 8263 8264 8265 8266 -1 8267 8268 8269 8270 -1 8271 8272 8273 8274 -1 8275 8276 8277 8278 -1 8279 8280 8281 8282 -1 8283 8284 8285 8286 -1 8287 8288 8289 8290 -1 8291 8292 8293 8294 -1 8295 8296 8297 8298 -1 8299 8300 8301 8302 -1 8303 8304 8305 8306 -1 8307 8308 8309 8310 -1 8311 8312 8313 8314 -1 8315 8316 8317 8318 -1 8319 8320 8321 8322 -1 8323 8324 8325 8326 -1 8327 8328 8329 8330 -1 8331 8332 8333 8334 -1 8335 8336 8337 8338 -1 8339 8340 8341 8342 -1 8343 8344 8345 8346 -1 8347 8348 8349 8350 -1 8351 8352 8353 8354 -1 8355 8356 8357 8358 -1 8359 8360 8361 8362 -1 8363 8364 8365 8366 -1 8367 8368 8369 8370 -1 8371 8372 8373 8374 -1 8375 8376 8377 8378 -1 8379 8380 8381 8382 -1 8383 8384 8385 8386 -1 8387 8388 8389 8390 -1 8391 8392 8393 8394 -1 8395 8396 8397 8398 -1 8399 8400 8401 8402 -1 8403 8404 8405 8406 -1 8407 8408 8409 8410 -1 8411 8412 8413 8414 -1 8415 8416 8417 8418 -1 8419 8420 8421 8422 -1 8423 8424 8425 8426 -1 8427 8428 8429 8430 -1 8431 8432 8433 8434 -1 8435 8436 8437 8438 -1 8439 8440 8441 8442 -1 8443 8444 8445 8446 -1 8447 8448 8449 8450 -1 8451 8452 8453 8454 -1 8455 8456 8457 8458 -1 8459 8460 8461 8462 -1 8463 8464 8465 8466 -1 8467 8468 8469 8470 -1 8471 8472 8473 8474 -1 8475 8476 8477 8478 -1 8479 8480 8481 8482 -1 8483 8484 8485 8486 -1 8487 8488 8489 8490 -1 8491 8492 8493 8494 -1 8495 8496 8497 8498 -1 8499 8500 8501 8502 -1 8503 8504 8505 8506 -1 8507 8508 8509 8510 -1 8511 8512 8513 8514 -1 8515 8516 8517 8518 -1 8519 8520 8521 8522 -1 8523 8524 8525 8526 -1 8527 8528 8529 8530 -1 8531 8532 8533 8534 -1 8535 8536 8537 8538 -1 8539 8540 8541 8542 -1 8543 8544 8545 8546 -1 8547 8548 8549 8550 -1 8551 8552 8553 8554 -1 8555 8556 8557 8558 -1 8559 8560 8561 8562 -1 8563 8564 8565 8566 -1 8567 8568 8569 8570 -1 8571 8572 8573 8574 -1 8575 8576 8577 8578 -1 8579 8580 8581 8582 -1 8583 8584 8585 8586 -1 8587 8588 8589 8590 -1 8591 8592 8593 8594 -1 8595 8596 8597 8598 -1 8599 8600 8601 8602 -1 8603 8604 8605 8606 -1 8607 8608 8609 8610 -1 8611 8612 8613 8614 -1 8615 8616 8617 8618 -1 8619 8620 8621 8622 -1 8623 8624 8625 8626 -1 8627 8628 8629 8630 -1 8631 8632 8633 8634 -1 8635 8636 8637 8638 -1 8639 8640 8641 8642 -1 8643 8644 8645 8646 -1 8647 8648 8649 8650 -1 8651 8652 8653 8654 -1 8655 8656 8657 8658 -1 8659 8660 8661 8662 -1 8663 8664 8665 8666 -1 8667 8668 8669 8670 -1 8671 8672 8673 8674 -1 8675 8676 8677 8678 -1 8679 8680 8681 8682 -1 8683 8684 8685 8686 -1 8687 8688 8689 8690 -1 8691 8692 8693 8694 -1 8695 8696 8697 8698 -1 8699 8700 8701 8702 -1 8703 8704 8705 8706 -1 8707 8708 8709 8710 -1 8711 8712 8713 8714 -1 8715 8716 8717 8718 -1 8719 8720 8721 8722 -1 8723 8724 8725 8726 -1 8727 8728 8729 8730 -1 8731 8732 8733 8734 -1 8735 8736 8737 8738 -1 8739 8740 8741 8742 -1 8743 8744 8745 8746 -1 8747 8748 8749 8750 -1 8751 8752 8753 8754 -1 8755 8756 8757 8758 -1 8759 8760 8761 8762 -1 8763 8764 8765 8766 -1 8767 8768 8769 8770 -1 8771 8772 8773 8774 -1 8775 8776 8777 8778 -1 8779 8780 8781 -1 8782 8783 8784 8785 -1 8786 8787 8788 8789 -1 8790 8791 8792 8793 -1 8794 8795 8796 8797 -1 8798 8799 8800 8801 -1 8802 8803 8804 8805 -1 8806 8807 8808 8809 -1 8810 8811 8812 8813 -1 8814 8815 8816 8817 -1 8818 8819 8820 8821 -1 8822 8823 8824 8825 -1 8826 8827 8828 8829 -1 8830 8831 8832 8833 -1 8834 8835 8836 8837 -1 8838 8839 8840 8841 -1 8842 8843 8844 8845 -1 8846 8847 8848 8849 -1 8850 8851 8852 8853 -1 8854 8855 8856 8857 -1 8858 8859 8860 8861 -1 8862 8863 8864 8865 -1 8866 8867 8868 8869 -1 8870 8871 8872 8873 -1 8874 8875 8876 8877 -1 8878 8879 8880 8881 -1 8882 8883 8884 8885 -1 8886 8887 8888 8889 -1 8890 8891 8892 8893 -1 8894 8895 8896 8897 -1 8898 8899 8900 8901 -1 8902 8903 8904 8905 -1 8906 8907 8908 8909 -1 8910 8911 8912 8913 -1 8914 8915 8916 8917 -1 8918 8919 8920 8921 -1 8922 8923 8924 8925 -1 8926 8927 8928 8929 -1 8930 8931 8932 8933 -1 8934 8935 8936 8937 -1 8938 8939 8940 8941 -1 8942 8943 8944 8945 -1 8946 8947 8948 8949 -1 8950 8951 8952 8953 -1 8954 8955 8956 8957 -1 8958 8959 8960 8961 -1 8962 8963 8964 8965 -1 8966 8967 8968 8969 -1 8970 8971 8972 8973 -1 8974 8975 8976 8977 -1 8978 8979 8980 8981 -1 8982 8983 8984 8985 -1 8986 8987 8988 8989 -1 8990 8991 8992 8993 -1 8994 8995 8996 8997 -1 8998 8999 9000 9001 -1 9002 9003 9004 9005 -1 9006 9007 9008 9009 -1 9010 9011 9012 9013 -1 9014 9015 9016 9017 -1 9018 9019 9020 9021 -1 9022 9023 9024 9025 -1 9026 9027 9028 9029 -1 9030 9031 9032 9033 -1 9034 9035 9036 9037 -1 9038 9039 9040 9041 -1 9042 9043 9044 9045 -1 9046 9047 9048 9049 -1 9050 9051 9052 9053 -1 9054 9055 9056 9057 -1 9058 9059 9060 9061 -1 9062 9063 9064 9065 -1 9066 9067 9068 9069 -1 9070 9071 9072 9073 -1 9074 9075 9076 9077 -1 9078 9079 9080 9081 -1 9082 9083 9084 9085 -1 9086 9087 9088 9089 -1 9090 9091 9092 9093 -1 9094 9095 9096 9097 -1 9098 9099 9100 9101 -1 9102 9103 9104 9105 -1 9106 9107 9108 9109 -1 9110 9111 9112 9113 -1 9114 9115 9116 9117 -1 9118 9119 9120 9121 -1 9122 9123 9124 9125 -1 9126 9127 9128 9129 -1 9130 9131 9132 9133 -1 9134 9135 9136 9137 -1 9138 9139 9140 9141 -1 9142 9143 9144 9145 -1 9146 9147 9148 9149 -1 9150 9151 9152 9153 -1 9154 9155 9156 9157 -1 9158 9159 9160 9161 -1 9162 9163 9164 9165 -1 9166 9167 9168 9169 -1 9170 9171 9172 9173 -1 "
							                coordIndex="539 541 478 540 -1 539 542 454 541 -1 539 543 455 542 -1 539 540 479 543 -1 545 2016 422 544 -1 752 754 373 544 422 737 -1 544 601 602 545 -1 373 604 601 544 -1 546 548 481 547 -1 546 549 457 548 -1 546 550 458 549 -1 546 547 482 550 -1 551 553 486 552 -1 551 554 391 553 -1 551 555 258 554 -1 551 552 472 555 -1 556 558 520 557 -1 556 559 340 558 -1 556 560 339 559 -1 556 557 519 560 -1 561 563 492 562 -1 561 564 468 563 -1 1552 887 564 561 -1 562 1553 1552 561 -1 565 567 471 566 -1 565 568 257 567 -1 565 569 389 568 -1 565 566 484 569 -1 570 572 525 571 -1 570 573 346 572 -1 570 574 336 573 -1 570 571 518 574 -1 575 578 466 577 -1 575 576 490 578 -1 579 581 532 580 -1 579 582 445 581 -1 579 580 515 582 -1 583 585 513 584 -1 583 586 496 585 -1 583 567 257 586 -1 583 584 471 567 -1 587 578 490 588 -1 587 589 466 578 -1 587 590 465 589 -1 587 588 489 590 -1 591 593 474 592 -1 591 594 372 593 -1 591 595 371 594 -1 591 592 473 595 -1 596 598 485 597 -1 596 599 390 598 -1 596 600 375 599 -1 596 597 479 600 -1 601 603 488 602 -1 601 604 477 603 -1 605 607 481 606 -1 605 608 377 607 -1 605 609 376 608 -1 605 606 480 609 -1 610 595 473 611 -1 610 612 371 595 -1 610 613 378 612 -1 610 611 482 613 -1 614 616 477 615 -1 614 617 453 616 -1 614 541 454 617 -1 614 615 478 541 -1 618 620 474 619 -1 618 621 450 620 -1 618 622 460 621 -1 618 619 484 622 -1 623 624 532 581 -1 623 625 507 624 -1 623 581 445 625 -1 626 628 533 627 -1 626 629 526 628 -1 626 630 390 629 -1 626 627 497 630 -1 631 633 505 632 -1 631 634 292 633 -1 631 635 459 634 -1 631 632 511 635 -1 636 638 512 637 -1 636 639 448 638 -1 636 640 472 639 -1 636 637 514 640 -1 641 643 509 642 -1 641 644 469 643 -1 641 645 470 644 -1 641 642 510 645 -1 646 648 503 647 -1 646 649 286 648 -1 646 650 288 649 -1 646 647 504 650 -1 651 653 512 652 -1 651 654 461 653 -1 651 655 300 654 -1 651 652 506 655 -1 656 658 505 657 -1 656 659 443 658 -1 656 660 442 659 -1 656 657 504 660 -1 661 663 493 662 -1 661 664 254 663 -1 661 665 255 664 -1 661 662 494 665 -1 666 668 495 667 -1 666 669 387 668 -1 666 670 385 669 -1 666 667 494 670 -1 671 673 499 672 -1 671 674 402 673 -1 671 675 347 674 -1 671 672 508 675 -1 676 678 495 677 -1 676 679 256 678 -1 676 680 259 679 -1 676 677 498 680 -1 681 683 499 682 -1 681 684 261 683 -1 681 643 469 684 -1 681 682 509 643 -1 685 686 533 628 -1 685 675 508 686 -1 685 687 347 675 -1 685 628 526 687 -1 688 690 493 689 -1 688 691 383 690 -1 688 692 381 691 -1 688 689 510 692 -1 693 695 451 694 -1 693 696 452 695 -1 693 697 536 696 -1 693 694 476 697 -1 698 700 501 699 -1 698 701 333 700 -1 698 702 263 701 -1 698 699 500 702 -1 703 705 503 704 -1 703 706 440 705 -1 703 707 334 706 -1 703 704 502 707 -1 708 707 502 709 -1 708 710 334 707 -1 708 700 333 710 -1 708 709 501 700 -1 711 655 506 712 -1 711 713 300 655 -1 711 714 280 713 -1 711 712 500 714 -1 715 717 507 716 -1 715 718 345 717 -1 715 719 394 718 -1 715 716 498 719 -1 720 630 497 721 -1 720 598 390 630 -1 720 722 485 598 -1 720 721 514 722 -1 723 725 483 724 -1 723 726 531 725 -1 723 727 441 726 -1 723 724 439 727 -1 728 584 513 729 -1 728 730 471 584 -1 728 729 447 730 -1 731 582 515 732 -1 731 733 445 582 -1 731 572 346 733 -1 731 732 525 572 -1 734 736 529 735 -1 734 737 422 2016 425 736 -1 734 735 528 737 -1 738 741 427 740 -1 738 739 530 741 -1 742 744 527 743 -1 742 745 348 744 -1 742 746 446 745 -1 742 743 516 746 -1 747 749 520 748 -1 747 750 374 749 -1 747 751 375 750 -1 747 748 521 751 -1 752 737 528 753 -1 752 753 519 754 -1 755 757 524 756 -1 755 758 344 757 -1 755 759 343 758 -1 755 756 523 759 -1 760 627 533 761 -1 760 762 497 627 -1 760 763 258 762 -1 760 761 516 763 -1 764 766 338 765 -1 764 767 337 766 -1 764 768 475 767 -1 764 765 535 768 -1 769 771 522 770 -1 769 608 376 771 -1 769 772 377 608 -1 769 770 523 772 -1 773 775 517 774 -1 773 776 335 775 -1 773 757 344 776 -1 773 774 524 757 -1 777 779 445 778 -1 777 780 259 779 -1 777 778 395 780 -1 781 783 529 782 -1 781 784 351 783 -1 781 785 352 784 -1 781 782 530 785 -1 786 788 522 787 -1 786 789 342 788 -1 786 744 348 789 -1 786 787 527 744 -1 790 792 82 791 -1 790 793 126 792 -1 790 794 125 793 -1 790 791 75 794 -1 795 797 163 796 -1 795 798 250 797 -1 2256 2257 798 795 -1 796 2258 2256 795 -1 799 801 3 800 -1 799 802 122 801 -1 799 803 245 802 -1 799 800 233 803 -1 2259 2260 805 804 -1 806 2261 2259 804 -1 804 807 248 806 -1 804 805 86 807 -1 808 810 87 809 -1 808 811 249 810 -1 812 814 234 813 -1 812 815 247 814 -1 812 816 124 815 -1 812 813 4 816 -1 817 819 163 818 -1 817 820 162 819 -1 817 821 156 820 -1 817 818 165 821 -1 822 824 87 823 -1 822 825 161 824 -1 822 826 150 825 -1 822 823 86 826 -1 827 829 85 828 -1 827 830 133 829 -1 827 831 132 830 -1 827 828 79 831 -1 832 834 73 833 -1 832 835 129 834 -1 832 836 128 835 -1 832 833 74 836 -1 837 839 78 838 -1 837 840 240 839 -1 837 841 239 840 -1 837 838 77 841 -1 842 844 76 843 -1 842 845 238 844 -1 846 848 111 847 -1 846 849 110 848 -1 846 850 242 849 -1 846 847 243 850 -1 851 853 170 852 -1 851 854 234 853 -1 851 855 253 854 -1 851 852 226 855 -1 856 858 78 857 -1 856 859 135 858 -1 856 860 134 859 -1 856 857 84 860 -1 861 791 82 862 -1 861 863 75 791 -1 861 864 237 863 -1 861 862 244 864 -1 865 867 80 866 -1 865 868 242 867 -1 865 869 241 868 -1 865 866 79 869 -1 870 1228 1229 871 -1 870 872 1115 1228 -1 2262 2263 872 870 -1 871 2258 2262 870 -1 873 875 104 874 -1 873 847 111 875 -1 873 876 243 847 -1 873 874 235 876 -1 877 879 76 878 -1 877 880 137 879 -1 877 881 136 880 -1 877 878 77 881 -1 882 836 74 883 -1 882 884 128 836 -1 882 885 127 884 -1 882 883 83 885 -1 886 889 64 888 -1 886 887 189 889 -1 890 892 171 891 -1 890 893 229 892 -1 890 894 223 893 -1 890 891 167 894 -1 895 897 175 896 -1 895 898 34 897 -1 895 899 35 898 -1 895 896 182 899 -1 900 902 105 901 -1 900 874 104 902 -1 900 903 235 874 -1 900 901 236 903 -1 904 905 167 891 -1 904 906 36 905 -1 904 891 171 906 -1 907 909 149 908 -1 2264 2265 909 907 -1 910 2266 2264 907 -1 907 908 207 910 -1 911 913 187 912 -1 911 914 69 913 -1 915 917 184 916 -1 915 918 205 917 -1 915 919 232 918 -1 915 916 230 919 -1 920 889 189 921 -1 920 922 64 889 -1 920 923 70 922 -1 920 921 188 923 -1 924 926 186 925 -1 924 927 59 926 -1 924 913 69 927 -1 924 925 187 913 -1 928 930 185 929 -1 928 931 206 930 -1 928 932 200 931 -1 928 929 179 932 -1 933 935 174 934 -1 933 936 37 935 -1 933 937 38 936 -1 933 934 173 937 -1 938 940 107 939 -1 938 941 108 940 -1 938 942 199 941 -1 938 939 198 942 -1 2267 2268 944 943 -1 945 2266 2267 943 -1 943 946 197 945 -1 943 944 176 946 -1 947 848 110 948 -1 947 949 111 848 -1 947 950 202 949 -1 947 948 201 950 -1 951 953 172 952 -1 951 954 193 953 -1 951 930 206 954 -1 951 952 185 930 -1 955 957 184 956 -1 955 958 43 957 -1 955 959 44 958 -1 955 956 178 959 -1 960 1496 969 961 -1 960 962 1419 1496 -1 960 897 34 962 -1 960 961 175 897 -1 963 965 180 964 -1 963 966 40 965 -1 963 967 41 966 -1 963 964 179 967 -1 1571 961 969 968 -1 970 1572 1571 968 -1 2269 2270 970 968 -1 969 2271 2269 968 -1 971 937 173 972 -1 971 973 38 937 -1 971 974 39 973 -1 971 972 181 974 -1 975 977 177 976 -1 975 978 45 977 -1 975 979 46 978 -1 975 976 176 979 -1 980 982 183 981 -1 980 983 36 982 -1 980 935 37 983 -1 980 981 174 935 -1 984 885 83 985 -1 984 986 127 885 -1 984 985 169 986 -1 987 989 112 988 -1 987 990 114 989 -1 987 991 228 990 -1 987 988 227 991 -1 992 993 2272 2273 -1 992 994 152 993 -1 992 995 153 994 -1 2273 2274 995 992 -1 996 997 128 884 -1 996 998 143 997 -1 996 999 146 998 -1 996 884 127 999 -1 1000 1003 158 1002 -1 1000 1001 155 1003 -1 1004 1006 2255 1005 -1 1004 1007 148 1006 -1 1004 1008 140 1007 -1 1004 1005 139 1008 -1 1009 1011 71 1010 -1 1009 1012 27 1011 -1 1009 1013 29 1012 -1 1009 1010 72 1013 -1 1014 1016 147 1015 -1 1014 1005 2255 1016 -1 1014 1017 139 1005 -1 1014 1015 138 1017 -1 1018 995 2274 2275 -1 1018 1019 153 995 -1 1018 1020 157 1019 -1 2275 2276 1020 1018 -1 1021 1022 148 1007 -1 1021 998 146 1022 -1 1021 1023 143 998 -1 1021 1007 140 1023 -1 1024 1020 2276 2277 -1 1024 1025 157 1020 -1 1024 1026 162 1025 -1 2277 2263 1026 1024 -1 1027 819 162 1026 -1 1027 796 163 819 -1 1028 1002 158 1029 -1 1028 1029 159 1030 -1 1031 1033 166 1032 -1 1031 1034 222 1033 -1 1031 1035 221 1034 -1 1031 1032 164 1035 -1 805 2260 2278 1036 -1 1036 826 86 805 -1 1036 1037 150 826 -1 2278 2279 1037 1036 -1 1038 1040 160 1039 -1 2280 2281 1040 1038 -1 1037 2279 2280 1038 -1 1038 1039 150 1037 -1 1041 809 87 824 -1 1041 824 161 1042 -1 1043 1045 168 1044 -1 1043 1046 224 1045 -1 1043 1047 230 1046 -1 1043 1044 172 1047 -1 1048 993 152 1049 -1 2282 2272 993 1048 -1 1040 2281 2282 1048 -1 1048 1049 160 1040 -1 1050 1051 165 818 -1 1050 1052 251 1051 -1 1050 797 250 1052 -1 1050 818 163 797 -1 1053 1054 161 825 -1 1053 1055 154 1054 -1 1053 1039 160 1055 -1 1053 825 150 1039 -1 1056 1058 35 1057 -1 1056 1059 32 1058 -1 1056 1060 222 1059 -1 1056 1057 223 1060 -1 1061 1003 155 1062 -1 1061 1063 158 1003 -1 1061 994 153 1063 -1 1061 1062 152 994 -1 1064 1065 155 1001 -1 1064 1066 154 1065 -1 1067 1069 168 1068 -1 1067 1070 42 1069 -1 1067 1071 25 1070 -1 1067 1068 8 1071 -1 1072 1029 158 1063 -1 1072 1073 159 1029 -1 1072 1019 157 1073 -1 1072 1063 153 1019 -1 1074 1076 151 1075 -1 1074 1077 249 1076 -1 1074 1078 248 1077 -1 1074 1075 149 1078 -1 1079 1065 154 1055 -1 1079 1062 155 1065 -1 1079 1049 152 1062 -1 1079 1055 160 1049 -1 1080 1082 156 1081 -1 1080 1030 159 1082 -1 1083 1082 159 1073 -1 1083 820 156 1082 -1 1083 1025 162 820 -1 1083 1073 157 1025 -1 1084 1086 113 1085 -1 1084 1087 115 1086 -1 1084 1088 97 1087 -1 1084 1085 98 1088 -1 1089 1140 1117 1090 -1 1089 1091 1133 1140 -1 1092 1093 147 -1 1092 1088 98 1093 -1 1092 1094 97 1088 -1 1092 147 141 1094 -1 1095 1097 145 1096 -1 1095 1098 142 1097 -1 1095 1099 95 1098 -1 1095 1096 96 1099 -1 1100 1101 142 1098 -1 1100 1094 141 1101 -1 1100 1102 97 1094 -1 1100 1098 95 1102 -1 1103 1105 90 1104 -1 1103 1106 94 1105 -1 1103 1008 139 1106 -1 1103 1104 140 1008 -1 1107 1109 118 1108 -1 1107 1110 116 1109 -1 1107 1111 99 1110 -1 1107 1108 100 1111 -1 1112 1131 1133 1091 -1 88 1132 1131 1112 1113 -1 1115 872 1142 1114 -1 1114 1116 125 1115 -1 1114 1117 102 1116 -1 1142 1090 1117 1114 -1 1118 835 128 997 -1 1118 1119 129 835 -1 1118 1120 90 1119 -1 1118 997 143 1120 -1 1121 1123 92 1122 -1 1121 1124 91 1123 -1 1121 1125 88 1124 -1 1121 1122 89 1125 -1 1126 1128 131 1127 -1 1126 1129 132 1128 -1 1126 1130 98 1129 -1 1126 1127 93 1130 -1 1131 1111 100 1133 -1 1131 1132 99 1111 -1 1134 1125 89 1135 -1 1134 1132 88 1125 -1 1134 1136 99 1132 -1 1134 1135 101 1136 -1 1137 1138 116 1110 -1 1137 1139 114 1138 -1 1137 1136 101 1139 -1 1137 1110 99 1136 -1 1140 1141 102 1117 -1 1140 1133 100 1141 -1 1143 1145 120 1144 -1 1143 1108 118 1145 -1 1143 1141 100 1108 -1 1143 1144 102 1141 -1 1146 1147 247 815 -1 1146 1148 241 1147 -1 1146 1149 109 1148 -1 1146 815 124 1149 -1 1150 1122 92 1151 -1 1150 1135 89 1122 -1 1150 1152 101 1135 -1 1150 1151 103 1152 -1 1153 833 73 1154 -1 1153 1155 74 833 -1 1153 903 236 1155 -1 1153 1154 235 903 -1 1156 1124 88 1113 -1 1156 1157 91 1124 -1 1158 1159 129 1119 -1 1158 1160 130 1159 -1 1158 1105 94 1160 -1 1158 1119 90 1105 -1 1161 881 77 838 -1 1161 1162 136 881 -1 1161 858 135 1162 -1 1161 838 78 858 -1 1163 879 137 1164 -1 1163 843 76 879 -1 1165 1166 138 1015 -1 1165 1130 93 1166 -1 1165 1093 98 1130 -1 1165 1015 147 1093 -1 1167 880 136 1168 -1 1167 1169 137 880 -1 1167 1123 91 1169 -1 1167 1168 92 1123 -1 1170 1097 142 1171 -1 1170 1172 145 1097 -1 1170 1006 148 1172 -1 1170 1171 2255 1006 -1 1173 1175 80 1174 -1 1173 1176 131 1175 -1 1173 1177 130 1176 -1 1173 1174 81 1177 -1 1178 1017 138 1166 -1 1178 1106 139 1017 -1 1178 1179 94 1106 -1 1178 1166 93 1179 -1 1180 1182 144 1181 -1 1180 1183 121 1182 -1 1180 999 127 1183 -1 1180 1181 146 999 -1 1184 1096 145 1185 -1 1184 1186 96 1096 -1 1184 1185 144 1186 -1 1187 1189 190 1188 -1 1187 1190 191 1189 -1 1187 1086 115 1190 -1 1187 1188 113 1086 -1 1191 1152 103 1192 -1 1191 1139 101 1152 -1 1191 989 114 1139 -1 1191 1192 112 989 -1 1193 1195 212 1194 -1 1193 1196 211 1195 -1 1193 1109 116 1196 -1 1193 1194 118 1109 -1 1197 1099 96 1198 -1 1197 1199 95 1099 -1 1197 1200 117 1199 -1 1197 1198 119 1200 -1 1201 1203 0 1202 -1 1201 1204 117 1203 -1 1201 1190 115 1204 -1 1201 1202 191 1190 -1 1205 1102 95 1199 -1 1205 1087 97 1102 -1 1205 1204 115 1087 -1 1205 1199 117 1204 -1 1206 1208 2 1207 -1 1206 1209 1 1208 -1 1206 1210 212 1209 -1 1206 1207 213 1210 -1 1211 1186 144 1182 -1 1211 1198 96 1186 -1 1211 1212 119 1198 -1 1211 1182 121 1212 -1 1213 852 170 1214 -1 1213 1215 226 852 -1 1213 1216 217 1215 -1 1213 1214 7 1216 -1 1217 1219 240 1218 -1 1217 1220 246 1219 -1 1217 1221 123 1220 -1 1217 1218 108 1221 -1 1222 1224 126 1223 -1 1222 1225 216 1224 -1 1222 1226 213 1225 -1 1222 1223 120 1226 -1 1227 793 125 1116 -1 1227 1223 126 793 -1 1227 1144 120 1223 -1 1227 1116 102 1144 -1 1228 794 75 1229 -1 1228 1115 125 794 -1 1230 866 80 1175 -1 1230 831 79 866 -1 1230 1128 132 831 -1 1230 1175 131 1128 -1 1231 1085 113 1232 -1 1231 1129 98 1085 -1 1231 830 132 1129 -1 1231 1232 133 830 -1 1233 1023 140 1104 -1 1233 1120 143 1023 -1 1233 1104 90 1120 -1 1234 1235 73 834 -1 1234 1177 81 1235 -1 1234 1159 130 1177 -1 1234 834 129 1159 -1 1236 1151 92 1168 -1 1236 1237 103 1151 -1 1236 1162 135 1237 -1 1236 1168 136 1162 -1 1238 1169 91 1157 -1 1238 1164 137 1169 -1 1239 1241 107 1240 -1 1239 1242 106 1241 -1 1239 1243 238 1242 -1 1239 1240 239 1243 -1 1244 1185 145 1172 -1 1244 1181 144 1185 -1 1244 1022 146 1181 -1 1244 1172 148 1022 -1 1245 1179 93 1127 -1 1245 1160 94 1179 -1 1245 1176 130 1160 -1 1245 1127 131 1176 -1 1246 1247 122 802 -1 1246 901 105 1247 -1 1246 1248 236 901 -1 1246 802 245 1248 -1 1249 988 112 1250 -1 1249 1251 227 988 -1 1249 1252 217 1251 -1 1249 1250 134 1252 -1 1253 1192 103 1237 -1 1253 1250 112 1192 -1 1253 859 134 1250 -1 1253 1237 135 859 -1 1254 821 165 1255 -1 1254 1081 156 821 -1 1256 1257 233 800 -1 1256 1258 252 1257 -1 1256 1259 214 1258 -1 1256 800 3 1259 -1 1260 857 78 839 -1 1260 1261 84 857 -1 1260 1219 246 1261 -1 1260 839 240 1219 -1 1262 1264 1 1263 -1 1262 1200 119 1264 -1 1262 1203 117 1200 -1 1262 1263 0 1203 -1 1265 1267 171 1266 -1 1265 1268 183 1267 -1 1265 1269 204 1268 -1 1265 1266 192 1269 -1 1270 1271 182 896 -1 1270 1272 203 1271 -1 1270 1273 196 1272 -1 1270 896 175 1273 -1 1274 1275 69 914 -1 1274 1276 62 1275 -1 1277 1278 191 1202 -1 1277 1279 228 1278 -1 1277 1280 211 1279 -1 1277 1202 0 1280 -1 1281 1283 57 1282 -1 1281 1284 51 1283 -1 1281 56 50 1284 -1 1281 1282 56 -1 1285 1287 61 1286 -1 1285 1288 60 1287 -1 1285 2283 2284 1288 -1 1286 2286 2283 1285 -1 1289 1291 55 -1 1290 1289 55 1454 -1 1289 1292 52 1291 -1 1289 983 37 1292 -1 1289 1290 36 983 -1 1293 1295 66 1294 -1 1293 1294 63 1296 -1 1297 1299 49 1298 -1 1297 1300 58 1299 -1 1297 1301 57 1300 -1 1297 1298 48 1301 -1 1302 1303 2 1208 -1 1302 1212 121 1303 -1 1302 1264 119 1212 -1 1302 1208 1 1264 -1 1304 1301 48 1305 -1 1304 1282 57 1301 -1 1304 1306 56 1282 -1 1304 1305 47 1306 -1 1307 1309 65 1308 -1 1307 1286 61 1309 -1 1307 2285 2286 1286 -1 1308 2287 2285 1307 -1 1310 1291 52 1311 -1 1310 1312 55 1291 -1 1310 1299 58 1312 -1 1310 1311 49 1299 -1 1313 1315 70 1314 -1 1313 1308 65 1315 -1 1313 2288 2287 1308 -1 1314 2289 2288 1313 -1 1316 923 188 1317 -1 1316 1314 70 923 -1 2290 2289 1314 1316 -1 1317 2271 2290 1316 -1 1318 1320 66 1295 -1 1318 1319 67 1320 -1 1321 1322 7 1214 -1 1321 829 133 1322 -1 1321 1323 85 829 -1 1321 1214 170 1323 -1 1324 926 59 1325 -1 1324 1326 186 926 -1 2291 2268 1326 1324 -1 1325 2292 2291 1324 -1 2293 2292 1325 1327 -1 1328 2294 2293 1327 -1 1327 1329 68 1328 -1 1327 1325 59 1329 -1 1330 1332 151 1331 -1 1330 1333 208 1332 -1 1334 1336 5 1335 -1 1334 1183 127 1336 -1 1334 1303 121 1183 -1 1334 1335 2 1303 -1 2295 2294 1328 1337 -1 1288 2284 2295 1337 -1 1337 1338 60 1288 -1 1337 1328 68 1338 -1 1339 1340 188 921 -1 1339 1341 209 1340 -1 1339 1342 210 1341 -1 1339 921 189 1342 -1 1343 1344 68 1329 -1 1343 1275 62 1344 -1 1343 927 69 1275 -1 1343 1329 59 927 -1 1345 1188 190 1346 -1 1345 1232 113 1188 -1 1345 1322 133 1232 -1 1345 1346 7 1322 -1 1347 1348 61 1287 -1 1347 1294 66 1348 -1 1347 1349 63 1294 -1 1347 1287 60 1349 -1 1350 1351 62 1276 -1 1350 1296 63 1351 -1 1352 1354 231 1353 -1 1352 892 229 1354 -1 1352 1353 171 892 -1 1355 1356 65 1309 -1 1355 1320 67 1356 -1 1355 1348 66 1320 -1 1355 1309 61 1348 -1 1357 1358 207 908 -1 1357 1332 208 1358 -1 1357 1075 151 1332 -1 1357 908 149 1075 -1 1359 1349 60 1338 -1 1359 1351 63 1349 -1 1359 1344 62 1351 -1 1359 1338 68 1344 -1 1360 1361 67 1319 -1 1360 888 64 1361 -1 1362 922 70 1315 -1 1362 1361 64 922 -1 1362 1356 67 1361 -1 1362 1315 65 1356 -1 1363 1365 17 1364 -1 1363 1366 27 1365 -1 1363 1367 25 1366 -1 1363 1364 18 1367 -1 1368 1416 1408 1369 -1 1368 1370 1393 1416 -1 1371 1364 17 1372 -1 1371 1373 18 1364 -1 1371 56 1373 -1 1371 1372 50 56 -1 1374 1376 15 1375 -1 1374 1377 51 1376 -1 1374 1378 54 1377 -1 1374 1375 16 1378 -1 1379 1372 17 1380 -1 1379 1284 50 1372 -1 1379 1376 51 1284 -1 1379 1380 15 1376 -1 1381 1382 48 1298 -1 1381 1383 14 1382 -1 1381 1384 10 1383 -1 1381 1298 49 1384 -1 1385 1387 19 1386 -1 1385 1388 28 1387 -1 1385 1389 30 1388 -1 1385 1386 20 1389 -1 6 1391 1390 1407 1409 -1 1390 1369 1408 1407 -1 1392 1394 22 1393 -1 1392 962 34 1394 -1 1392 1418 1419 962 -1 1393 1370 1418 1392 -1 1395 1397 10 1396 -1 1395 936 38 1397 -1 1395 1292 37 936 -1 1395 1396 52 1292 -1 1398 1400 6 1399 -1 1398 1401 11 1400 -1 1398 1402 12 1401 -1 1398 1399 9 1402 -1 1403 1405 18 1404 -1 1403 966 41 1405 -1 1403 1406 40 966 -1 1403 1404 13 1406 -1 1407 1408 20 1386 -1 1407 1386 19 1409 -1 1410 1409 19 1411 -1 1410 1399 6 1409 -1 1410 1412 9 1399 -1 1410 1411 21 1412 -1 1413 1414 21 1411 -1 1413 1415 26 1414 -1 1413 1387 28 1415 -1 1413 1411 19 1387 -1 1416 1393 22 1417 -1 1416 1417 20 1408 -1 1420 1389 20 1417 -1 1420 1421 30 1389 -1 1420 1422 32 1421 -1 1420 1417 22 1422 -1 1423 967 179 929 -1 1423 1424 41 967 -1 1423 1425 42 1424 -1 1423 929 185 1425 -1 1426 1412 21 1427 -1 1426 1402 9 1412 -1 1426 1428 12 1402 -1 1426 1427 23 1428 -1 1429 934 174 1430 -1 1429 1431 173 934 -1 1429 1432 194 1431 -1 1429 1430 195 1432 -1 1433 1400 11 1434 -1 1433 1391 6 1400 -1 1435 1436 14 1383 -1 1435 973 39 1436 -1 1435 1397 38 973 -1 1435 1383 10 1397 -1 1437 959 178 1438 -1 1437 1439 44 959 -1 1437 977 45 1439 -1 1437 1438 177 977 -1 1440 979 176 944 -1 1440 1441 46 979 -1 1442 1404 18 1373 -1 1442 1443 13 1404 -1 1442 1306 47 1443 -1 1442 1373 56 1306 -1 1444 1445 11 1401 -1 1444 978 46 1445 -1 1444 1446 45 978 -1 1444 1401 12 1446 -1 1447 1448 58 1300 -1 1447 1377 54 1448 -1 1447 1283 51 1377 -1 1447 1300 57 1283 -1 1449 974 181 1450 -1 1449 1451 39 974 -1 1449 965 40 1451 -1 1449 1450 180 965 -1 1452 1382 14 1453 -1 1452 1305 48 1382 -1 1452 1443 47 1305 -1 1452 1453 13 1443 -1 1454 1455 36 1290 -1 1454 1456 33 1455 -1 1454 1457 53 1456 -1 1457 1454 55 -1 1458 1378 16 1459 -1 1458 1460 54 1378 -1 1458 1459 53 1460 -1 1461 1463 26 1462 -1 1461 1464 24 1463 -1 1461 1465 218 1464 -1 1461 1462 219 1465 -1 1466 1414 26 1463 -1 1466 1427 21 1414 -1 1466 1467 23 1427 -1 1466 1463 24 1467 -1 1468 1469 28 1388 -1 1468 1470 220 1469 -1 1468 1471 221 1470 -1 1468 1388 30 1471 -1 1472 1474 29 1473 -1 1472 1375 15 1474 -1 1472 1475 16 1375 -1 1472 1473 31 1475 -1 1476 1462 26 1415 -1 1476 1477 219 1462 -1 1476 1469 220 1477 -1 1476 1415 28 1469 -1 1478 1365 27 1012 -1 1478 1380 17 1365 -1 1478 1474 15 1380 -1 1478 1012 29 1474 -1 1479 1480 164 1032 -1 1479 1481 31 1480 -1 1479 1482 33 1481 -1 1479 1032 166 1482 -1 1483 1475 31 1481 -1 1483 1459 16 1475 -1 1483 1456 53 1459 -1 1483 1481 33 1456 -1 1484 952 172 1044 -1 1484 1425 185 952 -1 1484 1069 42 1425 -1 1484 1044 168 1069 -1 1485 956 184 917 -1 1485 1486 178 956 -1 1485 1487 199 1486 -1 1485 917 205 1487 -1 1488 1482 166 1489 -1 1488 1455 33 1482 -1 1488 905 36 1455 -1 1488 1489 167 905 -1 1490 1058 32 1422 -1 1490 898 35 1058 -1 1490 1394 34 898 -1 1490 1422 22 1394 -1 1491 871 1229 1625 -1 1491 1625 1626 1492 -1 1493 932 179 964 -1 1493 1494 200 932 -1 1493 1495 201 1494 -1 1493 964 180 1495 -1 1497 1405 41 1424 -1 1497 1367 18 1405 -1 1497 1070 25 1367 -1 1497 1424 42 1070 -1 1498 1311 52 1396 -1 1498 1384 49 1311 -1 1498 1396 10 1384 -1 1499 1500 181 972 -1 1499 1501 202 1500 -1 1499 1431 194 1501 -1 1499 972 173 1431 -1 1502 1503 44 1439 -1 1502 1428 23 1503 -1 1502 1446 12 1428 -1 1502 1439 45 1446 -1 1504 1445 46 1441 -1 1504 1434 11 1445 -1 1505 1241 106 1506 -1 1505 939 107 1241 -1 1505 1507 198 939 -1 1505 1506 197 1507 -1 1508 1457 55 1312 -1 1508 1460 53 1457 -1 1508 1448 54 1460 -1 1508 1312 58 1448 -1 1509 1436 39 1451 -1 1509 1453 14 1436 -1 1509 1406 13 1453 -1 1509 1451 40 1406 -1 1510 1247 105 1511 -1 1510 1512 122 1247 -1 1510 1513 204 1512 -1 1510 1511 195 1513 -1 1514 1068 168 1045 -1 1514 1515 8 1068 -1 1514 1516 218 1515 -1 1514 1045 224 1516 -1 1517 1518 43 958 -1 1517 1467 24 1518 -1 1517 1503 23 1467 -1 1517 958 44 1503 -1 1519 1051 251 1520 -1 1519 1255 165 1051 -1 1521 1071 8 1522 -1 1521 1366 25 1071 -1 1521 1011 27 1366 -1 1521 1522 71 1011 -1 1523 1525 169 1524 -1 1523 1526 5 1525 -1 1523 1527 216 1526 -1 1523 1524 225 1527 -1 1528 1267 183 982 -1 1528 906 171 1267 -1 1528 982 36 906 -1 1529 1054 154 1066 -1 1529 1042 161 1054 -1 1530 1013 72 1531 -1 1530 1473 29 1013 -1 1530 1480 31 1473 -1 1530 1531 164 1480 -1 1532 1101 141 147 -1 1532 1171 142 1101 -1 1532 1016 2255 1171 -1 1532 147 1016 -1 2036 1296 1350 2092 -1 1789 1001 1000 1786 -1 2037 1295 1293 2035 -1 2065 1319 1318 2063 -1 1700 888 1360 2100 -1 2007 1862 1081 1254 -1 564 887 886 1698 -1 1533 1317 188 1340 -1 1533 1340 209 1534 -1 1535 1536 186 1326 -1 1535 910 207 1536 -1 1537 1539 4 1538 -1 1537 1540 193 1539 -1 1537 1541 232 1540 -1 1537 1538 215 1541 -1 1542 1149 124 1543 -1 1542 1544 109 1149 -1 1542 931 200 1544 -1 1542 1543 206 931 -1 1545 1438 178 1486 -1 1545 1546 177 1438 -1 1545 942 198 1546 -1 1545 1486 199 942 -1 1547 1506 106 1548 -1 1547 945 197 1506 -1 1549 1450 181 1500 -1 1549 1495 180 1450 -1 1549 950 201 1495 -1 1549 1500 202 950 -1 1550 816 4 1539 -1 1550 1543 124 816 -1 1550 954 206 1543 -1 1550 1539 193 954 -1 1551 878 76 844 -1 1551 841 77 878 -1 1551 1243 239 841 -1 1551 844 238 1243 -1 1552 1342 189 887 -1 1552 1553 210 1342 -1 1554 801 122 1512 -1 1554 1555 3 801 -1 1554 1269 192 1555 -1 1554 1512 204 1269 -1 1556 883 74 1155 -1 1556 1557 83 883 -1 1556 1248 245 1557 -1 1556 1155 236 1248 -1 1558 912 187 1559 -1 575 577 912 1558 -1 1558 1559 208 1333 -1 1560 1562 169 1561 -1 1560 1257 252 1562 -1 1560 1561 233 1257 -1 1563 1259 3 1555 -1 1563 1564 214 1259 -1 1563 1565 231 1564 -1 1563 1555 192 1565 -1 1566 925 186 1536 -1 1566 1559 187 925 -1 1566 1358 208 1559 -1 1566 1536 207 1358 -1 1567 902 104 1568 -1 1567 1511 105 902 -1 1567 1432 195 1511 -1 1567 1568 194 1432 -1 1569 1221 108 941 -1 1569 1570 123 1221 -1 1569 1487 205 1570 -1 1569 941 199 1487 -1 1571 1273 175 961 -1 1571 1572 196 1273 -1 1573 1574 109 1544 -1 1573 948 110 1574 -1 1573 1494 201 948 -1 1573 1544 200 1494 -1 1575 875 111 949 -1 1575 1568 104 875 -1 1575 1501 194 1568 -1 1575 949 202 1501 -1 1576 976 177 1546 -1 1576 946 176 976 -1 1576 1507 197 946 -1 1576 1546 198 1507 -1 1577 981 183 1268 -1 1577 1430 174 981 -1 1577 1513 195 1430 -1 1577 1268 204 1513 -1 1558 1333 576 575 -1 1578 1579 225 1524 -1 1578 1562 252 1579 -1 1578 1524 169 1562 -1 1580 1220 123 1581 -1 1580 1582 246 1220 -1 1580 1583 253 1582 -1 1580 1581 215 1583 -1 1584 899 182 1585 -1 1584 1057 35 899 -1 1584 893 223 1057 -1 1584 1585 229 893 -1 1586 953 193 1540 -1 1586 1047 172 953 -1 1586 919 230 1047 -1 1586 1540 232 919 -1 1587 1189 191 1278 -1 1587 1588 190 1189 -1 1587 991 227 1588 -1 1587 1278 228 991 -1 1589 1421 32 1059 -1 1589 1471 30 1421 -1 1589 1034 221 1471 -1 1589 1059 222 1034 -1 1590 957 43 1591 -1 1590 916 184 957 -1 1590 1046 230 916 -1 1590 1591 224 1046 -1 1592 1489 166 1033 -1 1592 894 167 1489 -1 1592 1060 223 894 -1 1592 1033 222 1060 -1 1593 1263 1 1209 -1 1593 1280 0 1263 -1 1593 1195 211 1280 -1 1593 1209 212 1195 -1 1594 1145 118 1194 -1 1594 1226 120 1145 -1 1594 1210 213 1226 -1 1594 1194 212 1210 -1 1595 860 84 1596 -1 1595 1252 134 860 -1 1595 1215 217 1252 -1 1595 1596 226 1215 -1 1597 1335 5 1526 -1 1597 1207 2 1335 -1 1597 1225 213 1207 -1 1597 1526 216 1225 -1 1598 1346 190 1588 -1 1598 1216 7 1346 -1 1598 1251 217 1216 -1 1598 1588 227 1251 -1 1599 1596 84 1261 -1 1599 855 226 1596 -1 1599 1582 253 855 -1 1599 1261 246 1582 -1 1600 1138 114 990 -1 1600 1196 116 1138 -1 1600 1279 211 1196 -1 1600 990 228 1279 -1 1601 1271 203 1602 -1 1601 1585 182 1271 -1 1601 1354 229 1585 -1 1601 1602 231 1354 -1 1603 1522 8 1515 -1 1603 1604 71 1522 -1 1603 1465 219 1604 -1 1603 1515 218 1465 -1 1605 1531 72 1606 -1 1605 1035 164 1531 -1 1605 1470 221 1035 -1 1605 1606 220 1470 -1 1607 1010 71 1604 -1 1607 1606 72 1010 -1 1607 1477 220 1606 -1 1607 1604 219 1477 -1 1608 1518 24 1464 -1 1608 1591 43 1518 -1 1608 1516 224 1591 -1 1608 1464 218 1516 -1 1609 792 126 1224 -1 1609 1610 82 792 -1 1609 1527 225 1610 -1 1609 1224 216 1527 -1 1611 1570 205 918 -1 1611 1581 123 1570 -1 1611 1541 215 1581 -1 1611 918 232 1541 -1 1612 1610 225 1579 -1 1612 862 82 1610 -1 1612 1613 244 862 -1 1612 1579 252 1613 -1 1614 1565 192 1266 -1 1614 1353 231 1565 -1 1614 1266 171 1353 -1 1615 985 83 1557 -1 1615 1561 169 985 -1 1615 803 233 1561 -1 1615 1557 245 803 -1 909 2265 2296 1616 -1 1616 1078 149 909 -1 1616 806 248 1078 -1 2296 2261 806 1616 -1 1617 1331 151 1076 -1 1617 1076 249 811 -1 1618 1323 170 853 -1 1618 1619 85 1323 -1 1618 814 247 1619 -1 1618 853 234 814 -1 1620 940 108 1218 -1 1620 1240 107 940 -1 1620 840 239 1240 -1 1620 1218 240 840 -1 1621 1548 106 1242 -1 1621 1242 238 845 -1 1622 1174 80 867 -1 1622 1623 81 1174 -1 1622 850 243 1623 -1 1622 867 242 850 -1 1624 1538 4 813 -1 1624 1583 215 1538 -1 1624 854 253 1583 -1 1624 813 234 854 -1 1625 1229 75 863 -1 1625 863 237 1626 -1 1627 1574 110 849 -1 1627 1148 109 1574 -1 1627 868 241 1148 -1 1627 849 242 868 -1 1628 1235 81 1623 -1 1628 1154 73 1235 -1 1628 876 235 1154 -1 1628 1623 243 876 -1 1629 1525 5 1336 -1 1629 986 169 1525 -1 1629 1336 127 986 -1 1630 823 87 810 -1 1630 807 86 823 -1 1630 1077 248 807 -1 1630 810 249 1077 -1 1631 828 85 1619 -1 1631 869 79 828 -1 1631 1147 241 869 -1 1631 1619 247 1147 -1 1632 1634 393 1633 -1 1632 718 394 1634 -1 1632 1635 345 718 -1 1632 1633 337 1635 -1 1636 1638 538 1637 -1 1636 717 345 1638 -1 1636 624 507 717 -1 1636 1637 532 624 -1 1639 1640 525 732 -1 1639 568 389 1640 -1 1639 1641 257 568 -1 1639 732 515 1641 -1 1642 735 529 783 -1 1642 1643 528 735 -1 1642 1644 350 1643 -1 1642 783 351 1644 -1 739 811 808 1645 -1 1645 785 530 739 -1 1645 1646 352 785 -1 1645 808 809 1646 -1 1647 1648 391 554 -1 1647 743 527 1648 -1 1647 763 516 743 -1 1647 554 258 763 -1 1649 1651 432 1650 -1 1649 1652 438 1651 -1 1649 727 439 1652 -1 1649 1650 441 727 -1 1653 1655 426 1654 -1 1653 1656 437 1655 -1 1653 784 352 1656 -1 1653 1654 351 784 -1 1657 1659 400 1658 -1 1657 1660 401 1659 -1 1657 789 348 1660 -1 1657 1658 342 789 -1 1661 1663 396 1662 -1 1661 1664 397 1663 -1 1661 1665 335 1664 -1 1661 1662 336 1665 -1 1666 748 520 558 -1 1666 1667 521 748 -1 1666 1668 341 1667 -1 1666 558 340 1668 -1 1669 753 528 1643 -1 1669 560 519 753 -1 1669 1670 339 560 -1 1669 1643 350 1670 -1 1671 772 523 756 -1 1671 1672 377 772 -1 1671 1673 378 1672 -1 1671 756 524 1673 -1 1674 761 533 686 -1 1674 746 516 761 -1 1674 1675 446 746 -1 1674 686 508 1675 -1 1676 1677 402 674 -1 1676 1678 403 1677 -1 1676 1679 341 1678 -1 1676 674 347 1679 -1 1680 1635 337 767 -1 1680 1638 345 1635 -1 1680 1681 538 1638 -1 1680 767 475 1681 -1 1682 770 522 788 -1 1682 759 523 770 -1 1682 1683 343 759 -1 1682 788 342 1683 -1 1684 1686 423 1685 -1 1684 1687 392 1686 -1 1684 1688 338 1687 -1 1684 1685 349 1688 -1 1689 1673 524 774 -1 1689 612 378 1673 -1 1689 1690 371 612 -1 1689 774 517 1690 -1 1691 1693 404 1692 -1 1691 1694 405 1693 -1 1691 559 339 1694 -1 1691 1692 340 559 -1 1695 1697 395 1696 -1 1695 1662 396 1697 -1 1695 573 336 1662 -1 1695 1696 346 573 -1 1698 1700 326 1699 -1 886 888 1700 1698 -1 1698 1699 468 564 -1 1701 632 505 658 -1 1701 1702 511 632 -1 1701 1703 447 1702 -1 1701 658 443 1703 -1 1704 1705 292 634 -1 1704 1706 291 1705 -1 1704 1707 451 1706 -1 1704 634 459 1707 -1 1708 1690 517 1709 -1 1708 594 371 1690 -1 1708 1710 372 594 -1 1708 1709 518 1710 -1 1711 1713 293 1712 -1 1711 1703 443 1713 -1 1711 1712 447 1703 -1 1714 602 488 1715 -1 2016 545 602 1714 -1 1714 1716 425 2016 -1 1714 1715 489 1716 -1 1717 1719 331 1718 -1 1717 577 466 1719 -1 911 912 577 1717 -1 1720 722 514 637 -1 1720 1721 485 722 -1 1720 653 461 1721 -1 1720 637 512 653 -1 1722 1724 332 1723 -1 1722 1699 326 1724 -1 1722 1725 468 1699 -1 1722 1723 467 1725 -1 1726 1727 331 1719 -1 1726 1728 321 1727 -1 1726 589 465 1728 -1 1726 1719 466 589 -1 1729 1731 480 1730 -1 1729 1732 486 1731 -1 1729 1733 462 1732 -1 1729 1730 456 1733 -1 1734 1736 295 1735 -1 1734 1737 294 1736 -1 1734 1738 450 1737 -1 1734 1735 449 1738 -1 1739 600 479 540 -1 1739 750 375 600 -1 1739 1740 374 750 -1 1739 540 478 1740 -1 1741 603 477 616 -1 1741 1742 488 603 -1 1741 1743 464 1742 -1 1741 616 453 1743 -1 1744 613 482 547 -1 1744 1672 378 613 -1 1744 607 377 1672 -1 1744 547 481 607 -1 1745 552 486 1732 -1 1745 639 472 552 -1 1745 1746 448 639 -1 1745 1732 462 1746 -1 1747 1749 301 1748 -1 1747 654 300 1749 -1 1747 1750 461 654 -1 1747 1748 455 1750 -1 1751 1752 291 1706 -1 1751 1753 290 1752 -1 1751 695 452 1753 -1 1751 1706 451 695 -1 1754 1756 298 1755 -1 1754 1757 297 1756 -1 1754 1758 457 1757 -1 1754 1755 456 1758 -1 1759 1760 476 694 -1 1759 1761 491 1760 -1 1759 1707 459 1761 -1 1759 694 451 1707 -1 1762 1764 296 1763 -1 1762 1735 295 1764 -1 1762 1765 449 1735 -1 1762 1763 458 1765 -1 1766 1768 303 1767 -1 1766 1769 302 1768 -1 1766 617 454 1769 -1 1766 1767 453 617 -1 1770 1771 294 1737 -1 1770 1772 293 1771 -1 1770 621 460 1772 -1 1770 1737 450 621 -1 1773 1696 395 778 -1 1773 733 346 1696 -1 1773 778 445 733 -1 1774 692 510 642 -1 1774 1775 381 692 -1 1774 1776 379 1775 -1 1774 642 509 1776 -1 1777 1779 429 1778 -1 1777 1780 428 1779 -1 1777 1781 418 1780 -1 1777 1778 419 1781 -1 1782 1784 414 -1 1783 1782 414 1956 -1 1782 1785 411 1784 -1 1782 1697 396 1785 -1 1782 1783 395 1697 -1 1786 1788 434 1787 -1 1000 1002 1788 1786 -1 1786 1787 431 1789 -1 1790 1792 408 1791 -1 1790 1793 417 1792 -1 1790 1794 416 1793 -1 1790 1791 407 1794 -1 1795 1797 285 1796 -1 1795 1798 283 1797 -1 1795 710 333 1798 -1 1795 1796 334 710 -1 1799 1794 407 1800 -1 1799 1801 416 1794 -1 1799 1802 415 1801 -1 1799 1800 406 1802 -1 1803 1805 433 1804 -1 1803 1778 429 1805 -1 1803 1806 419 1778 -1 1803 1804 420 1806 -1 1807 1784 411 1808 -1 1807 1809 414 1784 -1 1807 1792 417 1809 -1 1807 1808 408 1792 -1 1810 1812 438 1811 -1 1810 1804 433 1812 -1 1810 1813 420 1804 -1 1810 1811 423 1813 -1 1814 1811 438 1652 -1 1814 1685 423 1811 -1 1814 1815 349 1685 -1 1814 1652 439 1815 -1 1816 1028 1030 1817 -1 1816 1818 434 1788 -1 1816 1817 435 1818 -1 1819 647 503 705 -1 1819 660 504 647 -1 1819 1820 442 660 -1 1819 705 440 1820 -1 1821 1654 426 1822 -1 1821 1644 351 1654 -1 1821 1823 350 1644 -1 1821 1822 424 1823 -1 1824 1825 424 1822 -1 1824 1826 421 1825 -1 1824 1827 436 1826 -1 1824 1822 426 1827 -1 1828 1041 1042 1829 -1 1828 1656 352 1646 -1 1828 1829 437 1656 -1 1830 652 512 638 -1 1830 1831 506 652 -1 1830 1832 444 1831 -1 1830 638 448 1832 -1 1833 1834 421 1826 -1 1833 1780 418 1834 -1 1833 1835 428 1780 -1 1833 1826 436 1835 -1 1836 1837 492 563 -1 1836 1838 487 1837 -1 1836 1725 467 1838 -1 1836 563 468 1725 -1 1839 1840 436 1827 -1 1839 1841 430 1840 -1 1839 1655 437 1841 -1 1839 1827 426 1655 -1 1842 650 504 657 -1 1842 1843 288 650 -1 1842 633 292 1843 -1 1842 657 505 633 -1 1844 1845 429 1779 -1 1844 1787 434 1845 -1 1844 1846 431 1787 -1 1844 1779 428 1846 -1 1847 1849 430 1848 -1 1847 1789 431 1849 -1 1064 1001 1789 1847 -1 1850 1852 281 1851 -1 1850 1853 299 1852 -1 1850 1854 444 1853 -1 1850 1851 263 1854 -1 1855 1856 433 1805 -1 1855 1818 435 1856 -1 1855 1845 434 1818 -1 1855 1805 429 1845 -1 1857 782 529 736 -1 1857 741 530 782 -1 1857 1858 427 741 -1 1857 736 425 1858 -1 1859 1846 428 1835 -1 1859 1849 431 1846 -1 1859 1840 430 1849 -1 1859 1835 436 1840 -1 1860 1861 435 1817 -1 1860 1862 432 1861 -1 1860 1080 1081 1862 -1 1863 1651 438 1812 -1 1863 1861 432 1651 -1 1863 1856 435 1861 -1 1863 1812 433 1856 -1 1864 1866 364 1865 -1 1864 1867 382 1866 -1 1864 1868 380 1867 -1 1864 1865 365 1868 -1 1869 1870 419 1806 -1 1869 1871 354 1870 -1 1869 1872 357 1871 -1 1869 1806 420 1872 -1 1873 1865 364 1874 -1 1873 1875 365 1865 -1 1873 415 1875 -1 1873 1874 409 415 -1 1876 1878 362 1877 -1 1876 1879 410 1878 -1 1876 1880 413 1879 -1 1876 1877 363 1880 -1 1881 1874 364 1882 -1 1881 1883 409 1874 -1 1881 1878 410 1883 -1 1881 1882 362 1878 -1 1884 1885 407 1791 -1 1884 1886 361 1885 -1 1884 1887 356 1886 -1 1884 1791 408 1887 -1 1888 1890 366 1889 -1 1888 1891 383 1890 -1 1888 1892 385 1891 -1 1888 1889 367 1892 -1 1893 1894 418 1781 -1 1893 1895 353 1894 -1 1893 1870 354 1895 -1 1893 1781 419 1870 -1 1896 1898 369 1897 -1 1896 1899 393 1898 -1 1896 1900 392 1899 -1 1896 1897 357 1900 -1 1901 1903 356 1902 -1 1901 1663 397 1903 -1 1901 1785 396 1663 -1 1901 1902 411 1785 -1 1904 1906 353 1905 -1 1904 1907 358 1906 -1 1904 1908 359 1907 -1 1904 1905 355 1908 -1 1909 1911 365 1910 -1 1909 1912 400 1911 -1 1909 1913 399 1912 -1 1909 1910 360 1913 -1 1914 1915 367 1889 -1 1914 1895 354 1915 -1 1914 1916 353 1895 -1 1914 1889 366 1916 -1 1917 1916 366 1918 -1 1917 1905 353 1916 -1 1917 1919 355 1905 -1 1917 1918 368 1919 -1 1920 1921 368 1918 -1 1920 691 381 1921 -1 1920 1890 383 691 -1 1920 1918 366 1890 -1 1922 1897 369 1923 -1 1922 1871 357 1897 -1 1922 1915 354 1871 -1 1922 1923 367 1915 -1 1924 1872 420 1813 -1 1924 1900 357 1872 -1 1924 1686 392 1900 -1 1924 1813 423 1686 -1 1925 1892 367 1923 -1 1925 669 385 1892 -1 1925 1926 387 669 -1 1925 1923 369 1926 -1 1927 771 376 1928 -1 1927 787 522 771 -1 1927 1648 527 787 -1 1927 1928 391 1648 -1 1929 1919 368 1930 -1 1929 1908 355 1919 -1 1929 1931 359 1908 -1 1929 1930 370 1931 -1 1932 574 518 1709 -1 1932 1665 336 574 -1 1932 775 335 1665 -1 1932 1709 517 775 -1 1933 1934 421 1834 -1 1933 1906 358 1934 -1 1933 1894 353 1906 -1 1933 1834 418 1894 -1 1935 1936 361 1886 -1 1935 1937 398 1936 -1 1935 1903 397 1937 -1 1935 1886 356 1903 -1 1938 1939 403 1678 -1 1938 1692 404 1939 -1 1938 1668 340 1692 -1 1938 1678 341 1668 -1 1940 1670 350 1823 -1 1940 1694 339 1670 -1 1940 1941 405 1694 -1 1940 1823 424 1941 -1 1942 1910 365 1875 -1 1942 1943 360 1910 -1 1942 1802 406 1943 -1 1942 1875 415 1802 -1 1944 1945 358 1907 -1 1944 1693 405 1945 -1 1944 1946 404 1693 -1 1944 1907 359 1946 -1 1947 1948 417 1793 -1 1947 1879 413 1948 -1 1947 1949 410 1879 -1 1947 1793 416 1949 -1 1950 1952 398 1951 -1 1950 1953 399 1952 -1 1950 758 343 1953 -1 1950 1951 344 758 -1 1954 1885 361 1955 -1 1954 1800 407 1885 -1 1954 1943 406 1800 -1 1954 1955 360 1943 -1 1956 1957 395 1783 -1 1956 1958 388 1957 -1 1956 1959 412 1958 -1 1959 1956 414 -1 1960 1880 363 1961 -1 1960 1962 413 1880 -1 1960 1961 412 1962 -1 1963 1964 382 1867 -1 1963 644 470 1964 -1 1963 1965 469 644 -1 1963 1867 380 1965 -1 1966 1921 381 1775 -1 1966 1930 368 1921 -1 1966 1967 370 1930 -1 1966 1775 379 1967 -1 1968 690 383 1891 -1 1968 662 493 690 -1 1968 670 494 662 -1 1968 1891 385 670 -1 1969 1971 384 1970 -1 1969 1877 362 1971 -1 1969 1972 363 1877 -1 1969 1970 386 1972 -1 1973 1974 382 1964 -1 1973 1975 384 1974 -1 1973 1976 254 1975 -1 1973 1964 470 1976 -1 1977 1866 382 1974 -1 1977 1882 364 1866 -1 1977 1971 362 1882 -1 1977 1974 384 1971 -1 1978 665 494 667 -1 1978 1979 255 665 -1 1978 678 256 1979 -1 1978 667 495 678 -1 1980 1972 386 1981 -1 1980 1961 363 1972 -1 1980 1958 412 1961 -1 1980 1981 388 1958 -1 1982 672 499 683 -1 1982 1675 508 672 -1 1982 1983 446 1675 -1 1982 683 261 1983 -1 1984 629 390 599 -1 1984 1985 526 629 -1 1984 751 521 1985 -1 1984 599 375 751 -1 1986 677 495 668 -1 1986 719 498 677 -1 1986 1987 394 719 -1 1986 668 387 1987 -1 1988 1987 387 1926 -1 1988 1634 394 1987 -1 1988 1898 393 1634 -1 1988 1926 369 1898 -1 1989 1633 393 1899 -1 1989 766 337 1633 -1 1989 1687 338 766 -1 1989 1899 392 1687 -1 1990 1658 400 1912 -1 1990 1683 342 1658 -1 1990 1953 343 1683 -1 1990 1912 399 1953 -1 1617 811 739 738 -1 738 740 1331 1617 -1 1991 1911 400 1659 -1 1991 1868 365 1911 -1 1991 1992 380 1868 -1 1991 1659 401 1992 -1 1993 1808 411 1902 -1 1993 1887 408 1808 -1 1993 1902 356 1887 -1 1994 1951 398 1937 -1 1994 776 344 1951 -1 1994 1664 335 776 -1 1994 1937 397 1664 -1 1995 1996 403 1939 -1 1995 1931 370 1996 -1 1995 1946 359 1931 -1 1995 1939 404 1946 -1 1997 1941 424 1825 -1 1997 1945 405 1941 -1 1997 1934 358 1945 -1 1997 1825 421 1934 -1 1998 754 519 557 -1 1998 1999 373 754 -1 1998 749 374 1999 -1 1998 557 520 749 -1 2000 1959 414 1809 -1 2000 1962 412 1959 -1 2000 1948 413 1962 -1 2000 1809 417 1948 -1 2001 1936 398 1952 -1 2001 1955 361 1936 -1 2001 1913 360 1955 -1 2001 1952 399 1913 -1 2002 1710 518 571 -1 2002 2003 372 1710 -1 2002 1640 389 2003 -1 2002 571 525 1640 -1 2004 682 499 673 -1 2004 1776 509 682 -1 2004 2005 379 1776 -1 2004 673 402 2005 -1 2006 2005 402 1677 -1 2006 1967 379 2005 -1 2006 1996 370 1967 -1 2006 1677 403 1996 -1 2007 1650 432 1862 -1 2007 2008 441 1650 -1 2007 1254 1255 2008 -1 2009 2010 496 586 -1 2009 580 532 2010 -1 2009 1641 515 580 -1 2009 586 257 1641 -1 2011 687 526 1985 -1 2011 1679 347 687 -1 2011 1667 341 1679 -1 2011 1985 521 1667 -1 2012 1970 384 1975 -1 2012 2013 386 1970 -1 2012 664 255 2013 -1 2012 1975 254 664 -1 2014 622 484 566 -1 2014 2015 460 622 -1 2014 730 447 2015 -1 2014 566 471 730 -1 2017 2019 324 2018 -1 2017 1718 331 2019 -1 1274 914 1718 2017 -1 2020 689 493 663 -1 2020 645 510 689 -1 2020 1976 470 645 -1 2020 663 254 1976 -1 2021 2023 307 2022 -1 2021 2024 308 2023 -1 2021 2025 313 2024 -1 2021 2022 2025 -1 2026 2028 315 2027 -1 2026 2029 322 2028 -1 2026 2030 323 2029 -1 2026 2027 316 2030 -1 2031 2032 294 1771 -1 2031 2033 309 2032 -1 2031 2034 312 2033 -1 2031 1771 293 2034 -1 1293 1296 2036 2035 -1 2035 2038 328 2037 -1 2035 2036 325 2038 -1 2039 2041 313 2040 -1 2039 2042 314 2041 -1 2039 2043 306 2042 -1 2039 2040 305 2043 -1 2044 1981 386 2013 -1 2044 2045 388 1981 -1 2044 1979 256 2045 -1 2044 2013 255 1979 -1 2046 2025 2022 2047 -1 2046 2040 313 2025 -1 2046 2048 305 2040 -1 2046 2047 304 2048 -1 2049 2030 316 2050 -1 2049 2051 323 2030 -1 2049 2052 327 2051 -1 2049 2050 317 2052 -1 2053 2054 314 2042 -1 2053 2033 312 2054 -1 2053 2055 309 2033 -1 2053 2042 306 2055 -1 2056 2052 317 2057 -1 2056 2058 327 2052 -1 2056 2059 332 2058 -1 2056 2057 319 2059 -1 2060 2059 319 2061 -1 2060 1723 332 2059 -1 2060 2062 467 1723 -1 2060 2061 463 2062 -1 2063 2037 328 2064 -1 1318 1295 2037 2063 -1 2063 2064 329 2065 -1 2066 1660 348 745 -1 2066 2067 401 1660 -1 2066 1983 261 2067 -1 2066 745 446 1983 -1 2068 2070 464 2069 -1 2068 1728 465 2070 -1 2068 2071 321 1728 -1 2068 2069 320 2071 -1 2072 2074 330 2073 -1 2072 2075 318 2074 -1 2072 2071 320 2075 -1 2072 2073 321 2071 -1 2076 2077 490 576 -1 2076 740 427 2077 -1 1330 1331 740 2076 -1 576 1333 1330 2076 -1 2078 1957 388 2045 -1 2078 780 395 1957 -1 2078 679 259 780 -1 2078 2045 256 679 -1 2079 2028 322 2080 -1 2079 2081 315 2028 -1 2079 2074 318 2081 -1 2079 2080 330 2074 -1 2082 2084 537 2083 -1 2082 696 536 2084 -1 2082 2085 452 696 -1 2082 2083 463 2085 -1 2086 2019 331 1727 -1 2086 2087 324 2019 -1 2086 2073 330 2087 -1 2086 1727 321 2073 -1 2088 1992 401 2067 -1 2088 1965 380 1992 -1 2088 684 469 1965 -1 2088 2067 261 684 -1 2089 2038 325 2090 -1 2089 2091 328 2038 -1 2089 2029 323 2091 -1 2089 2090 322 2029 -1 2092 2093 325 2036 -1 2092 2018 324 2093 -1 1350 1276 2018 2092 -1 2094 2095 511 1702 -1 2094 729 513 2095 -1 2094 1702 447 729 -1 2096 2064 328 2091 -1 2096 2097 329 2064 -1 2096 2051 327 2097 -1 2096 2091 323 2051 -1 2098 2077 427 1858 -1 2098 588 490 2077 -1 2098 1716 489 588 -1 2098 1858 425 1716 -1 2099 2093 324 2087 -1 2099 2090 325 2093 -1 2099 2080 322 2090 -1 2099 2087 330 2080 -1 2100 2101 326 1700 -1 2100 2065 329 2101 -1 1360 1319 2065 2100 -1 2102 2101 329 2097 -1 2102 1724 326 2101 -1 2102 2058 332 1724 -1 2102 2097 327 2058 -1 2103 2105 281 2104 -1 2103 2106 283 2105 -1 2103 2107 273 2106 -1 2103 2104 274 2107 -1 2108 2110 266 2109 -1 2108 2111 262 2110 -1 2108 2050 316 2111 -1 2108 2109 317 2050 -1 2112 2113 2022 -1 2112 2107 274 2113 -1 2112 2114 273 2107 -1 2112 2022 307 2114 -1 2115 2117 311 2116 -1 2115 2118 308 2117 -1 2115 2119 271 2118 -1 2115 2116 272 2119 -1 2120 2023 308 2118 -1 2120 2114 307 2023 -1 2120 2121 273 2114 -1 2120 2118 271 2121 -1 2122 2124 265 2123 -1 2122 2125 270 2124 -1 2122 2043 305 2125 -1 2122 2123 306 2043 -1 2126 2128 286 2127 -1 2126 2129 284 2128 -1 2126 2130 275 2129 -1 2126 2127 276 2130 -1 2131 2132 262 2111 -1 2131 2133 260 2132 -1 2131 2027 315 2133 -1 2131 2111 316 2027 -1 2134 1752 290 2135 -1 2134 2136 291 1752 -1 2134 2137 278 2136 -1 2134 2135 266 2137 -1 2138 1736 294 2032 -1 2138 2139 295 1736 -1 2138 2140 265 2139 -1 2138 2032 309 2140 -1 2141 2143 268 2142 -1 2141 2144 267 2143 -1 2141 2145 260 2144 -1 2141 2142 264 2145 -1 2146 1756 297 2147 -1 2146 2148 298 1756 -1 2146 2149 274 2148 -1 2146 2147 269 2149 -1 2150 2132 260 2151 -1 2150 2152 262 2132 -1 2150 2130 276 2152 -1 2150 2151 275 2130 -1 2153 2145 264 2154 -1 2153 2151 260 2145 -1 2153 2155 275 2151 -1 2153 2154 277 2155 -1 2156 2157 284 2129 -1 2156 2158 282 2157 -1 2156 2155 277 2158 -1 2156 2129 275 2155 -1 2159 2110 262 2152 -1 2159 2137 266 2110 -1 2159 2160 278 2137 -1 2159 2152 276 2160 -1 2161 2135 290 2162 -1 2161 2109 266 2135 -1 2161 2057 317 2109 -1 2161 2162 319 2057 -1 2163 649 288 2164 -1 2163 2127 286 649 -1 2163 2160 276 2127 -1 2163 2164 278 2160 -1 2165 2167 299 2166 -1 2165 1755 298 2167 -1 2165 1733 456 1755 -1 2165 2166 462 1733 -1 2168 2142 268 2169 -1 2168 2154 264 2142 -1 2168 2170 277 2154 -1 2168 2169 279 2170 -1 2171 2172 473 592 -1 2171 1738 449 2172 -1 2171 620 450 1738 -1 2171 592 474 620 -1 2173 2144 260 2133 -1 2173 2174 267 2144 -1 2173 2081 318 2174 -1 2173 2133 315 2081 -1 2175 1764 295 2139 -1 2175 2176 296 1764 -1 2175 2124 270 2176 -1 2175 2139 265 2124 -1 2177 2178 302 1769 -1 2177 1748 301 2178 -1 2177 542 455 1748 -1 2177 1769 454 542 -1 2179 1767 303 2180 -1 2179 1743 453 1767 -1 2179 2069 464 1743 -1 2179 2180 320 2069 -1 2181 2182 304 2047 -1 2181 2149 269 2182 -1 2181 2113 274 2149 -1 2181 2047 2022 2113 -1 2183 1768 302 2184 -1 2183 2185 303 1768 -1 2183 2143 267 2185 -1 2183 2184 268 2143 -1 2186 2117 308 2024 -1 2186 2187 311 2117 -1 2186 2041 314 2187 -1 2186 2024 313 2041 -1 2188 2189 297 1757 -1 2188 1763 296 2189 -1 2188 549 458 1763 -1 2188 1757 457 549 -1 2190 2048 304 2182 -1 2190 2125 305 2048 -1 2190 2191 270 2125 -1 2190 2182 269 2191 -1 2192 2194 310 2193 -1 2192 2195 289 2194 -1 2192 2034 293 2195 -1 2192 2193 312 2034 -1 2196 2116 311 2197 -1 2196 2198 272 2116 -1 2196 2197 310 2198 -1 2199 714 500 699 -1 2199 2200 280 714 -1 2199 2201 282 2200 -1 2199 699 501 2201 -1 2202 2170 279 2203 -1 2202 2158 277 2170 -1 2202 2200 282 2158 -1 2202 2203 280 2200 -1 2204 704 503 648 -1 2204 2205 502 704 -1 2204 2128 284 2205 -1 2204 648 286 2128 -1 2206 2119 272 2207 -1 2206 2208 271 2119 -1 2206 2209 285 2208 -1 2206 2207 287 2209 -1 2210 709 502 2205 -1 2210 2201 501 709 -1 2210 2157 282 2201 -1 2210 2205 284 2157 -1 2211 2121 271 2208 -1 2211 2106 273 2121 -1 2211 1797 283 2106 -1 2211 2208 285 1797 -1 2212 2214 289 2213 -1 2212 2215 287 2214 -1 2212 1820 440 2215 -1 2212 2213 442 1820 -1 2216 2198 310 2194 -1 2216 2207 272 2198 -1 2216 2214 287 2207 -1 2216 2194 289 2214 -1 2217 2166 299 1853 -1 2217 1746 462 2166 -1 2217 1832 448 1746 -1 2217 1853 444 1832 -1 2218 543 479 597 -1 2218 1750 455 543 -1 2218 1721 461 1750 -1 2218 597 485 1721 -1 2219 2195 293 1713 -1 2219 2213 289 2195 -1 2219 659 442 2213 -1 2219 1713 443 659 -1 2220 1705 291 2136 -1 2220 1843 292 1705 -1 2220 2164 288 1843 -1 2220 2136 278 2164 -1 2221 1688 349 2222 -1 2221 765 338 1688 -1 2221 2223 535 765 -1 2221 2222 534 2223 -1 2224 606 481 548 -1 2224 1730 480 606 -1 2224 1758 456 1730 -1 2224 548 457 1758 -1 2225 2162 290 1753 -1 2225 2061 319 2162 -1 2225 2085 463 2061 -1 2225 1753 452 2085 -1 2226 2104 281 1852 -1 2226 2148 274 2104 -1 2226 2167 298 2148 -1 2226 1852 299 2167 -1 2227 2055 306 2123 -1 2227 2140 309 2055 -1 2227 2123 265 2140 -1 2228 611 473 2172 -1 2228 550 482 611 -1 2228 1765 458 550 -1 2228 2172 449 1765 -1 2229 2169 268 2184 -1 2229 2230 279 2169 -1 2229 2178 301 2230 -1 2229 2184 302 2178 -1 2231 2185 267 2174 -1 2231 2180 303 2185 -1 2231 2075 320 2180 -1 2231 2174 318 2075 -1 2232 1740 478 615 -1 2232 1999 374 1740 -1 2232 604 373 1999 -1 2232 615 477 604 -1 2233 2197 311 2187 -1 2233 2193 310 2197 -1 2233 2054 312 2193 -1 2233 2187 314 2054 -1 2234 2191 269 2147 -1 2234 2176 270 2191 -1 2234 2189 296 2176 -1 2234 2147 297 2189 -1 2235 569 484 619 -1 2235 2003 389 569 -1 2235 593 372 2003 -1 2235 619 474 593 -1 2236 702 500 712 -1 2236 1854 263 702 -1 2236 1831 444 1854 -1 2236 712 506 1831 -1 2237 2203 279 2230 -1 2237 713 280 2203 -1 2237 1749 300 713 -1 2237 2230 301 1749 -1 2238 2239 531 726 -1 2238 1519 1520 2239 -1 2238 726 441 2008 -1 2240 2105 283 1798 -1 2240 1851 281 2105 -1 2240 701 263 1851 -1 2240 1798 333 701 -1 2241 680 498 716 -1 2241 779 259 680 -1 2241 625 445 779 -1 2241 716 507 625 -1 2242 2015 447 1712 -1 2242 1772 460 2015 -1 2242 1712 293 1772 -1 2243 1841 437 1829 -1 2243 1848 430 1841 -1 2243 1529 1066 1848 -1 2244 2209 287 2215 -1 2244 1796 285 2209 -1 2244 706 334 1796 -1 2244 2215 440 706 -1 2245 1949 416 1801 -1 2245 1883 410 1949 -1 2245 415 409 1883 -1 2245 1801 415 -1 1828 1646 809 1041 -1 1718 914 911 1717 -1 2243 1829 1042 1529 -1 2018 1276 1274 2017 -1 1847 1848 1066 1064 -1 1788 1002 1028 1816 -1 1860 1817 1030 1080 -1 2238 2008 1255 1519 -1 2246 2062 463 2083 -1 2246 1838 467 2062 -1 2246 2247 487 1838 -1 2246 2083 537 2247 -1 2248 590 489 1715 -1 2248 2070 465 590 -1 2248 1742 464 2070 -1 2248 1715 488 1742 -1 2249 640 514 721 -1 2249 555 472 640 -1 2249 762 258 555 -1 2249 721 497 762 -1 2250 609 480 1731 -1 2250 1928 376 609 -1 2250 553 391 1928 -1 2250 1731 486 553 -1 2251 635 511 2095 -1 2251 1761 459 635 -1 2251 2252 491 1761 -1 2251 2095 513 2252 -1 2253 1815 439 724 -1 2253 2222 349 1815 -1 2253 2254 534 2222 -1 2253 724 483 2254 -1 1553 1520 251 210 -1 210 251 1052 1341 -1 1341 1052 250 209 -1 209 250 798 1534 -1 798 2257 2270 1534 -1 970 1492 1626 1572 -1 1572 1626 237 196 -1 196 237 864 1272 -1 1272 864 244 203 -1 203 244 1613 1602 -1 1602 1613 252 231 -1 1520 1553 562 2239 -1 2239 562 492 531 -1 531 492 1837 725 -1 725 1837 487 483 -1 483 487 2247 2254 -1 2254 2247 537 534 -1 534 537 2084 2223 -1 2223 2084 536 535 -1 535 536 697 768 -1 768 697 476 475 -1 475 476 1760 1681 -1 1681 1760 491 538 -1 538 491 2252 1637 -1 1637 2252 513 532 -1 1491 1492 2257 2256 -1 871 1491 2256 2258 -1 842 843 2260 2259 -1 845 842 2259 2261 -1 1027 1026 2263 2262 -1 796 1027 2262 2258 -1 1547 1548 2265 2264 -1 945 1547 2264 2266 -1 1535 1326 2268 2267 -1 910 1535 2267 2266 -1 1533 1534 2270 2269 -1 1317 1533 2269 2271 -1 1113 1112 2273 2272 -1 1112 1091 2274 2273 -1 1091 1089 2275 2274 -1 1089 1090 2276 2275 -1 1090 1142 2277 2276 -1 1142 872 2263 2277 -1 843 1163 2278 2260 -1 1163 1164 2279 2278 -1 1238 1157 2281 2280 -1 1164 1238 2280 2279 -1 1156 1113 2272 2282 -1 1157 1156 2282 2281 -1 2283 1390 1391 2284 -1 2286 1369 1390 2283 -1 2285 1368 1369 2286 -1 2287 1370 1368 2285 -1 2288 1418 1370 2287 -1 1419 1418 2288 2289 -1 1496 1419 2289 2290 -1 969 1496 2290 2271 -1 1440 944 2268 2291 -1 1441 1440 2291 2292 -1 1504 1441 2292 2293 -1 1434 1504 2293 2294 -1 1433 1434 2294 2295 -1 2284 1391 1433 2295 -1 1548 1621 2296 2265 -1 1621 845 2261 2296 -1 1492 970 2270 2257 -1 "
							                >
								<Coordinate DEF="coords_ME_cover"
								            point="26.277426 -3.089600 -0.055362 26.277657 -3.081113 -0.025035 26.279102 -3.000076 -0.010149 26.277330 2.539347 -0.008336 26.277517 2.539347 -0.096920 26.276608 -2.903507 -0.008336 17.780218 8.162157 -0.046111 26.277515 -2.902020 -0.096920 26.277517 8.074974 -0.096158 17.863852 8.140852 -0.078646 26.576702 8.064159 -0.025310 17.765251 8.077810 -0.048463 17.865025 8.076485 -0.082789 26.561317 8.072886 -0.086808 26.585640 8.070732 -0.055496 26.490971 8.162823 -0.055691 26.485714 8.153360 -0.027015 26.492596 8.139254 -0.086618 26.499332 8.079872 -0.095399 17.958122 8.167728 -0.054356 17.959225 8.159056 -0.025363 17.966694 8.141920 -0.086414 17.959587 8.078018 -0.009572 17.969219 8.075161 -0.095023 19.059090 8.074972 -0.096158 26.404125 8.074974 -0.096158 19.059071 8.140785 -0.087094 26.404068 8.140781 -0.087095 19.059002 8.167542 -0.055362 26.403656 8.167488 -0.055396 19.058939 8.159054 -0.025034 26.404667 8.158777 -0.025181 19.058907 8.078016 -0.010149 26.413982 8.078588 -0.010139 17.959576 7.979962 -0.007562 19.058903 7.979962 -0.008335 26.405407 7.982794 -0.008227 26.498775 7.992198 -0.009905 26.578823 7.980798 -0.025002 26.588066 7.979503 -0.055377 26.561253 7.979919 -0.087096 26.494467 7.979963 -0.096158 26.404125 7.979963 -0.096920 19.059092 7.979962 -0.096920 17.969395 7.979962 -0.095689 17.866070 7.979962 -0.082884 17.765427 7.979962 -0.048463 26.561581 8.120983 -0.081933 26.569597 8.128014 -0.055715 26.557312 8.115999 -0.027183 26.541813 8.133242 -0.081119 26.549807 8.138140 -0.056188 26.514162 8.067400 -0.010570 26.489981 8.087563 -0.012600 26.538422 8.126839 -0.031075 26.493042 8.072222 -0.009235 26.547701 8.130022 -0.084884 26.558489 8.141085 -0.055837 26.546734 8.127407 -0.028120 17.563454 7.978999 -0.135897 17.563408 8.158907 -0.132994 17.562464 8.158951 -0.112907 17.460653 8.077459 -0.145918 17.464689 8.158882 -0.142264 17.521021 7.978613 -0.090585 17.558477 8.077702 -0.094015 17.492416 8.158888 -0.117072 17.517513 8.077473 -0.093847 17.563454 8.077621 -0.135897 17.460653 7.978582 -0.145918 17.557819 7.979182 -0.091350 26.277498 8.140787 -0.087094 26.277431 8.167542 -0.055362 26.578798 -2.750740 -0.025035 26.497229 -2.761704 -0.010149 17.959572 -2.748546 -0.007562 17.765423 -2.748546 -0.048462 17.866066 -2.748546 -0.082884 17.969389 -2.748546 -0.095689 26.494463 -2.748547 -0.096158 26.561249 -2.748547 -0.087094 26.588062 -2.748547 -0.055363 19.058897 -2.748546 -0.008336 26.404947 -2.749253 -0.008336 19.059088 -2.748546 -0.096920 26.404123 -2.748547 -0.096920 17.563452 -2.747638 -0.135894 17.460653 -2.747246 -0.145915 17.780216 -3.084216 -0.046110 17.863848 -3.062912 -0.078646 26.576698 -2.986216 -0.025310 17.765249 -2.999868 -0.048462 17.865019 -2.998544 -0.082789 26.561314 -2.994943 -0.086808 26.585634 -2.992788 -0.055497 26.490965 -3.084879 -0.055691 26.485710 -3.075418 -0.027015 26.492592 -3.061311 -0.086618 26.499329 -3.001931 -0.095399 17.958117 -3.089786 -0.054356 17.959219 -3.081113 -0.025363 17.966688 -3.063980 -0.086414 17.959583 -3.000076 -0.009572 17.969213 -2.997221 -0.095023 26.578802 2.539347 -0.025035 26.497231 2.539347 -0.010149 17.765425 2.539347 -0.048462 17.866068 2.539347 -0.082884 17.969393 2.539347 -0.095689 26.494467 2.539347 -0.096158 26.561253 2.539347 -0.087094 26.588064 2.539347 -0.055363 19.059086 -2.997031 -0.096158 26.404119 -2.997031 -0.096159 19.059067 -3.062845 -0.087094 26.404064 -3.062839 -0.087096 19.058998 -3.089600 -0.055362 26.403652 -3.089546 -0.055396 19.058933 -3.081113 -0.025034 26.404663 -3.080836 -0.025181 19.058903 -3.000076 -0.010149 26.413979 -3.000646 -0.010139 26.403936 2.539347 -0.008336 19.059088 2.539347 -0.096920 26.404123 2.539347 -0.096920 17.959572 -2.902020 -0.007562 19.058899 -2.902020 -0.008336 26.405403 -2.904852 -0.008227 26.498770 -2.914257 -0.009906 26.578819 -2.902856 -0.025002 26.588062 -2.901562 -0.055377 26.561249 -2.901976 -0.087097 26.494463 -2.902020 -0.096158 26.404123 -2.902020 -0.096920 19.059088 -2.902020 -0.096920 17.969389 -2.902020 -0.095689 17.866066 -2.902020 -0.082884 17.765423 -2.902020 -0.048462 26.561575 -3.043041 -0.081933 26.569593 -3.050072 -0.055715 26.557306 -3.038057 -0.027183 26.541809 -3.055300 -0.081119 26.549803 -3.060198 -0.056188 26.514158 -2.989459 -0.010570 26.489977 -3.009621 -0.012601 26.538418 -3.048897 -0.031075 26.493036 -2.994279 -0.009235 26.547697 -3.052082 -0.084885 26.546730 -3.049465 -0.028121 17.563454 2.539346 -0.135896 17.563452 -2.901057 -0.135894 17.460655 2.539346 -0.145917 17.563406 -3.080968 -0.132990 17.562462 -3.081012 -0.112903 17.460651 -2.999519 -0.145914 17.464687 -3.080944 -0.142260 17.521019 -2.900673 -0.090581 17.558475 -2.999760 -0.094011 17.492414 -3.080948 -0.117068 17.517509 -2.999532 -0.093843 17.563454 -2.999682 -0.135893 17.460651 -2.900642 -0.145914 17.557819 -2.901242 -0.091347 17.557819 -2.747813 -0.091347 26.277660 8.159056 -0.025035 17.521019 -2.747274 -0.090581 26.279106 8.078018 -0.010149 26.276611 7.981449 -0.008336 26.277519 7.979963 -0.096920 26.283949 -2.752355 -0.008336 26.277515 -2.748547 -0.096920 26.283955 7.830402 -0.008336 26.277519 7.826624 -0.096920 26.578804 7.828817 -0.025035 26.497232 7.839782 -0.010149 17.959576 7.826624 -0.007562 17.765427 7.826624 -0.048463 17.866070 7.826624 -0.082884 17.969395 7.826624 -0.095689 26.494467 7.826624 -0.096158 26.561253 7.826624 -0.087094 26.588066 7.826624 -0.055363 19.058903 7.826623 -0.008335 26.404953 7.827330 -0.008336 19.059090 7.826624 -0.096920 26.404125 7.826624 -0.096920 17.563454 7.825714 -0.135897 17.460653 7.825322 -0.145919 17.557819 7.825888 -0.091350 17.521021 7.825351 -0.090585 26.277514 -2.997031 -0.096159 26.277494 -3.062845 -0.087094 26.280828 6.968618 -0.008336 26.277519 6.971521 -0.096920 26.578804 6.971834 -0.025035 26.497232 6.973396 -0.010149 17.959576 7.564875 -0.007562 17.765427 6.971520 -0.048462 17.866070 6.971520 -0.082884 17.969393 6.971520 -0.095689 26.494467 6.971521 -0.096158 26.561253 6.971521 -0.087094 26.588066 6.971521 -0.055363 19.058903 7.564875 -0.008335 26.403938 6.971834 -0.008336 19.059090 6.971520 -0.096920 26.404125 6.971521 -0.096920 17.563456 6.971390 -0.135897 17.460653 6.971334 -0.145918 17.557821 7.564874 -0.091350 17.521021 7.564873 -0.090585 25.028090 -3.089600 -0.055362 25.028025 -3.081114 -0.025035 25.027994 -3.000076 -0.010149 25.971313 2.539347 -0.008336 25.028181 2.539347 -0.096920 25.027990 -2.902020 -0.008336 25.028177 -2.902020 -0.096920 25.028179 8.074974 -0.096158 25.028160 8.140787 -0.087094 25.028093 8.167543 -0.055362 25.028028 8.159056 -0.025034 25.027998 8.078018 -0.010149 25.027992 7.979962 -0.008336 25.028181 7.979962 -0.096920 25.024490 -2.751462 -0.008336 25.028177 -2.748546 -0.096920 25.028177 -2.997030 -0.096158 25.028158 -3.062845 -0.087094 25.024494 7.829528 -0.008336 25.028183 7.826624 -0.096920 25.971313 7.564876 -0.008336 25.028181 6.971521 -0.096920 26.280825 -1.889765 -0.008336 26.277515 -1.892681 -0.096920 26.578798 -1.892992 -0.025035 26.497229 -1.894555 -0.010149 17.959572 -2.485842 -0.007562 17.765425 -1.892682 -0.048462 17.866066 -1.892682 -0.082884 17.969389 -1.892682 -0.095689 26.494463 -1.892681 -0.096158 26.561249 -1.892681 -0.087094 26.588062 -1.892681 -0.055363 19.058899 -2.485842 -0.008336 26.403934 -1.892992 -0.008336 19.059088 -1.892681 -0.096920 26.404123 -1.892681 -0.096920 17.563454 -1.892552 -0.135894 17.460653 -1.892496 -0.145915 17.557819 -2.485842 -0.091347 17.521019 -2.485843 -0.090581 25.971312 -2.485840 -0.008336 25.028177 -1.892680 -0.096920 7.824049 -3.089613 -0.083017 7.820972 -3.081127 -0.052781 7.818133 -3.000089 -0.038015 7.819726 2.539334 -0.036094 7.827857 2.539334 -0.124457 7.820452 -2.903521 -0.036068 16.298283 8.162157 0.396718 7.827864 -2.902033 -0.124471 16.283588 8.159052 0.416829 7.827780 8.074959 -0.123684 16.217886 8.140852 0.360058 7.522722 8.064144 -0.069605 16.281286 8.078016 0.438702 16.313433 8.077808 0.395185 16.217102 8.076485 0.355905 7.543840 8.072872 -0.130090 7.516643 8.070715 -0.100208 7.611083 8.162806 -0.095154 7.613631 8.153347 -0.066262 7.612366 8.139240 -0.126091 7.606472 8.079859 -0.135222 16.121574 8.167727 0.379113 16.117754 8.159054 0.407959 16.116032 8.141920 0.346725 16.115910 8.078016 0.423689 16.114321 8.075161 0.338008 15.027395 8.074970 0.276461 7.701503 8.074959 -0.130702 15.026564 8.140783 0.285502 7.700707 8.140768 -0.121660 15.023651 8.167538 0.317155 7.698143 8.167473 -0.090020 15.020868 8.159052 0.347407 7.694296 8.158764 -0.059940 15.019501 8.078014 0.362255 7.683592 8.078573 -0.045453 16.281303 7.979960 0.441989 16.115732 7.979960 0.425694 15.019335 7.979959 0.364064 7.691967 7.982779 -0.043071 7.598999 7.992184 -0.049921 7.520576 7.980784 -0.069416 7.514210 7.979490 -0.100224 7.543932 7.979906 -0.130374 7.611395 7.979949 -0.135710 7.701572 7.979949 -0.131462 15.027466 7.979959 0.275700 16.114208 7.979960 0.337334 16.216066 7.979960 0.355752 16.313259 7.979960 0.395175 7.543121 8.120970 -0.125242 7.532662 8.128000 -0.099537 7.542238 8.115984 -0.070398 7.562760 8.133228 -0.123334 7.552448 8.138126 -0.098911 7.583714 8.067385 -0.051437 7.608025 8.087549 -0.052121 7.561442 8.126825 -0.073233 7.604656 8.072208 -0.048934 7.543755 8.141071 -0.099043 7.552876 8.127392 -0.070747 16.425646 8.158951 0.418636 16.440712 8.159037 0.435623 16.453020 8.077976 0.450944 16.423937 8.077948 0.416585 16.454777 7.979861 0.453204 16.423937 7.979830 0.416584 16.307117 7.978999 0.376576 16.311552 8.158907 0.376988 16.342258 8.158951 0.379229 16.298523 8.077459 0.283591 16.304239 8.158882 0.287415 16.385292 7.978613 0.340749 16.371283 8.077702 0.378243 16.343676 8.158888 0.313679 16.380165 8.077473 0.337428 16.307117 8.077621 0.376576 16.298523 7.978583 0.283591 16.375381 7.979183 0.378010 7.826948 8.140772 -0.114642 7.824034 8.167528 -0.082988 7.520614 -2.750752 -0.069474 7.600574 -2.761718 -0.050106 16.115746 -2.749122 0.425667 16.281319 -2.749122 0.441963 16.313276 -2.748549 0.395148 16.216082 -2.748548 0.355725 16.114222 -2.748548 0.337307 7.611408 -2.748559 -0.135738 7.543946 -2.748559 -0.130399 7.514223 -2.748559 -0.100237 15.019350 -2.749052 0.364037 7.692444 -2.749265 -0.043182 15.027479 -2.748549 0.275673 7.701588 -2.748559 -0.131489 16.454788 -2.748435 0.453187 16.423950 -2.748424 0.416565 16.307112 -2.747638 0.376581 16.298517 -2.747246 0.283597 16.298300 -3.084216 0.396688 16.283606 -3.081112 0.416800 16.217901 -3.062912 0.360029 7.522736 -2.986230 -0.069633 16.281301 -3.000078 0.438675 16.313450 -2.999869 0.395157 16.217117 -2.998546 0.355877 7.543856 -2.994957 -0.130118 7.516657 -2.992803 -0.100237 7.611098 -3.084893 -0.095183 7.613647 -3.075431 -0.066290 7.612381 -3.061325 -0.126119 7.606486 -3.001944 -0.135250 16.121592 -3.089787 0.379085 16.117769 -3.081115 0.407931 16.116047 -3.063980 0.346697 16.115923 -3.000078 0.423661 16.114334 -2.997222 0.337980 7.520607 2.539333 -0.069461 7.600568 2.539333 -0.050093 16.319437 2.543342 0.397546 16.216076 2.539345 0.355738 16.114216 2.539345 0.337320 7.611403 2.539334 -0.135724 7.543940 2.539334 -0.130386 7.514216 2.539333 -0.100223 15.027411 -2.997034 0.276432 7.701517 -2.997044 -0.130730 15.026579 -3.062848 0.285474 7.700722 -3.062853 -0.121688 15.023666 -3.089602 0.317127 7.698156 -3.089560 -0.090048 15.020882 -3.081117 0.347379 7.694311 -3.080849 -0.059968 15.019516 -3.000079 0.362227 7.683607 -3.000660 -0.045481 7.693449 2.539334 -0.043112 15.027472 2.539344 0.275687 7.701581 2.539334 -0.131476 16.281319 -2.902021 0.441962 16.115746 -2.902022 0.425667 15.019350 -2.902023 0.364037 7.691981 -2.904865 -0.043099 7.599014 -2.914270 -0.049949 7.520591 -2.902869 -0.069443 7.514225 -2.901576 -0.100251 7.543947 -2.901990 -0.130402 7.611409 -2.902033 -0.135738 7.701588 -2.902033 -0.131490 15.027479 -2.902023 0.275673 16.114222 -2.902021 0.337306 16.216082 -2.902022 0.355724 16.313276 -2.902021 0.395147 7.543137 -3.043055 -0.125270 7.532677 -3.050085 -0.099565 7.542253 -3.038070 -0.070427 7.562775 -3.055314 -0.123363 7.552462 -3.060212 -0.098940 7.583730 -2.989471 -0.051465 7.608038 -3.009635 -0.052149 7.561458 -3.048910 -0.073262 7.604671 -2.994293 -0.048962 7.557257 -3.052094 -0.127445 7.543769 -3.063157 -0.099071 7.552889 -3.049478 -0.070775 16.425659 -3.081012 0.418616 16.440722 -3.081099 0.435604 16.453032 -3.000037 0.450926 16.423950 -3.000007 0.416565 16.422903 1.917753 0.417444 16.454786 -2.901921 0.453187 16.423950 -2.901891 0.416565 16.310461 2.543342 0.382841 16.307112 -2.901058 0.376581 16.298521 2.539346 0.283594 16.311546 -3.080967 0.376994 16.342253 -3.081011 0.379234 16.298517 -2.999520 0.283597 16.304234 -3.080944 0.287421 16.385286 -2.900673 0.340754 16.371277 -2.999762 0.378249 16.343670 -3.080949 0.313686 16.380157 -2.999534 0.337434 16.307112 -2.999682 0.376581 16.298517 -2.900642 0.283597 16.375376 -2.901242 0.378016 16.375381 -2.744758 0.378015 7.820957 8.159042 -0.052753 16.385288 -2.746754 0.340755 7.818119 8.078003 -0.037987 7.820436 7.981435 -0.036040 7.827849 7.979948 -0.124444 7.813128 -2.752368 -0.036474 7.827865 -2.748559 -0.124471 7.813114 7.830388 -0.036447 7.827849 7.826611 -0.124444 7.520599 7.828804 -0.069448 7.600561 7.839768 -0.050079 16.115732 7.827198 0.425694 16.281303 7.827198 0.441989 16.313259 7.826623 0.395175 16.216066 7.826623 0.355751 16.114208 7.826623 0.337333 7.611395 7.826611 -0.135711 7.543932 7.826611 -0.130372 7.514210 7.826611 -0.100210 15.019337 7.827123 0.364064 7.692429 7.827317 -0.043155 15.027466 7.826621 0.275700 7.701572 7.826611 -0.131462 16.454779 7.827101 0.453204 16.423937 7.826500 0.416584 16.307117 7.825714 0.376577 16.298523 7.825321 0.283591 16.375381 7.826378 0.378008 16.385294 7.825420 0.340749 7.827794 -2.997044 -0.123712 7.826962 -3.062858 -0.114670 7.816232 6.968604 -0.036276 7.827850 6.971507 -0.124446 7.520599 6.971819 -0.069450 7.600563 6.973382 -0.050081 16.115746 -2.490436 0.425668 16.115734 7.569465 0.425693 16.313261 6.972510 0.395173 16.216068 6.971520 0.355749 16.114208 6.971520 0.337331 7.611396 6.971507 -0.135713 7.543934 6.971507 -0.130374 7.514211 6.971507 -0.100212 16.375414 -2.461405 0.378014 7.693443 6.971819 -0.043101 15.027468 6.971517 0.275698 7.701573 6.971507 -0.131465 16.375389 7.568781 0.377991 16.423939 6.977448 0.416583 16.307117 6.972382 0.376576 16.298521 6.971334 0.283591 15.019337 7.568888 0.364063 16.385294 7.565429 0.340744 9.070131 -3.089612 -0.013762 9.067348 -3.081125 0.016490 9.065982 -3.000087 0.031338 8.124946 2.539334 -0.019130 9.073939 2.539336 -0.055202 9.065815 -2.902032 0.033148 9.073946 -2.902031 -0.055216 9.073862 8.074961 -0.054428 9.073030 8.140776 -0.045386 9.070117 8.167532 -0.013733 9.067333 8.159044 0.016519 9.065968 8.078007 0.031366 9.065802 7.979950 0.033175 9.073933 7.979950 -0.055189 9.069304 -2.751544 0.033342 9.073946 -2.748558 -0.055215 9.073875 -2.997042 -0.054457 9.073044 -3.062856 -0.045415 9.069290 7.829589 0.033369 9.073932 7.826614 -0.055189 8.124938 7.567156 -0.019118 9.073933 6.971509 -0.055191 7.816242 -1.889779 -0.036299 7.827864 -1.892694 -0.124469 7.520614 -1.893007 -0.069472 7.600574 -1.894568 -0.050104 16.313274 -1.892682 0.395150 16.216082 -1.892682 0.355727 16.114222 -1.892682 0.337309 7.611408 -1.892694 -0.135735 7.543945 -1.892694 -0.130397 7.514223 -1.892695 -0.100235 7.693455 -1.893006 -0.043123 15.027479 -1.892683 0.275675 7.701586 -1.892694 -0.131487 16.423948 -1.892664 0.416567 16.307114 -1.892552 0.376581 16.298517 -1.892497 0.283596 16.385296 -2.481674 0.340755 8.124951 -2.488153 -0.019143 9.073944 -1.892692 -0.055214 16.454784 -2.485693 0.453191 16.281319 -2.490437 0.441963 16.281305 7.569465 0.441988 16.454779 7.569447 0.453205 15.019346 -2.489863 0.364038 16.166496 7.704249 0.343940 16.166498 6.971520 0.343939 16.216068 7.704249 0.355751 16.166496 7.826623 0.343941 16.114208 7.704249 0.337333 16.367340 2.560428 0.406680 16.419781 2.565712 0.420055 7.524834 7.704236 -0.117152 7.524834 6.971507 -0.117154 7.543932 7.704236 -0.130373 7.524833 7.826611 -0.117152 7.514210 7.704236 -0.100210 7.749557 5.052069 -0.128803 7.749553 6.971507 -0.128798 7.701577 5.052069 -0.131470 7.749558 2.539334 -0.128809 7.827854 5.052069 -0.124451 16.266100 -2.625764 0.375801 16.266098 -1.892682 0.375803 16.216082 -2.625764 0.355725 16.266100 -2.748548 0.375800 16.313276 -2.625764 0.395148 16.402630 7.703482 0.324514 16.402630 7.564874 0.324513 16.385294 7.703802 0.340747 16.402630 7.825278 0.324514 7.741426 5.052069 -0.040439 7.741422 6.971507 -0.040434 7.819724 5.052069 -0.036087 7.741428 2.539334 -0.040445 7.693446 5.052069 -0.043106 7.646667 -2.630774 -0.045725 7.646667 -1.893944 -0.045724 7.693457 -2.627026 -0.043125 7.646667 -2.757332 -0.045726 7.600576 -2.633273 -0.050106 16.323790 7.703482 0.231553 16.323790 6.971328 0.231553 16.323790 7.825278 0.231553 16.298521 7.703507 0.283590 7.901656 -2.579136 -0.031554 7.943523 -1.881033 -0.029225 7.957479 -2.625776 -0.028451 7.805778 -2.614117 -0.036883 7.957471 5.052069 -0.028432 7.943512 6.959893 -0.029203 8.124942 5.052069 -0.019124 7.957473 2.539334 -0.028438 16.285160 7.703583 0.329438 16.285160 6.971353 0.329438 16.285160 7.825455 0.329438 16.307117 7.703732 0.376577 7.554676 5.052069 -0.058092 7.554673 6.972756 -0.058087 7.600566 5.052069 -0.050086 7.554679 2.539333 -0.058098 7.520604 5.052069 -0.069455 16.056038 5.052081 0.332859 16.056034 6.971520 0.332864 15.027470 5.052080 0.275693 16.056042 2.539345 0.332853 16.114212 5.052083 0.337326 16.354309 5.067936 0.404792 16.423941 5.075863 0.416579 16.354305 6.975483 0.404797 16.313263 5.056045 0.395168 7.573619 5.052069 -0.135527 7.573616 6.971507 -0.135522 7.543937 5.052069 -0.130379 7.573623 2.539334 -0.135533 7.611400 5.052069 -0.135718 7.509959 5.052069 -0.083906 7.509956 6.971507 -0.083901 7.509963 2.539333 -0.083912 7.514215 5.052069 -0.100217 16.266085 7.704249 0.375827 16.266085 6.971520 0.375825 16.313259 7.704249 0.395175 16.266085 7.826623 0.375828 7.646654 7.709234 -0.045699 7.646654 6.972756 -0.045701 7.600561 7.711733 -0.050079 7.646653 7.835383 -0.045699 7.693442 7.705485 -0.043099 8.013304 -2.672416 -0.025348 9.079771 -2.637721 0.033924 7.971436 -2.760219 -0.027676 12.064004 0.026717 0.110975 9.073941 0.026713 -0.055209 12.064006 -1.892688 0.110970 15.027479 0.026721 0.275680 12.064000 2.539340 0.110981 12.055862 7.914991 0.199359 9.065801 7.914987 0.033175 12.055862 7.979955 0.199359 15.019335 7.914995 0.364064 12.055862 7.826904 0.199358 7.965597 7.704237 -0.116789 9.073933 7.704239 -0.055189 7.965597 7.826611 -0.116789 7.827850 7.704237 -0.124445 7.965598 6.971509 -0.116791 7.965332 -3.034153 -0.113777 9.073667 -3.034151 -0.052177 7.965542 -2.997043 -0.116056 7.827585 -3.034153 -0.121432 7.964710 -3.062857 -0.107014 12.056528 8.124254 0.192122 9.066467 8.124250 0.025939 12.057394 8.159048 0.182702 15.020000 8.124256 0.356828 12.056028 8.078011 0.197550 12.063993 7.914991 0.110995 9.073932 7.914987 -0.055189 12.063993 7.826618 0.110994 15.027466 7.914995 0.275700 12.063993 7.979955 0.110995 7.957466 8.032097 -0.028424 9.065802 8.032099 0.033176 7.957466 7.979949 -0.028424 7.818541 8.032097 -0.036145 7.957632 8.078003 -0.030233 7.960281 -3.092687 -0.058898 9.068617 -3.092685 0.002701 7.961796 -3.089612 -0.075361 7.822535 -3.092687 -0.066554 7.959013 -3.081126 -0.045109 12.056542 -3.046327 0.192094 9.066481 -3.046330 0.025911 12.056043 -3.000082 0.197522 15.020016 -3.046323 0.356800 12.057409 -3.081120 0.182673 12.064007 -2.837063 0.110968 9.073946 -2.837067 -0.055216 12.064007 -2.902028 0.110967 15.027481 -2.837058 0.275673 12.064007 -2.748553 0.110968 7.957479 -2.954181 -0.028452 9.065815 -2.954179 0.033148 7.957647 -3.000089 -0.030261 7.818556 -2.954183 -0.036173 7.957481 -2.902034 -0.028452 7.965612 -2.954180 -0.116816 9.073946 -2.954179 -0.055216 7.965611 -2.902032 -0.116816 7.827866 -2.954181 -0.124472 12.064007 -2.625769 0.110968 9.073946 -2.625773 -0.055215 15.027479 -2.625766 0.275674 12.061798 -3.080501 0.134978 9.071736 -3.080504 -0.031205 12.060193 -3.089608 0.152421 15.025270 -3.080497 0.299684 12.063106 -3.062851 0.120769 16.196987 7.706544 0.432291 16.115732 7.706544 0.425694 16.196985 7.827198 0.432291 16.281305 7.706544 0.441988 16.196987 7.569465 0.432290 7.965317 8.112068 -0.113749 9.073652 8.112070 -0.052149 7.964695 8.140774 -0.106986 7.827571 8.112068 -0.121404 7.965527 8.074961 -0.116028 7.960267 8.170603 -0.058870 9.068603 8.170605 0.002730 7.958998 8.159042 -0.045081 7.822521 8.170601 -0.066526 7.961782 8.167528 -0.075333 7.963387 8.158422 -0.092776 9.071722 8.158426 -0.031176 7.825640 8.158422 -0.100432 12.063993 8.032104 0.110995 9.073933 8.032099 -0.055189 15.027466 8.032106 0.275700 12.063923 8.074966 0.111755 12.055876 -2.837063 0.199331 9.065815 -2.837068 0.033148 12.055876 -2.748841 0.199332 15.019350 -2.837059 0.364037 12.055877 -2.902028 0.199331 12.063997 5.052076 0.110987 9.073936 5.052072 -0.055196 12.063994 6.971513 0.110992 16.367424 -2.616828 0.356940 16.375395 -2.613126 0.378015 16.367439 -2.469169 0.356939 16.385292 -2.622954 0.340755 16.367413 -2.745412 0.356940 7.901642 7.657778 -0.031528 7.957466 7.704237 -0.028425 7.805763 7.692622 -0.036856 7.741434 -2.625776 -0.040458 7.741434 -1.892694 -0.040457 7.737387 -2.742612 -0.040684 16.422567 0.026723 0.414876 16.422567 -1.892612 0.414876 16.307116 0.026723 0.376580 16.423944 0.026723 0.416570 16.323788 0.026723 0.231558 16.323786 -1.892490 0.231558 16.323790 2.539346 0.231556 16.298519 0.026723 0.283596 7.749565 -2.625775 -0.128822 7.749565 -1.892694 -0.128821 7.701588 -2.625775 -0.131489 7.749565 -2.748559 -0.128823 7.827865 -2.625774 -0.124471 16.166508 0.026722 0.343921 16.166510 -1.892682 0.343916 16.216078 0.026723 0.355731 16.166506 2.539345 0.343928 16.114218 0.026723 0.337313 16.354317 0.026723 0.404779 16.354319 -1.892682 0.404774 16.313272 0.026723 0.395155 7.524847 -2.625775 -0.117178 7.524847 -1.892694 -0.117176 7.514223 -2.625775 -0.100236 7.524847 -2.748560 -0.117179 7.543946 -2.625775 -0.130399 7.965607 0.026712 -0.116808 7.965611 -1.892693 -0.116813 7.965604 2.539334 -0.116802 7.827860 0.026711 -0.124464 16.197001 -2.628060 0.432265 16.281319 -2.628060 0.441963 16.197001 -2.749122 0.432264 16.115746 -2.628060 0.425667 16.197001 -2.490436 0.432265 7.573626 0.026711 -0.135539 7.573628 -1.892694 -0.135544 7.611405 0.026711 -0.135731 7.543942 0.026711 -0.130392 7.509970 -2.625775 -0.083925 7.509970 -1.892694 -0.083923 7.520614 -2.627025 -0.069474 7.509970 -2.748560 -0.083926 7.757627 -2.860860 -0.039559 7.741436 -2.837069 -0.040459 7.823782 -2.843017 -0.035882 7.744306 -2.907982 -0.040300 16.285156 -2.625099 0.329443 16.285156 -1.892516 0.329443 16.307112 -2.625245 0.376581 16.285156 -2.747380 0.329443 16.298517 -2.625023 0.283597 7.654799 -2.625775 -0.134090 7.654798 -1.892694 -0.134088 7.611408 -2.625775 -0.135737 7.654799 -2.748559 -0.134090 18.027643 -2.837057 -0.008336 18.027643 -2.748546 -0.008336 19.058897 -2.837056 -0.008336 18.027643 -2.902020 -0.008336 17.959572 -2.837057 -0.007562 17.585615 -2.625548 -0.043734 17.585615 -2.748170 -0.043733 17.557819 -2.625344 -0.091347 17.585615 -2.485842 -0.043734 26.355829 0.026724 -0.008336 26.277327 0.026724 -0.008336 26.355833 2.539347 -0.008336 26.403934 0.026724 -0.008336 26.355829 -1.892681 -0.008336 17.618834 -2.625481 -0.081839 17.618834 -2.748052 -0.081839 17.618834 -1.892610 -0.081839 17.563452 -2.625245 -0.135894 17.404657 -2.624996 -0.135486 17.404657 -2.747201 -0.135486 17.460653 -2.625023 -0.145915 17.404659 -1.892489 -0.135486 26.356018 0.026724 -0.096920 26.277515 0.026724 -0.096920 26.356018 -1.892681 -0.096920 26.404123 0.026724 -0.096920 26.356020 2.539347 -0.096920 17.543356 -2.835846 -0.098879 17.543356 -2.747495 -0.098879 17.557819 -2.836211 -0.091347 17.543356 -2.900907 -0.098879 17.521019 -2.835592 -0.090581 17.508492 -2.835712 -0.153422 17.508492 -2.747379 -0.153422 17.460653 -2.835558 -0.145915 17.508492 -2.900783 -0.153422 17.563452 -2.836011 -0.135894 26.451033 -2.837056 -0.096920 26.451033 -2.748547 -0.096920 26.404123 -2.837056 -0.096920 26.451033 -2.902020 -0.096920 26.494463 -2.837056 -0.096158 26.543749 -2.847154 -0.015591 26.543749 -2.757318 -0.015591 26.578798 -2.839581 -0.025035 26.543831 -2.909535 -0.015451 26.497229 -2.852203 -0.010149 17.916616 -2.625763 -0.091998 17.916616 -2.748546 -0.091998 17.969389 -2.625762 -0.095689 17.916616 -1.892681 -0.091998 17.866066 -2.625763 -0.082884 17.723583 -2.625763 -0.041056 17.723581 -2.748546 -0.041056 17.765423 -2.625763 -0.048462 17.723583 -1.892681 -0.041056 26.579058 0.026724 -0.072849 26.588064 0.026724 -0.055363 26.579060 2.539347 -0.072849 26.561251 0.026724 -0.087094 26.579058 -1.892681 -0.072849 26.139408 -2.625762 -0.096920 26.139408 -2.748546 -0.096920 26.277515 -2.625762 -0.096920 26.139408 -1.892680 -0.096920 25.028177 -2.625763 -0.096920 18.027830 -2.837057 -0.096920 18.027830 -2.748546 -0.096920 17.969389 -2.837057 -0.095689 18.027830 -2.902020 -0.096920 19.059088 -2.837056 -0.096920 18.027643 -2.625762 -0.008336 19.058897 -2.625762 -0.008336 17.959572 -2.625762 -0.007562 18.027643 -2.485842 -0.008336 26.532127 -2.625762 -0.093874 26.532127 -2.748547 -0.093874 26.561249 -2.625762 -0.087094 26.532127 -1.892681 -0.093874 26.494463 -2.625762 -0.096158 17.714787 -2.837057 0.009545 17.714787 -2.748546 0.009545 17.714787 -2.902020 0.009545 26.590775 0.026724 -0.038858 26.578802 0.026724 -0.025035 26.590776 2.539347 -0.038858 26.590773 -1.892681 -0.038858 17.814293 -2.837057 -0.065388 17.814293 -2.748546 -0.065388 17.765423 -2.837057 -0.048462 17.814293 -2.902020 -0.065388 17.866066 -2.837057 -0.082884 26.450844 -2.847154 -0.008336 26.450844 -2.757318 -0.008336 26.456606 -2.910196 -0.008057 26.407991 -2.833633 -0.008336 17.499481 7.913447 -0.076274 17.499481 7.825278 -0.076274 17.499481 7.978535 -0.076274 17.521023 7.913532 -0.090585 26.139223 7.914998 -0.008336 26.273273 7.920946 -0.008336 26.125231 7.838239 -0.008336 25.027992 7.914997 -0.008336 26.139223 7.979963 -0.008336 18.027647 7.914998 -0.008335 18.027647 7.826624 -0.008335 17.959576 7.914998 -0.007562 18.027647 7.979962 -0.008335 19.058903 7.914997 -0.008335 26.543751 0.026724 -0.015590 26.497229 0.026724 -0.010149 26.543753 2.539347 -0.015590 26.543749 -1.893930 -0.015591 26.339600 7.938789 -0.008336 26.352957 7.985910 -0.008336 26.355833 7.914998 -0.008336 17.618834 5.052083 -0.081842 17.563454 5.052083 -0.135896 17.618837 2.539347 -0.081841 17.618834 6.971449 -0.081842 17.404661 7.913447 -0.135490 17.404661 7.825278 -0.135490 17.460653 7.913498 -0.145918 17.404661 7.978535 -0.135490 22.030308 7.704250 -0.096920 22.030308 7.826624 -0.096920 19.059092 7.704249 -0.096920 22.030306 6.971520 -0.096920 25.028181 7.704252 -0.096920 17.543358 7.913786 -0.098883 17.543358 7.825572 -0.098883 17.543358 7.978848 -0.098883 17.557821 7.914151 -0.091350 17.508492 7.913652 -0.153426 17.508492 7.825456 -0.153426 17.563454 7.913949 -0.135897 17.508492 7.978724 -0.153426 26.451038 7.704250 -0.096920 26.451038 7.826624 -0.096920 26.404125 7.704250 -0.096920 26.451036 6.971521 -0.096920 26.494467 7.704250 -0.096158 26.543753 7.925096 -0.015590 26.543753 7.835395 -0.015590 26.497232 7.930144 -0.010149 26.543835 7.987476 -0.015451 26.578804 7.917522 -0.025035 17.916618 5.052083 -0.091998 17.866068 5.052083 -0.082884 17.916618 2.539347 -0.091998 17.969393 5.052083 -0.095689 17.916620 6.971520 -0.091997 17.723583 7.704249 -0.041057 17.723583 7.826624 -0.041057 17.723583 6.971520 -0.041057 17.765427 7.704249 -0.048463 26.579060 5.052083 -0.072849 26.561253 5.052083 -0.087094 26.588064 5.052083 -0.055363 26.579062 6.971521 -0.072849 26.356022 7.704250 -0.096920 26.356022 7.826624 -0.096920 26.277519 7.704250 -0.096920 26.356022 6.971521 -0.096920 18.027836 7.914998 -0.096920 18.027836 7.826624 -0.096920 19.059090 7.914997 -0.096920 18.027836 7.979962 -0.096920 17.969395 7.914998 -0.095689 17.877913 7.914998 -0.005242 17.877913 7.826624 -0.005242 17.877913 7.979962 -0.005242 26.532131 7.914998 -0.093873 26.532131 7.826624 -0.093873 26.561253 7.914998 -0.087094 26.532131 7.979963 -0.093873 26.494467 7.914998 -0.096158 17.714787 7.704249 0.009543 17.714787 7.826624 0.009543 17.714787 7.564875 0.009543 26.590778 7.914998 -0.038858 26.590778 7.826624 -0.038858 26.590778 7.978990 -0.038868 26.588066 7.914998 -0.055363 17.814297 7.914998 -0.065389 17.814297 7.826624 -0.065389 17.866070 7.914998 -0.082884 17.814297 7.979962 -0.065389 17.765427 7.914998 -0.048463 26.450850 7.925096 -0.008336 26.450850 7.835395 -0.008336 26.407997 7.911574 -0.008336 26.456610 7.988139 -0.008057 26.372063 -2.813265 -0.008336 26.359888 -2.742598 -0.008336 26.355829 -2.837056 -0.008336 22.030296 -3.034140 -0.093873 22.030302 -2.997030 -0.096158 19.059080 -3.034140 -0.093873 22.030283 -3.062845 -0.087094 25.028172 -3.034139 -0.093873 17.610979 -3.092635 -0.072796 17.616871 -3.080992 -0.079578 17.563261 -3.092614 -0.124279 17.602900 -3.081059 -0.063511 26.473886 -2.956376 -0.007221 26.503399 -2.957366 -0.009174 26.498623 -2.992162 -0.008916 26.456968 -2.959216 -0.007360 17.428183 -3.092586 -0.120586 17.410540 -3.080940 -0.131761 17.451799 -3.080940 -0.105735 17.476795 -3.092588 -0.131295 26.560638 -3.058565 -0.040749 26.562761 -3.061073 -0.055756 26.556597 -3.060577 -0.041194 26.550123 -3.047620 -0.027424 26.567816 -3.047486 -0.040457 26.355972 8.158436 -0.072849 26.277468 8.158436 -0.072849 26.356001 8.140787 -0.087094 26.403929 8.158415 -0.072855 26.355934 8.167542 -0.055362 26.560968 -3.059353 -0.071997 26.555019 -3.049528 -0.085268 26.557020 -3.061104 -0.071857 26.566610 -3.049141 -0.072141 17.594370 -3.046229 -0.053743 17.560444 -3.046145 -0.102005 17.587803 -2.999915 -0.046236 26.526743 -3.024032 -0.016232 26.524250 -3.025864 -0.016812 26.534092 -3.018455 -0.016711 17.585615 -2.953882 -0.043733 17.557819 -2.953610 -0.091347 17.585615 -2.901620 -0.043733 17.585615 -2.836621 -0.043733 17.475594 -3.046006 -0.090979 17.506981 -3.046022 -0.103628 17.493509 -2.999501 -0.079947 26.139240 8.124262 -0.015590 26.278526 8.124262 -0.015590 26.139229 8.078018 -0.010149 25.028008 8.124262 -0.015590 26.139259 8.159056 -0.025035 17.618834 -2.836488 -0.081839 17.618834 -2.901498 -0.081839 17.618834 -2.953793 -0.081839 17.563454 -2.953477 -0.135893 17.618834 -2.999853 -0.081839 17.404657 -2.835507 -0.135486 17.404657 -2.900595 -0.135486 26.139412 7.914998 -0.096920 26.277519 7.914998 -0.096920 26.139412 7.979963 -0.096920 25.028183 7.914997 -0.096920 26.139412 7.826625 -0.096920 17.618834 -3.046160 -0.081839 17.563454 -3.046086 -0.135893 17.543356 -2.625164 -0.098879 17.521019 -2.625038 -0.090581 17.543356 -2.485843 -0.098879 17.508492 -2.953281 -0.153422 17.460651 -2.953180 -0.145914 17.508492 -2.999574 -0.153422 22.030119 8.032110 -0.008335 22.030119 7.979962 -0.008335 19.058903 8.032108 -0.008335 22.030123 8.078018 -0.010149 25.027992 8.032112 -0.008336 17.519085 -3.092600 -0.138681 17.511139 -3.080951 -0.149736 17.528740 -3.080972 -0.124492 17.404659 -3.046006 -0.135486 17.460651 -3.046015 -0.145914 17.404659 -2.999501 -0.135486 26.356022 8.032110 -0.096920 26.277519 8.032110 -0.096920 26.356022 7.979963 -0.096920 26.404125 8.032110 -0.096920 26.356020 8.074974 -0.096158 17.536516 -3.046072 -0.111409 17.541645 -2.999628 -0.102011 17.508492 0.026724 -0.153423 17.508493 2.539346 -0.153424 17.460653 0.026723 -0.145915 17.508492 -1.892515 -0.153422 17.563456 0.026724 -0.135895 17.508492 -3.046039 -0.153422 17.499481 -2.953145 -0.076270 17.499481 -2.900594 -0.076270 17.521019 -2.953201 -0.090581 17.543356 -2.953371 -0.098879 26.451027 -3.034140 -0.093874 26.451031 -2.997031 -0.096159 26.404116 -3.034140 -0.093874 26.450865 -3.062824 -0.087101 26.492704 -3.036588 -0.093122 17.719379 -3.046320 -0.005401 17.715935 -3.000076 0.005808 17.722776 -3.081110 -0.019199 26.525106 -3.043933 -0.090865 26.529959 -3.032614 -0.091981 26.525434 -3.056816 -0.085158 26.523224 -3.072116 -0.041736 26.517952 -3.063894 -0.030032 26.547451 -3.058697 -0.042909 26.526045 -3.071808 -0.055993 26.488163 -3.086966 -0.040093 26.526264 -3.066408 -0.072001 26.548763 -3.057348 -0.071431 26.492228 -3.076869 -0.072671 26.578436 -3.023130 -0.039790 26.569983 -3.017375 -0.026785 26.587690 -2.989420 -0.039139 26.578348 -3.026339 -0.055612 18.027708 -3.092674 -0.038858 18.027678 -3.081113 -0.025035 19.058964 -3.092674 -0.038858 18.027742 -3.089600 -0.055362 17.957937 -3.092672 -0.038560 17.723778 -3.092658 -0.030701 17.723631 -3.081018 -0.038467 17.877909 -2.954168 -0.005241 17.877909 -2.902020 -0.005241 17.959572 -2.954168 -0.007562 17.877943 -3.000076 -0.007842 26.544077 -2.953728 -0.015033 26.578882 -2.949889 -0.024905 26.545719 -2.985152 -0.015587 17.811504 -3.043219 -0.065388 17.861881 -3.040193 -0.082503 17.813595 -2.999301 -0.065388 17.764727 -3.045489 -0.048462 17.829136 -3.074949 -0.066321 26.532127 -2.954168 -0.093874 26.561249 -2.953996 -0.087104 26.532127 -2.902020 -0.093874 26.494463 -2.954168 -0.096159 26.535263 -2.995425 -0.093246 17.871181 -3.092665 -0.037665 17.871792 -3.090345 -0.051339 17.876392 -3.081113 -0.026350 17.887609 -3.083513 -0.069118 17.905874 -3.067384 -0.084374 17.962099 -3.081249 -0.071916 18.027781 -3.080494 -0.072849 19.059036 -3.080495 -0.072849 18.027809 -3.062845 -0.087094 17.878042 -3.046320 -0.015643 17.959616 -3.046319 -0.015604 17.714787 -2.954168 0.009545 18.027658 -3.046319 -0.015590 18.027647 -3.000076 -0.010149 19.058914 -3.046320 -0.015590 26.451035 0.026724 -0.096920 26.451033 -1.892681 -0.096920 26.494465 0.026724 -0.096158 26.451036 2.539347 -0.096920 17.913824 -3.037167 -0.090474 17.915918 -2.997788 -0.091617 17.968687 -3.034897 -0.093024 26.543749 -2.630761 -0.015591 26.578798 -2.627012 -0.025035 26.497229 -2.633260 -0.010149 17.723583 -3.046246 -0.041056 17.723583 -3.000058 -0.041056 26.590775 -2.950282 -0.038897 26.590773 -2.901048 -0.038868 26.588064 -2.952335 -0.055420 17.916616 -2.837057 -0.091998 17.916616 -2.902020 -0.091998 17.723581 -2.837057 -0.041056 17.723583 -2.902020 -0.041056 26.544672 -3.027714 -0.091364 26.561506 -3.026654 -0.085902 17.814293 -2.954168 -0.065388 17.866066 -2.954168 -0.082884 17.765423 -2.954168 -0.048462 26.555387 -3.057736 -0.042321 26.557390 -3.060081 -0.056059 26.545420 -3.046990 -0.029888 26.579058 -2.837056 -0.072849 26.579058 -2.748547 -0.072849 26.561249 -2.837056 -0.087094 26.579058 -2.901847 -0.072859 26.588062 -2.837056 -0.055363 26.572718 -3.026854 -0.072483 26.577475 -2.994347 -0.072806 26.454065 -2.974350 -0.007778 26.491322 -2.996819 -0.010139 26.455582 -3.002356 -0.010107 26.410643 -2.959214 -0.008196 26.510374 -3.043704 -0.021682 26.519407 -3.026857 -0.020169 26.485500 -3.042530 -0.017595 26.356010 -3.034140 -0.093874 26.356016 -2.997031 -0.096159 26.277508 -3.034140 -0.093874 26.355997 -3.062845 -0.087094 18.027824 -3.034140 -0.093873 18.027828 -2.997031 -0.096158 22.030180 -3.092673 -0.038858 22.030149 -3.081114 -0.025035 25.028055 -3.092673 -0.038858 22.030214 -3.089600 -0.055362 26.447725 -3.092219 -0.039271 26.447750 -3.080001 -0.025620 26.449415 -3.089382 -0.055499 26.403202 -3.092559 -0.038961 26.355967 -3.080493 -0.072849 26.277464 -3.080493 -0.072849 26.355928 -3.089600 -0.055362 26.403925 -3.080472 -0.072855 26.450396 -3.080410 -0.072876 26.139235 -3.046319 -0.015591 26.139223 -3.000076 -0.010149 26.278522 -3.046319 -0.015591 26.139254 -3.081113 -0.025035 25.028006 -3.046320 -0.015590 26.451923 -3.043810 -0.015976 26.410120 -3.045693 -0.015687 26.139408 -2.837056 -0.096920 26.277515 -2.837056 -0.096920 25.028177 -2.837056 -0.096920 26.139408 -2.902020 -0.096920 18.027834 0.026724 -0.096920 17.969391 0.026724 -0.095689 18.027832 -1.892681 -0.096920 19.059088 0.026724 -0.096920 18.027834 2.539347 -0.096920 22.030115 -2.954168 -0.008336 19.058899 -2.954168 -0.008336 22.030115 -2.902020 -0.008336 25.027990 -2.954168 -0.008336 22.030119 -3.000075 -0.010149 18.027643 -2.954168 -0.008336 17.877909 -2.837057 -0.005241 17.877909 -2.748546 -0.005241 26.532127 -2.837056 -0.093874 26.451033 -2.954168 -0.096920 26.404123 -2.954168 -0.096920 26.549992 -3.009226 -0.018364 26.590773 -2.837056 -0.038858 26.590773 -2.748547 -0.038858 17.916616 -2.954168 -0.091998 17.969389 -2.954168 -0.095689 17.723583 -2.954169 -0.041056 17.814295 0.026724 -0.065388 17.866066 0.026724 -0.082884 17.814295 2.539347 -0.065388 17.765425 0.026724 -0.048462 17.814293 -1.892681 -0.065388 26.522917 -3.023859 -0.018335 26.579058 -2.953478 -0.072888 26.450846 0.026724 -0.008336 26.450848 2.539347 -0.008336 26.450844 -1.893930 -0.008336 22.030302 -2.954168 -0.096920 19.059088 -2.954168 -0.096920 25.028177 -2.954168 -0.096920 22.030302 -2.902020 -0.096920 18.027830 -2.954168 -0.096920 17.499481 -2.835507 -0.076270 17.499481 -2.747201 -0.076270 26.139221 0.026724 -0.008336 26.153212 -1.881020 -0.008336 25.971312 0.026724 -0.008336 26.139223 2.539347 -0.008336 18.027830 -2.625762 -0.096920 19.059088 -2.625762 -0.096920 26.355894 -3.092674 -0.038858 26.277391 -3.092674 -0.038858 26.357046 -3.081113 -0.025035 26.355833 7.704250 -0.008336 26.291323 7.692636 -0.008336 26.359892 7.820677 -0.008336 26.403938 7.705499 -0.008336 26.355833 6.971521 -0.008336 18.027647 7.704249 -0.008335 19.058903 7.704249 -0.008335 18.027647 7.564875 -0.008335 17.959576 7.704249 -0.007562 17.404661 8.031084 -0.135490 17.460653 8.031118 -0.145918 17.404661 8.077440 -0.135490 26.139357 -3.080493 -0.072849 26.139387 -3.062844 -0.087094 25.028128 -3.080494 -0.072849 26.139318 -3.089600 -0.055362 26.555988 8.135950 -0.071526 26.557024 8.139048 -0.071857 26.557394 8.138023 -0.056059 26.548769 8.135290 -0.071430 17.610981 8.170576 -0.072800 17.602901 8.158998 -0.063514 17.563265 8.170555 -0.124283 17.616871 8.158932 -0.079582 26.473892 8.034317 -0.007221 26.456970 8.037159 -0.007360 26.498627 8.070107 -0.008916 26.503403 8.035309 -0.009174 17.428185 8.170525 -0.120591 17.476799 8.170528 -0.131299 17.451801 8.158880 -0.105739 17.410542 8.158880 -0.131765 26.560642 8.136507 -0.040748 26.567822 8.125427 -0.040457 26.550129 8.125561 -0.027424 26.556602 8.138519 -0.041194 26.562767 8.139015 -0.055756 26.360569 -3.046319 -0.015591 26.362919 -3.000076 -0.010149 26.560974 8.137297 -0.071997 26.566614 8.127083 -0.072140 26.555023 8.127470 -0.085267 17.594372 8.124168 -0.053747 17.587807 8.077854 -0.046239 17.560448 8.124084 -0.102009 26.526749 8.101974 -0.016232 26.534096 8.096397 -0.016710 26.524256 8.103806 -0.016811 17.585617 8.031822 -0.043737 17.585617 7.979560 -0.043737 17.557821 8.031549 -0.091350 17.585617 7.914561 -0.043737 17.585617 7.826245 -0.043737 17.475597 8.123947 -0.090982 17.493511 8.077440 -0.079951 17.506983 8.123962 -0.103632 26.356018 -2.837056 -0.096920 26.356018 -2.902020 -0.096920 26.356018 -2.748547 -0.096920 17.618835 7.914428 -0.081843 17.618835 7.979437 -0.081843 17.618835 7.826128 -0.081843 17.618835 8.031733 -0.081843 17.618835 8.077793 -0.081843 17.563454 8.031418 -0.135897 17.404659 5.052083 -0.135489 17.404659 2.539346 -0.135488 17.460653 5.052083 -0.145918 17.404659 6.971328 -0.135489 26.360554 -2.954168 -0.008336 26.278507 -2.954168 -0.008336 26.352953 -2.907968 -0.008336 17.618835 8.124100 -0.081843 17.563454 8.124023 -0.135897 17.543358 7.703650 -0.098883 17.557821 7.703830 -0.091350 17.543358 7.564873 -0.098882 17.521021 7.703524 -0.090585 17.508492 8.031221 -0.153426 17.508492 8.077515 -0.153426 26.356018 -2.954168 -0.096920 26.277515 -2.954168 -0.096920 17.519087 8.170538 -0.138685 17.528742 8.158913 -0.124496 17.511141 8.158892 -0.149740 17.404661 8.123947 -0.135490 17.460653 8.123953 -0.145918 26.083254 7.750709 -0.008336 26.139223 7.704250 -0.008336 25.014000 7.715864 -0.008336 17.536518 8.124012 -0.111413 17.541647 8.077566 -0.102015 17.508492 5.052083 -0.153425 17.508492 6.971354 -0.153426 17.508492 8.123978 -0.153426 17.499481 8.031084 -0.076274 17.521023 8.031141 -0.090585 17.543358 8.031309 -0.098883 26.451031 8.112082 -0.093873 26.492708 8.114531 -0.093121 26.450871 8.140766 -0.087101 26.404119 8.112082 -0.093873 26.451036 8.074974 -0.096158 17.719379 8.124260 -0.005403 17.722776 8.159052 -0.019201 17.715935 8.078018 0.005806 26.525112 8.121876 -0.090865 26.525440 8.134758 -0.085158 26.529964 8.110558 -0.091981 26.523230 8.150057 -0.041736 26.488167 8.164907 -0.040093 26.526049 8.149752 -0.055993 26.547455 8.136639 -0.042909 26.517958 8.141836 -0.030032 26.526270 8.144350 -0.072000 26.492233 8.154810 -0.072670 26.578440 8.101072 -0.039790 26.578354 8.104280 -0.055611 26.587694 8.067362 -0.039139 26.569986 8.095318 -0.026785 18.027712 8.170614 -0.038858 17.957943 8.170614 -0.038560 18.027748 8.167542 -0.055362 19.058968 8.170614 -0.038857 18.027683 8.159056 -0.025034 17.723778 8.170599 -0.030703 17.723633 8.158958 -0.038469 17.877913 8.032110 -0.005242 17.877945 8.078018 -0.007842 17.959576 8.032108 -0.007562 26.544081 8.031670 -0.015033 26.545723 8.063093 -0.015587 26.578886 8.027832 -0.024905 17.811506 8.121161 -0.065389 17.829140 8.152889 -0.066321 17.764729 8.123430 -0.048463 17.813599 8.077242 -0.065389 17.861885 8.118134 -0.082503 26.532131 8.032110 -0.093873 26.535267 8.073366 -0.093246 26.494467 8.032110 -0.096158 26.561253 8.031937 -0.087103 17.871183 8.170607 -0.037666 17.876396 8.159054 -0.026350 17.871796 8.168285 -0.051339 17.887613 8.161453 -0.069118 17.962105 8.159189 -0.071916 17.905878 8.145323 -0.084373 18.027784 8.158436 -0.072848 18.027815 8.140785 -0.087094 19.059040 8.158436 -0.072848 17.878046 8.124260 -0.015644 17.959620 8.124260 -0.015604 17.714787 8.032108 0.009543 17.714787 7.979962 0.009543 18.027662 8.124260 -0.015590 19.058918 8.124260 -0.015590 18.027651 8.078018 -0.010149 26.451038 7.914998 -0.096920 26.451038 7.979963 -0.096920 26.404125 7.914998 -0.096920 17.913828 8.115108 -0.090474 17.968691 8.112839 -0.093023 17.915922 8.075727 -0.091617 26.543753 7.709249 -0.015590 26.497232 7.711748 -0.010149 26.578804 7.705499 -0.025035 26.543753 6.972770 -0.015590 17.723583 8.124187 -0.041057 17.723583 8.077997 -0.041057 26.590778 8.028223 -0.038897 26.588066 8.030277 -0.055420 17.916620 7.914998 -0.091997 17.916620 7.826624 -0.091997 17.916620 7.979962 -0.091997 17.723583 7.914998 -0.041057 17.723583 7.979962 -0.041057 26.544678 8.105656 -0.091364 26.561512 8.104595 -0.085902 17.814297 8.032110 -0.065389 17.765427 8.032108 -0.048463 17.866070 8.032108 -0.082884 26.555393 8.135677 -0.042321 26.545424 8.124931 -0.029888 26.579062 7.914998 -0.072849 26.579062 7.826624 -0.072849 26.579062 7.979789 -0.072859 26.572721 8.104795 -0.072483 26.577478 8.072289 -0.072805 26.454069 8.052292 -0.007778 26.410648 8.037157 -0.008196 26.455585 8.080299 -0.010106 26.491325 8.074760 -0.010139 26.510380 8.121645 -0.021682 26.485504 8.120470 -0.017595 26.519411 8.104797 -0.020169 22.030300 8.112082 -0.093873 22.030287 8.140787 -0.087094 19.059084 8.112082 -0.093873 22.030306 8.074972 -0.096158 25.028175 8.112082 -0.093873 18.027828 8.112082 -0.093873 18.027834 8.074972 -0.096158 22.030184 8.170614 -0.038858 22.030218 8.167542 -0.055362 25.028059 8.170616 -0.038858 22.030155 8.159054 -0.025034 26.447727 8.170160 -0.039270 26.403206 8.170502 -0.038961 26.449421 8.167324 -0.055499 26.447754 8.157944 -0.025620 22.030256 8.158436 -0.072848 25.028130 8.158438 -0.072849 26.450401 8.158352 -0.072876 26.360573 8.124262 -0.015590 26.357050 8.159056 -0.025035 26.410126 8.123634 -0.015687 26.362925 8.078018 -0.010149 26.451927 8.121752 -0.015976 26.356022 7.914998 -0.096920 18.027836 7.704249 -0.096920 17.969395 7.704249 -0.095689 18.027836 6.971520 -0.096920 26.360558 8.032110 -0.008336 26.278511 8.032110 -0.008336 18.027647 8.032110 -0.008335 17.714787 -2.625763 0.009545 17.714787 -2.485842 0.009545 26.532131 7.704250 -0.093873 26.532131 6.971521 -0.093873 26.561253 7.704250 -0.087094 17.714787 7.914998 0.009543 26.451038 8.032110 -0.096920 26.549995 8.087170 -0.018364 26.590778 7.704250 -0.038858 26.588066 7.704250 -0.055363 26.590778 6.971521 -0.038858 17.916620 8.032108 -0.091997 17.969395 8.032108 -0.095689 17.723583 8.032108 -0.041057 17.814295 5.052083 -0.065389 17.765425 5.052083 -0.048462 17.814295 6.971520 -0.065389 26.522923 8.101799 -0.018335 26.579062 8.031422 -0.072887 26.450848 5.052083 -0.008336 26.497231 5.052083 -0.010149 26.403936 5.052083 -0.008336 26.450848 6.972770 -0.008336 26.139412 8.032110 -0.096920 26.139410 8.074974 -0.096158 25.028181 8.032112 -0.096920 18.027836 8.032108 -0.096920 19.059092 8.032108 -0.096920 17.499481 -2.624996 -0.076270 17.499481 -2.485842 -0.076270 26.356016 8.112082 -0.093873 26.277512 8.112082 -0.093873 26.139219 -2.837056 -0.008336 26.125227 -2.760206 -0.008336 26.273268 -2.843004 -0.008336 26.139219 -2.902020 -0.008336 25.027990 -2.837056 -0.008336 26.372066 7.891208 -0.008336 17.404659 -2.953145 -0.135486 26.355900 8.170616 -0.038858 26.277395 8.170616 -0.038858 26.555983 -3.058009 -0.071526 17.585617 7.704033 -0.043737 17.585617 7.564874 -0.043737 17.618834 7.703968 -0.081843 17.563454 7.703730 -0.135897 26.139410 5.052083 -0.096920 26.139410 2.539347 -0.096920 26.277517 5.052083 -0.096920 26.139412 6.971521 -0.096920 25.028179 5.052083 -0.096920 26.451035 5.052083 -0.096920 26.404125 5.052083 -0.096920 26.494467 5.052083 -0.096158 17.916620 7.704249 -0.091997 17.866070 7.704249 -0.082884 17.723583 5.052083 -0.041057 17.723473 2.539346 -0.040720 26.579062 7.704250 -0.072849 26.356020 5.052083 -0.096920 17.814293 -2.625763 -0.065388 17.499483 7.703482 -0.076273 17.499481 7.564874 -0.076273 26.355831 5.052083 -0.008336 26.277328 5.052083 -0.008336 26.450844 -2.630761 -0.008336 26.403933 -2.627012 -0.008336 17.404659 7.703482 -0.135490 17.460653 7.703507 -0.145919 26.195190 -2.579121 -0.008336 26.291319 -2.614103 -0.008336 26.139219 -2.625762 -0.008336 26.139221 5.052083 -0.008336 25.971313 5.052083 -0.008336 26.153217 6.959907 -0.008336 17.508492 7.703583 -0.153426 26.543751 5.052083 -0.015590 26.578802 5.052083 -0.025035 18.027834 5.052083 -0.096920 19.059090 5.052083 -0.096920 17.877913 7.704249 -0.005242 17.877913 7.564875 -0.005242 26.532129 5.052083 -0.093873 26.532129 2.539347 -0.093873 26.590776 5.052083 -0.038858 17.814297 7.704249 -0.065389 26.450850 7.709249 -0.008336 26.083250 -2.672402 -0.008336 25.013998 -2.637422 -0.008336 22.030306 0.026724 -0.096920 22.030306 2.539347 -0.096920 22.030304 -1.892680 -0.096920 25.028179 0.026724 -0.096920 22.030119 7.914998 -0.008335 22.030119 7.826624 -0.008335 26.139412 7.704250 -0.096920 26.139400 -3.034139 -0.093874 26.139406 -2.997031 -0.096159 22.030134 8.124260 -0.015590 22.030308 7.914998 -0.096920 22.030308 7.979962 -0.096920 26.139223 8.032110 -0.008336 26.139284 -3.092674 -0.038858 22.030130 -3.046319 -0.015590 22.030304 -2.837056 -0.096920 22.030304 -2.748546 -0.096920 26.139219 -2.954168 -0.008336 26.139408 -2.954168 -0.096920 22.030304 -2.625762 -0.096920 22.030252 -3.080494 -0.072849 22.030119 7.704250 -0.008335 22.030119 7.564875 -0.008335 26.139406 8.112082 -0.093873 26.139391 8.140787 -0.087094 26.139290 8.170616 -0.038858 26.139324 8.167543 -0.055362 26.139360 8.158436 -0.072849 22.030308 8.032110 -0.096920 22.030115 -2.837056 -0.008336 22.030115 -2.748546 -0.008336 22.030306 5.052083 -0.096920 22.030115 -2.625762 -0.008336 22.030115 -2.485842 -0.008336 26.195192 7.657793 -0.008336 26.355829 -2.625762 -0.008336 17.618835 0.026724 -0.081840 17.404659 0.026723 -0.135487 26.356018 -2.625762 -0.096920 26.404123 -2.625762 -0.096920 17.916618 0.026724 -0.091998 17.723583 0.026724 -0.041056 26.579058 -2.625762 -0.072849 26.588062 -2.625762 -0.055363 26.139410 0.026724 -0.096920 17.877909 -2.625763 -0.005241 17.877911 -2.485842 -0.005241 26.532129 0.026724 -0.093874 26.590773 -2.625762 -0.038858 26.339596 -2.860847 -0.008336 17.508492 -2.625099 -0.153422 26.451033 -2.625762 -0.096920 16.047918 -2.837057 0.421203 16.115746 -2.837057 0.425667 16.047918 -2.902022 0.421203 16.047918 -2.749122 0.421203 12.055876 -2.626918 0.199332 12.055876 -2.488145 0.199332 15.019350 -2.627775 0.364037 7.741431 0.026711 -0.040452 7.693452 0.026711 -0.043119 7.819729 0.026711 -0.036100 16.422567 -2.625482 0.414875 16.423950 -2.625692 0.416565 16.422567 -2.748053 0.414875 16.323786 -2.624997 0.231559 16.323786 -2.747201 0.231559 7.749562 0.026711 -0.128816 7.701583 0.026711 -0.131482 16.367409 -2.835847 0.356941 16.385286 -2.835592 0.340755 16.367409 -2.900908 0.356941 16.375376 -2.836210 0.378016 16.285156 -2.835713 0.329444 16.307112 -2.836009 0.376581 16.285154 -2.900785 0.329443 16.298517 -2.835559 0.283597 7.654799 -2.837069 -0.134090 7.611409 -2.837069 -0.135738 7.654799 -2.902033 -0.134090 7.701588 -2.837069 -0.131489 7.554688 -2.847167 -0.058112 7.600575 -2.852216 -0.050106 7.554592 -2.909548 -0.057978 7.520615 -2.839594 -0.069475 7.554688 -2.757331 -0.058112 16.166510 -2.625764 0.343915 16.114222 -2.625764 0.337307 16.166512 -2.748548 0.343914 16.354321 -2.625764 0.404773 16.354321 -2.748549 0.404772 7.524842 0.026711 -0.117171 7.524840 2.539334 -0.117165 7.514220 0.026711 -0.100229 7.965611 -2.625775 -0.116815 7.965611 -2.748558 -0.116815 16.056047 -2.837057 0.332839 16.056047 -2.902021 0.332839 16.114222 -2.837057 0.337306 16.056047 -2.748548 0.332839 16.047916 -2.628060 0.421204 16.047916 -2.490436 0.421204 7.573629 -2.625775 -0.135546 7.573629 -2.748559 -0.135546 16.358341 -2.837058 0.455729 16.454786 -2.836948 0.453187 16.358341 -2.902022 0.455729 16.281319 -2.837058 0.441962 16.358341 -2.749123 0.455729 7.509965 0.026711 -0.083919 7.520610 0.026711 -0.069467 16.266100 -2.837057 0.375800 16.216082 -2.837057 0.355724 16.266100 -2.902021 0.375800 16.313276 -2.837058 0.395147 7.646667 -2.847167 -0.045726 7.689409 -2.833646 -0.043351 7.640896 -2.910211 -0.045767 16.402630 7.913447 0.324514 16.385292 7.913531 0.340749 16.402630 7.978535 0.324514 7.957466 7.914984 -0.028424 7.971422 7.838226 -0.027649 7.823767 7.920931 -0.035855 16.047903 7.914996 0.421230 16.047903 7.979960 0.421231 16.115732 7.914996 0.425694 16.047903 7.827197 0.421230 7.554683 0.026711 -0.058105 7.554686 -1.893944 -0.058109 7.600571 0.026711 -0.050099 7.757612 7.938775 -0.039532 7.741421 7.914983 -0.040432 7.744291 7.985896 -0.040272 16.422565 5.067936 0.414878 16.422565 6.975413 0.414879 16.307116 5.056046 0.376577 16.323790 7.913447 0.231553 16.323790 7.978535 0.231553 16.298523 7.913498 0.283591 12.063993 7.704243 0.110994 15.027466 7.704246 0.275700 16.367414 7.913786 0.356935 16.375381 7.914151 0.378011 16.367414 7.978847 0.356935 16.367414 7.825850 0.356933 16.285160 7.913652 0.329437 16.285160 7.978724 0.329437 16.307117 7.913949 0.376576 7.654785 7.704237 -0.134063 7.611395 7.704237 -0.135711 7.654785 6.971507 -0.134065 7.701573 7.704237 -0.131463 7.654784 7.826611 -0.134063 7.554672 7.925082 -0.058085 7.520599 7.917508 -0.069447 7.554577 7.987462 -0.057950 7.600561 7.930130 -0.050079 7.554672 7.835383 -0.058085 16.166500 5.052081 0.343934 16.216070 5.052083 0.355744 16.354305 7.704249 0.404799 16.423939 7.704180 0.416584 16.354303 7.826624 0.404799 7.524837 5.052069 -0.117159 7.749552 7.704237 -0.128796 7.749552 7.826611 -0.128796 16.056034 7.914996 0.332866 16.114208 7.914996 0.337334 16.056034 7.979962 0.332867 16.056034 7.826623 0.332866 16.196985 7.914996 0.432291 16.196985 7.979960 0.432291 16.281303 7.914996 0.441989 7.573616 7.914984 -0.135519 7.611395 7.914984 -0.135711 7.573616 7.979949 -0.135519 7.543932 7.914984 -0.130372 7.573616 7.826611 -0.135520 16.047905 7.706543 0.421230 16.047905 7.569464 0.421230 15.019337 7.706254 0.364064 7.509955 7.914984 -0.083899 7.514210 7.914984 -0.100209 7.509956 7.978977 -0.083908 7.509955 7.826611 -0.083899 16.266083 7.914996 0.375828 16.313259 7.914996 0.395175 16.266085 7.979960 0.375828 16.216066 7.914996 0.355752 7.646653 7.925082 -0.045699 7.640881 7.988124 -0.045740 7.689394 7.911561 -0.043323 7.725245 -2.813278 -0.041359 12.063728 -3.034147 0.114006 15.027201 -3.034142 0.278712 12.063937 -2.997038 0.111727 16.444210 -3.092635 0.409916 16.452805 -3.081058 0.411275 16.324850 -3.092614 0.378230 16.431480 -3.080992 0.411824 16.433640 -3.092653 0.428069 7.623581 -2.956389 -0.045892 7.640469 -2.959230 -0.045093 7.599068 -2.992177 -0.048954 7.594330 -2.957380 -0.049476 16.343655 -3.092585 0.254642 16.321386 -3.092588 0.298893 16.363443 -3.080940 0.277804 16.328753 -3.080940 0.237330 7.540204 -3.058578 -0.084141 7.533017 -3.047499 -0.084248 7.549439 -3.047633 -0.070268 7.544275 -3.060590 -0.084361 7.539495 -3.061087 -0.099228 7.747341 8.158422 -0.104784 7.745736 8.167528 -0.087340 7.699510 8.158401 -0.107449 7.748650 8.140772 -0.118993 7.542809 -3.059367 -0.115327 7.537195 -3.049155 -0.115782 7.546736 -3.061118 -0.114968 7.549988 -3.049540 -0.128233 16.461861 -3.046229 0.412695 16.476353 -2.999915 0.415061 16.358982 -3.046144 0.378947 16.447765 -3.046298 0.444144 7.571709 -3.024045 -0.057809 7.564423 -3.018468 -0.058694 7.574249 -3.025877 -0.058249 16.478273 -2.953882 0.415957 16.478273 -2.901621 0.415957 16.375376 -2.953610 0.378016 16.454786 -2.954098 0.453187 16.478273 -2.836622 0.415957 16.478273 -2.746372 0.415958 16.383076 -3.046006 0.301123 16.397738 -2.999501 0.318670 16.364773 -3.046023 0.327472 7.958132 8.124247 -0.035660 7.819206 8.124247 -0.043382 16.422567 -2.836488 0.414875 16.422567 -2.901498 0.414875 16.423950 -2.836915 0.416565 16.422567 -2.953794 0.414875 16.423950 -2.954076 0.416565 16.422567 -2.999854 0.414875 16.307112 -2.953478 0.376581 16.323786 -2.835507 0.231559 16.323786 -2.900595 0.231558 7.965597 7.914985 -0.116788 7.965597 7.979949 -0.116788 7.827850 7.914984 -0.124444 16.422567 -3.046159 0.414875 16.423950 -3.046226 0.416565 16.307112 -3.046084 0.376581 16.367416 7.704761 0.356927 16.367420 7.567096 0.356920 16.375385 7.705784 0.378001 16.285156 -2.953282 0.329444 16.285156 -2.999577 0.329444 16.298517 -2.953179 0.283597 12.055862 8.032103 0.199359 15.019335 8.032106 0.364064 16.307079 -3.092599 0.337907 16.328323 -3.080974 0.345576 16.290636 -3.080953 0.331559 16.323786 -3.046006 0.231559 16.323786 -2.999501 0.231558 16.298517 -3.046015 0.283597 7.749552 8.032097 -0.128795 7.749481 8.074959 -0.128035 7.701572 8.032097 -0.131462 7.749552 7.979948 -0.128795 7.827850 8.032097 -0.124444 16.348206 -3.046073 0.351656 16.362608 -2.999627 0.355619 16.285158 0.026723 0.329442 16.285160 2.539346 0.329441 16.285156 -3.046039 0.329444 16.402626 -2.953145 0.324520 16.385286 -2.953201 0.340754 16.402626 -2.900595 0.324520 16.367409 -2.953371 0.356941 7.654520 -3.034153 -0.131051 7.612881 -3.036602 -0.132611 7.654043 -3.062837 -0.124287 7.701308 -3.034153 -0.128451 7.654729 -2.997044 -0.133330 16.355165 -3.046322 0.440567 16.353073 -3.081112 0.426616 16.281248 -3.046322 0.428812 16.357548 -3.000077 0.451938 7.580349 -3.043948 -0.132158 7.579485 -3.056829 -0.126484 7.575614 -3.032628 -0.133539 7.577613 -3.072129 -0.083053 7.612429 -3.086979 -0.079470 7.576139 -3.071821 -0.097428 7.553558 -3.058710 -0.085565 7.581773 -3.063907 -0.071086 7.577423 -3.066421 -0.113406 7.611434 -3.076881 -0.112188 7.554928 -3.057361 -0.114085 7.522364 -3.023143 -0.084171 7.523936 -3.026353 -0.099947 7.513071 -2.989433 -0.084035 7.529573 -3.017388 -0.070732 16.050718 -3.092675 0.390756 16.120287 -3.092673 0.394840 16.052235 -3.089602 0.374293 15.022152 -3.092676 0.333590 16.049450 -3.081116 0.404545 16.353155 -3.092659 0.415088 16.354029 -3.081019 0.407351 16.290817 -3.092661 0.407066 16.197001 -2.954170 0.432264 16.197212 -3.000078 0.429668 16.115746 -2.954170 0.425667 16.197001 -2.902021 0.432264 16.281319 -2.954170 0.441962 7.554308 -2.953741 -0.057574 7.552721 -2.985166 -0.058218 7.520519 -2.949903 -0.069350 16.268883 -3.043221 0.375954 16.251379 -3.074950 0.374087 16.313972 -3.045490 0.395185 16.266796 -2.999303 0.375838 16.220221 -3.040195 0.356336 7.573629 -2.954182 -0.135547 7.570442 -2.995438 -0.135095 7.611409 -2.954182 -0.135738 7.573629 -2.902033 -0.135547 7.543947 -2.954009 -0.130409 16.206757 -3.092668 0.400296 16.200497 -3.081113 0.411294 16.207428 -3.090346 0.386666 16.193310 -3.083514 0.368178 16.119265 -3.081250 0.361381 16.176514 -3.067384 0.352072 16.053839 -3.080496 0.356850 16.055147 -3.062846 0.342640 16.197845 -3.046321 0.421881 16.116457 -3.046321 0.417643 16.358341 -2.954169 0.455729 16.048584 -3.046321 0.413966 16.048084 -3.000078 0.419394 7.654794 0.026711 -0.134083 7.654792 2.539334 -0.134076 16.169153 -3.037169 0.345588 16.114674 -3.034899 0.340004 16.167171 -2.997789 0.344332 7.554688 -2.630774 -0.058111 16.354321 -3.046247 0.404772 16.354321 -3.000059 0.404772 7.509973 -2.950295 -0.083964 7.514229 -2.952348 -0.100294 7.509971 -2.901062 -0.083935 16.166512 -2.837057 0.343914 16.166512 -2.902021 0.343914 16.354321 -2.837058 0.404772 16.354321 -2.902022 0.404772 7.560881 -3.027727 -0.133739 7.543579 -3.026666 -0.129225 16.266100 -2.954169 0.375800 16.313276 -2.954169 0.395147 16.216082 -2.954169 0.355724 7.545588 -3.057749 -0.085419 7.554363 -3.047003 -0.072465 7.544882 -3.060094 -0.099231 7.524847 -2.837070 -0.117179 7.514224 -2.837070 -0.100237 7.524848 -2.901861 -0.117188 7.543947 -2.837069 -0.130399 7.531136 -3.026867 -0.116463 7.526423 -2.994361 -0.117048 7.643404 -2.974365 -0.045349 7.686751 -2.959228 -0.043359 7.642109 -3.002370 -0.047755 7.606466 -2.996832 -0.049769 7.588547 -3.043717 -0.062338 7.612972 -3.042542 -0.056883 7.579395 -3.026870 -0.061329 7.749287 -3.034153 -0.125784 7.748665 -3.062858 -0.119022 7.749496 -2.997044 -0.128064 16.055769 -3.034142 0.335878 16.055979 -2.997033 0.333598 12.058679 -3.092681 0.168885 7.652685 -3.092232 -0.076408 7.697062 -3.092574 -0.073631 7.652522 -3.089396 -0.092688 7.651377 -3.080014 -0.062794 7.747356 -3.080508 -0.104812 7.699525 -3.080487 -0.107477 7.745751 -3.089614 -0.087369 7.825655 -3.080508 -0.100460 7.653175 -3.080424 -0.110074 7.958146 -3.046331 -0.035689 7.819221 -3.046332 -0.043410 7.646309 -3.043823 -0.053407 7.687976 -3.045705 -0.050801 7.965611 -2.837068 -0.116815 7.827866 -2.837069 -0.124471 16.056044 0.026722 0.332847 16.056047 -1.892682 0.332842 12.055877 -2.954175 0.199331 15.019350 -2.954171 0.364036 16.047918 -2.954170 0.421203 16.197001 -2.837057 0.432264 7.573630 -2.837069 -0.135547 7.654799 -2.954182 -0.134090 7.701588 -2.954181 -0.131490 7.548721 -3.009240 -0.061225 7.509970 -2.837070 -0.083926 16.166512 -2.954170 0.343914 16.114222 -2.954170 0.337306 16.354321 -2.954169 0.404772 16.266096 0.026722 0.375808 16.266092 2.539345 0.375814 7.575720 -3.023870 -0.059694 7.524850 -2.953492 -0.117217 7.646663 0.026711 -0.045719 7.646661 2.539334 -0.045712 12.064008 -2.954175 0.110967 15.027481 -2.954171 0.275673 16.056047 -2.954170 0.332839 16.402626 -2.835507 0.324520 16.402626 -2.747201 0.324520 7.957476 0.026711 -0.028444 8.124948 0.026711 -0.019137 16.056047 -2.625764 0.332840 7.744237 -3.092687 -0.070906 7.741790 -3.081127 -0.057182 7.741421 7.704236 -0.040432 7.737373 7.820663 -0.040657 16.440487 2.560428 0.426378 16.323790 8.031084 0.231553 16.323790 8.077442 0.231553 16.298523 8.031118 0.283591 7.963402 -3.080506 -0.092805 7.547722 8.135937 -0.114552 7.557241 8.130009 -0.127416 7.554914 8.135277 -0.114057 7.544867 8.138008 -0.099203 7.546721 8.139032 -0.114940 16.444204 8.170574 0.409924 16.433628 8.170591 0.428088 16.431477 8.158930 0.411829 16.324856 8.170555 0.378225 16.452801 8.158998 0.411283 7.623566 8.034302 -0.045864 7.594315 8.035294 -0.049448 7.599053 8.070091 -0.048926 7.640454 8.037144 -0.045065 16.343660 8.170525 0.254636 16.328758 8.158880 0.237324 16.363449 8.158880 0.277798 16.321394 8.170528 0.298887 7.540189 8.136492 -0.084113 7.539480 8.139002 -0.099199 7.544260 8.138504 -0.084333 7.549424 8.125547 -0.070240 7.533003 8.125414 -0.084220 7.737390 -3.046333 -0.047958 7.734535 -3.000089 -0.042661 7.542793 8.137281 -0.115298 7.549973 8.127455 -0.128204 7.537181 8.127069 -0.115754 16.461855 8.124168 0.412702 16.447752 8.124237 0.444163 16.358988 8.124084 0.378942 16.476347 8.077854 0.415071 7.571692 8.101959 -0.057781 7.574234 8.103790 -0.058221 7.564407 8.096382 -0.058666 16.478266 8.031820 0.415967 16.454777 8.032036 0.453204 16.375381 8.031549 0.378011 16.478266 7.979559 0.415967 16.478266 7.914561 0.415967 16.454777 7.914889 0.453204 16.478268 7.826809 0.415967 16.383080 8.123947 0.301117 16.364779 8.123962 0.327466 16.397743 8.077442 0.318664 7.749566 -2.837070 -0.128823 7.749566 -2.902033 -0.128823 16.422567 7.914428 0.414879 16.423937 7.914855 0.416584 16.422567 7.826129 0.414879 16.422567 7.979437 0.414879 16.422567 8.031733 0.414879 16.307117 8.031418 0.376576 16.422567 8.077795 0.414879 16.423937 8.032015 0.416585 16.323788 5.052083 0.231554 16.298519 5.052083 0.283592 7.736723 -2.954182 -0.040721 16.422567 8.124100 0.414879 16.307117 8.124025 0.376576 16.423937 8.124165 0.416585 16.358326 7.706544 0.455754 16.454779 7.706482 0.453205 16.358328 7.569465 0.455754 16.358326 7.827198 0.455754 16.285160 8.031221 0.329437 16.285160 8.077515 0.329437 7.749567 -2.954181 -0.128823 16.307085 8.170538 0.337901 16.290642 8.158892 0.331553 16.328329 8.158913 0.345571 16.323790 8.123947 0.231553 16.298523 8.123955 0.283591 8.013290 7.750696 -0.025322 9.079757 7.716140 0.033950 16.348211 8.124012 0.351650 16.362614 8.077566 0.355614 16.285158 5.052083 0.329439 16.285160 8.123978 0.329437 16.402630 8.031084 0.324514 16.385292 8.031141 0.340749 16.367414 8.031309 0.356935 7.654505 8.112068 -0.131023 7.654715 8.074959 -0.133302 7.701294 8.112068 -0.128423 7.654028 8.140753 -0.124259 7.612864 8.114517 -0.132583 16.355148 8.124260 0.440594 16.357533 8.078016 0.451965 16.281233 8.124260 0.428840 16.353056 8.159050 0.426644 7.580334 8.121861 -0.132130 7.575600 8.110542 -0.133511 7.579470 8.134745 -0.126455 7.577599 8.150043 -0.083024 7.581758 8.141821 -0.071058 7.553543 8.136625 -0.085537 7.576124 8.149736 -0.097400 7.612413 8.164892 -0.079442 7.577408 8.144337 -0.113378 7.611419 8.154797 -0.112159 7.522349 8.101057 -0.084143 7.529558 8.095303 -0.070704 7.513057 8.067347 -0.084007 7.523922 8.104267 -0.099919 16.050705 8.170614 0.390785 16.049435 8.159054 0.404574 15.022137 8.170612 0.333619 16.052219 8.167542 0.374322 16.120272 8.170612 0.394868 16.353138 8.170599 0.415116 16.290800 8.170601 0.407095 16.354012 8.158958 0.407379 16.196985 8.032108 0.432292 16.281303 8.032108 0.441989 16.115732 8.032108 0.425694 16.197197 8.078016 0.429696 7.554293 8.031656 -0.057546 7.520505 8.027817 -0.069322 7.552706 8.063080 -0.058190 16.268866 8.121161 0.375983 16.220205 8.118134 0.356364 16.266779 8.077242 0.375867 16.313953 8.123430 0.395214 16.251364 8.152889 0.374116 7.573616 8.032095 -0.135519 7.543932 8.031923 -0.130381 7.611395 8.032097 -0.135710 7.570428 8.073351 -0.135067 16.206741 8.170607 0.400326 16.207413 8.168285 0.386695 16.200480 8.159052 0.411323 16.193295 8.161453 0.368207 16.176498 8.145323 0.352100 16.119249 8.159189 0.361409 16.053823 8.158434 0.356879 15.025257 8.158432 0.299712 16.055132 8.140785 0.342669 16.197830 8.124260 0.421910 16.116442 8.124260 0.417672 16.358326 8.032108 0.455755 16.358326 7.979960 0.455755 16.048569 8.124258 0.413994 16.048069 8.078016 0.419422 7.654784 7.914984 -0.134063 7.701572 7.914984 -0.131462 7.654784 7.979949 -0.134062 16.169138 8.115107 0.345616 16.167156 8.075729 0.344360 16.114658 8.112837 0.340032 7.554673 7.709234 -0.058085 7.520599 7.705485 -0.069448 16.354303 8.124187 0.404799 16.354303 8.077999 0.404799 7.509958 8.028210 -0.083937 7.514214 8.030262 -0.100267 16.166496 7.914996 0.343941 16.166496 7.979960 0.343941 16.354303 7.914997 0.404799 16.354303 7.979960 0.404799 7.560865 8.105642 -0.133711 7.543564 8.104580 -0.129197 16.266085 8.032108 0.375828 16.216066 8.032108 0.355752 16.313259 8.032108 0.395175 7.545572 8.135664 -0.085390 7.554348 8.124918 -0.072437 7.524833 7.914984 -0.117151 7.524834 7.979775 -0.117161 7.531121 8.104782 -0.116434 7.526407 8.072275 -0.117020 7.643389 8.052279 -0.045321 7.606451 8.074747 -0.049740 7.642095 8.080284 -0.047727 7.686736 8.037142 -0.043331 7.588531 8.121632 -0.062309 7.579382 8.104784 -0.061301 7.612957 8.120457 -0.056854 12.063713 8.112074 0.114034 15.027185 8.112080 0.278740 12.063091 8.140779 0.120797 16.055754 8.112080 0.335906 16.055964 8.074970 0.333627 12.058662 8.170609 0.168913 12.060179 8.167536 0.152450 7.652670 8.170147 -0.076379 7.651363 8.157928 -0.062766 7.652507 8.167309 -0.092659 7.697046 8.170486 -0.073603 12.061783 8.158430 0.135007 7.653160 8.158339 -0.110045 7.737374 8.124247 -0.047930 7.734520 8.078003 -0.042633 7.687962 8.123621 -0.050773 7.741776 8.159042 -0.057154 7.646296 8.121738 -0.053378 7.749552 7.914984 -0.128796 16.056034 7.704249 0.332866 7.736709 8.032095 -0.040693 16.047903 8.032108 0.421231 16.358341 -2.628060 0.455729 16.454786 -2.625636 0.453189 16.358341 -2.490437 0.455730 7.573616 7.704236 -0.135520 16.358326 7.914996 0.455755 7.654784 8.032097 -0.134062 7.548706 8.087154 -0.061196 7.509956 7.704236 -0.083899 16.166496 8.032108 0.343941 16.114208 8.032108 0.337334 16.354303 8.032108 0.404799 16.266088 5.052081 0.375820 7.575706 8.101786 -0.059666 7.524836 8.031406 -0.117189 7.646658 5.052069 -0.045706 7.965597 8.032097 -0.116788 16.056034 8.032108 0.332867 16.402626 -2.624996 0.324520 16.402626 -2.485844 0.324520 7.749271 8.112068 -0.125756 7.957481 -2.837069 -0.028452 7.725229 7.891192 -0.041332 16.323786 -2.953145 0.231558 7.744222 8.170601 -0.070877 7.547737 -3.058022 -0.114580 16.478270 7.706292 0.415966 16.478275 7.569392 0.415965 16.422567 7.703968 0.414879 7.965601 5.052069 -0.116796 7.654788 5.052069 -0.134070 12.055862 7.705390 0.199358 12.055864 7.567163 0.199358 16.478275 -2.618360 0.415961 16.478279 -2.471464 0.415966 26.558483 -3.063142 -0.055837 17.638649 -2.625655 -0.010082 17.638649 -2.485842 -0.010082 17.638649 -2.748358 -0.010082 17.644793 -2.625623 -0.062435 17.644793 -2.748299 -0.062435 17.644793 -1.892646 -0.062435 17.638649 -2.836838 -0.010082 17.638649 -2.901820 -0.010082 17.644793 5.052083 -0.062436 17.656139 2.539346 -0.048298 17.644793 6.971486 -0.062437 17.644793 7.704109 -0.062437 17.644793 7.826376 -0.062437 17.638649 7.704142 -0.010084 17.638647 7.564875 -0.010084 17.638649 7.826436 -0.010084 17.644716 -3.081004 -0.059537 17.644491 -3.092646 -0.050845 17.643572 -3.081084 -0.038505 17.641418 -3.046274 -0.024668 17.639341 -2.999995 -0.013729 17.638649 -2.954025 -0.010082 17.644793 -2.836772 -0.062435 17.644793 -2.901759 -0.062435 17.644793 -2.953980 -0.062435 17.644793 -2.999955 -0.062435 17.644793 -3.046202 -0.062435 17.644491 8.170588 -0.050847 17.644718 8.158945 -0.059539 17.641418 8.124216 -0.024670 17.643572 8.159023 -0.038507 17.639341 8.077936 -0.013731 17.638649 8.031965 -0.010084 17.638649 7.979762 -0.010084 17.638649 7.914780 -0.010084 17.644793 7.914713 -0.062437 17.644793 7.979700 -0.062437 17.644793 8.031921 -0.062437 17.644793 8.077896 -0.062437 17.644793 8.124144 -0.062437 17.644793 0.026724 -0.062436 "
								            />
								<TextureCoordinate point="0.3344 0.9674 0.3330 0.9674 0.3330 0.9469 0.3344 0.9469 0.3344 0.9674 0.3344 0.9708 0.3330 0.9708 0.3330 0.9674 0.3344 0.9674 0.3359 0.9674 0.3359 0.9708 0.3344 0.9708 0.3344 0.9674 0.3344 0.9469 0.3359 0.9469 0.3359 0.9674 0.3276 0.8238 0.3258 0.8236 0.3275 0.8057 0.3287 0.8236 0.3291 0.7528 0.3302 0.7528 0.3300 0.8231 0.3287 0.8236 0.3275 0.8057 0.3274 0.7528 0.3287 0.8236 0.3291 0.8937 0.3274 0.8939 0.3276 0.8238 0.3300 0.8231 0.3302 0.8934 0.3291 0.8937 0.3287 0.8236 0.5748 0.9674 0.5743 0.9674 0.5743 0.9469 0.5748 0.9469 0.5748 0.9674 0.5748 0.9708 0.5743 0.9708 0.5743 0.9674 0.5748 0.9674 0.5750 0.9674 0.5750 0.9708 0.5748 0.9708 0.5748 0.9674 0.5748 0.9469 0.5750 0.9469 0.5750 0.9674 0.5686 0.8932 0.5699 0.8932 0.5699 0.9469 0.5686 0.9469 0.5686 0.8932 0.5686 0.8230 0.5699 0.8230 0.5699 0.8932 0.5686 0.8932 0.5664 0.8932 0.5664 0.8230 0.5686 0.8230 0.5686 0.8932 0.5686 0.9469 0.5664 0.9469 0.5664 0.8932 0.3316 0.6787 0.3330 0.6787 0.3330 0.6992 0.3316 0.6992 0.3316 0.6787 0.3316 0.6753 0.3330 0.6753 0.3330 0.6787 0.3316 0.6787 0.3302 0.6787 0.3302 0.6753 0.3316 0.6753 0.3316 0.6787 0.3316 0.6992 0.3302 0.6992 0.3302 0.6787 0.0879 0.6094 0.0887 0.6094 0.0887 0.6024 0.0879 0.6024 0.0879 0.6094 0.0879 0.6156 0.0887 0.6156 0.0887 0.6094 0.1659 -0.4000 0.1659 -0.3941 0.1099 -0.3941 0.1099 -0.4000 0.1099 -0.4068 0.1659 -0.4068 0.1659 -0.4000 0.1099 -0.4000 0.4779 0.4744 0.4745 0.4744 0.4746 0.5720 0.4779 0.5721 0.4779 0.4744 0.4779 0.3464 0.4745 0.3464 0.4745 0.4744 0.4779 0.4744 0.4800 0.4744 0.4800 0.3464 0.4779 0.3464 0.4779 0.4744 0.4779 0.5721 0.4800 0.5722 0.4800 0.4744 0.4820 0.0831 0.4800 0.0833 0.4800 0.1207 0.4820 0.1206 0.4820 0.0831 0.4820 0.0767 0.4800 0.0771 0.4800 0.0833 -0.4312 -0.3200 -0.4300 -0.3201 -0.4300 -0.3237 -0.4312 -0.3235 -0.4312 -0.3200 -0.4312 -0.2996 -0.4300 -0.2997 -0.4300 -0.3201 0.3180 0.9673 0.3192 0.9673 0.3192 0.9707 0.3180 0.9707 0.3180 0.9673 0.3180 0.9469 0.3192 0.9469 0.3192 0.9673 0.4709 0.0857 0.4684 0.0834 0.4611 0.0904 0.4690 0.1213 0.4709 0.0857 0.4751 0.0839 0.4747 0.0769 0.4684 0.0834 0.4709 0.0857 0.4690 0.1213 0.4746 0.1208 0.4751 0.0839 0.4684 0.4744 0.4611 0.4744 0.4611 0.6025 0.4690 0.5715 0.4684 0.4744 0.4684 0.3464 0.4611 0.3464 0.4611 0.4744 0.4684 0.4744 0.4745 0.4744 0.4745 0.3464 0.4684 0.3464 0.4684 0.4744 0.4690 0.5715 0.4746 0.5720 0.4745 0.4744 0.3203 0.9673 0.3192 0.9673 0.3192 0.9469 0.3203 0.9469 0.3203 0.9673 0.3203 0.9707 0.3192 0.9707 0.3192 0.9673 0.3203 0.9673 0.3219 0.9673 0.3219 0.9708 0.3203 0.9707 0.3203 0.9673 0.3203 0.9469 0.3219 0.9469 0.3219 0.9673 -0.4287 -0.1073 -0.4300 -0.1073 -0.4300 -0.0541 -0.4287 -0.0542 -0.4287 -0.1073 -0.4287 -0.1769 -0.4300 -0.1769 -0.4300 -0.1073 -0.4287 -0.1073 -0.4278 -0.1073 -0.4278 -0.1769 -0.4287 -0.1769 -0.4287 -0.1073 -0.4287 -0.0542 -0.4278 -0.0542 -0.4278 -0.1073 0.3375 0.8932 0.3661 0.8932 0.3661 0.9469 0.3375 0.9469 0.3375 0.8932 0.3375 0.8230 0.3661 0.8230 0.3661 0.8932 0.3375 0.8932 0.3359 0.8932 0.3359 0.8230 0.3375 0.8230 0.3375 0.8932 0.3375 0.9469 0.3359 0.9469 0.3359 0.8932 0.3291 0.8937 0.3291 0.9470 0.3274 0.9470 0.3274 0.8939 0.3291 0.8937 0.3302 0.8934 0.3302 0.9469 0.3291 0.9470 0.5735 0.8932 0.5743 0.8932 0.5743 0.9469 0.5735 0.9469 0.5735 0.8932 0.5735 0.8230 0.5743 0.8230 0.5743 0.8932 0.5735 0.8932 0.5724 0.8932 0.5724 0.8230 0.5735 0.8230 0.5735 0.8932 0.5735 0.9469 0.5724 0.9469 0.5724 0.8932 -0.4259 0.8890 -0.4261 0.8890 -0.4261 0.9287 -0.4259 0.9287 -0.4259 0.8890 -0.4259 0.8370 -0.4261 0.8370 -0.4261 0.8890 -0.4259 0.8890 -0.4259 0.8890 -0.4259 0.8370 -0.4259 0.8370 -0.4259 0.8890 -0.4259 0.9287 -0.4259 0.9287 -0.4259 0.8890 0.3316 0.9674 0.3302 0.9674 0.3302 0.9469 0.3316 0.9469 0.3316 0.9674 0.3316 0.9708 0.3302 0.9708 0.3302 0.9674 0.3316 0.9674 0.3330 0.9674 0.3330 0.9708 0.3316 0.9708 0.3316 0.9674 0.3316 0.9469 0.3330 0.9469 0.3330 0.9674 -0.4312 -0.0338 -0.4300 -0.0337 -0.4300 -0.0541 -0.4312 -0.0542 -0.4312 -0.0338 -0.4312 -0.0303 -0.4300 -0.0302 -0.4300 -0.0337 0.4820 0.6097 0.4800 0.6095 0.4800 0.6157 0.4820 0.6161 0.4820 0.6097 0.4820 0.5722 0.4800 0.5722 0.4800 0.6095 0.4660 0.0810 0.4193 0.0827 0.4611 0.0904 0.4684 0.0834 0.4660 0.0810 0.4678 0.0765 0.4197 0.0769 0.4193 0.0827 0.4660 0.0810 0.4684 0.0834 0.4747 0.0769 0.4678 0.0765 0.4485 0.7528 0.4485 0.6992 0.5317 0.6992 0.5317 0.7528 0.4485 0.7528 0.3661 0.7528 0.3661 0.6992 0.4485 0.6992 0.4485 0.7528 0.4485 0.8230 0.3661 0.8230 0.3661 0.7528 0.4485 0.7528 0.5317 0.7528 0.5317 0.8230 0.4485 0.8230 0.2889 0.6202 0.2889 0.6235 0.4199 0.6235 0.4199 0.6202 0.2889 0.6202 0.1591 0.6202 0.1591 0.6235 0.2889 0.6235 0.2889 0.6202 0.2889 0.6157 0.1591 0.6157 0.1591 0.6202 0.2889 0.6202 0.4199 0.6202 0.4197 0.6158 0.2889 0.6157 0.5626 0.9674 0.5626 0.9708 0.5317 0.9708 0.5317 0.9674 0.5626 0.9674 0.5664 0.9674 0.5664 0.9708 0.5626 0.9708 0.5626 0.9674 0.5626 0.9469 0.5664 0.9469 0.5664 0.9674 0.5626 0.9674 0.5317 0.9674 0.5317 0.9469 0.5626 0.9469 0.5626 0.6673 0.5626 0.6683 0.5317 0.6683 0.5317 0.6673 0.5626 0.6673 0.5664 0.6673 0.5664 0.6683 0.5626 0.6683 0.5626 0.6673 0.5626 0.6665 0.5664 0.6665 0.5664 0.6673 0.5626 0.6673 0.5317 0.6673 0.5317 0.6665 0.5626 0.6665 -0.5508 -0.0223 -0.5508 -0.0213 -0.4697 -0.0213 -0.4697 -0.0223 -0.5508 -0.0223 -0.6311 -0.0223 -0.6311 -0.0213 -0.5508 -0.0213 -0.5508 -0.0223 -0.5508 -0.0236 -0.6311 -0.0236 -0.6311 -0.0223 -0.5508 -0.0223 -0.4697 -0.0223 -0.4697 -0.0236 -0.5508 -0.0236 0.4485 0.9732 0.4485 0.9708 0.5317 0.9708 0.5317 0.9732 0.4485 0.9732 0.3661 0.9732 0.3661 0.9708 0.4485 0.9708 0.4485 0.9732 0.4485 0.9751 0.3661 0.9751 0.3661 0.9732 0.4485 0.9732 0.5317 0.9732 0.5317 0.9751 0.4485 0.9751 0.4684 0.6262 0.4684 0.6235 0.4199 0.6235 0.4199 0.6262 0.4684 0.6262 0.4745 0.6262 0.4744 0.6236 0.4684 0.6235 -0.4396 -0.0248 -0.4396 -0.0236 -0.4359 -0.0236 -0.4359 -0.0248 -0.4396 -0.0248 -0.4697 -0.0248 -0.4697 -0.0236 -0.4396 -0.0236 -0.4346 0.7206 -0.4346 0.7206 -0.4559 0.7206 -0.4559 0.7206 -0.4346 0.7206 -0.4319 0.7206 -0.4319 0.7206 -0.4346 0.7206 -0.4346 0.7206 -0.4346 0.7208 -0.4319 0.7208 -0.4319 0.7206 -0.4346 0.7206 -0.4559 0.7206 -0.4559 0.7208 -0.4346 0.7208 -0.5508 -0.3315 -0.5508 -0.3303 -0.4697 -0.3303 -0.4697 -0.3315 -0.5508 -0.3315 -0.6311 -0.3315 -0.6311 -0.3303 -0.5508 -0.3303 -0.5508 -0.3315 -0.5508 -0.3325 -0.6311 -0.3325 -0.6311 -0.3315 -0.5508 -0.3315 -0.4697 -0.3315 -0.4697 -0.3325 -0.5508 -0.3325 0.4485 0.6728 0.4485 0.6710 0.5317 0.6710 0.5317 0.6728 0.4485 0.6728 0.3661 0.6728 0.3661 0.6710 0.4485 0.6710 0.4485 0.6728 0.4485 0.6753 0.3661 0.6753 0.3661 0.6728 0.4485 0.6728 0.5317 0.6728 0.5317 0.6753 0.4485 0.6753 -0.4396 -0.3290 -0.4396 -0.3303 -0.4697 -0.3303 -0.4697 -0.3290 -0.4396 -0.3290 -0.4359 -0.3290 -0.4359 -0.3303 -0.4396 -0.3303 0.4684 0.0666 0.4684 0.0693 0.4744 0.0692 0.4745 0.0666 0.4684 0.0666 0.4199 0.0666 0.4199 0.0693 0.4684 0.0693 0.5626 0.6695 0.5626 0.6710 0.5317 0.6710 0.5317 0.6695 0.5626 0.6695 0.5664 0.6695 0.5664 0.6710 0.5626 0.6710 0.5626 0.6695 0.5626 0.6683 0.5664 0.6683 0.5664 0.6695 0.5626 0.6695 0.5317 0.6695 0.5317 0.6683 0.5626 0.6683 0.4485 0.6787 0.5317 0.6787 0.5317 0.6992 0.4485 0.6992 0.4485 0.6787 0.4485 0.6753 0.5317 0.6753 0.5317 0.6787 0.4485 0.6787 0.3661 0.6787 0.3661 0.6753 0.4485 0.6753 0.4485 0.6787 0.4485 0.6992 0.3661 0.6992 0.3661 0.6787 0.4485 0.6660 0.4485 0.6657 0.5317 0.6657 0.5317 0.6660 0.4485 0.6660 0.3661 0.6660 0.3661 0.6657 0.4485 0.6657 0.4485 0.6660 0.4485 0.6665 0.3661 0.6665 0.3661 0.6660 0.4485 0.6660 0.5317 0.6660 0.5317 0.6665 0.4485 0.6665 0.1075 0.6096 0.1075 0.6157 0.1111 0.6157 0.1111 0.6096 0.1075 0.6096 0.1038 0.6096 0.1038 0.6157 0.1075 0.6157 0.1075 0.6096 0.1075 0.6026 0.1038 0.6026 0.1038 0.6096 0.1075 0.6096 0.1111 0.6096 0.1111 0.6026 0.1075 0.6026 0.5626 0.9788 0.5626 0.9796 0.5317 0.9796 0.5317 0.9788 0.5626 0.9788 0.5664 0.9788 0.5664 0.9796 0.5626 0.9796 0.5626 0.9788 0.5626 0.9777 0.5664 0.9777 0.5664 0.9788 0.5626 0.9788 0.5317 0.9788 0.5317 0.9777 0.5626 0.9777 -0.4346 0.9535 -0.4346 0.9532 -0.4559 0.9532 -0.4559 0.9535 -0.4346 0.9535 -0.4319 0.9535 -0.4319 0.9532 -0.4346 0.9532 -0.4346 0.9535 -0.4346 0.9534 -0.4319 0.9534 -0.4319 0.9535 -0.4346 0.9535 -0.4559 0.9535 -0.4559 0.9534 -0.4346 0.9534 0.5626 0.9800 0.5626 0.9803 0.5317 0.9803 0.5317 0.9800 0.5626 0.9800 0.5664 0.9800 0.5664 0.9803 0.5626 0.9803 0.5626 0.9800 0.5626 0.9796 0.5664 0.9796 0.5664 0.9800 0.5626 0.9800 0.5317 0.9800 0.5317 0.9796 0.5626 0.9796 0.4485 0.9765 0.4485 0.9751 0.5317 0.9751 0.5317 0.9765 0.4485 0.9765 0.3661 0.9765 0.3661 0.9751 0.4485 0.9751 0.4485 0.9765 0.4485 0.9777 0.3661 0.9777 0.3661 0.9765 0.4485 0.9765 0.5317 0.9765 0.5317 0.9777 0.4485 0.9777 0.2889 0.0726 0.2889 0.0771 0.4197 0.0769 0.4199 0.0726 0.2889 0.0726 0.1591 0.0726 0.1591 0.0771 0.2889 0.0771 0.2889 0.0726 0.2889 0.0693 0.1591 0.0693 0.1591 0.0726 0.2889 0.0726 0.4199 0.0726 0.4199 0.0693 0.2889 0.0693 0.4485 0.8932 0.4485 0.8230 0.5317 0.8230 0.5317 0.8932 0.4485 0.8932 0.3661 0.8932 0.3661 0.8230 0.4485 0.8230 0.4485 0.8932 0.4485 0.9469 0.3661 0.9469 0.3661 0.8932 0.4485 0.8932 0.5317 0.8932 0.5317 0.9469 0.4485 0.9469 0.0895 0.0838 0.0895 0.0913 0.0910 0.0917 0.0910 0.0840 0.0895 0.0838 0.0887 0.0835 0.0887 0.0907 0.0895 0.0913 0.0895 0.0838 0.0895 0.0773 0.0887 0.0772 0.0887 0.0835 0.0895 0.0838 0.0910 0.0840 0.0910 0.0773 0.0895 0.0773 0.4709 0.6071 0.4690 0.5715 0.4611 0.6025 0.4684 0.6095 0.4709 0.6071 0.4751 0.6089 0.4746 0.5720 0.4690 0.5715 0.4709 0.6071 0.4684 0.6095 0.4747 0.6159 0.4751 0.6089 0.4779 0.0834 0.4751 0.0839 0.4746 0.1208 0.4779 0.1207 0.4779 0.0834 0.4781 0.0774 0.4747 0.0769 0.4751 0.0839 0.4779 0.0834 0.4800 0.0833 0.4800 0.0771 0.4781 0.0774 0.4779 0.0834 0.4779 0.1207 0.4800 0.1207 0.4800 0.0833 0.3247 0.7528 0.3219 0.7528 0.3219 0.6992 0.3247 0.6992 0.3247 0.7528 0.3274 0.7528 0.3275 0.8057 0.3258 0.8236 0.3222 0.8231 0.3219 0.7528 0.3247 0.7528 0.3247 0.6992 0.3274 0.6992 0.3274 0.7528 0.3180 0.7528 0.3192 0.7528 0.3192 0.8230 0.3180 0.8230 0.3180 0.7528 0.3180 0.6992 0.3192 0.6992 0.3192 0.7528 0.5686 0.6787 0.5699 0.6787 0.5699 0.6992 0.5686 0.6992 0.5686 0.6787 0.5686 0.6753 0.5699 0.6753 0.5699 0.6787 0.5686 0.6787 0.5664 0.6787 0.5664 0.6753 0.5686 0.6753 0.5686 0.6787 0.5686 0.6992 0.5664 0.6992 0.5664 0.6787 0.3344 0.7528 0.3330 0.7528 0.3330 0.6992 0.3344 0.6992 0.3344 0.7528 0.3344 0.8230 0.3330 0.8230 0.3330 0.7528 0.3344 0.7528 0.3359 0.7528 0.3359 0.8230 0.3344 0.8230 0.3344 0.7528 0.3344 0.6992 0.3359 0.6992 0.3359 0.7528 0.3291 0.7528 0.3274 0.7528 0.3274 0.6992 0.3291 0.6992 0.3291 0.7528 0.3291 0.6992 0.3302 0.6992 0.3302 0.7528 0.5748 0.6787 0.5750 0.6787 0.5750 0.6992 0.5748 0.6992 0.5748 0.6787 0.5748 0.6753 0.5750 0.6753 0.5750 0.6787 0.5748 0.6787 0.5743 0.6787 0.5743 0.6753 0.5748 0.6753 0.5748 0.6787 0.5748 0.6992 0.5743 0.6992 0.5743 0.6787 0.5626 0.7528 0.5317 0.7528 0.5317 0.6992 0.5626 0.6992 0.5626 0.7528 0.5626 0.8230 0.5317 0.8230 0.5317 0.7528 0.5626 0.7528 0.5664 0.7528 0.5664 0.8230 0.5626 0.8230 0.5626 0.7528 0.5626 0.6992 0.5664 0.6992 0.5664 0.7528 0.1075 0.0832 0.1075 0.0771 0.1038 0.0771 0.1038 0.0832 0.1075 0.0832 0.1111 0.0832 0.1111 0.0771 0.1075 0.0771 0.1075 0.0832 0.1075 0.0902 0.1111 0.0902 0.1111 0.0832 0.1075 0.0832 0.1038 0.0832 0.1038 0.0902 0.1075 0.0902 0.5735 0.7528 0.5724 0.7528 0.5724 0.6992 0.5735 0.6992 0.5735 0.7528 0.5735 0.8230 0.5724 0.8230 0.5724 0.7528 0.5735 0.7528 0.5743 0.7528 0.5743 0.8230 0.5735 0.8230 0.5735 0.7528 0.5735 0.6992 0.5743 0.6992 0.5743 0.7528 -0.4259 0.7302 -0.4261 0.7302 -0.4261 0.7454 -0.4259 0.7454 -0.4259 0.7302 -0.4259 0.7277 -0.4261 0.7276 -0.4261 0.7302 -0.4259 0.7302 -0.4259 0.7302 -0.4259 0.7277 -0.4259 0.7277 -0.4259 0.7302 -0.4259 0.7454 -0.4259 0.7454 -0.4259 0.7302 0.4772 0.0714 0.4743 0.0723 0.4747 0.0769 0.4779 0.0726 0.4772 0.0714 0.4778 0.0690 0.4744 0.0692 0.4743 0.0723 0.4772 0.0714 0.4779 0.0726 0.4801 0.0691 0.4778 0.0690 0.3203 0.6787 0.3219 0.6787 0.3219 0.6992 0.3203 0.6992 0.3203 0.6787 0.3203 0.6753 0.3219 0.6753 0.3219 0.6787 0.3203 0.6787 0.3192 0.6787 0.3192 0.6753 0.3203 0.6753 0.3203 0.6787 0.3203 0.6992 0.3192 0.6992 0.3192 0.6787 0.5712 0.6787 0.5724 0.6787 0.5724 0.6992 0.5712 0.6992 0.5712 0.6787 0.5712 0.6753 0.5724 0.6753 0.5724 0.6787 0.5712 0.6787 0.5699 0.6787 0.5699 0.6753 0.5712 0.6753 0.5712 0.6787 0.5712 0.6992 0.5699 0.6992 0.5699 0.6787 -0.8788 -0.9110 -0.8354 -0.9110 -0.8354 -0.9067 -0.8788 -0.9067 -0.8788 -0.9110 -0.8788 -0.9141 -0.8354 -0.9141 -0.8354 -0.9110 -0.8788 -0.9110 -0.8817 -0.9110 -0.8817 -0.9141 -0.8788 -0.9141 -0.8788 -0.9110 -0.8788 -0.9067 -0.8817 -0.9067 -0.8817 -0.9110 -0.8983 -0.9007 -0.9010 -0.9007 -0.9010 -0.9067 -0.8983 -0.9067 -0.8983 -0.9007 -0.8983 -0.8940 -0.9010 -0.8940 -0.9010 -0.9007 -0.8951 -0.9007 -0.8951 -0.8940 -0.8983 -0.8940 -0.8983 -0.9007 -0.8983 -0.9067 -0.8951 -0.9067 -0.8951 -0.9007 -0.8983 -0.9007 -0.5288 -0.7722 -0.5288 -0.6504 -0.5321 -0.6504 -0.5321 -0.7722 -0.5288 -0.7722 -0.5268 -0.7722 -0.5268 -0.6504 -0.5288 -0.6504 -0.5288 -0.7722 -0.5288 -0.8652 -0.5268 -0.8652 -0.5268 -0.7722 -0.5288 -0.7722 -0.5321 -0.7722 -0.5319 -0.8651 -0.5288 -0.8652 0.2729 0.6788 0.2729 0.6753 0.2751 0.6753 0.2751 0.6788 0.2751 0.6992 0.2729 0.6992 0.2729 0.6788 0.2751 0.6788 0.2751 0.6788 0.2779 0.6788 0.2779 0.6992 0.2751 0.6992 0.2751 0.6788 0.2751 0.6753 0.2779 0.6754 0.2779 0.6788 0.2818 0.6788 0.2806 0.6788 0.2806 0.6754 0.2818 0.6754 0.2818 0.6788 0.2818 0.6992 0.2806 0.6992 0.2806 0.6788 0.0322 0.7528 0.0322 0.6992 0.0344 0.6992 0.0344 0.7528 0.0322 0.7528 0.0309 0.7528 0.0309 0.6992 0.0322 0.6992 0.0322 0.7528 0.0322 0.8229 0.0309 0.8229 0.0309 0.7528 0.0322 0.7528 0.0344 0.7528 0.0344 0.8229 0.0322 0.8229 -0.9024 -0.9109 -0.9010 -0.9109 -0.9010 -0.9067 -0.9024 -0.9066 -0.9024 -0.9109 -0.9024 -0.9141 -0.9010 -0.9141 -0.9010 -0.9109 -0.9024 -0.9109 -0.9032 -0.9109 -0.9032 -0.9141 -0.9024 -0.9141 -0.9024 -0.9109 -0.9024 -0.9066 -0.9032 -0.9066 -0.9032 -0.9109 0.2795 0.6729 0.2806 0.6729 0.2806 0.6754 0.2795 0.6754 0.2795 0.6729 0.2795 0.6711 0.2806 0.6711 0.2806 0.6729 0.2795 0.6729 0.2779 0.6729 0.2779 0.6711 0.2795 0.6711 0.2795 0.6729 0.2795 0.6754 0.2779 0.6754 0.2779 0.6729 0.0296 0.6729 0.0309 0.6729 0.0309 0.6753 0.0296 0.6753 0.0296 0.6729 0.0296 0.6710 0.0309 0.6710 0.0309 0.6729 0.0296 0.6729 0.0284 0.6729 0.0284 0.6710 0.0296 0.6710 0.0296 0.6729 0.0296 0.6753 0.0284 0.6753 0.0284 0.6729 -0.9725 0.6733 -0.9735 0.6736 -0.9735 0.6760 -0.9725 0.6758 -0.9725 0.6733 -0.9726 0.6716 -0.9735 0.6718 -0.9735 0.6736 -0.9725 0.6733 -0.9713 0.6732 -0.9713 0.6715 -0.9726 0.6716 -0.9725 0.6733 -0.9725 0.6758 -0.9713 0.6757 -0.9713 0.6732 0.2654 0.6788 0.2640 0.6788 0.2640 0.6753 0.2654 0.6753 0.2654 0.6788 0.2654 0.6992 0.2640 0.6992 0.2640 0.6788 0.2654 0.6788 0.2668 0.6788 0.2668 0.6992 0.2654 0.6992 0.2654 0.6788 0.2654 0.6753 0.2668 0.6753 0.2668 0.6788 0.2708 0.6788 0.2696 0.6788 0.2696 0.6753 0.2708 0.6753 0.2708 0.6788 0.2708 0.6992 0.2696 0.6992 0.2696 0.6788 0.0261 0.7528 0.0261 0.8229 0.0258 0.8229 0.0258 0.7528 0.0261 0.7528 0.0266 0.7528 0.0266 0.8229 0.0261 0.8229 0.0261 0.7528 0.0261 0.6992 0.0266 0.6992 0.0266 0.7528 0.0261 0.7528 0.0258 0.7528 0.0258 0.6992 0.0261 0.6992 0.0382 0.6788 0.0344 0.6788 0.0344 0.6753 0.0382 0.6753 0.0382 0.6788 0.0382 0.6992 0.0344 0.6992 0.0344 0.6788 0.0382 0.6788 0.0689 0.6788 0.0689 0.6992 0.0382 0.6992 0.0382 0.6788 0.0382 0.6753 0.0689 0.6753 0.0689 0.6788 0.2624 0.6729 0.2640 0.6729 0.2640 0.6753 0.2624 0.6753 0.2624 0.6729 0.2624 0.6710 0.2640 0.6710 0.2640 0.6729 0.2624 0.6729 0.2339 0.6729 0.2339 0.6710 0.2624 0.6710 0.2624 0.6729 0.2624 0.6753 0.2339 0.6753 0.2339 0.6729 -0.8788 -0.9007 -0.8788 -0.9067 -0.8354 -0.9067 -0.8354 -0.9007 -0.8788 -0.9007 -0.8817 -0.9007 -0.8817 -0.9067 -0.8788 -0.9067 -0.8788 -0.9007 -0.8788 -0.8940 -0.8817 -0.8940 -0.8817 -0.9007 -0.8788 -0.9007 -0.8354 -0.9007 -0.8354 -0.8940 -0.8788 -0.8940 0.0274 0.6788 0.0266 0.6788 0.0266 0.6753 0.0274 0.6753 0.0274 0.6788 0.0274 0.6992 0.0266 0.6992 0.0266 0.6788 0.0274 0.6788 0.0284 0.6788 0.0284 0.6992 0.0274 0.6992 0.0274 0.6788 0.0274 0.6753 0.0284 0.6753 0.0284 0.6788 -0.8919 -0.9110 -0.8851 -0.9110 -0.8851 -0.9067 -0.8919 -0.9067 -0.8919 -0.9110 -0.8919 -0.9141 -0.8851 -0.9141 -0.8851 -0.9110 -0.8951 -0.9110 -0.8951 -0.9141 -0.8919 -0.9141 -0.8919 -0.9110 -0.8919 -0.9067 -0.8951 -0.9067 -0.8951 -0.9110 -0.8919 -0.9110 -0.9738 0.7532 -0.9738 0.8230 -0.9735 0.8230 -0.9735 0.7532 -0.9738 0.7532 -0.9738 0.7532 -0.9738 0.8230 -0.9738 0.8230 -0.9738 0.7532 -0.9738 0.6999 -0.9738 0.6999 -0.9738 0.7532 -0.9738 0.7532 -0.9735 0.7532 -0.9735 0.6999 -0.9738 0.6999 0.2683 0.6729 0.2696 0.6729 0.2696 0.6753 0.2683 0.6753 0.2683 0.6729 0.2683 0.6710 0.2696 0.6710 0.2696 0.6729 0.2683 0.6729 0.2668 0.6729 0.2668 0.6710 0.2683 0.6710 0.2683 0.6729 0.2683 0.6753 0.2668 0.6753 0.2668 0.6729 -0.9700 0.6733 -0.9713 0.6732 -0.9713 0.6757 -0.9700 0.6758 -0.9700 0.6733 -0.9701 0.6716 -0.9713 0.6715 -0.9713 0.6732 -0.5248 -0.9115 -0.5266 -0.9108 -0.5267 -0.9143 -0.5246 -0.9145 -0.5248 -0.9115 -0.5248 -0.9071 -0.5267 -0.9067 -0.5266 -0.9108 -0.9040 -0.3899 -0.9032 -0.3899 -0.9032 -0.3867 -0.9040 -0.3867 -0.9040 -0.3899 -0.9040 -0.3941 -0.9032 -0.3941 -0.9032 -0.3899 -0.5379 -0.3898 -0.5385 -0.3935 -0.5318 -0.3939 -0.5323 -0.3895 -0.5379 -0.3898 -0.5846 -0.3898 -0.5847 -0.3939 -0.5385 -0.3935 -0.5379 -0.3898 -0.5379 -0.3866 -0.5846 -0.3866 -0.5846 -0.3898 -0.5379 -0.3898 -0.5323 -0.3895 -0.5321 -0.3866 -0.5379 -0.3866 -0.8788 -0.3898 -0.8817 -0.3898 -0.8817 -0.3941 -0.8788 -0.3941 -0.8788 -0.3898 -0.8788 -0.3866 -0.8817 -0.3866 -0.8817 -0.3898 -0.8788 -0.3898 -0.8354 -0.3898 -0.8354 -0.3866 -0.8788 -0.3866 -0.8788 -0.3898 -0.8788 -0.3941 -0.8354 -0.3941 -0.8354 -0.3898 -0.9725 0.7532 -0.9725 0.8230 -0.9713 0.8230 -0.9713 0.7532 -0.9725 0.7532 -0.9735 0.7532 -0.9735 0.8230 -0.9725 0.8230 -0.9725 0.7532 -0.9725 0.6998 -0.9735 0.6999 -0.9735 0.7532 -0.9725 0.7532 -0.9713 0.7532 -0.9713 0.6998 -0.9725 0.6998 -0.5295 -0.3886 -0.5289 -0.3864 -0.5321 -0.3866 -0.5323 -0.3895 -0.5295 -0.3886 -0.5288 -0.3898 -0.5267 -0.3865 -0.5289 -0.3864 -0.5295 -0.3886 -0.5323 -0.3895 -0.5318 -0.3939 -0.5288 -0.3898 0.2751 0.8930 0.2751 0.8229 0.2779 0.8229 0.2779 0.8930 0.2729 0.8930 0.2729 0.8229 0.2751 0.8229 0.2751 0.8930 0.2751 0.9466 0.2729 0.9466 0.2729 0.8930 0.2751 0.8930 0.2751 0.8930 0.2779 0.8930 0.2779 0.9466 0.2751 0.9466 0.2818 0.9729 0.2806 0.9729 0.2806 0.9704 0.2818 0.9704 0.2818 0.9729 0.2818 0.9747 0.2806 0.9747 0.2806 0.9729 0.1518 0.9670 0.2339 0.9670 0.2339 0.9704 0.1518 0.9704 0.1518 0.9670 0.1518 0.9466 0.2339 0.9466 0.2339 0.9670 0.1518 0.9670 0.0689 0.9670 0.0689 0.9466 0.1518 0.9466 0.1518 0.9670 0.1518 0.9704 0.0689 0.9704 0.0689 0.9670 -0.9024 -0.3898 -0.9032 -0.3899 -0.9032 -0.3941 -0.9024 -0.3941 -0.9024 -0.3898 -0.9024 -0.3867 -0.9032 -0.3867 -0.9032 -0.3899 -0.9024 -0.3898 -0.9010 -0.3898 -0.9010 -0.3867 -0.9024 -0.3867 -0.9024 -0.3898 -0.9024 -0.3941 -0.9010 -0.3941 -0.9010 -0.3898 0.2795 0.9729 0.2779 0.9729 0.2779 0.9704 0.2795 0.9704 0.2795 0.9729 0.2795 0.9747 0.2779 0.9747 0.2779 0.9729 0.2795 0.9729 0.2806 0.9729 0.2806 0.9747 0.2795 0.9747 0.2795 0.9729 0.2795 0.9704 0.2806 0.9704 0.2806 0.9729 0.0296 0.9670 0.0309 0.9670 0.0309 0.9704 0.0296 0.9704 0.0296 0.9670 0.0296 0.9466 0.0309 0.9466 0.0309 0.9670 0.0296 0.9670 0.0284 0.9670 0.0284 0.9466 0.0296 0.9466 0.0296 0.9670 0.0296 0.9704 0.0284 0.9704 0.0284 0.9670 -0.9725 0.9727 -0.9713 0.9728 -0.9713 0.9703 -0.9725 0.9702 -0.9725 0.9727 -0.9726 0.9744 -0.9713 0.9745 -0.9713 0.9728 -0.9725 0.9727 -0.9735 0.9725 -0.9735 0.9742 -0.9726 0.9744 -0.9725 0.9727 -0.9725 0.9702 -0.9735 0.9700 -0.9735 0.9725 0.2654 0.8930 0.2654 0.8229 0.2668 0.8229 0.2668 0.8930 0.2654 0.8930 0.2640 0.8930 0.2640 0.8229 0.2654 0.8229 0.2654 0.8930 0.2654 0.9466 0.2640 0.9466 0.2640 0.8930 0.2654 0.8930 0.2668 0.8930 0.2668 0.9466 0.2654 0.9466 0.2729 0.9670 0.2729 0.9704 0.2708 0.9704 0.2708 0.9670 0.2708 0.9466 0.2729 0.9466 0.2729 0.9670 0.2708 0.9670 0.2708 0.9670 0.2696 0.9670 0.2696 0.9466 0.2708 0.9466 0.2708 0.9670 0.2708 0.9704 0.2696 0.9704 0.2696 0.9670 0.0261 0.8930 0.0261 0.8229 0.0266 0.8229 0.0266 0.8930 0.0261 0.8930 0.0258 0.8930 0.0258 0.8229 0.0261 0.8229 0.0261 0.8930 0.0261 0.9466 0.0258 0.9466 0.0258 0.8930 0.0261 0.8930 0.0266 0.8930 0.0266 0.9466 0.0261 0.9466 0.0322 0.9670 0.0344 0.9670 0.0344 0.9704 0.0322 0.9704 0.0322 0.9670 0.0322 0.9466 0.0344 0.9466 0.0344 0.9670 0.0322 0.9670 0.0309 0.9670 0.0309 0.9466 0.0322 0.9466 0.0322 0.9670 0.0322 0.9704 0.0309 0.9704 0.0309 0.9670 0.2624 0.9729 0.2339 0.9729 0.2339 0.9704 0.2624 0.9704 0.2624 0.9729 0.2624 0.9747 0.2339 0.9747 0.2339 0.9729 0.2624 0.9729 0.2640 0.9729 0.2640 0.9747 0.2624 0.9747 0.2624 0.9729 0.2624 0.9704 0.2640 0.9704 0.2640 0.9729 -0.8851 -0.3898 -0.8919 -0.3898 -0.8919 -0.3941 -0.8851 -0.3941 -0.8851 -0.3898 -0.8851 -0.3866 -0.8919 -0.3866 -0.8919 -0.3898 -0.8851 -0.3898 -0.8817 -0.3898 -0.8817 -0.3866 -0.8851 -0.3866 -0.8851 -0.3898 -0.8851 -0.3941 -0.8817 -0.3941 -0.8817 -0.3898 0.0274 0.9729 0.0266 0.9729 0.0266 0.9704 0.0274 0.9704 0.0274 0.9729 0.0274 0.9747 0.0266 0.9747 0.0266 0.9729 0.0274 0.9729 0.0284 0.9729 0.0284 0.9747 0.0274 0.9747 0.0274 0.9729 0.0274 0.9704 0.0284 0.9704 0.0284 0.9729 -0.8851 -0.4000 -0.8851 -0.3941 -0.8919 -0.3941 -0.8919 -0.4000 -0.8919 -0.4068 -0.8851 -0.4068 -0.8851 -0.4000 -0.8919 -0.4000 -0.8951 -0.4000 -0.8951 -0.4068 -0.8919 -0.4068 -0.8919 -0.4000 -0.8919 -0.3941 -0.8951 -0.3941 -0.8951 -0.4000 -0.8919 -0.4000 -0.9738 0.9724 -0.9735 0.9725 -0.9735 0.9700 -0.9738 0.9699 -0.9738 0.9724 -0.9738 0.9742 -0.9735 0.9742 -0.9735 0.9725 -0.9738 0.9724 -0.9738 0.9724 -0.9738 0.9742 -0.9738 0.9742 -0.9738 0.9724 -0.9738 0.9699 -0.9738 0.9699 -0.9738 0.9724 0.2683 0.9729 0.2668 0.9729 0.2668 0.9704 0.2683 0.9704 0.2683 0.9729 0.2683 0.9747 0.2668 0.9747 0.2668 0.9729 0.2683 0.9729 0.2696 0.9729 0.2696 0.9747 0.2683 0.9747 0.2683 0.9729 0.2683 0.9704 0.2696 0.9704 0.2696 0.9729 -0.5248 -0.3893 -0.5266 -0.3900 -0.5267 -0.3940 -0.5248 -0.3936 -0.5248 -0.3893 -0.5246 -0.3862 -0.5267 -0.3865 -0.5266 -0.3900 -0.9700 0.9727 -0.9713 0.9728 -0.9713 0.9745 -0.9701 0.9744 -0.9700 0.9727 -0.9700 0.9702 -0.9713 0.9703 -0.9713 0.9728 -0.5281 -0.9098 -0.5266 -0.9108 -0.5267 -0.9067 -0.5286 -0.9064 -0.5281 -0.9098 -0.5288 -0.9110 -0.5267 -0.9143 -0.5266 -0.9108 -0.5281 -0.9098 -0.5286 -0.9064 -0.5318 -0.9069 -0.5288 -0.9110 0.1518 0.6674 0.2339 0.6674 0.2339 0.6684 0.1518 0.6684 0.1518 0.6674 0.1518 0.6666 0.2339 0.6666 0.2339 0.6674 0.1518 0.6674 0.0689 0.6674 0.0689 0.6666 0.1518 0.6666 0.1518 0.6674 0.1518 0.6684 0.0689 0.6684 0.0689 0.6674 -0.7245 0.6665 -0.7245 0.6668 -0.7267 0.6668 -0.7267 0.6665 -0.7245 0.6665 -0.7221 0.6665 -0.7219 0.6668 -0.7245 0.6668 -0.7245 0.6665 -0.7245 0.6668 -0.7223 0.6668 -0.7221 0.6665 -0.7267 0.6665 -0.7267 0.6668 -0.7245 0.6668 -0.7245 0.6665 -0.9706 0.6703 -0.9714 0.6703 -0.9713 0.6715 -0.9701 0.6716 -0.9706 0.6703 -0.9713 0.6693 -0.9717 0.6694 -0.9714 0.6703 -0.5238 -0.9168 -0.5245 -0.9169 -0.5230 -0.9186 -0.5228 -0.9185 -0.5238 -0.9168 -0.5246 -0.9145 -0.5267 -0.9143 -0.5245 -0.9169 -0.7186 0.6665 -0.7196 0.6665 -0.7202 0.6668 -0.7193 0.6668 -0.7186 0.6665 -0.7181 0.6668 -0.7192 0.6668 -0.7196 0.6665 -0.9730 0.6675 -0.9729 0.6674 -0.9730 0.6673 -0.9731 0.6674 -0.9730 0.6675 -0.9727 0.6678 -0.9726 0.6677 -0.9729 0.6674 -0.9730 0.6675 -0.9732 0.6678 -0.9729 0.6680 -0.9727 0.6678 -0.9730 0.6675 -0.9731 0.6674 -0.9733 0.6677 -0.9732 0.6678 0.0322 0.9797 0.0322 0.9792 0.0344 0.9792 0.0344 0.9797 0.0322 0.9797 0.0309 0.9797 0.0309 0.9792 0.0322 0.9792 0.0322 0.9797 0.0322 0.9799 0.0309 0.9799 0.0309 0.9797 0.0322 0.9797 0.0344 0.9797 0.0344 0.9799 0.0322 0.9799 0.0266 0.6667 0.0267 0.6666 0.0269 0.6669 0.0267 0.6669 0.0266 0.6667 0.0265 0.6666 0.0266 0.6665 0.0267 0.6666 0.0266 0.6667 0.0264 0.6669 0.0263 0.6669 0.0265 0.6666 0.0266 0.6667 0.0267 0.6669 0.0265 0.6671 0.0264 0.6669 -0.7245 0.6678 -0.7245 0.6668 -0.7267 0.6668 -0.7266 0.6678 -0.7245 0.6678 -0.7225 0.6678 -0.7223 0.6668 -0.7245 0.6668 -0.7245 0.6678 -0.7244 0.6691 -0.7227 0.6691 -0.7225 0.6678 -0.7266 0.6678 -0.7266 0.6691 -0.7244 0.6691 -0.7245 0.6678 -0.9721 0.6684 -0.9720 0.6684 -0.9726 0.6677 -0.9727 0.6678 -0.9721 0.6684 -0.9713 0.6693 -0.9711 0.6693 -0.9720 0.6684 -0.9721 0.6684 -0.9723 0.6686 -0.9717 0.6694 -0.9713 0.6693 -0.9721 0.6684 -0.9727 0.6678 -0.9729 0.6680 -0.9723 0.6686 -0.7244 0.6704 -0.7244 0.6691 -0.7266 0.6691 -0.7265 0.6704 -0.7244 0.6704 -0.7227 0.6704 -0.7227 0.6691 -0.7244 0.6691 -0.8983 -0.9166 -0.8983 -0.9141 -0.9010 -0.9141 -0.9010 -0.9166 -0.8951 -0.9167 -0.8951 -0.9141 -0.8983 -0.9141 -0.8983 -0.9166 -0.8983 -0.9110 -0.9010 -0.9109 -0.9010 -0.9141 -0.8983 -0.9141 -0.8983 -0.9110 -0.8983 -0.9067 -0.9010 -0.9067 -0.9010 -0.9109 -0.7200 0.6678 -0.7193 0.6668 -0.7202 0.6668 -0.7207 0.6678 -0.7200 0.6678 -0.7207 0.6678 -0.7211 0.6691 -0.7206 0.6691 -0.9614 0.9782 -0.9614 0.9769 -0.9652 0.9769 -0.9652 0.9782 -0.9614 0.9782 -0.9307 0.9782 -0.9307 0.9769 -0.9614 0.9769 -0.9614 0.9782 -0.9614 0.9792 -0.9307 0.9792 -0.9307 0.9782 -0.9614 0.9782 -0.9652 0.9782 -0.9652 0.9792 -0.9614 0.9792 0.2751 0.6753 0.2729 0.6753 0.2729 0.6729 0.2751 0.6729 0.2751 0.6729 0.2779 0.6729 0.2779 0.6754 0.2751 0.6753 0.2751 0.6729 0.2751 0.6711 0.2779 0.6711 0.2779 0.6729 0.2729 0.6729 0.2729 0.6711 0.2751 0.6711 0.2751 0.6729 0.2751 0.6696 0.2751 0.6683 0.2779 0.6683 0.2779 0.6696 0.2729 0.6696 0.2729 0.6683 0.2751 0.6683 0.2751 0.6696 0.2751 0.6711 0.2729 0.6711 0.2729 0.6696 0.2751 0.6696 0.2751 0.6696 0.2779 0.6696 0.2779 0.6711 0.2751 0.6711 0.2818 0.6729 0.2818 0.6754 0.2806 0.6754 0.2806 0.6729 0.2818 0.6729 0.2806 0.6729 0.2806 0.6711 0.2818 0.6711 0.0382 0.9729 0.0382 0.9747 0.0344 0.9747 0.0344 0.9729 0.0382 0.9729 0.0689 0.9729 0.0689 0.9747 0.0382 0.9747 0.0382 0.9729 0.0382 0.9704 0.0689 0.9704 0.0689 0.9729 0.0382 0.9729 0.0344 0.9729 0.0344 0.9704 0.0382 0.9704 0.2751 0.6670 0.2751 0.6661 0.2778 0.6661 0.2779 0.6670 0.2729 0.6670 0.2729 0.6661 0.2751 0.6661 0.2751 0.6670 0.2751 0.6683 0.2729 0.6683 0.2729 0.6670 0.2751 0.6670 0.2751 0.6670 0.2779 0.6670 0.2779 0.6683 0.2751 0.6683 -0.9024 -0.9007 -0.9032 -0.9007 -0.9032 -0.9066 -0.9024 -0.9066 -0.9024 -0.9007 -0.9024 -0.8940 -0.9032 -0.8940 -0.9032 -0.9007 -0.9024 -0.9007 -0.9010 -0.9007 -0.9010 -0.8940 -0.9024 -0.8940 -0.9024 -0.9007 -0.9024 -0.9066 -0.9010 -0.9067 -0.9010 -0.9007 0.2795 0.6696 0.2806 0.6696 0.2806 0.6711 0.2795 0.6711 0.2795 0.6696 0.2795 0.6683 0.2806 0.6683 0.2806 0.6696 0.2795 0.6696 0.2779 0.6696 0.2779 0.6683 0.2795 0.6683 0.2795 0.6696 0.2795 0.6711 0.2779 0.6711 0.2779 0.6696 -0.7106 -0.3841 -0.8354 -0.3841 -0.8354 -0.3866 -0.7106 -0.3866 -0.8479 0.9757 -0.8479 0.9769 -0.7658 0.9769 -0.7658 0.9757 -0.8479 0.9757 -0.9307 0.9757 -0.9307 0.9769 -0.8479 0.9769 -0.7106 -0.3841 -0.7106 -0.3866 -0.5846 -0.3866 -0.5846 -0.3841 -0.7206 0.6665 -0.7196 0.6665 -0.7192 0.6668 -0.7203 0.6668 -0.7206 0.6665 -0.7210 0.6668 -0.7202 0.6668 -0.7196 0.6665 -0.7206 0.6665 -0.7221 0.6665 -0.7223 0.6668 -0.7210 0.6668 -0.7206 0.6665 -0.7203 0.6668 -0.7219 0.6668 -0.7221 0.6665 0.2818 0.6670 0.2806 0.6670 0.2804 0.6661 0.2816 0.6661 0.2818 0.6670 0.2818 0.6683 0.2806 0.6683 0.2806 0.6670 0.0322 0.9762 0.0322 0.9747 0.0344 0.9747 0.0344 0.9762 0.0322 0.9762 0.0309 0.9762 0.0309 0.9747 0.0322 0.9747 0.0322 0.9762 0.0322 0.9774 0.0309 0.9774 0.0309 0.9762 0.0322 0.9762 0.0344 0.9762 0.0344 0.9774 0.0322 0.9774 -0.7214 0.6678 -0.7207 0.6678 -0.7202 0.6668 -0.7210 0.6668 -0.7214 0.6678 -0.7217 0.6691 -0.7211 0.6691 -0.7207 0.6678 -0.7214 0.6678 -0.7225 0.6678 -0.7227 0.6691 -0.7217 0.6691 -0.7214 0.6678 -0.7210 0.6668 -0.7223 0.6668 -0.7225 0.6678 0.2795 0.7528 0.2806 0.7528 0.2806 0.8229 0.2795 0.8229 0.2795 0.7528 0.2795 0.6992 0.2806 0.6992 0.2806 0.7528 0.2795 0.7528 0.2779 0.7528 0.2779 0.6992 0.2795 0.6992 0.2795 0.7528 0.2795 0.8229 0.2779 0.8229 0.2779 0.7528 0.2795 0.6670 0.2806 0.6670 0.2806 0.6683 0.2795 0.6683 0.2795 0.6670 0.2794 0.6661 0.2804 0.6661 0.2806 0.6670 0.2795 0.6670 0.2779 0.6670 0.2778 0.6661 0.2794 0.6661 0.2795 0.6670 0.2795 0.6683 0.2779 0.6683 0.2779 0.6670 -0.9040 -0.9166 -0.9032 -0.9166 -0.9032 -0.9141 -0.9040 -0.9141 -0.7207 0.6704 -0.7206 0.6691 -0.7211 0.6691 -0.7212 0.6704 -0.7217 0.6704 -0.7212 0.6704 -0.7211 0.6691 -0.7217 0.6691 -0.9024 -0.9166 -0.9024 -0.9141 -0.9032 -0.9141 -0.9032 -0.9166 -0.9024 -0.9166 -0.9010 -0.9166 -0.9010 -0.9141 -0.9024 -0.9141 -0.7217 0.6704 -0.7217 0.6691 -0.7227 0.6691 -0.7227 0.6704 0.0296 0.6674 0.0309 0.6674 0.0309 0.6684 0.0296 0.6684 0.0296 0.6674 0.0296 0.6666 0.0309 0.6666 0.0309 0.6674 0.0296 0.6674 0.0284 0.6673 0.0284 0.6666 0.0296 0.6666 0.0296 0.6674 0.0296 0.6684 0.0283 0.6683 0.0284 0.6673 -0.7288 0.6678 -0.7332 0.6678 -0.7332 0.6691 -0.7287 0.6691 -0.7288 0.6678 -0.7289 0.6668 -0.7331 0.6668 -0.7332 0.6678 0.0369 -0.3333 0.0374 -0.3325 0.0390 -0.3339 0.0369 -0.3333 0.0340 -0.3328 0.0346 -0.3301 0.0374 -0.3325 0.0369 -0.3333 0.0370 -0.3343 0.0339 -0.3347 0.0340 -0.3328 0.0369 -0.3333 0.0390 -0.3339 0.0385 -0.3342 0.0370 -0.3343 -0.9720 0.6671 -0.9726 0.6675 -0.9724 0.6677 -0.9718 0.6673 -0.9720 0.6671 -0.9721 0.6671 -0.9727 0.6674 -0.9726 0.6675 -0.9720 0.6671 -0.9710 0.6667 -0.9711 0.6667 -0.9721 0.6671 -0.9720 0.6671 -0.9718 0.6673 -0.9709 0.6670 -0.9710 0.6667 0.0275 0.6665 0.0269 0.6667 0.0269 0.6666 0.0275 0.6663 0.0275 0.6665 0.0275 0.6667 0.0271 0.6668 0.0269 0.6667 0.0275 0.6665 0.0285 0.6662 0.0284 0.6666 0.0275 0.6667 0.0275 0.6665 0.0275 0.6663 0.0285 0.6659 0.0285 0.6662 -0.9735 0.6685 -0.9738 0.6694 -0.9735 0.6695 -0.9733 0.6686 -0.9735 0.6685 -0.9735 0.6684 -0.9737 0.6693 -0.9738 0.6694 -0.9735 0.6685 -0.9732 0.6678 -0.9733 0.6677 -0.9735 0.6684 -0.9735 0.6685 -0.9733 0.6686 -0.9729 0.6680 -0.9732 0.6678 -0.7373 0.6665 -0.7658 0.6665 -0.7658 0.6668 -0.7373 0.6668 -0.7373 0.6665 -0.7373 0.6666 -0.7658 0.6666 -0.7658 0.6665 -0.7373 0.6665 -0.7354 0.6665 -0.7354 0.6666 -0.7373 0.6666 -0.7373 0.6665 -0.7373 0.6668 -0.7354 0.6668 -0.7354 0.6665 -0.7289 0.6665 -0.7330 0.6665 -0.7331 0.6668 -0.7289 0.6668 -0.7305 0.6668 -0.7330 0.6666 -0.7330 0.6665 -0.7289 0.6665 -0.7289 0.6668 -0.8851 -0.9141 -0.8919 -0.9141 -0.8919 -0.9167 -0.8851 -0.9167 -0.8851 -0.9167 -0.8817 -0.9167 -0.8817 -0.9141 -0.8851 -0.9141 -0.7332 0.6704 -0.7332 0.6691 -0.7354 0.6691 -0.7354 0.6704 -0.7286 0.6704 -0.7287 0.6691 -0.7332 0.6691 -0.7332 0.6704 -0.9726 0.6704 -0.9726 0.6716 -0.9713 0.6715 -0.9714 0.6703 -0.9726 0.6704 -0.9735 0.6705 -0.9735 0.6718 -0.9726 0.6716 -0.9726 0.6704 -0.9726 0.6695 -0.9735 0.6695 -0.9735 0.6705 -0.9726 0.6704 -0.9714 0.6703 -0.9717 0.6694 -0.9726 0.6695 0.2683 0.6671 0.2683 0.6683 0.2669 0.6684 0.2670 0.6672 0.2683 0.6671 0.2696 0.6670 0.2696 0.6683 0.2683 0.6683 0.2683 0.6671 0.2679 0.6662 0.2692 0.6660 0.2696 0.6670 0.2683 0.6671 0.2670 0.6672 0.2669 0.6666 0.2679 0.6662 0.0274 0.6696 0.0274 0.6710 0.0266 0.6710 0.0266 0.6696 0.0274 0.6696 0.0284 0.6696 0.0284 0.6710 0.0274 0.6710 0.0274 0.6696 0.0273 0.6684 0.0283 0.6683 0.0284 0.6696 0.0274 0.6696 0.0266 0.6696 0.0265 0.6685 0.0273 0.6684 -0.7330 0.6665 -0.7354 0.6665 -0.7354 0.6668 -0.7331 0.6668 -0.7330 0.6665 -0.7330 0.6666 -0.7354 0.6666 -0.7354 0.6665 0.2658 0.6661 0.2670 0.6662 0.2669 0.6666 0.2657 0.6664 0.2658 0.6661 0.2659 0.6657 0.2675 0.6658 0.2670 0.6662 0.2658 0.6661 0.2642 0.6660 0.2643 0.6658 0.2659 0.6657 0.2658 0.6661 0.2657 0.6664 0.2641 0.6665 0.2642 0.6660 0.2624 0.6661 0.2339 0.6661 0.2339 0.6658 0.2624 0.6658 0.2624 0.6661 0.2624 0.6666 0.2339 0.6666 0.2339 0.6661 0.2624 0.6661 0.2642 0.6660 0.2641 0.6665 0.2624 0.6666 0.2624 0.6661 0.2624 0.6658 0.2643 0.6658 0.2642 0.6660 -0.7332 0.6678 -0.7354 0.6678 -0.7354 0.6691 -0.7332 0.6691 -0.7332 0.6678 -0.7331 0.6668 -0.7354 0.6668 -0.7354 0.6678 -0.7373 0.6678 -0.7658 0.6678 -0.7658 0.6691 -0.7373 0.6691 -0.7373 0.6678 -0.7373 0.6668 -0.7658 0.6668 -0.7658 0.6678 -0.7373 0.6678 -0.7354 0.6678 -0.7354 0.6668 -0.7373 0.6668 -0.7373 0.6678 -0.7373 0.6691 -0.7354 0.6691 -0.7354 0.6678 0.0296 0.7528 0.0296 0.6992 0.0309 0.6992 0.0309 0.7528 0.0296 0.7528 0.0284 0.7528 0.0284 0.6992 0.0296 0.6992 0.0296 0.7528 0.0296 0.8229 0.0284 0.8229 0.0284 0.7528 0.0296 0.7528 0.0309 0.7528 0.0309 0.8229 0.0296 0.8229 0.2655 0.6673 0.2670 0.6672 0.2669 0.6684 0.2655 0.6684 0.2655 0.6673 0.2657 0.6664 0.2669 0.6666 0.2670 0.6672 0.2655 0.6673 0.2640 0.6673 0.2641 0.6665 0.2657 0.6664 0.2655 0.6673 0.2655 0.6684 0.2640 0.6684 0.2640 0.6673 -0.9725 0.6794 -0.9725 0.6758 -0.9735 0.6760 -0.9735 0.6795 -0.9725 0.6794 -0.9713 0.6793 -0.9713 0.6757 -0.9725 0.6758 -0.9725 0.6794 -0.9725 0.6998 -0.9713 0.6998 -0.9713 0.6793 -0.9725 0.6794 -0.9735 0.6795 -0.9735 0.6999 -0.9725 0.6998 0.2708 0.6670 0.2696 0.6670 0.2692 0.6660 0.2708 0.6660 0.2708 0.6670 0.2708 0.6683 0.2696 0.6683 0.2696 0.6670 -0.9738 0.6705 -0.9738 0.6718 -0.9735 0.6718 -0.9735 0.6705 -0.9738 0.6705 -0.9738 0.6704 -0.9738 0.6718 -0.9738 0.6718 -0.9738 0.6705 -0.9738 0.6694 -0.9737 0.6693 -0.9738 0.6704 -0.9738 0.6705 -0.9735 0.6705 -0.9735 0.6695 -0.9738 0.6694 0.2654 0.6729 0.2668 0.6729 0.2668 0.6753 0.2654 0.6753 0.2654 0.6729 0.2654 0.6710 0.2668 0.6710 0.2668 0.6729 0.2654 0.6729 0.2640 0.6729 0.2640 0.6710 0.2654 0.6710 0.2654 0.6729 0.2654 0.6753 0.2640 0.6753 0.2640 0.6729 0.2708 0.6729 0.2696 0.6729 0.2696 0.6710 0.2708 0.6710 0.2708 0.6729 0.2708 0.6753 0.2696 0.6753 0.2696 0.6729 0.0270 0.6675 0.0265 0.6676 0.0265 0.6671 0.0267 0.6669 0.0270 0.6675 0.0273 0.6684 0.0265 0.6685 0.0265 0.6676 0.0270 0.6675 0.0274 0.6674 0.0283 0.6683 0.0273 0.6684 0.0270 0.6675 0.0267 0.6669 0.0269 0.6669 0.0274 0.6674 0.2683 0.6696 0.2683 0.6710 0.2668 0.6710 0.2668 0.6696 0.2683 0.6696 0.2696 0.6696 0.2696 0.6710 0.2683 0.6710 0.2683 0.6696 0.2683 0.6683 0.2696 0.6683 0.2696 0.6696 0.2683 0.6696 0.2668 0.6696 0.2669 0.6684 0.2683 0.6683 -0.9729 0.6675 -0.9726 0.6675 -0.9727 0.6674 -0.9729 0.6674 -0.9729 0.6675 -0.9726 0.6678 -0.9724 0.6677 -0.9726 0.6675 -0.4266 0.7213 -0.4266 0.7212 -0.4267 0.7215 -0.4268 0.7215 -0.4266 0.7213 -0.4265 0.7212 -0.4265 0.7212 -0.4266 0.7212 0.0261 0.6729 0.0266 0.6729 0.0266 0.6753 0.0261 0.6753 0.0261 0.6729 0.0261 0.6710 0.0266 0.6710 0.0266 0.6729 0.0261 0.6729 0.0258 0.6729 0.0258 0.6711 0.0261 0.6710 0.0261 0.6729 0.0261 0.6753 0.0258 0.6753 0.0258 0.6729 0.0262 0.6676 0.0264 0.6669 0.0265 0.6671 0.0265 0.6676 0.0262 0.6676 0.0261 0.6676 0.0263 0.6669 0.0264 0.6669 0.0262 0.6676 0.0261 0.6685 0.0259 0.6685 0.0261 0.6676 0.0262 0.6676 0.0265 0.6676 0.0265 0.6685 0.0261 0.6685 -0.9701 0.6698 -0.9701 0.6690 -0.9711 0.6688 -0.9711 0.6692 -0.9701 0.6698 -0.9689 0.6702 -0.9690 0.6691 -0.9701 0.6690 -0.4285 0.7230 -0.4285 0.7233 -0.4295 0.7245 -0.4294 0.7233 -0.4285 0.7230 -0.4278 0.7226 -0.4278 0.7226 -0.4285 0.7233 -0.9716 0.6679 -0.9718 0.6673 -0.9724 0.6677 -0.9719 0.6683 -0.9716 0.6679 -0.9709 0.6679 -0.9709 0.6670 -0.9718 0.6673 -0.9716 0.6679 -0.9719 0.6683 -0.9711 0.6688 -0.9709 0.6679 0.0322 0.6674 0.0344 0.6674 0.0344 0.6684 0.0322 0.6684 0.0322 0.6674 0.0322 0.6666 0.0344 0.6666 0.0344 0.6674 0.0322 0.6674 0.0309 0.6674 0.0309 0.6666 0.0322 0.6666 0.0322 0.6674 0.0322 0.6684 0.0309 0.6684 0.0309 0.6674 0.2624 0.6674 0.2640 0.6673 0.2640 0.6684 0.2624 0.6684 0.2624 0.6674 0.2624 0.6666 0.2641 0.6665 0.2640 0.6673 0.2624 0.6674 0.2339 0.6674 0.2339 0.6666 0.2624 0.6666 0.2624 0.6674 0.2624 0.6684 0.2339 0.6684 0.2339 0.6674 -0.8479 0.6665 -0.9307 0.6665 -0.9307 0.6668 -0.8479 0.6668 -0.8479 0.6665 -0.8479 0.6666 -0.9307 0.6666 -0.9307 0.6665 -0.8479 0.6665 -0.7658 0.6665 -0.7658 0.6666 -0.8479 0.6666 -0.8479 0.6665 -0.8479 0.6668 -0.7658 0.6668 -0.7658 0.6665 -0.9699 0.6665 -0.9710 0.6667 -0.9709 0.6670 -0.9699 0.6669 -0.9699 0.6665 -0.9699 0.6666 -0.9711 0.6667 -0.9710 0.6667 -0.9699 0.6665 -0.9687 0.6665 -0.9687 0.6666 -0.9699 0.6666 -0.9699 0.6665 -0.9699 0.6669 -0.9687 0.6668 -0.9687 0.6665 0.0322 0.6661 0.0322 0.6658 0.0344 0.6658 0.0344 0.6661 0.0322 0.6661 0.0309 0.6661 0.0309 0.6658 0.0322 0.6658 0.0322 0.6661 0.0322 0.6666 0.0309 0.6666 0.0309 0.6661 0.0322 0.6661 0.0344 0.6661 0.0344 0.6666 0.0322 0.6666 0.0296 0.6661 0.0285 0.6662 0.0285 0.6659 0.0296 0.6658 0.0296 0.6661 0.0296 0.6666 0.0284 0.6666 0.0285 0.6662 0.0296 0.6661 0.0309 0.6661 0.0309 0.6666 0.0296 0.6666 0.0296 0.6661 0.0296 0.6658 0.0309 0.6658 0.0309 0.6661 -0.9614 0.6678 -0.9652 0.6678 -0.9652 0.6691 -0.9614 0.6691 -0.9614 0.6678 -0.9614 0.6668 -0.9652 0.6668 -0.9652 0.6678 -0.9614 0.6678 -0.9307 0.6678 -0.9307 0.6668 -0.9614 0.6668 -0.9614 0.6678 -0.9614 0.6691 -0.9307 0.6691 -0.9307 0.6678 -0.9700 0.6679 -0.9709 0.6679 -0.9711 0.6688 -0.9701 0.6690 -0.9700 0.6679 -0.9699 0.6669 -0.9709 0.6670 -0.9709 0.6679 -0.9700 0.6679 -0.9689 0.6678 -0.9687 0.6668 -0.9699 0.6669 -0.9700 0.6679 -0.9701 0.6690 -0.9690 0.6691 -0.9689 0.6678 0.0382 0.6729 0.0382 0.6753 0.0344 0.6753 0.0344 0.6729 0.0382 0.6729 0.0689 0.6729 0.0689 0.6753 0.0382 0.6753 0.0382 0.6729 0.0382 0.6710 0.0689 0.6710 0.0689 0.6729 0.0382 0.6729 0.0344 0.6729 0.0344 0.6710 0.0382 0.6710 0.2624 0.7528 0.2624 0.6992 0.2640 0.6992 0.2640 0.7528 0.2624 0.7528 0.2339 0.7528 0.2339 0.6992 0.2624 0.6992 0.2624 0.7528 0.2624 0.8229 0.2339 0.8229 0.2339 0.7528 0.2624 0.7528 0.2640 0.7528 0.2640 0.8229 0.2624 0.8229 -0.7106 -0.9167 -0.7106 -0.9141 -0.8354 -0.9141 -0.8354 -0.9167 -0.7106 -0.9167 -0.5846 -0.9167 -0.5846 -0.9141 -0.7106 -0.9141 -0.8479 0.6704 -0.8479 0.6691 -0.9307 0.6691 -0.9307 0.6704 -0.8479 0.6704 -0.7658 0.6704 -0.7658 0.6691 -0.8479 0.6691 -0.8788 -0.9167 -0.8788 -0.9141 -0.8817 -0.9141 -0.8817 -0.9167 -0.8788 -0.9167 -0.8354 -0.9167 -0.8354 -0.9141 -0.8788 -0.9141 -0.7373 0.6704 -0.7373 0.6691 -0.7658 0.6691 -0.7658 0.6704 -0.7373 0.6704 -0.7354 0.6704 -0.7354 0.6691 -0.7373 0.6691 -0.8851 -0.9110 -0.8817 -0.9110 -0.8817 -0.9067 -0.8851 -0.9067 -0.8851 -0.9110 -0.8851 -0.9141 -0.8817 -0.9141 -0.8817 -0.9110 0.0274 0.6729 0.0274 0.6753 0.0266 0.6753 0.0266 0.6729 0.0274 0.6729 0.0284 0.6729 0.0284 0.6753 0.0274 0.6753 0.0274 0.6729 0.0274 0.6710 0.0284 0.6710 0.0284 0.6729 0.0274 0.6729 0.0266 0.6729 0.0266 0.6710 0.0274 0.6710 0.0296 0.6696 0.0296 0.6684 0.0309 0.6684 0.0309 0.6696 0.0296 0.6696 0.0284 0.6696 0.0283 0.6683 0.0296 0.6684 0.0296 0.6696 0.0296 0.6710 0.0284 0.6710 0.0284 0.6696 0.0296 0.6696 0.0309 0.6696 0.0309 0.6710 0.0296 0.6710 -0.9727 0.6688 -0.9723 0.6686 -0.9729 0.6680 -0.9733 0.6686 -0.9727 0.6688 -0.9726 0.6695 -0.9717 0.6694 -0.9723 0.6686 -0.9727 0.6688 -0.9733 0.6686 -0.9735 0.6695 -0.9726 0.6695 -0.9738 0.6736 -0.9738 0.6761 -0.9735 0.6760 -0.9735 0.6736 -0.9738 0.6736 -0.9738 0.6736 -0.9738 0.6761 -0.9738 0.6761 -0.9738 0.6736 -0.9738 0.6718 -0.9738 0.6718 -0.9738 0.6736 -0.9738 0.6736 -0.9735 0.6736 -0.9735 0.6718 -0.9738 0.6718 0.2654 0.6696 0.2655 0.6684 0.2669 0.6684 0.2668 0.6696 0.2654 0.6696 0.2640 0.6696 0.2640 0.6684 0.2655 0.6684 0.2654 0.6696 0.2654 0.6710 0.2640 0.6710 0.2640 0.6696 0.2654 0.6696 0.2668 0.6696 0.2668 0.6710 0.2654 0.6710 0.2708 0.6696 0.2696 0.6696 0.2696 0.6683 0.2708 0.6683 0.2708 0.6696 0.2708 0.6710 0.2696 0.6710 0.2696 0.6696 0.2683 0.7528 0.2683 0.8229 0.2668 0.8229 0.2668 0.7528 0.2683 0.7528 0.2696 0.7528 0.2696 0.8229 0.2683 0.8229 0.2683 0.7528 0.2683 0.6992 0.2696 0.6992 0.2696 0.7528 0.2683 0.7528 0.2668 0.7528 0.2668 0.6992 0.2683 0.6992 -0.9720 0.6684 -0.9719 0.6683 -0.9724 0.6677 -0.9726 0.6678 -0.9720 0.6684 -0.9711 0.6692 -0.9711 0.6688 -0.9719 0.6683 -0.4272 0.7220 -0.4272 0.7220 -0.4278 0.7226 -0.4278 0.7226 -0.4272 0.7220 -0.4268 0.7215 -0.4267 0.7215 -0.4272 0.7220 0.0261 0.6696 0.0261 0.6685 0.0265 0.6685 0.0266 0.6696 0.0261 0.6696 0.0258 0.6696 0.0259 0.6685 0.0261 0.6685 0.0261 0.6696 0.0261 0.6710 0.0258 0.6711 0.0258 0.6696 0.0261 0.6696 0.0266 0.6696 0.0266 0.6710 0.0261 0.6710 -0.5248 -0.7722 -0.5248 -0.6504 -0.5268 -0.6504 -0.5268 -0.7722 -0.9700 0.7532 -0.9713 0.7532 -0.9713 0.8230 -0.9700 0.8230 -0.9700 0.7532 -0.9700 0.6998 -0.9713 0.6998 -0.9713 0.7532 -0.5248 -0.7722 -0.5268 -0.7722 -0.5268 -0.8652 -0.5248 -0.8653 0.1518 0.6696 0.1518 0.6684 0.2339 0.6684 0.2339 0.6696 0.1518 0.6696 0.0689 0.6696 0.0689 0.6684 0.1518 0.6684 0.1518 0.6696 0.1518 0.6710 0.0689 0.6710 0.0689 0.6696 0.1518 0.6696 0.2339 0.6696 0.2339 0.6710 0.1518 0.6710 0.2624 0.6696 0.2624 0.6684 0.2640 0.6684 0.2640 0.6696 0.2624 0.6696 0.2339 0.6696 0.2339 0.6684 0.2624 0.6684 0.2624 0.6696 0.2624 0.6710 0.2339 0.6710 0.2339 0.6696 0.2624 0.6696 0.2640 0.6696 0.2640 0.6710 0.2624 0.6710 -0.9040 -0.9109 -0.9032 -0.9109 -0.9032 -0.9066 -0.9040 -0.9066 -0.9040 -0.9109 -0.9040 -0.9141 -0.9032 -0.9141 -0.9032 -0.9109 -0.5379 -0.7722 -0.5373 -0.8646 -0.5319 -0.8651 -0.5321 -0.7722 -0.5379 -0.7722 -0.5449 -0.7722 -0.5449 -0.8940 -0.5373 -0.8646 -0.5379 -0.7722 -0.5379 -0.6504 -0.5449 -0.6504 -0.5449 -0.7722 -0.5379 -0.7722 -0.5321 -0.7722 -0.5321 -0.6504 -0.5379 -0.6504 0.2624 0.6788 0.2624 0.6753 0.2640 0.6753 0.2640 0.6788 0.2624 0.6788 0.2339 0.6788 0.2339 0.6753 0.2624 0.6753 0.2624 0.6788 0.2624 0.6992 0.2339 0.6992 0.2339 0.6788 0.2624 0.6788 0.2640 0.6788 0.2640 0.6992 0.2624 0.6992 -0.9674 0.6665 -0.9674 0.6668 -0.9652 0.6668 -0.9652 0.6665 -0.9674 0.6665 -0.9687 0.6665 -0.9687 0.6668 -0.9674 0.6668 -0.9674 0.6665 -0.9674 0.6666 -0.9687 0.6666 -0.9687 0.6665 -0.9674 0.6665 -0.9652 0.6665 -0.9652 0.6666 -0.9674 0.6666 -0.5288 -0.4000 -0.5286 -0.3944 -0.5318 -0.3939 -0.5315 -0.4006 -0.5288 -0.4000 -0.5268 -0.3999 -0.5267 -0.3940 -0.5286 -0.3944 -0.5288 -0.4000 -0.5288 -0.4355 -0.5268 -0.4355 -0.5268 -0.3999 -0.5288 -0.4000 -0.5315 -0.4006 -0.5319 -0.4357 -0.5288 -0.4355 -0.8788 -0.4000 -0.8354 -0.4000 -0.8354 -0.3941 -0.8788 -0.3941 -0.8788 -0.4000 -0.8788 -0.4068 -0.8354 -0.4068 -0.8354 -0.4000 -0.8788 -0.4000 -0.8817 -0.4000 -0.8817 -0.4068 -0.8788 -0.4068 -0.8788 -0.4000 -0.8788 -0.3941 -0.8817 -0.3941 -0.8817 -0.4000 0.2818 0.9761 0.2806 0.9761 0.2806 0.9747 0.2818 0.9747 0.2818 0.9761 0.2818 0.9774 0.2806 0.9774 0.2806 0.9761 0.0382 0.6661 0.0382 0.6666 0.0344 0.6666 0.0344 0.6661 0.0382 0.6661 0.0689 0.6661 0.0689 0.6666 0.0382 0.6666 0.0382 0.6661 0.0382 0.6658 0.0689 0.6658 0.0689 0.6661 0.0382 0.6661 0.0344 0.6661 0.0344 0.6658 0.0382 0.6658 -0.4266 0.9527 -0.4265 0.9528 -0.4265 0.9528 -0.4265 0.9528 -0.4266 0.9527 -0.4267 0.9527 -0.4267 0.9528 -0.4265 0.9528 -0.4266 0.9527 -0.4267 0.9526 -0.4268 0.9527 -0.4267 0.9527 -0.4266 0.9527 -0.4265 0.9528 -0.4267 0.9526 -0.7245 0.9795 -0.7221 0.9795 -0.7223 0.9792 -0.7245 0.9792 -0.7245 0.9795 -0.7245 0.9792 -0.7219 0.9792 -0.7221 0.9795 -0.7245 0.9795 -0.7267 0.9795 -0.7267 0.9792 -0.7245 0.9792 -0.7245 0.9792 -0.7267 0.9792 -0.7267 0.9795 -0.7245 0.9795 -0.5238 -0.3840 -0.5228 -0.3823 -0.5230 -0.3822 -0.5245 -0.3839 -0.5238 -0.3840 -0.5230 -0.3822 -0.5247 -0.3831 -0.9706 0.9757 -0.9714 0.9757 -0.9717 0.9766 -0.9713 0.9767 -0.9706 0.9757 -0.9701 0.9744 -0.9713 0.9745 -0.9714 0.9757 -0.5238 -0.3840 -0.5245 -0.3839 -0.5267 -0.3865 -0.5246 -0.3862 -0.7186 0.9795 -0.7193 0.9792 -0.7202 0.9792 -0.7196 0.9795 -0.7186 0.9795 -0.7196 0.9795 -0.7192 0.9792 -0.7181 0.9792 -0.9730 0.9786 -0.9727 0.9783 -0.9729 0.9780 -0.9732 0.9783 -0.9730 0.9786 -0.9729 0.9786 -0.9726 0.9783 -0.9727 0.9783 -0.9730 0.9786 -0.9731 0.9786 -0.9730 0.9787 -0.9729 0.9786 -0.9730 0.9786 -0.9732 0.9783 -0.9733 0.9783 -0.9731 0.9786 -0.9675 0.6678 -0.9676 0.6691 -0.9652 0.6691 -0.9652 0.6678 -0.9675 0.6678 -0.9689 0.6678 -0.9690 0.6691 -0.9676 0.6691 -0.9675 0.6678 -0.9674 0.6668 -0.9687 0.6668 -0.9689 0.6678 -0.9675 0.6678 -0.9652 0.6678 -0.9652 0.6668 -0.9674 0.6668 0.0266 0.9791 0.0265 0.9791 0.0263 0.9788 0.0264 0.9788 0.0266 0.9791 0.0267 0.9792 0.0266 0.9792 0.0265 0.9791 0.0266 0.9791 0.0267 0.9788 0.0269 0.9789 0.0267 0.9792 0.0266 0.9791 0.0264 0.9788 0.0265 0.9786 0.0267 0.9788 -0.7245 0.9782 -0.7225 0.9782 -0.7227 0.9769 -0.7244 0.9769 -0.7245 0.9782 -0.7245 0.9792 -0.7223 0.9792 -0.7225 0.9782 -0.7245 0.9782 -0.7266 0.9782 -0.7267 0.9792 -0.7245 0.9792 -0.7244 0.9769 -0.7266 0.9769 -0.7266 0.9782 -0.7245 0.9782 -0.9721 0.9776 -0.9713 0.9767 -0.9717 0.9766 -0.9723 0.9774 -0.9721 0.9776 -0.9720 0.9776 -0.9711 0.9768 -0.9713 0.9767 -0.9721 0.9776 -0.9727 0.9783 -0.9726 0.9783 -0.9720 0.9776 -0.9721 0.9776 -0.9723 0.9774 -0.9729 0.9780 -0.9727 0.9783 -0.8983 -0.3841 -0.9010 -0.3841 -0.9010 -0.3867 -0.8983 -0.3867 -0.7244 0.9756 -0.7244 0.9769 -0.7227 0.9769 -0.7227 0.9756 -0.7244 0.9756 -0.7265 0.9757 -0.7266 0.9769 -0.7244 0.9769 -0.8983 -0.3867 -0.8951 -0.3866 -0.8951 -0.3841 -0.8983 -0.3841 -0.8983 -0.3898 -0.9010 -0.3898 -0.9010 -0.3941 -0.8983 -0.3941 -0.8983 -0.3898 -0.8983 -0.3867 -0.9010 -0.3867 -0.9010 -0.3898 -0.8951 -0.3898 -0.8951 -0.3866 -0.8983 -0.3867 -0.8983 -0.3898 -0.8983 -0.3941 -0.8951 -0.3941 -0.8951 -0.3898 -0.8983 -0.3898 -0.7200 0.9782 -0.7207 0.9782 -0.7202 0.9792 -0.7193 0.9792 -0.7200 0.9782 -0.7206 0.9769 -0.7211 0.9769 -0.7207 0.9782 0.0322 0.6729 0.0322 0.6710 0.0344 0.6710 0.0344 0.6729 0.0322 0.6729 0.0309 0.6729 0.0309 0.6710 0.0322 0.6710 0.0322 0.6729 0.0322 0.6753 0.0309 0.6753 0.0309 0.6729 0.0322 0.6729 0.0344 0.6729 0.0344 0.6753 0.0322 0.6753 0.2751 0.9729 0.2779 0.9729 0.2779 0.9747 0.2751 0.9747 0.2751 0.9729 0.2751 0.9704 0.2779 0.9704 0.2779 0.9729 0.2729 0.9729 0.2729 0.9704 0.2751 0.9704 0.2751 0.9729 0.2751 0.9747 0.2729 0.9747 0.2729 0.9729 0.2751 0.9729 0.2729 0.9762 0.2729 0.9747 0.2751 0.9747 0.2751 0.9762 0.2751 0.9774 0.2729 0.9774 0.2729 0.9762 0.2751 0.9762 0.2751 0.9762 0.2779 0.9761 0.2779 0.9774 0.2751 0.9774 0.2751 0.9762 0.2751 0.9747 0.2779 0.9747 0.2779 0.9761 0.2818 0.8930 0.2806 0.8930 0.2806 0.8229 0.2818 0.8229 0.2818 0.8930 0.2818 0.9466 0.2806 0.9466 0.2806 0.8930 -0.5286 -0.9167 -0.5289 -0.9144 -0.5321 -0.9142 -0.5320 -0.9167 -0.5286 -0.9167 -0.5265 -0.9169 -0.5267 -0.9143 -0.5289 -0.9144 -0.9675 0.6704 -0.9676 0.6691 -0.9690 0.6691 -0.9689 0.6702 -0.9675 0.6704 -0.9652 0.6704 -0.9652 0.6691 -0.9676 0.6691 0.2729 0.9787 0.2729 0.9774 0.2751 0.9774 0.2751 0.9787 0.2751 0.9797 0.2729 0.9797 0.2729 0.9787 0.2751 0.9787 0.2751 0.9787 0.2779 0.9787 0.2778 0.9797 0.2751 0.9797 0.2751 0.9787 0.2751 0.9774 0.2779 0.9774 0.2779 0.9787 -0.9024 -0.4000 -0.9010 -0.4000 -0.9010 -0.3941 -0.9024 -0.3941 -0.9024 -0.4000 -0.9024 -0.4068 -0.9010 -0.4068 -0.9010 -0.4000 -0.9024 -0.4000 -0.9032 -0.4000 -0.9032 -0.4068 -0.9024 -0.4068 -0.9024 -0.4000 -0.9024 -0.3941 -0.9032 -0.3941 -0.9032 -0.4000 0.2795 0.9761 0.2795 0.9774 0.2779 0.9774 0.2779 0.9761 0.2795 0.9761 0.2806 0.9761 0.2806 0.9774 0.2795 0.9774 0.2795 0.9761 0.2795 0.9747 0.2806 0.9747 0.2806 0.9761 0.2795 0.9761 0.2779 0.9761 0.2779 0.9747 0.2795 0.9747 0.0322 0.6696 0.0322 0.6684 0.0344 0.6684 0.0344 0.6696 0.0322 0.6696 0.0309 0.6696 0.0309 0.6684 0.0322 0.6684 0.0322 0.6696 0.0322 0.6710 0.0309 0.6710 0.0309 0.6696 0.0322 0.6696 0.0344 0.6696 0.0344 0.6710 0.0322 0.6710 -0.7206 0.9795 -0.7210 0.9792 -0.7223 0.9792 -0.7221 0.9795 -0.7206 0.9795 -0.7196 0.9795 -0.7202 0.9792 -0.7210 0.9792 -0.7206 0.9795 -0.7203 0.9792 -0.7192 0.9792 -0.7196 0.9795 -0.7206 0.9795 -0.7221 0.9795 -0.7219 0.9792 -0.7203 0.9792 0.2818 0.9787 0.2806 0.9787 0.2806 0.9774 0.2818 0.9774 0.2818 0.9787 0.2816 0.9797 0.2804 0.9797 0.2806 0.9787 -0.5402 -0.3978 -0.5852 -0.3994 -0.5449 -0.4068 -0.5379 -0.4000 -0.5402 -0.3978 -0.5385 -0.3935 -0.5847 -0.3939 -0.5852 -0.3994 -0.5402 -0.3978 -0.5379 -0.4000 -0.5318 -0.3939 -0.5385 -0.3935 -0.7214 0.9782 -0.7217 0.9769 -0.7227 0.9769 -0.7225 0.9782 -0.7214 0.9782 -0.7207 0.9782 -0.7211 0.9769 -0.7217 0.9769 -0.7214 0.9782 -0.7210 0.9792 -0.7202 0.9792 -0.7207 0.9782 -0.7214 0.9782 -0.7225 0.9782 -0.7223 0.9792 -0.7210 0.9792 0.2795 0.8930 0.2795 0.9466 0.2779 0.9466 0.2779 0.8930 0.2795 0.8930 0.2806 0.8930 0.2806 0.9466 0.2795 0.9466 0.2795 0.8930 0.2795 0.8229 0.2806 0.8229 0.2806 0.8930 0.2795 0.8930 0.2779 0.8930 0.2779 0.8229 0.2795 0.8229 0.2795 0.9787 0.2794 0.9797 0.2778 0.9797 0.2779 0.9787 0.2795 0.9787 0.2806 0.9787 0.2804 0.9797 0.2794 0.9797 0.2795 0.9787 0.2795 0.9774 0.2806 0.9774 0.2806 0.9787 0.2795 0.9787 0.2779 0.9787 0.2779 0.9774 0.2795 0.9774 -0.9040 -0.3842 -0.9032 -0.3842 -0.9034 -0.3819 -0.9043 -0.3819 -0.9040 -0.3842 -0.9040 -0.3867 -0.9032 -0.3867 -0.9032 -0.3842 -0.9024 -0.3842 -0.9024 -0.3867 -0.9010 -0.3867 -0.9010 -0.3841 -0.9024 -0.3842 -0.9032 -0.3842 -0.9032 -0.3867 -0.9024 -0.3867 -0.9024 -0.3842 -0.9026 -0.3819 -0.9034 -0.3819 -0.9032 -0.3842 -0.9024 -0.3842 -0.9010 -0.3841 -0.9011 -0.3819 -0.9026 -0.3819 0.0296 0.9784 0.0296 0.9792 0.0284 0.9792 0.0284 0.9785 0.0296 0.9784 0.0309 0.9784 0.0309 0.9792 0.0296 0.9792 0.0296 0.9784 0.0296 0.9774 0.0309 0.9774 0.0309 0.9784 0.0296 0.9784 0.0284 0.9785 0.0283 0.9775 0.0296 0.9774 -0.7288 0.9782 -0.7332 0.9782 -0.7331 0.9792 -0.7289 0.9792 -0.7288 0.9782 -0.7287 0.9769 -0.7332 0.9769 -0.7332 0.9782 0.0276 0.9787 0.0284 0.9785 0.0284 0.9792 0.0275 0.9790 0.0276 0.9787 0.0274 0.9784 0.0283 0.9775 0.0284 0.9785 0.0276 0.9787 0.0269 0.9789 0.0274 0.9784 0.0276 0.9787 0.0275 0.9790 0.0271 0.9790 0.0269 0.9789 -0.9720 0.9789 -0.9721 0.9789 -0.9711 0.9793 -0.9710 0.9793 -0.9720 0.9789 -0.9726 0.9786 -0.9727 0.9786 -0.9721 0.9789 -0.9720 0.9789 -0.9718 0.9787 -0.9724 0.9783 -0.9726 0.9786 -0.9720 0.9789 -0.9710 0.9793 -0.9709 0.9790 -0.9718 0.9787 0.0275 0.9793 0.0275 0.9790 0.0284 0.9792 0.0285 0.9796 0.0275 0.9793 0.0269 0.9790 0.0271 0.9790 0.0275 0.9790 0.0275 0.9793 0.0275 0.9794 0.0269 0.9791 0.0269 0.9790 0.0275 0.9793 0.0285 0.9796 0.0285 0.9798 0.0275 0.9794 -0.9735 0.9776 -0.9735 0.9777 -0.9733 0.9783 -0.9732 0.9783 -0.9735 0.9776 -0.9738 0.9766 -0.9737 0.9767 -0.9735 0.9777 -0.9735 0.9776 -0.9733 0.9774 -0.9735 0.9765 -0.9738 0.9766 -0.9735 0.9776 -0.9732 0.9783 -0.9729 0.9780 -0.9733 0.9774 -0.7373 0.9795 -0.7373 0.9794 -0.7354 0.9794 -0.7354 0.9795 -0.7373 0.9795 -0.7658 0.9795 -0.7658 0.9794 -0.7373 0.9794 -0.7373 0.9795 -0.7373 0.9792 -0.7658 0.9792 -0.7658 0.9795 -0.7373 0.9795 -0.7354 0.9795 -0.7354 0.9792 -0.7373 0.9792 -0.7305 0.9793 -0.7289 0.9792 -0.7289 0.9795 -0.7330 0.9795 -0.7330 0.9794 -0.7289 0.9795 -0.7289 0.9792 -0.7331 0.9792 -0.7330 0.9795 -0.7332 0.9757 -0.7354 0.9757 -0.7354 0.9769 -0.7332 0.9769 -0.8851 -0.3841 -0.8851 -0.3866 -0.8817 -0.3866 -0.8817 -0.3841 -0.8851 -0.3841 -0.8919 -0.3841 -0.8919 -0.3866 -0.8851 -0.3866 -0.7332 0.9769 -0.7287 0.9769 -0.7286 0.9757 -0.7332 0.9757 -0.9726 0.9756 -0.9735 0.9755 -0.9735 0.9765 -0.9726 0.9765 -0.9726 0.9756 -0.9726 0.9744 -0.9735 0.9742 -0.9735 0.9755 -0.9726 0.9756 -0.9714 0.9757 -0.9713 0.9745 -0.9726 0.9744 -0.9726 0.9756 -0.9726 0.9765 -0.9717 0.9766 -0.9714 0.9757 0.2683 0.9787 0.2696 0.9787 0.2692 0.9798 0.2679 0.9795 0.2683 0.9787 0.2683 0.9774 0.2696 0.9774 0.2696 0.9787 0.2683 0.9787 0.2670 0.9786 0.2669 0.9774 0.2683 0.9774 0.2683 0.9787 0.2679 0.9795 0.2669 0.9792 0.2670 0.9786 0.0274 0.9762 0.0284 0.9762 0.0283 0.9775 0.0273 0.9773 0.0274 0.9762 0.0274 0.9747 0.0284 0.9747 0.0284 0.9762 0.0274 0.9762 0.0266 0.9762 0.0266 0.9747 0.0274 0.9747 0.0274 0.9762 0.0273 0.9773 0.0265 0.9773 0.0266 0.9762 -0.7330 0.9795 -0.7331 0.9792 -0.7354 0.9792 -0.7354 0.9795 -0.7330 0.9795 -0.7354 0.9795 -0.7354 0.9794 -0.7330 0.9794 0.2662 0.9798 0.2667 0.9800 0.2643 0.9800 0.2642 0.9797 0.2662 0.9798 0.2679 0.9795 0.2692 0.9798 0.2667 0.9800 0.2662 0.9798 0.2657 0.9793 0.2669 0.9792 0.2679 0.9795 0.2662 0.9798 0.2642 0.9797 0.2641 0.9792 0.2657 0.9793 0.2624 0.9797 0.2624 0.9792 0.2641 0.9792 0.2642 0.9797 0.2624 0.9797 0.2339 0.9797 0.2339 0.9792 0.2624 0.9792 0.2624 0.9797 0.2624 0.9799 0.2339 0.9799 0.2339 0.9797 0.2624 0.9797 0.2642 0.9797 0.2643 0.9800 0.2624 0.9799 -0.7332 0.9782 -0.7332 0.9769 -0.7354 0.9769 -0.7354 0.9782 -0.7332 0.9782 -0.7354 0.9782 -0.7354 0.9792 -0.7331 0.9792 -0.7373 0.9782 -0.7373 0.9792 -0.7354 0.9792 -0.7354 0.9782 -0.7373 0.9782 -0.7658 0.9782 -0.7658 0.9792 -0.7373 0.9792 -0.7373 0.9782 -0.7373 0.9769 -0.7658 0.9769 -0.7658 0.9782 -0.7373 0.9782 -0.7354 0.9782 -0.7354 0.9769 -0.7373 0.9769 0.0296 0.9729 0.0284 0.9729 0.0284 0.9704 0.0296 0.9704 0.0296 0.9729 0.0296 0.9747 0.0284 0.9747 0.0284 0.9729 0.0296 0.9729 0.0309 0.9729 0.0309 0.9747 0.0296 0.9747 0.0296 0.9729 0.0296 0.9704 0.0309 0.9704 0.0309 0.9729 0.2655 0.9785 0.2657 0.9793 0.2641 0.9792 0.2640 0.9784 0.2655 0.9785 0.2670 0.9786 0.2669 0.9792 0.2657 0.9793 0.2655 0.9785 0.2655 0.9774 0.2669 0.9774 0.2670 0.9786 0.2655 0.9785 0.2640 0.9784 0.2640 0.9774 0.2655 0.9774 -0.9725 0.9667 -0.9725 0.9702 -0.9713 0.9703 -0.9713 0.9668 -0.9725 0.9667 -0.9735 0.9666 -0.9735 0.9700 -0.9725 0.9702 -0.9725 0.9667 -0.9725 0.9462 -0.9735 0.9462 -0.9735 0.9666 -0.9725 0.9667 -0.9713 0.9668 -0.9713 0.9462 -0.9725 0.9462 0.2708 0.9787 0.2696 0.9787 0.2696 0.9774 0.2708 0.9774 0.2708 0.9787 0.2708 0.9797 0.2692 0.9798 0.2696 0.9787 -0.9738 0.9755 -0.9738 0.9756 -0.9737 0.9767 -0.9738 0.9766 -0.9738 0.9755 -0.9738 0.9742 -0.9738 0.9742 -0.9738 0.9756 -0.9738 0.9755 -0.9735 0.9755 -0.9735 0.9742 -0.9738 0.9742 -0.9738 0.9755 -0.9738 0.9766 -0.9735 0.9765 -0.9735 0.9755 0.2654 0.9729 0.2640 0.9729 0.2640 0.9704 0.2654 0.9704 0.2654 0.9729 0.2654 0.9747 0.2640 0.9747 0.2640 0.9729 0.2654 0.9729 0.2668 0.9729 0.2668 0.9747 0.2654 0.9747 0.2654 0.9729 0.2654 0.9704 0.2668 0.9704 0.2668 0.9729 0.2708 0.9729 0.2696 0.9729 0.2696 0.9704 0.2708 0.9704 0.2708 0.9729 0.2708 0.9747 0.2696 0.9747 0.2696 0.9729 0.0270 0.9782 0.0273 0.9773 0.0283 0.9775 0.0274 0.9784 0.0270 0.9782 0.0265 0.9782 0.0265 0.9773 0.0273 0.9773 0.0270 0.9782 0.0267 0.9788 0.0265 0.9786 0.0265 0.9782 0.0270 0.9782 0.0274 0.9784 0.0269 0.9789 0.0267 0.9788 0.2683 0.9762 0.2696 0.9762 0.2696 0.9774 0.2683 0.9774 0.2683 0.9762 0.2683 0.9747 0.2696 0.9747 0.2696 0.9762 0.2683 0.9762 0.2668 0.9762 0.2668 0.9747 0.2683 0.9747 0.2683 0.9762 0.2683 0.9774 0.2669 0.9774 0.2668 0.9762 -0.4266 0.9527 -0.4268 0.9525 -0.4267 0.9526 -0.4266 0.9528 -0.9729 0.9785 -0.9726 0.9786 -0.9724 0.9783 -0.9726 0.9782 -0.9729 0.9785 -0.9729 0.9786 -0.9727 0.9786 -0.9726 0.9786 -0.4266 0.9527 -0.4266 0.9528 -0.4265 0.9528 -0.4265 0.9528 0.0261 0.9729 0.0258 0.9729 0.0258 0.9704 0.0261 0.9704 0.0261 0.9729 0.0261 0.9747 0.0258 0.9747 0.0258 0.9729 0.0261 0.9729 0.0266 0.9729 0.0266 0.9747 0.0261 0.9747 0.0261 0.9729 0.0261 0.9704 0.0266 0.9704 0.0266 0.9729 0.0262 0.9782 0.0261 0.9782 0.0259 0.9772 0.0261 0.9773 0.0262 0.9782 0.0264 0.9788 0.0263 0.9788 0.0261 0.9782 0.0262 0.9782 0.0265 0.9782 0.0265 0.9786 0.0264 0.9788 0.0262 0.9782 0.0261 0.9773 0.0265 0.9773 0.0265 0.9782 -0.5247 -0.3831 -0.5265 -0.3839 -0.5267 -0.3865 -0.5245 -0.3839 -0.9701 0.9762 -0.9701 0.9770 -0.9690 0.9769 -0.9689 0.9758 -0.9701 0.9762 -0.9711 0.9768 -0.9711 0.9772 -0.9701 0.9770 -0.9711 0.9768 -0.9701 0.9762 -0.9711 0.9768 -0.9716 0.9781 -0.9718 0.9787 -0.9709 0.9790 -0.9709 0.9781 -0.9716 0.9781 -0.9719 0.9777 -0.9724 0.9783 -0.9718 0.9787 -0.9716 0.9781 -0.9709 0.9781 -0.9711 0.9772 -0.9719 0.9777 0.1518 0.9784 0.2339 0.9784 0.2339 0.9792 0.1518 0.9792 0.1518 0.9784 0.1518 0.9774 0.2339 0.9774 0.2339 0.9784 0.1518 0.9784 0.0689 0.9784 0.0689 0.9774 0.1518 0.9774 0.1518 0.9784 0.1518 0.9792 0.0689 0.9792 0.0689 0.9784 0.2624 0.9784 0.2624 0.9792 0.2339 0.9792 0.2339 0.9784 0.2624 0.9784 0.2640 0.9784 0.2641 0.9792 0.2624 0.9792 0.2624 0.9784 0.2624 0.9774 0.2640 0.9774 0.2640 0.9784 0.2624 0.9784 0.2339 0.9784 0.2339 0.9774 0.2624 0.9774 -0.8479 0.9795 -0.8479 0.9794 -0.7658 0.9794 -0.7658 0.9795 -0.8479 0.9795 -0.9307 0.9795 -0.9307 0.9794 -0.8479 0.9794 -0.8479 0.9795 -0.8479 0.9792 -0.9307 0.9792 -0.9307 0.9795 -0.8479 0.9795 -0.7658 0.9795 -0.7658 0.9792 -0.8479 0.9792 -0.9699 0.9795 -0.9699 0.9794 -0.9687 0.9794 -0.9687 0.9795 -0.9699 0.9795 -0.9710 0.9793 -0.9711 0.9793 -0.9699 0.9794 -0.9699 0.9795 -0.9699 0.9792 -0.9709 0.9790 -0.9710 0.9793 -0.9699 0.9795 -0.9687 0.9795 -0.9687 0.9792 -0.9699 0.9792 0.1518 0.9797 0.1518 0.9792 0.2339 0.9792 0.2339 0.9797 0.1518 0.9797 0.0689 0.9797 0.0689 0.9792 0.1518 0.9792 0.1518 0.9797 0.1518 0.9799 0.0689 0.9799 0.0689 0.9797 0.1518 0.9797 0.2339 0.9797 0.2339 0.9799 0.1518 0.9799 0.0296 0.9797 0.0296 0.9792 0.0309 0.9792 0.0309 0.9797 0.0296 0.9797 0.0285 0.9796 0.0284 0.9792 0.0296 0.9792 0.0296 0.9797 0.0296 0.9799 0.0285 0.9798 0.0285 0.9796 0.0296 0.9797 0.0309 0.9797 0.0309 0.9799 0.0296 0.9799 -0.9675 0.9782 -0.9674 0.9792 -0.9652 0.9792 -0.9652 0.9782 -0.9675 0.9782 -0.9689 0.9782 -0.9687 0.9792 -0.9674 0.9792 -0.9675 0.9782 -0.9676 0.9769 -0.9690 0.9769 -0.9689 0.9782 -0.9675 0.9782 -0.9652 0.9782 -0.9652 0.9769 -0.9676 0.9769 -0.9700 0.9781 -0.9699 0.9792 -0.9687 0.9792 -0.9689 0.9782 -0.9700 0.9781 -0.9709 0.9781 -0.9709 0.9790 -0.9699 0.9792 -0.9700 0.9781 -0.9701 0.9770 -0.9711 0.9772 -0.9709 0.9781 -0.9700 0.9781 -0.9689 0.9782 -0.9690 0.9769 -0.9701 0.9770 0.0322 0.9729 0.0322 0.9704 0.0344 0.9704 0.0344 0.9729 0.0322 0.9729 0.0309 0.9729 0.0309 0.9704 0.0322 0.9704 0.0322 0.9729 0.0322 0.9747 0.0309 0.9747 0.0309 0.9729 0.0322 0.9729 0.0344 0.9729 0.0344 0.9747 0.0322 0.9747 0.2624 0.9670 0.2624 0.9704 0.2339 0.9704 0.2339 0.9670 0.2624 0.9670 0.2640 0.9670 0.2640 0.9704 0.2624 0.9704 0.2624 0.9670 0.2624 0.9466 0.2640 0.9466 0.2640 0.9670 0.2624 0.9670 0.2339 0.9670 0.2339 0.9466 0.2624 0.9466 -0.9675 0.9757 -0.9676 0.9769 -0.9652 0.9769 -0.9652 0.9757 -0.9675 0.9757 -0.9689 0.9758 -0.9690 0.9769 -0.9676 0.9769 -0.5286 -0.3841 -0.5289 -0.3864 -0.5267 -0.3865 -0.5265 -0.3839 -0.5286 -0.3841 -0.5320 -0.3841 -0.5321 -0.3866 -0.5289 -0.3864 -0.7373 0.9757 -0.7658 0.9757 -0.7658 0.9769 -0.7373 0.9769 -0.8788 -0.3841 -0.8788 -0.3866 -0.8354 -0.3866 -0.8354 -0.3841 -0.8788 -0.3841 -0.8817 -0.3841 -0.8817 -0.3866 -0.8788 -0.3866 -0.7373 0.9757 -0.7373 0.9769 -0.7354 0.9769 -0.7354 0.9757 -0.8919 -0.9007 -0.8919 -0.9067 -0.8851 -0.9067 -0.8851 -0.9007 -0.8919 -0.9007 -0.8851 -0.9007 -0.8851 -0.8940 -0.8919 -0.8940 0.0274 0.9670 0.0284 0.9670 0.0284 0.9704 0.0274 0.9704 0.0274 0.9670 0.0274 0.9466 0.0284 0.9466 0.0284 0.9670 0.0274 0.9670 0.0266 0.9670 0.0266 0.9466 0.0274 0.9466 0.0274 0.9670 0.0274 0.9704 0.0266 0.9704 0.0266 0.9670 0.0296 0.9762 0.0284 0.9762 0.0284 0.9747 0.0296 0.9747 0.0296 0.9762 0.0296 0.9774 0.0283 0.9775 0.0284 0.9762 0.0296 0.9762 0.0309 0.9762 0.0309 0.9774 0.0296 0.9774 0.0296 0.9762 0.0296 0.9747 0.0309 0.9747 0.0309 0.9762 -0.9727 0.9772 -0.9723 0.9774 -0.9717 0.9766 -0.9726 0.9765 -0.9727 0.9772 -0.9733 0.9774 -0.9729 0.9780 -0.9723 0.9774 -0.9727 0.9772 -0.9726 0.9765 -0.9735 0.9765 -0.9733 0.9774 -0.9738 0.9665 -0.9738 0.9665 -0.9738 0.9699 -0.9738 0.9699 -0.9738 0.9665 -0.9738 0.9462 -0.9738 0.9462 -0.9738 0.9665 -0.9738 0.9665 -0.9735 0.9666 -0.9735 0.9462 -0.9738 0.9462 -0.9738 0.9665 -0.9738 0.9699 -0.9735 0.9700 -0.9735 0.9666 0.2654 0.9762 0.2640 0.9762 0.2640 0.9747 0.2654 0.9747 0.2654 0.9762 0.2655 0.9774 0.2640 0.9774 0.2640 0.9762 0.2654 0.9762 0.2668 0.9762 0.2669 0.9774 0.2655 0.9774 0.2654 0.9762 0.2654 0.9747 0.2668 0.9747 0.2668 0.9762 0.2708 0.9762 0.2696 0.9762 0.2696 0.9747 0.2708 0.9747 0.2708 0.9762 0.2708 0.9774 0.2696 0.9774 0.2696 0.9762 0.2683 0.8930 0.2683 0.8229 0.2696 0.8229 0.2696 0.8930 0.2683 0.8930 0.2668 0.8930 0.2668 0.8229 0.2683 0.8229 0.2683 0.8930 0.2683 0.9466 0.2668 0.9466 0.2668 0.8930 0.2683 0.8930 0.2696 0.8930 0.2696 0.9466 0.2683 0.9466 -0.9720 0.9776 -0.9711 0.9768 -0.9711 0.9768 -0.9720 0.9776 -0.9720 0.9776 -0.9719 0.9777 -0.9711 0.9772 -0.9711 0.9768 -0.9720 0.9776 -0.9726 0.9782 -0.9724 0.9783 -0.9719 0.9777 -0.4272 0.9520 -0.4272 0.9521 -0.4267 0.9526 -0.4268 0.9525 0.0261 0.9761 0.0258 0.9761 0.0258 0.9747 0.0261 0.9747 0.0261 0.9761 0.0261 0.9773 0.0259 0.9772 0.0258 0.9761 0.0261 0.9761 0.0266 0.9762 0.0265 0.9773 0.0261 0.9773 0.0261 0.9761 0.0261 0.9747 0.0266 0.9747 0.0266 0.9762 -0.9700 0.8928 -0.9700 0.8230 -0.9713 0.8230 -0.9713 0.8928 -0.5248 -0.5286 -0.5268 -0.5286 -0.5268 -0.6504 -0.5248 -0.6504 -0.5248 -0.5286 -0.5248 -0.4355 -0.5268 -0.4355 -0.5268 -0.5286 -0.9700 0.8928 -0.9713 0.8928 -0.9713 0.9462 -0.9700 0.9462 0.0382 0.9762 0.0344 0.9762 0.0344 0.9747 0.0382 0.9747 0.0382 0.9762 0.0382 0.9774 0.0344 0.9774 0.0344 0.9762 0.0382 0.9762 0.0689 0.9762 0.0689 0.9774 0.0382 0.9774 0.0382 0.9762 0.0382 0.9747 0.0689 0.9747 0.0689 0.9762 0.2624 0.9762 0.2339 0.9762 0.2339 0.9747 0.2624 0.9747 0.2624 0.9762 0.2624 0.9774 0.2339 0.9774 0.2339 0.9762 0.2624 0.9762 0.2640 0.9762 0.2640 0.9774 0.2624 0.9774 0.2624 0.9762 0.2624 0.9747 0.2640 0.9747 0.2640 0.9762 -0.9040 -0.9007 -0.9032 -0.9007 -0.9032 -0.8940 -0.9040 -0.8940 -0.9040 -0.9007 -0.9040 -0.9066 -0.9032 -0.9066 -0.9032 -0.9007 0.0322 0.9784 0.0322 0.9774 0.0344 0.9774 0.0344 0.9784 0.0322 0.9784 0.0309 0.9784 0.0309 0.9774 0.0322 0.9774 0.0322 0.9784 0.0322 0.9792 0.0309 0.9792 0.0309 0.9784 0.0322 0.9784 0.0344 0.9784 0.0344 0.9792 0.0322 0.9792 -0.5379 -0.9110 -0.5323 -0.9113 -0.5318 -0.9069 -0.5385 -0.9073 -0.5379 -0.9110 -0.5379 -0.9141 -0.5321 -0.9142 -0.5323 -0.9113 -0.5379 -0.9110 -0.5846 -0.9110 -0.5846 -0.9141 -0.5379 -0.9141 -0.5379 -0.9110 -0.5385 -0.9073 -0.5847 -0.9068 -0.5846 -0.9110 -0.5281 -0.3909 -0.5286 -0.3944 -0.5267 -0.3940 -0.5266 -0.3900 -0.5281 -0.3909 -0.5288 -0.3898 -0.5318 -0.3939 -0.5286 -0.3944 -0.5281 -0.3909 -0.5266 -0.3900 -0.5267 -0.3865 -0.5288 -0.3898 0.2818 0.6696 0.2806 0.6696 0.2806 0.6683 0.2818 0.6683 0.2818 0.6696 0.2818 0.6711 0.2806 0.6711 0.2806 0.6696 -0.9674 0.9795 -0.9674 0.9794 -0.9652 0.9794 -0.9652 0.9795 -0.9674 0.9795 -0.9687 0.9795 -0.9687 0.9794 -0.9674 0.9794 -0.9674 0.9795 -0.9674 0.9792 -0.9687 0.9792 -0.9687 0.9795 -0.9674 0.9795 -0.9652 0.9795 -0.9652 0.9792 -0.9674 0.9792 0.0398 -0.3344 0.0391 -0.3343 0.0385 -0.3342 0.0390 -0.3339 0.0398 -0.3344 0.0399 -0.3346 0.0392 -0.3346 0.0391 -0.3343 -0.4266 0.7213 -0.4265 0.7212 -0.4265 0.7212 -0.4265 0.7212 0.0398 -0.3344 0.0390 -0.3339 0.0399 -0.3346 0.3129 0.9808 0.2816 0.9797 0.2818 0.9787 0.3132 0.9798 -0.7170 0.6648 -0.7181 0.6668 -0.7186 0.6665 -0.7176 0.6646 -0.7187 0.9777 -0.7193 0.9792 -0.7186 0.9795 -0.7180 0.9779 -0.7173 0.9752 -0.7206 0.9769 -0.7200 0.9782 -0.7166 0.9764 0.1097 -0.3867 0.1659 -0.3867 0.1659 -0.3842 0.1097 -0.3842 0.1097 -0.9109 0.1097 -0.9141 0.1659 -0.9141 0.1659 -0.9109 0.1097 -0.3941 0.1659 -0.3941 0.1659 -0.3899 0.1097 -0.3899 -0.8983 -0.4000 -0.8983 -0.3941 -0.9010 -0.3941 -0.9010 -0.4000 -0.8983 -0.4000 -0.9010 -0.4000 -0.9010 -0.4068 -0.8983 -0.4068 0.2751 0.9670 0.2779 0.9670 0.2779 0.9704 0.2751 0.9704 0.2751 0.9670 0.2751 0.9466 0.2779 0.9466 0.2779 0.9670 0.0382 0.8930 0.0344 0.8930 0.0344 0.8229 0.0382 0.8229 0.0382 0.8930 0.0382 0.9466 0.0344 0.9466 0.0344 0.8930 0.0382 0.8930 0.0689 0.8930 0.0689 0.9466 0.0382 0.9466 0.0382 0.8930 0.0382 0.8229 0.0689 0.8229 0.0689 0.8930 0.0296 0.8930 0.0296 0.8229 0.0309 0.8229 0.0309 0.8930 0.0296 0.8930 0.0284 0.8930 0.0284 0.8229 0.0296 0.8229 0.0296 0.8930 0.0296 0.9466 0.0284 0.9466 0.0284 0.8930 0.0296 0.8930 0.0309 0.8930 0.0309 0.9466 0.0296 0.9466 0.2654 0.9670 0.2654 0.9704 0.2640 0.9704 0.2640 0.9670 0.2654 0.9670 0.2668 0.9670 0.2668 0.9704 0.2654 0.9704 0.2654 0.9670 0.2654 0.9466 0.2668 0.9466 0.2668 0.9670 0.2654 0.9670 0.2640 0.9670 0.2640 0.9466 0.2654 0.9466 0.2708 0.8930 0.2696 0.8930 0.2696 0.8229 0.2708 0.8229 0.2708 0.8930 0.2708 0.9466 0.2696 0.9466 0.2696 0.8930 0.0261 0.9670 0.0261 0.9704 0.0258 0.9704 0.0258 0.9670 0.0261 0.9670 0.0266 0.9670 0.0266 0.9704 0.0261 0.9704 0.0261 0.9670 0.0261 0.9466 0.0266 0.9466 0.0266 0.9670 0.0261 0.9670 0.0258 0.9670 0.0258 0.9466 0.0261 0.9466 0.0322 0.8930 0.0322 0.8229 0.0344 0.8229 0.0344 0.8930 0.0322 0.8930 0.0309 0.8930 0.0309 0.8229 0.0322 0.8229 0.0322 0.8930 0.0322 0.9466 0.0309 0.9466 0.0309 0.8930 0.0322 0.8930 0.0344 0.8930 0.0344 0.9466 0.0322 0.9466 0.2683 0.6788 0.2683 0.6753 0.2696 0.6753 0.2696 0.6788 0.2683 0.6788 0.2668 0.6788 0.2668 0.6753 0.2683 0.6753 0.2683 0.6788 0.2683 0.6992 0.2668 0.6992 0.2668 0.6788 0.2683 0.6788 0.2696 0.6788 0.2696 0.6992 0.2683 0.6992 -0.9040 -0.4000 -0.9032 -0.4000 -0.9032 -0.3941 -0.9040 -0.3941 -0.9040 -0.4000 -0.9040 -0.4068 -0.9032 -0.4068 -0.9032 -0.4000 -0.5288 -0.5286 -0.5288 -0.6504 -0.5268 -0.6504 -0.5268 -0.5286 -0.5288 -0.5286 -0.5321 -0.5286 -0.5321 -0.6504 -0.5288 -0.6504 -0.5288 -0.5286 -0.5288 -0.4355 -0.5319 -0.4357 -0.5321 -0.5286 -0.5288 -0.5286 -0.5268 -0.5286 -0.5268 -0.4355 -0.5288 -0.4355 -0.9700 0.6794 -0.9700 0.6758 -0.9713 0.6757 -0.9713 0.6793 -0.5248 -0.9010 -0.5268 -0.9008 -0.5267 -0.9067 -0.5248 -0.9071 -0.5248 -0.9010 -0.5248 -0.8653 -0.5268 -0.8652 -0.5268 -0.9008 -0.9700 0.6794 -0.9713 0.6793 -0.9713 0.6998 -0.9700 0.6998 0.2818 0.9670 0.2818 0.9704 0.2806 0.9704 0.2806 0.9670 0.3131 0.9670 0.3131 0.9704 0.2818 0.9704 0.2818 0.9670 0.2818 0.9670 0.2806 0.9670 0.2806 0.9466 0.2818 0.9466 -0.5355 -0.8985 -0.5379 -0.9007 -0.5318 -0.9069 -0.5315 -0.9002 -0.5355 -0.8985 -0.5373 -0.8646 -0.5449 -0.8940 -0.5379 -0.9007 -0.5355 -0.8985 -0.5315 -0.9002 -0.5319 -0.8651 -0.5373 -0.8646 -0.5379 -0.5286 -0.5379 -0.6504 -0.5321 -0.6504 -0.5321 -0.5286 -0.5379 -0.5286 -0.5449 -0.5286 -0.5449 -0.6504 -0.5379 -0.6504 -0.5379 -0.5286 -0.5373 -0.4361 -0.5449 -0.4068 -0.5449 -0.5286 -0.5379 -0.5286 -0.5321 -0.5286 -0.5319 -0.4357 -0.5373 -0.4361 0.2795 0.9670 0.2795 0.9704 0.2779 0.9704 0.2779 0.9670 0.2795 0.9670 0.2806 0.9670 0.2806 0.9704 0.2795 0.9704 0.2795 0.9670 0.2795 0.9466 0.2806 0.9466 0.2806 0.9670 0.2795 0.9670 0.2779 0.9670 0.2779 0.9466 0.2795 0.9466 -0.9725 0.8928 -0.9725 0.8230 -0.9735 0.8230 -0.9735 0.8928 -0.9725 0.8928 -0.9713 0.8928 -0.9713 0.8230 -0.9725 0.8230 -0.9725 0.8928 -0.9725 0.9462 -0.9713 0.9462 -0.9713 0.8928 -0.9725 0.8928 -0.9735 0.8928 -0.9735 0.9462 -0.9725 0.9462 0.2624 0.8930 0.2624 0.8229 0.2640 0.8229 0.2640 0.8930 0.2624 0.8930 0.2339 0.8930 0.2339 0.8229 0.2624 0.8229 0.2624 0.8930 0.2624 0.9466 0.2339 0.9466 0.2339 0.8930 0.2624 0.8930 0.2640 0.8930 0.2640 0.9466 0.2624 0.9466 -0.8851 -0.4000 -0.8817 -0.4000 -0.8817 -0.3941 -0.8851 -0.3941 -0.8851 -0.4000 -0.8851 -0.4068 -0.8817 -0.4068 -0.8817 -0.4000 0.0274 0.8930 0.0274 0.8229 0.0284 0.8229 0.0284 0.8930 0.0274 0.8930 0.0266 0.8930 0.0266 0.8229 0.0274 0.8229 0.0274 0.8930 0.0274 0.9466 0.0266 0.9466 0.0266 0.8930 0.0274 0.8930 0.0284 0.8930 0.0284 0.9466 0.0274 0.9466 -0.9738 0.8928 -0.9738 0.8230 -0.9738 0.8230 -0.9738 0.8928 -0.9738 0.8928 -0.9735 0.8928 -0.9735 0.8230 -0.9738 0.8230 -0.9738 0.8928 -0.9738 0.9462 -0.9735 0.9462 -0.9735 0.8928 -0.9738 0.8928 -0.9738 0.8928 -0.9738 0.9462 -0.9738 0.9462 0.2683 0.9670 0.2683 0.9704 0.2668 0.9704 0.2668 0.9670 0.2683 0.9670 0.2696 0.9670 0.2696 0.9704 0.2683 0.9704 0.2683 0.9670 0.2683 0.9466 0.2696 0.9466 0.2696 0.9670 0.2683 0.9670 0.2668 0.9670 0.2668 0.9466 0.2683 0.9466 -0.5248 -0.3998 -0.5248 -0.3936 -0.5267 -0.3940 -0.5268 -0.3999 -0.9700 0.9667 -0.9713 0.9668 -0.9713 0.9703 -0.9700 0.9702 -0.9700 0.9667 -0.9700 0.9462 -0.9713 0.9462 -0.9713 0.9668 -0.5248 -0.3998 -0.5268 -0.3999 -0.5268 -0.4355 -0.5248 -0.4355 0.2818 0.9670 0.2818 0.9466 0.3131 0.9466 0.3131 0.9670 -0.5402 -0.9030 -0.5852 -0.9013 -0.5847 -0.9068 -0.5385 -0.9073 -0.5402 -0.9030 -0.5379 -0.9007 -0.5449 -0.8940 -0.5852 -0.9013 -0.5402 -0.9030 -0.5385 -0.9073 -0.5318 -0.9069 -0.5379 -0.9007 0.1518 0.7528 0.2339 0.7528 0.2339 0.8229 0.1518 0.8229 0.1518 0.7528 0.1518 0.6992 0.2339 0.6992 0.2339 0.7528 0.1518 0.7528 0.0689 0.7528 0.0689 0.6992 0.1518 0.6992 0.1518 0.7528 0.1518 0.8229 0.0689 0.8229 0.0689 0.7528 -0.7106 -0.3898 -0.8354 -0.3898 -0.8354 -0.3941 -0.7106 -0.3941 -0.7106 -0.3898 -0.7106 -0.3866 -0.8354 -0.3866 -0.8354 -0.3898 -0.7106 -0.3898 -0.5846 -0.3898 -0.5846 -0.3866 -0.7106 -0.3866 -0.7106 -0.3898 -0.7106 -0.3941 -0.5847 -0.3939 -0.5846 -0.3898 0.0382 0.9670 0.0344 0.9670 0.0344 0.9466 0.0382 0.9466 0.0382 0.9670 0.0382 0.9704 0.0344 0.9704 0.0344 0.9670 0.0382 0.9670 0.0689 0.9670 0.0689 0.9704 0.0382 0.9704 0.0382 0.9670 0.0382 0.9466 0.0689 0.9466 0.0689 0.9670 0.0382 0.6674 0.0344 0.6674 0.0344 0.6666 0.0382 0.6666 0.0382 0.6674 0.0382 0.6684 0.0344 0.6684 0.0344 0.6674 0.0382 0.6674 0.0689 0.6674 0.0689 0.6684 0.0382 0.6684 0.0382 0.6674 0.0382 0.6666 0.0689 0.6666 0.0689 0.6674 -0.8479 0.9782 -0.7658 0.9782 -0.7658 0.9769 -0.8479 0.9769 -0.8479 0.9782 -0.8479 0.9792 -0.7658 0.9792 -0.7658 0.9782 -0.8479 0.9782 -0.9307 0.9782 -0.9307 0.9792 -0.8479 0.9792 -0.8479 0.9782 -0.8479 0.9769 -0.9307 0.9769 -0.9307 0.9782 0.1518 0.9729 0.2339 0.9729 0.2339 0.9747 0.1518 0.9747 0.1518 0.9729 0.1518 0.9704 0.2339 0.9704 0.2339 0.9729 0.1518 0.9729 0.0689 0.9729 0.0689 0.9704 0.1518 0.9704 0.1518 0.9729 0.1518 0.9747 0.0689 0.9747 0.0689 0.9729 -0.9614 0.9757 -0.9652 0.9757 -0.9652 0.9769 -0.9614 0.9769 -0.5379 -0.3841 -0.5379 -0.3866 -0.5321 -0.3866 -0.5320 -0.3841 -0.5379 -0.3841 -0.5846 -0.3841 -0.5846 -0.3866 -0.5379 -0.3866 -0.9614 0.9757 -0.9614 0.9769 -0.9307 0.9769 -0.9307 0.9757 -0.9614 0.6665 -0.9652 0.6665 -0.9652 0.6668 -0.9614 0.6668 -0.9614 0.6665 -0.9614 0.6666 -0.9652 0.6666 -0.9652 0.6665 -0.9614 0.6665 -0.9307 0.6665 -0.9307 0.6666 -0.9614 0.6666 -0.9614 0.6665 -0.9614 0.6668 -0.9307 0.6668 -0.9307 0.6665 -0.8479 0.6678 -0.7658 0.6678 -0.7658 0.6668 -0.8479 0.6668 -0.8479 0.6678 -0.8479 0.6691 -0.7658 0.6691 -0.7658 0.6678 -0.8479 0.6678 -0.9307 0.6678 -0.9307 0.6691 -0.8479 0.6691 -0.8479 0.6678 -0.8479 0.6668 -0.9307 0.6668 -0.9307 0.6678 0.1518 0.6729 0.2339 0.6729 0.2339 0.6753 0.1518 0.6753 0.1518 0.6729 0.1518 0.6710 0.2339 0.6710 0.2339 0.6729 0.1518 0.6729 0.0689 0.6729 0.0689 0.6710 0.1518 0.6710 0.1518 0.6729 0.1518 0.6753 0.0689 0.6753 0.0689 0.6729 -0.5379 -0.9167 -0.5320 -0.9167 -0.5321 -0.9142 -0.5379 -0.9141 -0.9614 0.6704 -0.9614 0.6691 -0.9652 0.6691 -0.9652 0.6704 -0.9614 0.6704 -0.9307 0.6704 -0.9307 0.6691 -0.9614 0.6691 -0.5379 -0.9167 -0.5379 -0.9141 -0.5846 -0.9141 -0.5846 -0.9167 0.0382 0.6696 0.0344 0.6696 0.0344 0.6684 0.0382 0.6684 0.0382 0.6696 0.0382 0.6710 0.0344 0.6710 0.0344 0.6696 0.0382 0.6696 0.0689 0.6696 0.0689 0.6710 0.0382 0.6710 0.0382 0.6696 0.0382 0.6684 0.0689 0.6684 0.0689 0.6696 0.1518 0.6788 0.1518 0.6753 0.2339 0.6753 0.2339 0.6788 0.1518 0.6788 0.0689 0.6788 0.0689 0.6753 0.1518 0.6753 0.1518 0.6788 0.1518 0.6992 0.0689 0.6992 0.0689 0.6788 0.1518 0.6788 0.2339 0.6788 0.2339 0.6992 0.1518 0.6992 0.1518 0.6661 0.2339 0.6661 0.2339 0.6666 0.1518 0.6666 0.1518 0.6661 0.1518 0.6658 0.2339 0.6658 0.2339 0.6661 0.1518 0.6661 0.0689 0.6661 0.0689 0.6658 0.1518 0.6658 0.1518 0.6661 0.1518 0.6666 0.0689 0.6666 0.0689 0.6661 -0.7106 -0.4000 -0.8354 -0.4000 -0.8354 -0.4068 -0.7106 -0.4068 -0.7106 -0.4000 -0.7106 -0.3941 -0.8354 -0.3941 -0.8354 -0.4000 -0.7106 -0.4000 -0.5852 -0.3994 -0.5847 -0.3939 -0.7106 -0.3941 -0.7106 -0.4000 -0.7106 -0.4068 -0.5449 -0.4068 -0.5852 -0.3994 0.0382 0.9784 0.0344 0.9784 0.0344 0.9774 0.0382 0.9774 0.0382 0.9784 0.0382 0.9792 0.0344 0.9792 0.0344 0.9784 0.0382 0.9784 0.0689 0.9784 0.0689 0.9792 0.0382 0.9792 0.0382 0.9784 0.0382 0.9774 0.0689 0.9774 0.0689 0.9784 -0.9614 0.9795 -0.9652 0.9795 -0.9652 0.9794 -0.9614 0.9794 -0.9614 0.9795 -0.9614 0.9792 -0.9652 0.9792 -0.9652 0.9795 -0.9614 0.9795 -0.9307 0.9795 -0.9307 0.9792 -0.9614 0.9792 -0.9614 0.9795 -0.9614 0.9794 -0.9307 0.9794 -0.9307 0.9795 0.0382 0.9797 0.0344 0.9797 0.0344 0.9792 0.0382 0.9792 0.0382 0.9797 0.0382 0.9799 0.0344 0.9799 0.0344 0.9797 0.0382 0.9797 0.0689 0.9797 0.0689 0.9799 0.0382 0.9799 0.0382 0.9797 0.0382 0.9792 0.0689 0.9792 0.0689 0.9797 0.1518 0.9762 0.2339 0.9762 0.2339 0.9774 0.1518 0.9774 0.1518 0.9762 0.1518 0.9747 0.2339 0.9747 0.2339 0.9762 0.1518 0.9762 0.0689 0.9762 0.0689 0.9747 0.1518 0.9747 0.1518 0.9762 0.1518 0.9774 0.0689 0.9774 0.0689 0.9762 -0.7106 -0.9110 -0.8354 -0.9110 -0.8354 -0.9141 -0.7106 -0.9141 -0.7106 -0.9110 -0.7106 -0.9067 -0.8354 -0.9067 -0.8354 -0.9110 -0.7106 -0.9110 -0.5846 -0.9110 -0.5847 -0.9068 -0.7106 -0.9067 -0.7106 -0.9110 -0.7106 -0.9141 -0.5846 -0.9141 -0.5846 -0.9110 0.1518 0.8930 0.2339 0.8930 0.2339 0.9466 0.1518 0.9466 0.1518 0.8930 0.1518 0.8229 0.2339 0.8229 0.2339 0.8930 0.1518 0.8930 0.0689 0.8930 0.0689 0.8229 0.1518 0.8229 0.1518 0.8930 0.1518 0.9466 0.0689 0.9466 0.0689 0.8930 -0.7106 -0.9007 -0.7106 -0.9067 -0.5847 -0.9068 -0.5852 -0.9013 -0.7106 -0.9007 -0.8354 -0.9007 -0.8354 -0.9067 -0.7106 -0.9067 -0.7106 -0.9007 -0.7106 -0.8940 -0.8354 -0.8940 -0.8354 -0.9007 -0.7106 -0.9007 -0.5852 -0.9013 -0.5449 -0.8940 -0.7106 -0.8940 -0.5355 -0.4023 -0.5373 -0.4361 -0.5319 -0.4357 -0.5315 -0.4006 -0.5355 -0.4023 -0.5379 -0.4000 -0.5449 -0.4068 -0.5373 -0.4361 -0.5355 -0.4023 -0.5315 -0.4006 -0.5318 -0.3939 -0.5379 -0.4000 -0.5288 -0.9007 -0.5286 -0.9064 -0.5267 -0.9067 -0.5268 -0.9008 -0.5288 -0.9007 -0.5315 -0.9002 -0.5318 -0.9069 -0.5286 -0.9064 -0.5288 -0.9007 -0.5288 -0.8652 -0.5319 -0.8651 -0.5315 -0.9002 -0.5288 -0.9007 -0.5268 -0.9008 -0.5268 -0.8652 -0.5288 -0.8652 0.2751 0.8229 0.2729 0.8229 0.2729 0.7528 0.2751 0.7528 0.2751 0.7528 0.2779 0.7528 0.2779 0.8229 0.2751 0.8229 0.2751 0.7528 0.2751 0.6992 0.2779 0.6992 0.2779 0.7528 0.2729 0.7528 0.2729 0.6992 0.2751 0.6992 0.2751 0.7528 0.2818 0.7528 0.2818 0.8229 0.2806 0.8229 0.2806 0.7528 0.2818 0.7528 0.2806 0.7528 0.2806 0.6992 0.2818 0.6992 0.0322 0.6788 0.0322 0.6753 0.0344 0.6753 0.0344 0.6788 0.0322 0.6788 0.0309 0.6788 0.0309 0.6753 0.0322 0.6753 0.0322 0.6788 0.0322 0.6992 0.0309 0.6992 0.0309 0.6788 0.0322 0.6788 0.0344 0.6788 0.0344 0.6992 0.0322 0.6992 0.2654 0.7528 0.2654 0.8229 0.2640 0.8229 0.2640 0.7528 0.2654 0.7528 0.2668 0.7528 0.2668 0.8229 0.2654 0.8229 0.2654 0.7528 0.2654 0.6992 0.2668 0.6992 0.2668 0.7528 0.2654 0.7528 0.2640 0.7528 0.2640 0.6992 0.2654 0.6992 0.2708 0.7528 0.2708 0.8229 0.2696 0.8229 0.2696 0.7528 0.2708 0.7528 0.2696 0.7528 0.2696 0.6992 0.2708 0.6992 0.0261 0.6788 0.0261 0.6753 0.0266 0.6753 0.0266 0.6788 0.0261 0.6788 0.0258 0.6788 0.0258 0.6753 0.0261 0.6753 0.0261 0.6788 0.0261 0.6992 0.0258 0.6992 0.0258 0.6788 0.0261 0.6788 0.0266 0.6788 0.0266 0.6992 0.0261 0.6992 0.0382 0.7528 0.0382 0.8229 0.0344 0.8229 0.0344 0.7528 0.0382 0.7528 0.0689 0.7528 0.0689 0.8229 0.0382 0.8229 0.0382 0.7528 0.0382 0.6992 0.0689 0.6992 0.0689 0.7528 0.0382 0.7528 0.0344 0.7528 0.0344 0.6992 0.0382 0.6992 -0.8851 -0.9007 -0.8851 -0.9067 -0.8817 -0.9067 -0.8817 -0.9007 -0.8851 -0.9007 -0.8817 -0.9007 -0.8817 -0.8940 -0.8851 -0.8940 0.0274 0.7528 0.0274 0.8229 0.0266 0.8229 0.0266 0.7528 0.0274 0.7528 0.0284 0.7528 0.0284 0.8229 0.0274 0.8229 0.0274 0.7528 0.0274 0.6992 0.0284 0.6992 0.0284 0.7528 0.0274 0.7528 0.0266 0.7528 0.0266 0.6992 0.0274 0.6992 -0.9738 0.6795 -0.9738 0.6761 -0.9738 0.6761 -0.9738 0.6795 -0.9738 0.6795 -0.9735 0.6795 -0.9735 0.6760 -0.9738 0.6761 -0.9738 0.6795 -0.9738 0.6999 -0.9735 0.6999 -0.9735 0.6795 -0.9738 0.6795 -0.9738 0.6795 -0.9738 0.6999 -0.9738 0.6999 -0.5295 -0.9121 -0.5323 -0.9113 -0.5321 -0.9142 -0.5289 -0.9144 -0.5295 -0.9121 -0.5288 -0.9110 -0.5318 -0.9069 -0.5323 -0.9113 -0.5295 -0.9121 -0.5289 -0.9144 -0.5267 -0.9143 -0.5288 -0.9110 0.2795 0.6788 0.2795 0.6754 0.2806 0.6754 0.2806 0.6788 0.2795 0.6788 0.2779 0.6788 0.2779 0.6754 0.2795 0.6754 0.2795 0.6788 0.2795 0.6992 0.2779 0.6992 0.2779 0.6788 0.2795 0.6788 0.2806 0.6788 0.2806 0.6992 0.2795 0.6992 0.0296 0.6788 0.0296 0.6753 0.0309 0.6753 0.0309 0.6788 0.0296 0.6788 0.0284 0.6788 0.0284 0.6753 0.0296 0.6753 0.0296 0.6788 0.0296 0.6992 0.0284 0.6992 0.0284 0.6788 0.0296 0.6788 0.0309 0.6788 0.0309 0.6992 0.0296 0.6992 0.1141 0.0726 0.1141 0.0693 0.1111 0.0693 0.1111 0.0726 0.1141 0.0726 0.1591 0.0726 0.1591 0.0693 0.1141 0.0693 0.1141 0.0726 0.1141 0.0771 0.1591 0.0771 0.1591 0.0726 0.1141 0.0726 0.1111 0.0726 0.1111 0.0771 0.1141 0.0771 0.2889 0.0833 0.1591 0.0832 0.1591 0.0903 0.2889 0.0904 0.2889 0.0833 0.2889 0.0771 0.1591 0.0771 0.1591 0.0832 0.2889 0.0833 0.4193 0.0827 0.4197 0.0769 0.2889 0.0771 0.2889 0.0833 0.2889 0.0904 0.4611 0.0904 0.4193 0.0827 0.4779 0.2184 0.4800 0.2184 0.4800 0.1207 0.4779 0.1207 0.4779 0.2184 0.4779 0.3464 0.4800 0.3464 0.4800 0.2184 0.4779 0.2184 0.4745 0.2184 0.4745 0.3464 0.4779 0.3464 0.4779 0.2184 0.4779 0.1207 0.4746 0.1208 0.4745 0.2184 0.3247 0.6787 0.3247 0.6992 0.3219 0.6992 0.3219 0.6787 0.3247 0.6787 0.3274 0.6787 0.3274 0.6992 0.3247 0.6992 0.3247 0.6787 0.3247 0.6753 0.3274 0.6753 0.3274 0.6787 0.3247 0.6787 0.3219 0.6787 0.3219 0.6753 0.3247 0.6753 0.3180 0.6992 0.2818 0.6992 0.2818 0.6788 0.3180 0.6787 0.3180 0.6787 0.3192 0.6787 0.3192 0.6992 0.3180 0.6992 0.3180 0.6787 0.3180 0.6753 0.3192 0.6753 0.3192 0.6787 0.3180 0.6787 0.2818 0.6788 0.2818 0.6754 0.3180 0.6753 0.5686 0.7528 0.5699 0.7528 0.5699 0.8230 0.5686 0.8230 0.5686 0.7528 0.5686 0.6992 0.5699 0.6992 0.5699 0.7528 0.5686 0.7528 0.5664 0.7528 0.5664 0.6992 0.5686 0.6992 0.5686 0.7528 0.5686 0.8230 0.5664 0.8230 0.5664 0.7528 0.0895 0.0727 0.0895 0.0693 0.0887 0.0694 0.0887 0.0727 0.0895 0.0727 0.0910 0.0726 0.0910 0.0693 0.0895 0.0693 0.0895 0.0727 0.0895 0.0773 0.0910 0.0773 0.0910 0.0726 0.0895 0.0727 0.0887 0.0727 0.0887 0.0772 0.0895 0.0773 0.3203 0.6728 0.3203 0.6710 0.3219 0.6710 0.3219 0.6728 0.3203 0.6728 0.3192 0.6728 0.3192 0.6710 0.3203 0.6710 0.3203 0.6728 0.3203 0.6753 0.3192 0.6753 0.3192 0.6728 0.3203 0.6728 0.3219 0.6728 0.3219 0.6753 0.3203 0.6753 0.5712 0.6728 0.5712 0.6710 0.5724 0.6710 0.5724 0.6728 0.5712 0.6728 0.5699 0.6728 0.5699 0.6710 0.5712 0.6710 0.5712 0.6728 0.5712 0.6753 0.5699 0.6753 0.5699 0.6728 0.5712 0.6728 0.5724 0.6728 0.5724 0.6753 0.5712 0.6753 -0.4287 -0.3260 -0.4287 -0.3278 -0.4299 -0.3279 -0.4300 -0.3262 -0.4287 -0.3260 -0.4278 -0.3258 -0.4278 -0.3276 -0.4287 -0.3278 -0.4287 -0.3260 -0.4287 -0.3235 -0.4278 -0.3234 -0.4278 -0.3258 -0.4287 -0.3260 -0.4300 -0.3262 -0.4300 -0.3237 -0.4287 -0.3235 0.3344 0.6787 0.3344 0.6992 0.3330 0.6992 0.3330 0.6787 0.3344 0.6787 0.3359 0.6787 0.3359 0.6992 0.3344 0.6992 0.3344 0.6787 0.3344 0.6753 0.3359 0.6753 0.3359 0.6787 0.3344 0.6787 0.3330 0.6787 0.3330 0.6753 0.3344 0.6753 0.3291 0.6787 0.3291 0.6992 0.3274 0.6992 0.3274 0.6787 0.3291 0.6787 0.3302 0.6787 0.3302 0.6992 0.3291 0.6992 0.3291 0.6787 0.3291 0.6753 0.3302 0.6753 0.3302 0.6787 0.3291 0.6787 0.3274 0.6787 0.3274 0.6753 0.3291 0.6753 0.5748 0.7528 0.5743 0.7528 0.5743 0.6992 0.5748 0.6992 0.5748 0.7528 0.5748 0.8230 0.5743 0.8230 0.5743 0.7528 0.5748 0.7528 0.5750 0.7528 0.5750 0.8230 0.5748 0.8230 0.5748 0.7528 0.5748 0.6992 0.5750 0.6992 0.5750 0.7528 0.5626 0.6787 0.5626 0.6992 0.5317 0.6992 0.5317 0.6787 0.5626 0.6787 0.5664 0.6787 0.5664 0.6992 0.5626 0.6992 0.5626 0.6787 0.5626 0.6753 0.5664 0.6753 0.5664 0.6787 0.5626 0.6787 0.5317 0.6787 0.5317 0.6753 0.5626 0.6753 0.3375 0.6728 0.3375 0.6710 0.3661 0.6710 0.3661 0.6728 0.3375 0.6728 0.3359 0.6728 0.3359 0.6710 0.3375 0.6710 0.3375 0.6728 0.3375 0.6753 0.3359 0.6753 0.3359 0.6728 0.3375 0.6728 0.3661 0.6728 0.3661 0.6753 0.3375 0.6753 0.1141 0.0832 0.1141 0.0771 0.1111 0.0771 0.1111 0.0832 0.1141 0.0832 0.1591 0.0832 0.1591 0.0771 0.1141 0.0771 0.1141 0.0832 0.1141 0.0902 0.1591 0.0903 0.1591 0.0832 0.1141 0.0832 0.1111 0.0832 0.1111 0.0902 0.1141 0.0902 0.5735 0.6787 0.5735 0.6992 0.5724 0.6992 0.5724 0.6787 0.5735 0.6787 0.5743 0.6787 0.5743 0.6992 0.5735 0.6992 0.5735 0.6787 0.5735 0.6753 0.5743 0.6753 0.5743 0.6787 0.5735 0.6787 0.5724 0.6787 0.5724 0.6753 0.5735 0.6753 0.1004 0.0726 0.1004 0.0693 0.0971 0.0693 0.0971 0.0726 0.1004 0.0726 0.1038 0.0726 0.1038 0.0693 0.1004 0.0693 0.1004 0.0726 0.1004 0.0771 0.1038 0.0771 0.1038 0.0726 0.1004 0.0726 0.0971 0.0726 0.0971 0.0771 0.1004 0.0771 -0.4259 0.7851 -0.4259 0.7851 -0.4259 0.7454 -0.4259 0.7454 -0.4259 0.7851 -0.4259 0.8370 -0.4259 0.8370 -0.4259 0.7851 -0.4259 0.7851 -0.4261 0.7851 -0.4261 0.8370 -0.4259 0.8370 -0.4259 0.7851 -0.4259 0.7454 -0.4261 0.7454 -0.4261 0.7851 0.3316 0.6728 0.3316 0.6710 0.3330 0.6710 0.3330 0.6728 0.3316 0.6728 0.3302 0.6728 0.3302 0.6710 0.3316 0.6710 0.3316 0.6728 0.3316 0.6753 0.3302 0.6753 0.3302 0.6728 0.3316 0.6728 0.3330 0.6728 0.3330 0.6753 0.3316 0.6753 0.4820 0.0721 0.4823 0.0689 0.4801 0.0691 0.4802 0.0728 -0.4312 -0.3260 -0.4300 -0.3262 -0.4299 -0.3279 -0.4311 -0.3278 -0.4312 -0.3260 -0.4312 -0.3235 -0.4300 -0.3237 -0.4300 -0.3262 0.4820 0.0721 0.4802 0.0728 0.4800 0.0771 0.4820 0.0767 0.0879 0.6201 0.0879 0.6234 0.0887 0.6234 0.0887 0.6201 0.1659 -0.3899 0.1659 -0.3867 0.1097 -0.3867 0.1097 -0.3899 0.0879 0.6201 0.0887 0.6201 0.0887 0.6156 0.0879 0.6156 0.4684 0.6202 0.4199 0.6202 0.4199 0.6235 0.4684 0.6235 0.4684 0.6202 0.4678 0.6163 0.4197 0.6158 0.4199 0.6202 0.4684 0.6202 0.4743 0.6205 0.4747 0.6159 0.4678 0.6163 0.4684 0.6202 0.4684 0.6235 0.4744 0.6236 0.4743 0.6205 0.1141 0.6202 0.1141 0.6235 0.1591 0.6235 0.1591 0.6202 0.1141 0.6202 0.1111 0.6202 0.1111 0.6235 0.1141 0.6235 0.1141 0.6202 0.1141 0.6157 0.1111 0.6157 0.1111 0.6202 0.1141 0.6202 0.1591 0.6202 0.1591 0.6157 0.1141 0.6157 -0.4287 -0.2465 -0.4278 -0.2465 -0.4278 -0.2996 -0.4287 -0.2996 -0.4287 -0.2465 -0.4287 -0.1769 -0.4278 -0.1769 -0.4278 -0.2465 -0.4287 -0.2465 -0.4300 -0.2465 -0.4300 -0.1769 -0.4287 -0.1769 -0.4287 -0.2465 -0.4287 -0.2996 -0.4300 -0.2997 -0.4300 -0.2465 0.4772 0.6214 0.4778 0.6238 0.4801 0.6236 0.4779 0.6202 0.4772 0.6214 0.4743 0.6205 0.4744 0.6236 0.4778 0.6238 0.4772 0.6214 0.4779 0.6202 0.4747 0.6159 0.4743 0.6205 0.3247 0.8937 0.3274 0.8939 0.3274 0.9470 0.3247 0.9470 0.3258 0.8236 0.3276 0.8238 0.3274 0.8939 0.3247 0.8937 0.3247 0.8937 0.3219 0.8934 0.3222 0.8231 0.3258 0.8236 0.3247 0.8937 0.3247 0.9470 0.3219 0.9469 0.3219 0.8934 0.3180 0.9732 0.3192 0.9732 0.3192 0.9750 0.3180 0.9750 0.3180 0.9732 0.3180 0.9707 0.3192 0.9707 0.3192 0.9732 0.2818 0.9729 0.2818 0.9704 0.3131 0.9704 0.3131 0.9729 0.4485 0.9674 0.4485 0.9469 0.5317 0.9469 0.5317 0.9674 0.4485 0.9674 0.3661 0.9674 0.3661 0.9469 0.4485 0.9469 0.4485 0.9674 0.4485 0.9708 0.3661 0.9708 0.3661 0.9674 0.4485 0.9674 0.5317 0.9674 0.5317 0.9708 0.4485 0.9708 0.0895 0.6201 0.0895 0.6234 0.0910 0.6235 0.0910 0.6201 0.0895 0.6201 0.0887 0.6201 0.0887 0.6234 0.0895 0.6234 0.0895 0.6201 0.0895 0.6156 0.0887 0.6156 0.0887 0.6201 0.0895 0.6201 0.0910 0.6201 0.0910 0.6157 0.0895 0.6156 0.3203 0.9732 0.3203 0.9750 0.3192 0.9750 0.3192 0.9732 0.3203 0.9732 0.3219 0.9732 0.3219 0.9750 0.3203 0.9750 0.3203 0.9732 0.3203 0.9707 0.3219 0.9708 0.3219 0.9732 0.3203 0.9732 0.3192 0.9732 0.3192 0.9707 0.3203 0.9707 0.5712 0.9674 0.5712 0.9469 0.5724 0.9469 0.5724 0.9674 0.5712 0.9674 0.5699 0.9674 0.5699 0.9469 0.5712 0.9469 0.5712 0.9674 0.5712 0.9708 0.5699 0.9708 0.5699 0.9674 0.5712 0.9674 0.5724 0.9674 0.5724 0.9708 0.5712 0.9708 -0.4287 -0.0278 -0.4287 -0.0261 -0.4278 -0.0263 -0.4278 -0.0280 -0.4287 -0.0278 -0.4300 -0.0277 -0.4299 -0.0259 -0.4287 -0.0261 -0.4287 -0.0278 -0.4287 -0.0303 -0.4300 -0.0302 -0.4300 -0.0277 -0.4287 -0.0278 -0.4278 -0.0280 -0.4278 -0.0305 -0.4287 -0.0303 0.3344 0.8932 0.3359 0.8932 0.3359 0.9469 0.3344 0.9469 0.3344 0.8932 0.3344 0.8230 0.3359 0.8230 0.3359 0.8932 0.3344 0.8932 0.3330 0.8932 0.3330 0.8230 0.3344 0.8230 0.3344 0.8932 0.3344 0.9469 0.3330 0.9469 0.3330 0.8932 0.3291 0.9674 0.3291 0.9470 0.3302 0.9469 0.3302 0.9674 0.3291 0.9674 0.3274 0.9674 0.3274 0.9470 0.3291 0.9470 0.3291 0.9674 0.3291 0.9708 0.3274 0.9708 0.3274 0.9674 0.3291 0.9674 0.3302 0.9674 0.3302 0.9708 0.3291 0.9708 0.5748 0.8932 0.5750 0.8932 0.5750 0.9469 0.5748 0.9469 0.5748 0.8932 0.5748 0.8230 0.5750 0.8230 0.5750 0.8932 0.5748 0.8932 0.5743 0.8932 0.5743 0.8230 0.5748 0.8230 0.5748 0.8932 0.5748 0.9469 0.5743 0.9469 0.5743 0.8932 0.5686 0.9674 0.5686 0.9469 0.5699 0.9469 0.5699 0.9674 0.5686 0.9674 0.5664 0.9674 0.5664 0.9469 0.5686 0.9469 0.5686 0.9674 0.5686 0.9708 0.5664 0.9708 0.5664 0.9674 0.5686 0.9674 0.5699 0.9674 0.5699 0.9708 0.5686 0.9708 0.3375 0.9732 0.3375 0.9751 0.3359 0.9751 0.3359 0.9732 0.3375 0.9732 0.3661 0.9732 0.3661 0.9751 0.3375 0.9751 0.3375 0.9732 0.3375 0.9708 0.3661 0.9708 0.3661 0.9732 0.3375 0.9732 0.3359 0.9732 0.3359 0.9708 0.3375 0.9708 0.1075 0.6202 0.1075 0.6235 0.1111 0.6235 0.1111 0.6202 0.1075 0.6202 0.1038 0.6202 0.1038 0.6235 0.1075 0.6235 0.1075 0.6202 0.1075 0.6157 0.1038 0.6157 0.1038 0.6202 0.1075 0.6202 0.1111 0.6202 0.1111 0.6157 0.1075 0.6157 0.5735 0.9732 0.5735 0.9751 0.5724 0.9751 0.5724 0.9732 0.5735 0.9732 0.5743 0.9732 0.5743 0.9751 0.5735 0.9751 0.5735 0.9732 0.5735 0.9708 0.5743 0.9708 0.5743 0.9732 0.5735 0.9732 0.5724 0.9732 0.5724 0.9708 0.5735 0.9708 0.1141 0.6096 0.1141 0.6026 0.1111 0.6026 0.1111 0.6096 0.1141 0.6096 0.1591 0.6096 0.1591 0.6026 0.1141 0.6026 0.1141 0.6096 0.1141 0.6157 0.1591 0.6157 0.1591 0.6096 0.1141 0.6096 0.1111 0.6096 0.1111 0.6157 0.1141 0.6157 -0.4259 0.9482 -0.4259 0.9495 -0.4259 0.9495 -0.4259 0.9482 -0.4259 0.9482 -0.4261 0.9482 -0.4261 0.9495 -0.4259 0.9495 -0.4259 0.9482 -0.4259 0.9463 -0.4261 0.9464 -0.4261 0.9482 -0.4259 0.9482 -0.4259 0.9482 -0.4259 0.9463 -0.4259 0.9463 0.3316 0.9732 0.3316 0.9751 0.3302 0.9751 0.3302 0.9732 0.3316 0.9732 0.3330 0.9732 0.3330 0.9751 0.3316 0.9751 0.3316 0.9732 0.3316 0.9708 0.3330 0.9708 0.3330 0.9732 0.3316 0.9732 0.3302 0.9732 0.3302 0.9708 0.3316 0.9708 -0.4312 -0.0278 -0.4311 -0.0261 -0.4299 -0.0259 -0.4300 -0.0277 0.4820 0.6207 0.4802 0.6200 0.4801 0.6236 0.4823 0.6239 0.4820 0.6207 0.4820 0.6161 0.4800 0.6157 0.4802 0.6200 -0.4312 -0.0278 -0.4300 -0.0277 -0.4300 -0.0302 -0.4312 -0.0303 0.4786 0.0738 0.4802 0.0728 0.4801 0.0691 0.4779 0.0726 0.4786 0.0738 0.4781 0.0774 0.4800 0.0771 0.4802 0.0728 0.4786 0.0738 0.4779 0.0726 0.4747 0.0769 0.4781 0.0774 0.4485 0.6673 0.4485 0.6665 0.5317 0.6665 0.5317 0.6673 0.4485 0.6673 0.3661 0.6673 0.3661 0.6665 0.4485 0.6665 0.4485 0.6673 0.4485 0.6683 0.3661 0.6683 0.3661 0.6673 0.4485 0.6673 0.5317 0.6673 0.5317 0.6683 0.4485 0.6683 -0.5992 0.7206 -0.6009 0.7206 -0.6008 0.7208 -0.5993 0.7208 -0.5992 0.7206 -0.5992 0.7208 -0.6011 0.7208 -0.6009 0.7206 -0.5992 0.7206 -0.5975 0.7206 -0.5974 0.7208 -0.5992 0.7208 -0.5992 0.7206 -0.5993 0.7208 -0.5976 0.7208 -0.5975 0.7206 -0.4306 -0.3291 -0.4299 -0.3300 -0.4301 -0.3301 -0.4310 -0.3291 -0.4306 -0.3291 -0.4301 -0.3301 -0.4311 -0.3296 -0.4306 -0.3291 -0.4298 -0.3291 -0.4295 -0.3300 -0.4299 -0.3300 -0.4306 -0.3291 -0.4311 -0.3278 -0.4299 -0.3279 -0.4298 -0.3291 0.4830 0.0665 0.4823 0.0664 0.4801 0.0691 0.4823 0.0689 -0.6033 0.7206 -0.6029 0.7208 -0.6022 0.7208 -0.6026 0.7206 -0.7186 0.6665 -0.7193 0.6668 -0.7187 0.6683 -0.7180 0.6681 -0.6033 0.7206 -0.6026 0.7206 -0.6029 0.7208 -0.6037 0.7208 -0.4282 -0.3319 -0.4285 -0.3316 -0.4283 -0.3313 -0.4280 -0.3316 -0.4282 -0.3319 -0.4284 -0.3319 -0.4286 -0.3316 -0.4285 -0.3316 -0.4282 -0.3319 -0.4282 -0.3320 -0.4283 -0.3320 -0.4284 -0.3319 -0.4282 -0.3319 -0.4280 -0.3316 -0.4280 -0.3317 -0.4282 -0.3320 0.5686 0.9800 0.5699 0.9800 0.5699 0.9803 0.5686 0.9803 0.5686 0.9800 0.5686 0.9796 0.5699 0.9796 0.5699 0.9800 0.5686 0.9800 0.5664 0.9800 0.5664 0.9796 0.5686 0.9796 0.5686 0.9800 0.5686 0.9803 0.5664 0.9803 0.5664 0.9800 0.5743 0.6666 0.5743 0.6665 0.5745 0.6668 0.5744 0.6669 0.5743 0.6666 0.5741 0.6665 0.5742 0.6665 0.5743 0.6665 0.5743 0.6666 0.5741 0.6668 0.5739 0.6668 0.5741 0.6665 0.5743 0.6666 0.5744 0.6669 0.5743 0.6670 0.5741 0.6668 -0.6715 -0.3315 -0.6735 -0.3315 -0.6733 -0.3303 -0.6716 -0.3303 -0.6715 -0.3315 -0.6715 -0.3325 -0.6736 -0.3325 -0.6735 -0.3315 -0.6715 -0.3315 -0.6693 -0.3315 -0.6692 -0.3325 -0.6715 -0.3325 -0.6715 -0.3315 -0.6716 -0.3303 -0.6695 -0.3303 -0.6693 -0.3315 -0.4292 -0.3309 -0.4299 -0.3300 -0.4295 -0.3300 -0.4290 -0.3308 -0.4292 -0.3309 -0.4292 -0.3310 -0.4301 -0.3301 -0.4299 -0.3300 -0.4292 -0.3309 -0.4285 -0.3316 -0.4286 -0.3316 -0.4292 -0.3310 -0.4292 -0.3309 -0.4290 -0.3308 -0.4283 -0.3313 -0.4285 -0.3316 0.0937 0.0666 0.0910 0.0667 0.0910 0.0693 0.0937 0.0693 -0.6716 -0.3290 -0.6716 -0.3303 -0.6733 -0.3303 -0.6733 -0.3290 -0.6716 -0.3290 -0.6695 -0.3290 -0.6695 -0.3303 -0.6716 -0.3303 0.0937 0.0666 0.0937 0.0693 0.0971 0.0693 0.0971 0.0666 0.0937 0.0726 0.0937 0.0693 0.0910 0.0693 0.0910 0.0726 0.0937 0.0726 0.0971 0.0726 0.0971 0.0693 0.0937 0.0693 0.0937 0.0726 0.0937 0.0772 0.0971 0.0771 0.0971 0.0726 0.0937 0.0726 0.0910 0.0726 0.0910 0.0773 0.0937 0.0772 -7.6669 -9.2680 -7.4815 -9.2669 -7.4819 -9.2601 -7.6665 -9.2584 -0.6759 -0.3315 -0.6752 -0.3315 -0.6757 -0.3325 -0.6766 -0.3325 -0.6759 -0.3315 -0.6754 -0.3303 -0.6748 -0.3303 -0.6752 -0.3315 -0.4396 -0.0223 -0.4697 -0.0223 -0.4697 -0.0213 -0.4396 -0.0213 -0.4396 -0.0223 -0.4396 -0.0236 -0.4697 -0.0236 -0.4697 -0.0223 -0.4396 -0.0223 -0.4359 -0.0223 -0.4359 -0.0236 -0.4396 -0.0236 -0.4396 -0.0223 -0.4396 -0.0213 -0.4359 -0.0213 -0.4359 -0.0223 0.3247 0.6728 0.3219 0.6728 0.3219 0.6710 0.3247 0.6710 0.3247 0.6728 0.3247 0.6753 0.3219 0.6753 0.3219 0.6728 0.3247 0.6728 0.3274 0.6728 0.3274 0.6753 0.3247 0.6753 0.3247 0.6728 0.3247 0.6710 0.3274 0.6710 0.3274 0.6728 0.3247 0.6695 0.3274 0.6695 0.3274 0.6710 0.3247 0.6710 0.3247 0.6695 0.3247 0.6682 0.3274 0.6682 0.3274 0.6695 0.3247 0.6695 0.3219 0.6695 0.3219 0.6682 0.3247 0.6682 0.3247 0.6695 0.3247 0.6710 0.3219 0.6710 0.3219 0.6695 0.3180 0.6728 0.2818 0.6729 0.2818 0.6711 0.3180 0.6710 0.3180 0.6728 0.3192 0.6728 0.3192 0.6753 0.3180 0.6753 0.3180 0.6728 0.3180 0.6710 0.3192 0.6710 0.3192 0.6728 0.5626 0.9732 0.5317 0.9732 0.5317 0.9708 0.5626 0.9708 0.5626 0.9732 0.5626 0.9751 0.5317 0.9751 0.5317 0.9732 0.5626 0.9732 0.5664 0.9732 0.5664 0.9751 0.5626 0.9751 0.5626 0.9732 0.5626 0.9708 0.5664 0.9708 0.5664 0.9732 0.3247 0.6669 0.3274 0.6669 0.3274 0.6682 0.3247 0.6682 0.3247 0.6669 0.3247 0.6660 0.3274 0.6660 0.3274 0.6669 0.3247 0.6669 0.3219 0.6669 0.3220 0.6660 0.3247 0.6660 0.3247 0.6669 0.3247 0.6682 0.3219 0.6682 0.3219 0.6669 0.0895 0.6095 0.0895 0.6025 0.0887 0.6024 0.0887 0.6094 0.0895 0.6095 0.0910 0.6095 0.0910 0.6026 0.0895 0.6025 0.0895 0.6095 0.0895 0.6156 0.0910 0.6157 0.0910 0.6095 0.0895 0.6095 0.0887 0.6094 0.0887 0.6156 0.0895 0.6156 0.3203 0.6695 0.3203 0.6682 0.3219 0.6682 0.3219 0.6695 0.3203 0.6695 0.3192 0.6695 0.3192 0.6682 0.3203 0.6682 0.3203 0.6695 0.3203 0.6710 0.3192 0.6710 0.3192 0.6695 0.3203 0.6695 0.3219 0.6695 0.3219 0.6710 0.3203 0.6710 -0.5508 -0.0248 -0.5508 -0.0236 -0.4697 -0.0236 -0.4697 -0.0248 -0.5508 -0.0248 -0.6311 -0.0248 -0.6311 -0.0236 -0.5508 -0.0236 0.2889 0.6262 0.2889 0.6235 0.1591 0.6235 0.1591 0.6262 0.2889 0.6262 0.4199 0.6262 0.4199 0.6235 0.2889 0.6235 -0.6019 0.7206 -0.6016 0.7208 -0.6008 0.7208 -0.6009 0.7206 -0.6019 0.7206 -0.6026 0.7206 -0.6022 0.7208 -0.6016 0.7208 -0.6019 0.7206 -0.6022 0.7208 -0.6029 0.7208 -0.6026 0.7206 -0.6019 0.7206 -0.6009 0.7206 -0.6011 0.7208 -0.6022 0.7208 0.3180 0.6669 0.3192 0.6669 0.3192 0.6682 0.3180 0.6682 0.3180 0.6669 0.3182 0.6660 0.3193 0.6660 0.3192 0.6669 0.2818 0.6670 0.2816 0.6661 0.3182 0.6660 0.3180 0.6669 0.5686 0.9765 0.5699 0.9765 0.5699 0.9777 0.5686 0.9777 0.5686 0.9765 0.5686 0.9751 0.5699 0.9751 0.5699 0.9765 0.5686 0.9765 0.5664 0.9765 0.5664 0.9751 0.5686 0.9751 0.5686 0.9765 0.5686 0.9777 0.5664 0.9777 0.5664 0.9765 -0.6745 -0.3315 -0.6743 -0.3303 -0.6733 -0.3303 -0.6735 -0.3315 -0.6745 -0.3315 -0.6752 -0.3315 -0.6748 -0.3303 -0.6743 -0.3303 -0.6745 -0.3315 -0.6749 -0.3325 -0.6757 -0.3325 -0.6752 -0.3315 -0.6745 -0.3315 -0.6735 -0.3315 -0.6736 -0.3325 -0.6749 -0.3325 0.3203 0.7528 0.3203 0.6992 0.3219 0.6992 0.3219 0.7528 0.3203 0.7528 0.3192 0.7528 0.3192 0.6992 0.3203 0.6992 0.3203 0.7528 0.3203 0.8230 0.3192 0.8230 0.3192 0.7528 0.3203 0.7528 0.3219 0.7528 0.3222 0.8231 0.3203 0.8230 0.3203 0.6669 0.3204 0.6660 0.3220 0.6660 0.3219 0.6669 0.3203 0.6669 0.3192 0.6669 0.3193 0.6660 0.3204 0.6660 0.3203 0.6669 0.3203 0.6682 0.3192 0.6682 0.3192 0.6669 0.3203 0.6669 0.3219 0.6669 0.3219 0.6682 0.3203 0.6682 -0.6752 -0.3290 -0.6747 -0.3290 -0.6748 -0.3303 -0.6754 -0.3303 0.0879 0.0667 0.0879 0.0694 0.0887 0.0694 0.0887 0.0667 0.1097 -0.9166 0.1659 -0.9166 0.1659 -0.9141 0.1097 -0.9141 0.0895 0.0667 0.0895 0.0693 0.0910 0.0693 0.0910 0.0667 0.0895 0.0667 0.0887 0.0667 0.0887 0.0694 0.0895 0.0693 -0.6742 -0.3290 -0.6743 -0.3303 -0.6748 -0.3303 -0.6747 -0.3290 -0.6742 -0.3290 -0.6733 -0.3290 -0.6733 -0.3303 -0.6743 -0.3303 0.5712 0.6673 0.5712 0.6665 0.5724 0.6665 0.5724 0.6672 0.5712 0.6673 0.5699 0.6673 0.5699 0.6665 0.5712 0.6665 0.5712 0.6673 0.5712 0.6683 0.5699 0.6683 0.5699 0.6673 0.5712 0.6673 0.5724 0.6672 0.5725 0.6682 0.5712 0.6683 -0.6673 -0.3315 -0.6672 -0.3325 -0.6692 -0.3325 -0.6693 -0.3315 -0.6673 -0.3315 -0.6653 -0.3315 -0.6653 -0.3325 -0.6672 -0.3325 -0.6673 -0.3315 -0.6674 -0.3303 -0.6653 -0.3303 -0.6653 -0.3315 -0.6673 -0.3315 -0.6693 -0.3315 -0.6695 -0.3303 -0.6674 -0.3303 0.5733 0.6670 0.5724 0.6672 0.5724 0.6665 0.5733 0.6666 0.5733 0.6670 0.5734 0.6673 0.5725 0.6682 0.5724 0.6672 0.5733 0.6670 0.5739 0.6668 0.5734 0.6673 0.5733 0.6670 0.5733 0.6666 0.5737 0.6667 0.5739 0.6668 -0.4293 -0.3323 -0.4292 -0.3323 -0.4301 -0.3326 -0.4302 -0.3327 -0.4293 -0.3323 -0.4286 -0.3319 -0.4285 -0.3319 -0.4292 -0.3323 -0.4293 -0.3323 -0.4294 -0.3320 -0.4288 -0.3316 -0.4286 -0.3319 -0.4293 -0.3323 -0.4302 -0.3327 -0.4303 -0.3324 -0.4294 -0.3320 0.5733 0.6664 0.5733 0.6666 0.5724 0.6665 0.5723 0.6661 0.5733 0.6664 0.5739 0.6666 0.5737 0.6667 0.5733 0.6666 0.5733 0.6664 0.5733 0.6662 0.5739 0.6665 0.5739 0.6666 0.5733 0.6664 0.5723 0.6661 0.5723 0.6659 0.5733 0.6662 -0.4278 -0.3309 -0.4278 -0.3310 -0.4280 -0.3317 -0.4280 -0.3316 -0.4278 -0.3309 -0.4275 -0.3300 -0.4276 -0.3301 -0.4278 -0.3310 -0.4278 -0.3309 -0.4280 -0.3307 -0.4278 -0.3299 -0.4275 -0.3300 -0.4278 -0.3309 -0.4280 -0.3316 -0.4283 -0.3313 -0.4280 -0.3307 -0.5904 0.7206 -0.5904 0.7206 -0.5917 0.7206 -0.5917 0.7206 -0.5904 0.7206 -0.5706 0.7206 -0.5706 0.7206 -0.5904 0.7206 -0.5904 0.7206 -0.5904 0.7208 -0.5706 0.7208 -0.5706 0.7206 -0.5904 0.7206 -0.5917 0.7206 -0.5917 0.7208 -0.5904 0.7208 -0.5962 0.7206 -0.5962 0.7208 -0.5974 0.7208 -0.5975 0.7206 -0.5962 0.7206 -0.5950 0.7206 -0.5951 0.7207 -0.5962 0.7208 -0.5962 0.7206 -0.5962 0.7208 -0.5949 0.7208 -0.5950 0.7206 -0.5962 0.7206 -0.5975 0.7206 -0.5976 0.7208 -0.5962 0.7208 -0.6630 -0.3290 -0.6608 -0.3290 -0.6608 -0.3303 -0.6630 -0.3303 0.1075 0.0666 0.1075 0.0693 0.1111 0.0693 0.1111 0.0666 0.1075 0.0666 0.1038 0.0666 0.1038 0.0693 0.1075 0.0693 -0.6630 -0.3290 -0.6630 -0.3303 -0.6653 -0.3303 -0.6653 -0.3290 -0.4287 -0.3290 -0.4277 -0.3289 -0.4278 -0.3299 -0.4286 -0.3299 -0.4287 -0.3290 -0.4287 -0.3278 -0.4278 -0.3276 -0.4277 -0.3289 -0.4287 -0.3290 -0.4298 -0.3291 -0.4299 -0.3279 -0.4287 -0.3278 -0.4287 -0.3290 -0.4286 -0.3299 -0.4295 -0.3300 -0.4298 -0.3291 0.3315 0.6670 0.3302 0.6670 0.3306 0.6659 0.3320 0.6661 0.3315 0.6670 0.3315 0.6682 0.3302 0.6682 0.3302 0.6670 0.3315 0.6670 0.3329 0.6671 0.3330 0.6683 0.3315 0.6682 0.3315 0.6670 0.3320 0.6661 0.3329 0.6665 0.3329 0.6671 0.5735 0.6695 0.5724 0.6695 0.5725 0.6682 0.5735 0.6684 0.5735 0.6695 0.5735 0.6710 0.5724 0.6710 0.5724 0.6695 0.5735 0.6695 0.5743 0.6695 0.5743 0.6710 0.5735 0.6710 0.5735 0.6695 0.5735 0.6684 0.5743 0.6684 0.5743 0.6695 -0.5934 0.7206 -0.5933 0.7208 -0.5917 0.7208 -0.5917 0.7206 -0.5934 0.7206 -0.5950 0.7206 -0.5949 0.7208 -0.5933 0.7208 -0.5934 0.7206 -0.5934 0.7206 -0.5951 0.7207 -0.5950 0.7206 -0.5934 0.7206 -0.5917 0.7206 -0.5917 0.7206 -0.5934 0.7206 0.3336 0.6659 0.3332 0.6657 0.3356 0.6657 0.3357 0.6660 0.3336 0.6659 0.3320 0.6661 0.3306 0.6659 0.3332 0.6657 0.3336 0.6659 0.3341 0.6663 0.3329 0.6665 0.3320 0.6661 0.3336 0.6659 0.3357 0.6660 0.3358 0.6664 0.3341 0.6663 0.3375 0.6660 0.3375 0.6665 0.3358 0.6664 0.3357 0.6660 0.3375 0.6660 0.3661 0.6660 0.3661 0.6665 0.3375 0.6665 0.3375 0.6660 0.3375 0.6657 0.3661 0.6657 0.3661 0.6660 0.3375 0.6660 0.3357 0.6660 0.3356 0.6657 0.3375 0.6657 -0.6630 -0.3315 -0.6630 -0.3303 -0.6608 -0.3303 -0.6608 -0.3315 -0.6630 -0.3315 -0.6653 -0.3315 -0.6653 -0.3303 -0.6630 -0.3303 -0.6630 -0.3315 -0.6631 -0.3325 -0.6653 -0.3325 -0.6653 -0.3315 -0.6630 -0.3315 -0.6608 -0.3315 -0.6608 -0.3325 -0.6631 -0.3325 -0.6675 -0.3290 -0.6674 -0.3303 -0.6695 -0.3303 -0.6695 -0.3290 -0.6675 -0.3290 -0.6653 -0.3290 -0.6653 -0.3303 -0.6674 -0.3303 0.1004 0.0666 0.1004 0.0693 0.1038 0.0693 0.1038 0.0666 0.1004 0.0666 0.0971 0.0666 0.0971 0.0693 0.1004 0.0693 -0.6590 -0.3315 -0.6590 -0.3325 -0.6608 -0.3325 -0.6608 -0.3315 -0.6590 -0.3315 -0.6311 -0.3315 -0.6311 -0.3325 -0.6590 -0.3325 -0.6590 -0.3315 -0.6590 -0.3303 -0.6311 -0.3303 -0.6311 -0.3315 -0.6590 -0.3315 -0.6608 -0.3315 -0.6608 -0.3303 -0.6590 -0.3303 0.5712 0.7528 0.5724 0.7528 0.5724 0.8230 0.5712 0.8230 0.5712 0.7528 0.5712 0.6992 0.5724 0.6992 0.5724 0.7528 0.5712 0.7528 0.5699 0.7528 0.5699 0.6992 0.5712 0.6992 0.5712 0.7528 0.5712 0.8230 0.5699 0.8230 0.5699 0.7528 0.3343 0.6672 0.3341 0.6663 0.3358 0.6664 0.3358 0.6672 0.3343 0.6672 0.3329 0.6671 0.3329 0.6665 0.3341 0.6663 0.3343 0.6672 0.3344 0.6683 0.3330 0.6683 0.3329 0.6671 0.3343 0.6672 0.3358 0.6672 0.3359 0.6683 0.3344 0.6683 -0.4287 -0.3200 -0.4300 -0.3201 -0.4300 -0.2997 -0.4287 -0.2996 -0.4287 -0.3200 -0.4287 -0.3235 -0.4300 -0.3237 -0.4300 -0.3201 -0.4287 -0.3200 -0.4278 -0.3199 -0.4278 -0.3234 -0.4287 -0.3235 -0.4287 -0.3200 -0.4287 -0.2996 -0.4278 -0.2996 -0.4278 -0.3199 0.3291 0.6669 0.3291 0.6682 0.3274 0.6682 0.3274 0.6669 0.3291 0.6669 0.3302 0.6670 0.3302 0.6682 0.3291 0.6682 0.3291 0.6669 0.3291 0.6660 0.3306 0.6659 0.3302 0.6670 0.3291 0.6669 0.3274 0.6669 0.3274 0.6660 0.3291 0.6660 -0.4259 0.7235 -0.4259 0.7235 -0.4260 0.7226 -0.4260 0.7227 -0.4259 0.7235 -0.4259 0.7245 -0.4259 0.7245 -0.4259 0.7235 -0.4259 0.7235 -0.4261 0.7235 -0.4261 0.7245 -0.4259 0.7245 -0.4259 0.7235 -0.4260 0.7227 -0.4262 0.7228 -0.4261 0.7235 0.3344 0.6728 0.3344 0.6710 0.3359 0.6710 0.3359 0.6728 0.3344 0.6728 0.3330 0.6728 0.3330 0.6710 0.3344 0.6710 0.3344 0.6728 0.3344 0.6753 0.3330 0.6753 0.3330 0.6728 0.3344 0.6728 0.3359 0.6728 0.3359 0.6753 0.3344 0.6753 0.3291 0.6728 0.3291 0.6753 0.3274 0.6753 0.3274 0.6728 0.3291 0.6728 0.3302 0.6728 0.3302 0.6753 0.3291 0.6753 0.3291 0.6728 0.3291 0.6710 0.3302 0.6710 0.3302 0.6728 0.3291 0.6728 0.3274 0.6728 0.3274 0.6710 0.3291 0.6710 0.5738 0.6674 0.5735 0.6684 0.5725 0.6682 0.5734 0.6673 0.5738 0.6674 0.5743 0.6675 0.5743 0.6684 0.5735 0.6684 0.5738 0.6674 0.5741 0.6668 0.5743 0.6670 0.5743 0.6675 0.5738 0.6674 0.5734 0.6673 0.5739 0.6668 0.5741 0.6668 0.3316 0.6695 0.3302 0.6695 0.3302 0.6682 0.3315 0.6682 0.3316 0.6695 0.3316 0.6710 0.3302 0.6710 0.3302 0.6695 0.3316 0.6695 0.3330 0.6695 0.3330 0.6710 0.3316 0.6710 0.3316 0.6695 0.3315 0.6682 0.3330 0.6683 0.3330 0.6695 -0.4266 0.7213 -0.4268 0.7215 -0.4267 0.7215 -0.4266 0.7212 -0.4266 0.7213 -0.4267 0.7213 -0.4269 0.7215 -0.4268 0.7215 -0.4266 0.7213 -0.4265 0.7212 -0.4267 0.7212 -0.4267 0.7213 -0.4266 0.7213 -0.4266 0.7212 -0.4265 0.7212 -0.4265 0.7212 0.5748 0.6728 0.5748 0.6710 0.5750 0.6710 0.5750 0.6728 0.5748 0.6728 0.5743 0.6728 0.5743 0.6710 0.5748 0.6710 0.5748 0.6728 0.5748 0.6753 0.5743 0.6753 0.5743 0.6728 0.5748 0.6728 0.5750 0.6728 0.5750 0.6753 0.5748 0.6753 0.5746 0.6675 0.5747 0.6675 0.5749 0.6684 0.5747 0.6684 0.5746 0.6675 0.5744 0.6669 0.5745 0.6668 0.5747 0.6675 0.5746 0.6675 0.5743 0.6675 0.5743 0.6670 0.5744 0.6669 0.5746 0.6675 0.5747 0.6684 0.5743 0.6684 0.5743 0.6675 0.4822 0.0656 0.4803 0.0664 0.4801 0.0691 0.4823 0.0664 -0.4311 -0.3296 -0.4311 -0.3303 -0.4322 -0.3303 -0.4323 -0.3291 -0.4311 -0.3296 -0.4301 -0.3302 -0.4302 -0.3305 -0.4311 -0.3303 -0.4301 -0.3302 -0.4311 -0.3296 -0.4301 -0.3301 -0.4296 -0.3315 -0.4294 -0.3320 -0.4303 -0.3324 -0.4303 -0.3314 -0.4296 -0.3315 -0.4294 -0.3310 -0.4288 -0.3316 -0.4294 -0.3320 -0.4296 -0.3315 -0.4303 -0.3314 -0.4302 -0.3305 -0.4294 -0.3310 0.5686 0.6673 0.5686 0.6665 0.5699 0.6665 0.5699 0.6673 0.5686 0.6673 0.5664 0.6673 0.5664 0.6665 0.5686 0.6665 0.5686 0.6673 0.5686 0.6683 0.5664 0.6683 0.5664 0.6673 0.5686 0.6673 0.5699 0.6673 0.5699 0.6683 0.5686 0.6683 0.3375 0.6673 0.3375 0.6665 0.3661 0.6665 0.3661 0.6673 0.3375 0.6673 0.3358 0.6672 0.3358 0.6664 0.3375 0.6665 0.3375 0.6673 0.3375 0.6683 0.3359 0.6683 0.3358 0.6672 0.3375 0.6673 0.3661 0.6673 0.3661 0.6683 0.3375 0.6683 -0.5135 0.7206 -0.5135 0.7206 -0.5706 0.7206 -0.5706 0.7206 -0.5135 0.7206 -0.4559 0.7206 -0.4559 0.7206 -0.5135 0.7206 -0.5135 0.7206 -0.5135 0.7208 -0.4559 0.7208 -0.4559 0.7206 -0.5135 0.7206 -0.5706 0.7206 -0.5706 0.7208 -0.5135 0.7208 -0.4286 0.7206 -0.4286 0.7206 -0.4295 0.7206 -0.4295 0.7206 -0.4286 0.7206 -0.4279 0.7207 -0.4278 0.7207 -0.4286 0.7206 -0.4286 0.7206 -0.4286 0.7208 -0.4279 0.7209 -0.4279 0.7207 -0.4286 0.7206 -0.4295 0.7206 -0.4295 0.7208 -0.4286 0.7208 0.5686 0.6660 0.5699 0.6660 0.5699 0.6665 0.5686 0.6665 0.5686 0.6660 0.5686 0.6657 0.5699 0.6657 0.5699 0.6660 0.5686 0.6660 0.5664 0.6660 0.5664 0.6657 0.5686 0.6657 0.5686 0.6660 0.5686 0.6665 0.5664 0.6665 0.5664 0.6660 0.5712 0.6660 0.5712 0.6665 0.5699 0.6665 0.5699 0.6660 0.5712 0.6660 0.5723 0.6661 0.5724 0.6665 0.5712 0.6665 0.5712 0.6660 0.5712 0.6657 0.5723 0.6659 0.5723 0.6661 0.5712 0.6660 0.5699 0.6660 0.5699 0.6657 0.5712 0.6657 -0.4396 -0.3315 -0.4396 -0.3325 -0.4697 -0.3325 -0.4697 -0.3315 -0.4396 -0.3315 -0.4359 -0.3315 -0.4359 -0.3325 -0.4396 -0.3325 -0.4396 -0.3315 -0.4396 -0.3303 -0.4359 -0.3303 -0.4359 -0.3315 -0.4396 -0.3315 -0.4697 -0.3315 -0.4697 -0.3303 -0.4396 -0.3303 -0.4312 -0.3315 -0.4313 -0.3325 -0.4325 -0.3325 -0.4323 -0.3315 -0.4312 -0.3315 -0.4303 -0.3314 -0.4303 -0.3324 -0.4313 -0.3325 -0.4312 -0.3315 -0.4311 -0.3303 -0.4302 -0.3305 -0.4303 -0.3314 -0.4312 -0.3315 -0.4323 -0.3315 -0.4322 -0.3303 -0.4311 -0.3303 0.5626 0.6728 0.5317 0.6728 0.5317 0.6710 0.5626 0.6710 0.5626 0.6728 0.5626 0.6753 0.5317 0.6753 0.5317 0.6728 0.5626 0.6728 0.5664 0.6728 0.5664 0.6753 0.5626 0.6753 0.5626 0.6728 0.5626 0.6710 0.5664 0.6710 0.5664 0.6728 0.3375 0.7528 0.3661 0.7528 0.3661 0.8230 0.3375 0.8230 0.3375 0.7528 0.3375 0.6992 0.3661 0.6992 0.3661 0.7528 0.3375 0.7528 0.3359 0.7528 0.3359 0.6992 0.3375 0.6992 0.3375 0.7528 0.3375 0.8230 0.3359 0.8230 0.3359 0.7528 -0.5508 -0.3290 -0.4697 -0.3290 -0.4697 -0.3303 -0.5508 -0.3303 0.2889 0.0666 0.2889 0.0693 0.4199 0.0693 0.4199 0.0666 0.2889 0.0666 0.1591 0.0666 0.1591 0.0693 0.2889 0.0693 -0.5508 -0.3290 -0.5508 -0.3303 -0.6311 -0.3303 -0.6311 -0.3290 -0.6590 -0.3290 -0.6311 -0.3290 -0.6311 -0.3303 -0.6590 -0.3303 0.1141 0.0666 0.1141 0.0693 0.1591 0.0693 0.1591 0.0666 0.1141 0.0666 0.1111 0.0666 0.1111 0.0693 0.1141 0.0693 -0.6590 -0.3290 -0.6590 -0.3303 -0.6608 -0.3303 -0.6608 -0.3290 0.1075 0.0726 0.1111 0.0726 0.1111 0.0693 0.1075 0.0693 0.1075 0.0726 0.1075 0.0771 0.1111 0.0771 0.1111 0.0726 0.1075 0.0726 0.1038 0.0726 0.1038 0.0771 0.1075 0.0771 0.1075 0.0726 0.1075 0.0693 0.1038 0.0693 0.1038 0.0726 0.5735 0.6728 0.5724 0.6728 0.5724 0.6710 0.5735 0.6710 0.5735 0.6728 0.5735 0.6753 0.5724 0.6753 0.5724 0.6728 0.5735 0.6728 0.5743 0.6728 0.5743 0.6753 0.5735 0.6753 0.5735 0.6728 0.5735 0.6710 0.5743 0.6710 0.5743 0.6728 0.2818 0.7528 0.2818 0.6992 0.3180 0.6992 0.3180 0.7528 0.3180 0.7528 0.3180 0.8230 0.2818 0.8229 0.2818 0.7528 0.5712 0.6695 0.5724 0.6695 0.5724 0.6710 0.5712 0.6710 0.5712 0.6695 0.5712 0.6683 0.5725 0.6682 0.5724 0.6695 0.5712 0.6695 0.5699 0.6695 0.5699 0.6683 0.5712 0.6683 0.5712 0.6695 0.5712 0.6710 0.5699 0.6710 0.5699 0.6695 -0.4285 -0.3305 -0.4290 -0.3308 -0.4295 -0.3300 -0.4286 -0.3299 -0.4285 -0.3305 -0.4280 -0.3307 -0.4283 -0.3313 -0.4290 -0.3308 -0.4285 -0.3305 -0.4286 -0.3299 -0.4278 -0.3299 -0.4280 -0.3307 -0.4259 0.7259 -0.4259 0.7259 -0.4259 0.7245 -0.4259 0.7245 -0.4259 0.7259 -0.4259 0.7277 -0.4259 0.7277 -0.4259 0.7259 -0.4259 0.7259 -0.4261 0.7258 -0.4261 0.7276 -0.4259 0.7277 -0.4259 0.7259 -0.4259 0.7245 -0.4261 0.7245 -0.4261 0.7258 0.3344 0.6695 0.3359 0.6695 0.3359 0.6710 0.3344 0.6710 0.3344 0.6695 0.3344 0.6683 0.3359 0.6683 0.3359 0.6695 0.3344 0.6695 0.3330 0.6695 0.3330 0.6683 0.3344 0.6683 0.3344 0.6695 0.3344 0.6710 0.3330 0.6710 0.3330 0.6695 0.3291 0.6695 0.3291 0.6710 0.3274 0.6710 0.3274 0.6695 0.3291 0.6695 0.3302 0.6695 0.3302 0.6710 0.3291 0.6710 0.3291 0.6695 0.3291 0.6682 0.3302 0.6682 0.3302 0.6695 0.3291 0.6695 0.3274 0.6695 0.3274 0.6682 0.3291 0.6682 0.3316 0.7528 0.3302 0.7528 0.3302 0.6992 0.3316 0.6992 0.3316 0.7528 0.3316 0.8230 0.3300 0.8231 0.3302 0.7528 0.3316 0.7528 0.3330 0.7528 0.3330 0.8230 0.3316 0.8230 0.3316 0.7528 0.3316 0.6992 0.3330 0.6992 0.3330 0.7528 -0.4272 0.7220 -0.4278 0.7226 -0.4278 0.7226 -0.4272 0.7220 -0.4272 0.7220 -0.4273 0.7219 -0.4278 0.7223 -0.4278 0.7226 -0.4272 0.7220 -0.4268 0.7215 -0.4269 0.7215 -0.4273 0.7219 -0.4272 0.7220 -0.4272 0.7220 -0.4267 0.7215 -0.4268 0.7215 0.5748 0.6695 0.5750 0.6696 0.5750 0.6710 0.5748 0.6710 0.5748 0.6695 0.5747 0.6684 0.5749 0.6684 0.5750 0.6696 0.5748 0.6695 0.5743 0.6695 0.5743 0.6684 0.5747 0.6684 0.5748 0.6695 0.5748 0.6710 0.5743 0.6710 0.5743 0.6695 -0.4312 -0.2465 -0.4300 -0.2465 -0.4300 -0.2997 -0.4312 -0.2996 -0.4312 -0.2465 -0.4312 -0.1769 -0.4300 -0.1769 -0.4300 -0.2465 0.4820 0.2184 0.4800 0.2184 0.4800 0.3464 0.4820 0.3464 0.4820 0.2184 0.4820 0.1206 0.4800 0.1207 0.4800 0.2184 0.4485 0.6695 0.5317 0.6695 0.5317 0.6710 0.4485 0.6710 0.4485 0.6695 0.4485 0.6683 0.5317 0.6683 0.5317 0.6695 0.4485 0.6695 0.3661 0.6695 0.3661 0.6683 0.4485 0.6683 0.4485 0.6695 0.4485 0.6710 0.3661 0.6710 0.3661 0.6695 0.3375 0.6695 0.3661 0.6695 0.3661 0.6710 0.3375 0.6710 0.3375 0.6695 0.3375 0.6683 0.3661 0.6683 0.3661 0.6695 0.3375 0.6695 0.3359 0.6695 0.3359 0.6683 0.3375 0.6683 0.3375 0.6695 0.3375 0.6710 0.3359 0.6710 0.3359 0.6695 0.0879 0.0727 0.0887 0.0727 0.0887 0.0694 0.0879 0.0694 0.0879 0.0727 0.0879 0.0772 0.0887 0.0772 0.0887 0.0727 0.1099 -0.9109 0.1659 -0.9109 0.1659 -0.9066 0.1099 -0.9066 0.4684 0.2184 0.4611 0.2184 0.4611 0.3464 0.4684 0.3464 0.4684 0.2184 0.4690 0.1213 0.4611 0.0904 0.4611 0.2184 0.4684 0.2184 0.4745 0.2184 0.4746 0.1208 0.4690 0.1213 0.4684 0.2184 0.4684 0.3464 0.4745 0.3464 0.4745 0.2184 0.3375 0.6787 0.3661 0.6787 0.3661 0.6992 0.3375 0.6992 0.3375 0.6787 0.3375 0.6753 0.3661 0.6753 0.3661 0.6787 0.3375 0.6787 0.3359 0.6787 0.3359 0.6753 0.3375 0.6753 0.3375 0.6787 0.3375 0.6992 0.3359 0.6992 0.3359 0.6787 -0.4304 0.7206 -0.4295 0.7206 -0.4295 0.7206 -0.4304 0.7206 -0.4304 0.7206 -0.4304 0.7208 -0.4295 0.7208 -0.4295 0.7206 -0.4304 0.7206 -0.4319 0.7206 -0.4319 0.7208 -0.4304 0.7208 -0.4304 0.7206 -0.4304 0.7206 -0.4319 0.7206 -0.4319 0.7206 0.4779 0.6095 0.4800 0.6095 0.4800 0.5722 0.4779 0.5721 0.4779 0.6095 0.4781 0.6154 0.4800 0.6157 0.4800 0.6095 0.4779 0.6095 0.4751 0.6089 0.4747 0.6159 0.4781 0.6154 0.4779 0.6095 0.4779 0.5721 0.4746 0.5720 0.4751 0.6089 0.3180 0.9765 0.3192 0.9765 0.3192 0.9778 0.3180 0.9778 0.3180 0.9765 0.3180 0.9750 0.3192 0.9750 0.3192 0.9765 0.2818 0.9761 0.2818 0.9747 0.3134 0.9747 0.3134 0.9761 0.5626 0.6660 0.5317 0.6660 0.5317 0.6657 0.5626 0.6657 0.5626 0.6660 0.5626 0.6665 0.5317 0.6665 0.5317 0.6660 0.5626 0.6660 0.5664 0.6660 0.5664 0.6665 0.5626 0.6665 0.5626 0.6660 0.5626 0.6657 0.5664 0.6657 0.5664 0.6660 -0.4266 0.9527 -0.4267 0.9527 -0.4268 0.9527 -0.4267 0.9526 -0.4266 0.9527 -0.4265 0.9528 -0.4267 0.9528 -0.4267 0.9527 -0.4266 0.9527 -0.4265 0.9528 -0.4265 0.9528 -0.4265 0.9528 -0.4266 0.9527 -0.4267 0.9526 -0.4265 0.9528 -0.5992 0.9535 -0.5992 0.9532 -0.5974 0.9532 -0.5975 0.9535 -0.5992 0.9535 -0.6009 0.9535 -0.6011 0.9532 -0.5992 0.9532 -0.5992 0.9535 -0.5993 0.9532 -0.6008 0.9532 -0.6009 0.9535 -0.5992 0.9535 -0.5975 0.9535 -0.5976 0.9532 -0.5993 0.9532 -0.4306 -0.0248 -0.4298 -0.0247 -0.4299 -0.0259 -0.4311 -0.0261 -0.4306 -0.0248 -0.4299 -0.0238 -0.4295 -0.0239 -0.4298 -0.0247 -0.4306 -0.0248 -0.4310 -0.0247 -0.4301 -0.0237 -0.4299 -0.0238 0.4830 0.6263 0.4823 0.6239 0.4801 0.6236 0.4823 0.6264 -0.7186 0.9795 -0.7181 0.9792 -0.7170 0.9812 -0.7176 0.9815 -0.6033 0.9535 -0.6026 0.9535 -0.6022 0.9532 -0.6029 0.9532 -0.6033 0.9535 -0.6037 0.9532 -0.6029 0.9532 -0.6026 0.9535 -0.4282 -0.0219 -0.4284 -0.0219 -0.4283 -0.0218 -0.4282 -0.0219 -0.4282 -0.0219 -0.4285 -0.0222 -0.4286 -0.0222 -0.4284 -0.0219 -0.4282 -0.0219 -0.4280 -0.0223 -0.4283 -0.0225 -0.4285 -0.0222 -0.4282 -0.0219 -0.4282 -0.0219 -0.4280 -0.0222 -0.4280 -0.0223 -0.4337 -0.3315 -0.4323 -0.3315 -0.4325 -0.3325 -0.4337 -0.3325 -0.4337 -0.3315 -0.4336 -0.3303 -0.4322 -0.3303 -0.4323 -0.3315 -0.4337 -0.3315 -0.4359 -0.3315 -0.4359 -0.3303 -0.4336 -0.3303 -0.4337 -0.3315 -0.4337 -0.3325 -0.4359 -0.3325 -0.4359 -0.3315 0.5743 0.9795 0.5741 0.9795 0.5739 0.9792 0.5741 0.9792 0.5743 0.9795 0.5743 0.9795 0.5742 0.9796 0.5741 0.9795 0.5743 0.9795 0.5744 0.9792 0.5745 0.9792 0.5743 0.9795 0.5743 0.9795 0.5741 0.9792 0.5743 0.9790 0.5744 0.9792 -0.6715 -0.0223 -0.6715 -0.0213 -0.6692 -0.0213 -0.6693 -0.0223 -0.6715 -0.0223 -0.6735 -0.0223 -0.6736 -0.0213 -0.6715 -0.0213 -0.6715 -0.0223 -0.6716 -0.0236 -0.6733 -0.0236 -0.6735 -0.0223 -0.6715 -0.0223 -0.6693 -0.0223 -0.6695 -0.0236 -0.6716 -0.0236 -0.4292 -0.0229 -0.4292 -0.0229 -0.4286 -0.0222 -0.4285 -0.0222 -0.4292 -0.0229 -0.4299 -0.0238 -0.4301 -0.0237 -0.4292 -0.0229 -0.4292 -0.0229 -0.4290 -0.0231 -0.4295 -0.0239 -0.4299 -0.0238 -0.4292 -0.0229 -0.4285 -0.0222 -0.4283 -0.0225 -0.4290 -0.0231 -0.6716 -0.0248 -0.6716 -0.0236 -0.6695 -0.0236 -0.6695 -0.0248 -0.6716 -0.0248 -0.6733 -0.0249 -0.6733 -0.0236 -0.6716 -0.0236 0.0937 0.6261 0.0937 0.6235 0.0910 0.6235 0.0910 0.6261 0.0937 0.6261 0.0971 0.6261 0.0971 0.6235 0.0937 0.6235 0.0937 0.6202 0.0937 0.6235 0.0971 0.6235 0.0971 0.6202 0.0937 0.6202 0.0910 0.6201 0.0910 0.6235 0.0937 0.6235 0.0937 0.6202 0.0937 0.6157 0.0910 0.6157 0.0910 0.6201 0.0937 0.6202 0.0971 0.6202 0.0971 0.6157 0.0937 0.6157 -0.6759 -0.0223 -0.6766 -0.0213 -0.6757 -0.0213 -0.6752 -0.0223 -0.7200 0.9782 -0.7193 0.9792 -0.7168 0.9769 -0.7177 0.9761 -0.6759 -0.0223 -0.6752 -0.0223 -0.6748 -0.0236 -0.6754 -0.0236 0.5686 0.6728 0.5699 0.6728 0.5699 0.6753 0.5686 0.6753 0.5686 0.6728 0.5686 0.6710 0.5699 0.6710 0.5699 0.6728 0.5686 0.6728 0.5664 0.6728 0.5664 0.6710 0.5686 0.6710 0.5686 0.6728 0.5686 0.6753 0.5664 0.6753 0.5664 0.6728 0.3247 0.9732 0.3247 0.9708 0.3274 0.9708 0.3274 0.9732 0.3247 0.9732 0.3219 0.9732 0.3219 0.9708 0.3247 0.9708 0.3247 0.9732 0.3247 0.9750 0.3219 0.9750 0.3219 0.9732 0.3247 0.9732 0.3274 0.9732 0.3274 0.9751 0.3247 0.9750 0.3247 0.9765 0.3247 0.9778 0.3219 0.9778 0.3219 0.9765 0.3247 0.9765 0.3274 0.9765 0.3274 0.9778 0.3247 0.9778 0.3247 0.9765 0.3247 0.9750 0.3274 0.9751 0.3274 0.9765 0.3247 0.9765 0.3219 0.9765 0.3219 0.9750 0.3247 0.9750 0.3180 0.8932 0.3192 0.8932 0.3192 0.9469 0.3180 0.9469 0.3180 0.8932 0.3180 0.8230 0.3192 0.8230 0.3192 0.8932 0.2818 0.8930 0.2818 0.8229 0.3180 0.8230 0.3180 0.8932 0.3180 0.9469 0.2818 0.9466 0.2818 0.8930 0.3180 0.8932 -0.4337 -0.3290 -0.4323 -0.3291 -0.4322 -0.3303 -0.4336 -0.3303 0.4781 0.0666 0.4778 0.0690 0.4801 0.0691 0.4803 0.0664 0.4781 0.0666 0.4745 0.0666 0.4744 0.0692 0.4778 0.0690 -0.4337 -0.3290 -0.4336 -0.3303 -0.4359 -0.3303 -0.4359 -0.3290 0.3247 0.9791 0.3247 0.9801 0.3220 0.9801 0.3219 0.9791 0.3247 0.9791 0.3274 0.9791 0.3274 0.9801 0.3247 0.9801 0.3247 0.9791 0.3247 0.9778 0.3274 0.9778 0.3274 0.9791 0.3247 0.9791 0.3219 0.9791 0.3219 0.9778 0.3247 0.9778 0.1004 0.6096 0.1004 0.6026 0.0971 0.6026 0.0971 0.6096 0.1004 0.6096 0.1038 0.6096 0.1038 0.6026 0.1004 0.6026 0.1004 0.6096 0.1004 0.6157 0.1038 0.6157 0.1038 0.6096 0.1004 0.6096 0.0971 0.6096 0.0971 0.6157 0.1004 0.6157 0.3203 0.9765 0.3192 0.9765 0.3192 0.9750 0.3203 0.9750 0.3203 0.9765 0.3203 0.9778 0.3192 0.9778 0.3192 0.9765 0.3203 0.9765 0.3219 0.9765 0.3219 0.9778 0.3203 0.9778 0.3203 0.9765 0.3203 0.9750 0.3219 0.9750 0.3219 0.9765 0.5686 0.6695 0.5699 0.6695 0.5699 0.6710 0.5686 0.6710 0.5686 0.6695 0.5686 0.6683 0.5699 0.6683 0.5699 0.6695 0.5686 0.6695 0.5664 0.6695 0.5664 0.6683 0.5686 0.6683 0.5686 0.6695 0.5686 0.6710 0.5664 0.6710 0.5664 0.6695 -0.6019 0.9535 -0.6026 0.9535 -0.6029 0.9532 -0.6022 0.9532 -0.6019 0.9535 -0.6016 0.9532 -0.6022 0.9532 -0.6026 0.9535 -0.6019 0.9535 -0.6009 0.9535 -0.6008 0.9532 -0.6016 0.9532 -0.6019 0.9535 -0.6022 0.9532 -0.6011 0.9532 -0.6009 0.9535 0.3180 0.9791 0.3192 0.9791 0.3193 0.9801 0.3182 0.9801 0.3180 0.9791 0.3180 0.9778 0.3192 0.9778 0.3192 0.9791 0.2818 0.9787 0.2818 0.9774 0.3131 0.9774 0.3131 0.9787 0.4660 0.6118 0.4193 0.6101 0.4197 0.6158 0.4678 0.6163 0.4660 0.6118 0.4684 0.6095 0.4611 0.6025 0.4193 0.6101 0.4660 0.6118 0.4678 0.6163 0.4747 0.6159 0.4684 0.6095 -0.6745 -0.0223 -0.6752 -0.0223 -0.6757 -0.0213 -0.6749 -0.0213 -0.6745 -0.0223 -0.6743 -0.0236 -0.6748 -0.0236 -0.6752 -0.0223 -0.6745 -0.0223 -0.6735 -0.0223 -0.6733 -0.0236 -0.6743 -0.0236 -0.6745 -0.0223 -0.6749 -0.0213 -0.6736 -0.0213 -0.6735 -0.0223 0.3203 0.8932 0.3192 0.8932 0.3192 0.8230 0.3203 0.8230 0.3203 0.8932 0.3203 0.9469 0.3192 0.9469 0.3192 0.8932 0.3203 0.8932 0.3219 0.8934 0.3219 0.9469 0.3203 0.9469 0.3203 0.8932 0.3203 0.8230 0.3222 0.8231 0.3219 0.8934 0.3203 0.9791 0.3192 0.9791 0.3192 0.9778 0.3203 0.9778 0.3203 0.9791 0.3204 0.9801 0.3193 0.9801 0.3192 0.9791 0.3203 0.9791 0.3219 0.9791 0.3220 0.9801 0.3204 0.9801 0.3203 0.9791 0.3203 0.9778 0.3219 0.9778 0.3219 0.9791 0.0879 0.6261 0.0887 0.6261 0.0887 0.6234 0.0879 0.6234 -0.6752 -0.0249 -0.6754 -0.0236 -0.6748 -0.0236 -0.6747 -0.0249 0.1659 -0.3842 0.1635 -0.3819 0.1084 -0.3832 0.1118 -0.3854 -0.6742 -0.0249 -0.6747 -0.0249 -0.6748 -0.0236 -0.6743 -0.0236 0.0895 0.6261 0.0895 0.6234 0.0887 0.6234 0.0887 0.6261 0.0895 0.6261 0.0910 0.6261 0.0910 0.6235 0.0895 0.6234 -0.6742 -0.0249 -0.6743 -0.0236 -0.6733 -0.0236 -0.6733 -0.0249 0.5712 0.9788 0.5699 0.9788 0.5699 0.9777 0.5712 0.9777 0.5712 0.9788 0.5712 0.9796 0.5699 0.9796 0.5699 0.9788 0.5712 0.9788 0.5724 0.9788 0.5724 0.9795 0.5712 0.9796 0.5712 0.9788 0.5712 0.9777 0.5725 0.9779 0.5724 0.9788 -0.6673 -0.0223 -0.6653 -0.0223 -0.6653 -0.0236 -0.6674 -0.0236 -0.6673 -0.0223 -0.6672 -0.0213 -0.6653 -0.0213 -0.6653 -0.0223 -0.6673 -0.0223 -0.6693 -0.0223 -0.6692 -0.0213 -0.6672 -0.0213 -0.6673 -0.0223 -0.6674 -0.0236 -0.6695 -0.0236 -0.6693 -0.0223 -0.4272 0.9524 -0.4271 0.9522 -0.4267 0.9526 -0.4272 0.9524 -0.4278 0.9523 -0.4277 0.9516 -0.4271 0.9522 -0.4272 0.9524 -0.4272 0.9527 -0.4278 0.9528 -0.4278 0.9523 -0.4272 0.9524 -0.4267 0.9526 -0.4268 0.9527 -0.4272 0.9527 -0.4293 -0.0216 -0.4286 -0.0219 -0.4288 -0.0222 -0.4294 -0.0218 -0.4293 -0.0216 -0.4292 -0.0216 -0.4285 -0.0219 -0.4286 -0.0219 -0.4293 -0.0216 -0.4302 -0.0212 -0.4301 -0.0212 -0.4292 -0.0216 -0.4293 -0.0216 -0.4294 -0.0218 -0.4303 -0.0215 -0.4302 -0.0212 0.5733 0.9797 0.5739 0.9794 0.5739 0.9795 0.5733 0.9798 0.5733 0.9797 0.5733 0.9794 0.5737 0.9793 0.5739 0.9794 0.5733 0.9797 0.5723 0.9799 0.5724 0.9795 0.5733 0.9794 0.5733 0.9797 0.5733 0.9798 0.5723 0.9802 0.5723 0.9799 -0.4261 0.9520 -0.4260 0.9513 -0.4262 0.9513 -0.4263 0.9519 -0.4261 0.9520 -0.4261 0.9521 -0.4260 0.9514 -0.4260 0.9513 -0.4261 0.9520 -0.4263 0.9525 -0.4263 0.9526 -0.4261 0.9521 -0.4261 0.9520 -0.4263 0.9519 -0.4265 0.9523 -0.4263 0.9525 -0.5904 0.9535 -0.5706 0.9535 -0.5706 0.9532 -0.5904 0.9532 -0.5904 0.9535 -0.5904 0.9534 -0.5706 0.9534 -0.5706 0.9535 -0.5904 0.9535 -0.5917 0.9535 -0.5917 0.9534 -0.5904 0.9534 -0.5904 0.9535 -0.5904 0.9532 -0.5917 0.9532 -0.5917 0.9535 -0.5962 0.9535 -0.5950 0.9535 -0.5949 0.9532 -0.5962 0.9532 -0.5962 0.9535 -0.5962 0.9532 -0.5951 0.9533 -0.5950 0.9535 -0.5962 0.9535 -0.5975 0.9535 -0.5974 0.9532 -0.5962 0.9532 -0.5962 0.9535 -0.5962 0.9532 -0.5976 0.9532 -0.5975 0.9535 0.1075 0.6262 0.1075 0.6235 0.1038 0.6235 0.1038 0.6262 0.1075 0.6262 0.1111 0.6262 0.1111 0.6235 0.1075 0.6235 -0.6630 -0.0248 -0.6630 -0.0236 -0.6608 -0.0236 -0.6608 -0.0248 -0.6630 -0.0248 -0.6653 -0.0248 -0.6653 -0.0236 -0.6630 -0.0236 -0.4287 -0.0248 -0.4287 -0.0261 -0.4299 -0.0259 -0.4298 -0.0247 -0.4287 -0.0248 -0.4277 -0.0250 -0.4278 -0.0263 -0.4287 -0.0261 -0.4287 -0.0248 -0.4286 -0.0240 -0.4278 -0.0239 -0.4277 -0.0250 -0.4287 -0.0248 -0.4298 -0.0247 -0.4295 -0.0239 -0.4286 -0.0240 0.3315 0.9790 0.3315 0.9778 0.3330 0.9778 0.3329 0.9789 0.3315 0.9790 0.3302 0.9791 0.3302 0.9778 0.3315 0.9778 0.3315 0.9790 0.3320 0.9799 0.3306 0.9802 0.3302 0.9791 0.3315 0.9790 0.3329 0.9789 0.3329 0.9796 0.3320 0.9799 0.5735 0.9765 0.5735 0.9751 0.5743 0.9751 0.5743 0.9765 0.5735 0.9765 0.5724 0.9765 0.5724 0.9751 0.5735 0.9751 0.5735 0.9765 0.5735 0.9777 0.5725 0.9779 0.5724 0.9765 0.5735 0.9765 0.5743 0.9765 0.5743 0.9777 0.5735 0.9777 -0.5934 0.9535 -0.5950 0.9535 -0.5951 0.9533 -0.5934 0.9534 -0.5934 0.9535 -0.5933 0.9532 -0.5949 0.9532 -0.5950 0.9535 -0.5934 0.9535 -0.5917 0.9535 -0.5917 0.9532 -0.5933 0.9532 -0.5934 0.9535 -0.5934 0.9534 -0.5917 0.9534 -0.5917 0.9535 -0.5930 0.9533 -0.5942 0.9531 -0.5935 0.9528 -0.5927 0.9529 -0.5930 0.9533 -0.5934 0.9534 -0.5951 0.9533 -0.5942 0.9531 -0.5930 0.9533 -0.5916 0.9532 -0.5917 0.9534 -0.5934 0.9534 -0.5930 0.9533 -0.5927 0.9529 -0.5915 0.9529 -0.5916 0.9532 0.3375 0.9800 0.3661 0.9800 0.3661 0.9803 0.3375 0.9803 0.3375 0.9800 0.3375 0.9796 0.3661 0.9796 0.3661 0.9800 0.3375 0.9800 0.3357 0.9801 0.3358 0.9796 0.3375 0.9796 0.3375 0.9800 0.3375 0.9803 0.3356 0.9803 0.3357 0.9801 -0.6630 -0.0223 -0.6653 -0.0223 -0.6653 -0.0213 -0.6631 -0.0213 -0.6630 -0.0223 -0.6630 -0.0236 -0.6653 -0.0236 -0.6653 -0.0223 -0.6630 -0.0223 -0.6608 -0.0223 -0.6608 -0.0236 -0.6630 -0.0236 -0.6630 -0.0223 -0.6631 -0.0213 -0.6608 -0.0213 -0.6608 -0.0223 0.1004 0.6262 0.1038 0.6262 0.1038 0.6235 0.1004 0.6235 -0.6675 -0.0248 -0.6674 -0.0236 -0.6653 -0.0236 -0.6653 -0.0248 -0.6675 -0.0248 -0.6695 -0.0248 -0.6695 -0.0236 -0.6674 -0.0236 0.1004 0.6262 0.1004 0.6235 0.0971 0.6235 0.0971 0.6261 -0.6590 -0.0223 -0.6311 -0.0223 -0.6311 -0.0236 -0.6590 -0.0236 -0.6590 -0.0223 -0.6590 -0.0213 -0.6311 -0.0213 -0.6311 -0.0223 -0.6590 -0.0223 -0.6608 -0.0223 -0.6608 -0.0213 -0.6590 -0.0213 -0.6590 -0.0223 -0.6590 -0.0236 -0.6608 -0.0236 -0.6608 -0.0223 0.5712 0.9732 0.5712 0.9751 0.5699 0.9751 0.5699 0.9732 0.5712 0.9732 0.5724 0.9732 0.5724 0.9751 0.5712 0.9751 0.5712 0.9732 0.5712 0.9708 0.5724 0.9708 0.5724 0.9732 0.5712 0.9732 0.5699 0.9732 0.5699 0.9708 0.5712 0.9708 0.3343 0.9788 0.3329 0.9789 0.3330 0.9778 0.3344 0.9777 0.3343 0.9788 0.3341 0.9797 0.3329 0.9796 0.3329 0.9789 0.3343 0.9788 0.3358 0.9788 0.3358 0.9796 0.3341 0.9797 0.3343 0.9788 0.3344 0.9777 0.3359 0.9777 0.3358 0.9788 -0.4287 -0.0338 -0.4278 -0.0339 -0.4278 -0.0542 -0.4287 -0.0542 -0.4287 -0.0338 -0.4287 -0.0303 -0.4278 -0.0305 -0.4278 -0.0339 -0.4287 -0.0338 -0.4300 -0.0337 -0.4300 -0.0302 -0.4287 -0.0303 -0.4287 -0.0338 -0.4287 -0.0542 -0.4300 -0.0541 -0.4300 -0.0337 0.3291 0.9791 0.3302 0.9791 0.3306 0.9802 0.3291 0.9801 0.3291 0.9791 0.3291 0.9778 0.3302 0.9778 0.3302 0.9791 0.3291 0.9791 0.3274 0.9791 0.3274 0.9778 0.3291 0.9778 0.3291 0.9791 0.3291 0.9801 0.3274 0.9801 0.3274 0.9791 -0.4259 0.9505 -0.4259 0.9495 -0.4261 0.9495 -0.4261 0.9505 -0.4259 0.9505 -0.4259 0.9506 -0.4259 0.9495 -0.4259 0.9495 -0.4259 0.9505 -0.4260 0.9513 -0.4260 0.9514 -0.4259 0.9506 -0.4259 0.9505 -0.4261 0.9505 -0.4262 0.9513 -0.4260 0.9513 0.3344 0.9732 0.3344 0.9751 0.3330 0.9751 0.3330 0.9732 0.3344 0.9732 0.3359 0.9732 0.3359 0.9751 0.3344 0.9751 0.3344 0.9732 0.3344 0.9708 0.3359 0.9708 0.3359 0.9732 0.3344 0.9732 0.3330 0.9732 0.3330 0.9708 0.3344 0.9708 0.3291 0.9732 0.3302 0.9732 0.3302 0.9751 0.3291 0.9751 0.3291 0.9732 0.3291 0.9708 0.3302 0.9708 0.3302 0.9732 0.3291 0.9732 0.3274 0.9732 0.3274 0.9708 0.3291 0.9708 0.3291 0.9732 0.3291 0.9751 0.3274 0.9751 0.3274 0.9732 0.5738 0.9786 0.5743 0.9785 0.5743 0.9790 0.5741 0.9792 0.5738 0.9786 0.5735 0.9777 0.5743 0.9777 0.5743 0.9785 0.5738 0.9786 0.5734 0.9787 0.5725 0.9779 0.5735 0.9777 0.5738 0.9786 0.5741 0.9792 0.5739 0.9792 0.5734 0.9787 0.3316 0.9765 0.3316 0.9751 0.3330 0.9751 0.3330 0.9765 0.3316 0.9765 0.3302 0.9765 0.3302 0.9751 0.3316 0.9751 0.3316 0.9765 0.3315 0.9778 0.3302 0.9778 0.3302 0.9765 0.3316 0.9765 0.3330 0.9765 0.3330 0.9778 0.3315 0.9778 -0.4266 0.9527 -0.4267 0.9527 -0.4267 0.9528 -0.4265 0.9528 -0.4266 0.9527 -0.4268 0.9525 -0.4269 0.9525 -0.4267 0.9527 -0.4266 0.9527 -0.4266 0.9528 -0.4267 0.9526 -0.4268 0.9525 -0.4266 0.9527 -0.4265 0.9528 -0.4265 0.9528 -0.4266 0.9528 0.5748 0.9732 0.5748 0.9751 0.5743 0.9751 0.5743 0.9732 0.5748 0.9732 0.5750 0.9732 0.5750 0.9750 0.5748 0.9751 0.5748 0.9732 0.5748 0.9708 0.5750 0.9708 0.5750 0.9732 0.5748 0.9732 0.5743 0.9732 0.5743 0.9708 0.5748 0.9708 0.5746 0.9785 0.5744 0.9792 0.5743 0.9790 0.5743 0.9785 0.5746 0.9785 0.5747 0.9785 0.5745 0.9792 0.5744 0.9792 0.5746 0.9785 0.5747 0.9776 0.5749 0.9776 0.5747 0.9785 0.5746 0.9785 0.5743 0.9785 0.5743 0.9777 0.5747 0.9776 -0.4285 0.9510 -0.4285 0.9516 -0.4278 0.9517 -0.4278 0.9515 -0.4285 0.9510 -0.4294 0.9507 -0.4293 0.9515 -0.4285 0.9516 -0.5290 0.9500 -0.5290 0.9496 -0.5300 0.9485 -0.5299 0.9496 -0.4285 0.9510 -0.4278 0.9515 -0.4278 0.9514 -0.4285 0.9507 -0.4296 -0.0224 -0.4294 -0.0218 -0.4288 -0.0222 -0.4294 -0.0228 -0.4296 -0.0224 -0.4303 -0.0224 -0.4303 -0.0215 -0.4294 -0.0218 -0.4296 -0.0224 -0.4294 -0.0228 -0.4302 -0.0233 -0.4303 -0.0224 0.4485 0.9788 0.4485 0.9777 0.5317 0.9777 0.5317 0.9788 0.4485 0.9788 0.3661 0.9788 0.3661 0.9777 0.4485 0.9777 0.4485 0.9788 0.4485 0.9796 0.3661 0.9796 0.3661 0.9788 0.4485 0.9788 0.5317 0.9788 0.5317 0.9796 0.4485 0.9796 0.3375 0.9788 0.3358 0.9788 0.3359 0.9777 0.3375 0.9777 0.3375 0.9788 0.3375 0.9796 0.3358 0.9796 0.3358 0.9788 0.3375 0.9788 0.3661 0.9788 0.3661 0.9796 0.3375 0.9796 0.3375 0.9788 0.3375 0.9777 0.3661 0.9777 0.3661 0.9788 -0.5135 0.9535 -0.4559 0.9535 -0.4559 0.9532 -0.5135 0.9532 -0.5135 0.9535 -0.5135 0.9534 -0.4559 0.9534 -0.4559 0.9535 -0.5135 0.9535 -0.5706 0.9535 -0.5706 0.9534 -0.5135 0.9534 -0.5135 0.9535 -0.5135 0.9532 -0.5706 0.9532 -0.5706 0.9535 -0.4286 0.9534 -0.4279 0.9533 -0.4279 0.9531 -0.4286 0.9532 -0.4286 0.9534 -0.4286 0.9534 -0.4278 0.9533 -0.4279 0.9533 -0.4286 0.9534 -0.4295 0.9534 -0.4295 0.9534 -0.4286 0.9534 -0.4286 0.9534 -0.4286 0.9532 -0.4295 0.9532 -0.4295 0.9534 0.4485 0.9800 0.5317 0.9800 0.5317 0.9803 0.4485 0.9803 0.4485 0.9800 0.4485 0.9796 0.5317 0.9796 0.5317 0.9800 0.4485 0.9800 0.3661 0.9800 0.3661 0.9796 0.4485 0.9796 0.4485 0.9800 0.4485 0.9803 0.3661 0.9803 0.3661 0.9800 0.5712 0.9800 0.5723 0.9799 0.5723 0.9802 0.5712 0.9803 0.5712 0.9800 0.5712 0.9796 0.5724 0.9795 0.5723 0.9799 0.5712 0.9800 0.5699 0.9800 0.5699 0.9796 0.5712 0.9796 0.5712 0.9800 0.5712 0.9803 0.5699 0.9803 0.5699 0.9800 -0.4337 -0.0223 -0.4323 -0.0223 -0.4322 -0.0235 -0.4336 -0.0236 -0.4337 -0.0223 -0.4337 -0.0213 -0.4325 -0.0213 -0.4323 -0.0223 -0.4337 -0.0223 -0.4359 -0.0223 -0.4359 -0.0213 -0.4337 -0.0213 -0.4337 -0.0223 -0.4336 -0.0236 -0.4359 -0.0236 -0.4359 -0.0223 -0.4312 -0.0224 -0.4303 -0.0224 -0.4302 -0.0233 -0.4311 -0.0235 -0.4312 -0.0224 -0.4313 -0.0214 -0.4303 -0.0215 -0.4303 -0.0224 -0.4312 -0.0224 -0.4323 -0.0223 -0.4325 -0.0213 -0.4313 -0.0214 -0.4312 -0.0224 -0.4311 -0.0235 -0.4322 -0.0235 -0.4323 -0.0223 0.5686 0.9732 0.5699 0.9732 0.5699 0.9751 0.5686 0.9751 0.5686 0.9732 0.5686 0.9708 0.5699 0.9708 0.5699 0.9732 0.5686 0.9732 0.5664 0.9732 0.5664 0.9708 0.5686 0.9708 0.5686 0.9732 0.5686 0.9751 0.5664 0.9751 0.5664 0.9732 0.3375 0.9674 0.3359 0.9674 0.3359 0.9469 0.3375 0.9469 0.3375 0.9674 0.3375 0.9708 0.3359 0.9708 0.3359 0.9674 0.3375 0.9674 0.3661 0.9674 0.3661 0.9708 0.3375 0.9708 0.3375 0.9674 0.3375 0.9469 0.3661 0.9469 0.3661 0.9674 0.4781 0.6262 0.4803 0.6264 0.4801 0.6236 0.4778 0.6238 -0.4337 -0.0248 -0.4336 -0.0236 -0.4322 -0.0235 -0.4323 -0.0247 -0.4337 -0.0248 -0.4359 -0.0248 -0.4359 -0.0236 -0.4336 -0.0236 0.4781 0.6262 0.4778 0.6238 0.4744 0.6236 0.4745 0.6262 0.1141 0.6262 0.1141 0.6235 0.1111 0.6235 0.1111 0.6262 0.1141 0.6262 0.1591 0.6262 0.1591 0.6235 0.1141 0.6235 -0.6590 -0.0248 -0.6590 -0.0236 -0.6311 -0.0236 -0.6311 -0.0248 -0.6590 -0.0248 -0.6608 -0.0248 -0.6608 -0.0236 -0.6590 -0.0236 0.1004 0.0832 0.1004 0.0771 0.0971 0.0771 0.0971 0.0834 0.1004 0.0832 0.1038 0.0832 0.1038 0.0771 0.1004 0.0771 0.1004 0.0832 0.1004 0.0902 0.1038 0.0902 0.1038 0.0832 0.1004 0.0832 0.0971 0.0834 0.0971 0.0905 0.1004 0.0902 0.5735 0.9674 0.5735 0.9469 0.5743 0.9469 0.5743 0.9674 0.5735 0.9674 0.5724 0.9674 0.5724 0.9469 0.5735 0.9469 0.5735 0.9674 0.5735 0.9708 0.5724 0.9708 0.5724 0.9674 0.5735 0.9674 0.5743 0.9674 0.5743 0.9708 0.5735 0.9708 0.1004 0.6202 0.1004 0.6235 0.1038 0.6235 0.1038 0.6202 0.1004 0.6202 0.0971 0.6202 0.0971 0.6235 0.1004 0.6235 0.1004 0.6202 0.1004 0.6157 0.0971 0.6157 0.0971 0.6202 0.1004 0.6202 0.1038 0.6202 0.1038 0.6157 0.1004 0.6157 0.5712 0.9765 0.5712 0.9777 0.5699 0.9777 0.5699 0.9765 0.5712 0.9765 0.5724 0.9765 0.5725 0.9779 0.5712 0.9777 0.5712 0.9765 0.5712 0.9751 0.5724 0.9751 0.5724 0.9765 0.5712 0.9765 0.5699 0.9765 0.5699 0.9751 0.5712 0.9751 -0.4285 -0.0233 -0.4290 -0.0231 -0.4283 -0.0225 -0.4280 -0.0231 -0.4285 -0.0233 -0.4286 -0.0240 -0.4295 -0.0239 -0.4290 -0.0231 -0.4285 -0.0233 -0.4280 -0.0231 -0.4278 -0.0239 -0.4286 -0.0240 -0.4259 0.9438 -0.4259 0.9287 -0.4261 0.9287 -0.4261 0.9438 -0.4259 0.9438 -0.4259 0.9438 -0.4259 0.9287 -0.4259 0.9287 -0.4259 0.9438 -0.4259 0.9463 -0.4259 0.9463 -0.4259 0.9438 -0.4259 0.9438 -0.4261 0.9438 -0.4261 0.9464 -0.4259 0.9463 0.3344 0.9765 0.3344 0.9777 0.3330 0.9778 0.3330 0.9765 0.3344 0.9765 0.3359 0.9765 0.3359 0.9777 0.3344 0.9777 0.3344 0.9765 0.3344 0.9751 0.3359 0.9751 0.3359 0.9765 0.3344 0.9765 0.3330 0.9765 0.3330 0.9751 0.3344 0.9751 0.3291 0.9765 0.3302 0.9765 0.3302 0.9778 0.3291 0.9778 0.3291 0.9765 0.3291 0.9751 0.3302 0.9751 0.3302 0.9765 0.3291 0.9765 0.3274 0.9765 0.3274 0.9751 0.3291 0.9751 0.3291 0.9765 0.3291 0.9778 0.3274 0.9778 0.3274 0.9765 0.3316 0.8932 0.3330 0.8932 0.3330 0.9469 0.3316 0.9469 0.3316 0.8932 0.3316 0.8230 0.3330 0.8230 0.3330 0.8932 0.3316 0.8932 0.3302 0.8934 0.3300 0.8231 0.3316 0.8230 0.3316 0.8932 0.3316 0.9469 0.3302 0.9469 0.3302 0.8934 -0.4272 0.9520 -0.4273 0.9521 -0.4269 0.9525 -0.4268 0.9525 -0.4272 0.9520 -0.4278 0.9515 -0.4278 0.9517 -0.4273 0.9521 -0.4272 0.9520 -0.4272 0.9521 -0.4278 0.9514 -0.4278 0.9515 -0.4272 0.9520 -0.4268 0.9525 -0.4267 0.9526 -0.4272 0.9521 0.5748 0.9765 0.5747 0.9776 0.5743 0.9777 0.5743 0.9765 0.5748 0.9765 0.5750 0.9765 0.5749 0.9776 0.5747 0.9776 0.5748 0.9765 0.5748 0.9751 0.5750 0.9750 0.5750 0.9765 0.5748 0.9765 0.5743 0.9765 0.5743 0.9751 0.5748 0.9751 0.4820 0.4744 0.4800 0.4744 0.4800 0.5722 0.4820 0.5722 0.4820 0.4744 0.4820 0.3464 0.4800 0.3464 0.4800 0.4744 -0.4312 -0.1073 -0.4300 -0.1073 -0.4300 -0.1769 -0.4312 -0.1769 -0.4312 -0.1073 -0.4312 -0.0542 -0.4300 -0.0541 -0.4300 -0.1073 0.5626 0.9765 0.5626 0.9777 0.5317 0.9777 0.5317 0.9765 0.5626 0.9765 0.5664 0.9765 0.5664 0.9777 0.5626 0.9777 0.5626 0.9765 0.5626 0.9751 0.5664 0.9751 0.5664 0.9765 0.5626 0.9765 0.5317 0.9765 0.5317 0.9751 0.5626 0.9751 0.3375 0.9765 0.3375 0.9777 0.3359 0.9777 0.3359 0.9765 0.3375 0.9765 0.3661 0.9765 0.3661 0.9777 0.3375 0.9777 0.3375 0.9765 0.3375 0.9751 0.3661 0.9751 0.3661 0.9765 0.3375 0.9765 0.3359 0.9765 0.3359 0.9751 0.3375 0.9751 0.0879 0.0834 0.0879 0.0905 0.0887 0.0907 0.0887 0.0835 0.1097 -0.9007 0.1659 -0.9007 0.1659 -0.8940 0.1097 -0.8940 0.0879 0.0834 0.0887 0.0835 0.0887 0.0772 0.0879 0.0772 0.5686 0.9788 0.5699 0.9788 0.5699 0.9796 0.5686 0.9796 0.5686 0.9788 0.5686 0.9777 0.5699 0.9777 0.5699 0.9788 0.5686 0.9788 0.5664 0.9788 0.5664 0.9777 0.5686 0.9777 0.5686 0.9788 0.5686 0.9796 0.5664 0.9796 0.5664 0.9788 0.4684 0.0726 0.4684 0.0693 0.4199 0.0693 0.4199 0.0726 0.4684 0.0726 0.4743 0.0723 0.4744 0.0692 0.4684 0.0693 0.4684 0.0726 0.4678 0.0765 0.4747 0.0769 0.4743 0.0723 0.4684 0.0726 0.4199 0.0726 0.4197 0.0769 0.4678 0.0765 0.4786 0.6190 0.4781 0.6154 0.4747 0.6159 0.4779 0.6202 0.4786 0.6190 0.4802 0.6200 0.4800 0.6157 0.4781 0.6154 0.4786 0.6190 0.4779 0.6202 0.4801 0.6236 0.4802 0.6200 0.3180 0.6695 0.3192 0.6695 0.3192 0.6710 0.3180 0.6710 0.3180 0.6695 0.3180 0.6682 0.3192 0.6682 0.3192 0.6695 0.3180 0.6695 0.2818 0.6696 0.2818 0.6683 0.3180 0.6682 -0.4304 0.9535 -0.4295 0.9534 -0.4295 0.9532 -0.4304 0.9532 -0.4304 0.9535 -0.4304 0.9534 -0.4295 0.9534 -0.4295 0.9534 -0.4304 0.9535 -0.4319 0.9535 -0.4319 0.9534 -0.4304 0.9534 -0.4304 0.9535 -0.4304 0.9532 -0.4319 0.9532 -0.4319 0.9535 -0.4266 0.7213 -0.4265 0.7212 -0.4265 0.7212 -0.4265 0.7212 -0.4266 0.7213 -0.4267 0.7213 -0.4267 0.7212 -0.4265 0.7212 -0.4266 0.7213 -0.4267 0.7214 -0.4268 0.7213 -0.4267 0.7213 -0.4266 0.7213 -0.4265 0.7212 -0.4267 0.7214 0.3180 0.6728 0.3180 0.6753 0.2818 0.6754 0.2818 0.6729 0.3131 0.9747 0.2818 0.9747 0.2818 0.9729 0.3131 0.9729 0.3180 0.6695 0.3180 0.6710 0.2818 0.6711 0.2818 0.6696 0.3131 0.9774 0.2818 0.9774 0.2818 0.9761 0.3131 0.9761 0.3180 0.6669 0.3180 0.6682 0.2818 0.6683 0.2818 0.6670 -7.6674 -9.2761 -7.4808 -9.2736 -7.4815 -9.2669 -7.6669 -9.2680 -7.6662 -9.2508 -7.6665 -9.2584 -7.4819 -9.2601 -7.4819 -9.2533 0.1099 -0.9007 0.1099 -0.9066 0.1659 -0.9066 0.1659 -0.9007 0.0937 0.6096 0.0937 0.6157 0.0971 0.6157 0.0971 0.6096 0.0937 0.6096 0.0910 0.6095 0.0910 0.6157 0.0937 0.6157 0.0937 0.6096 0.0937 0.6026 0.0910 0.6026 0.0910 0.6095 0.0937 0.6096 0.0971 0.6096 0.0971 0.6026 0.0937 0.6026 0.3247 0.9673 0.3219 0.9673 0.3219 0.9469 0.3247 0.9470 0.3247 0.9673 0.3247 0.9708 0.3219 0.9708 0.3219 0.9673 0.3247 0.9673 0.3274 0.9674 0.3274 0.9708 0.3247 0.9708 0.3247 0.9673 0.3247 0.9470 0.3274 0.9470 0.3274 0.9674 0.5626 0.8932 0.5626 0.9469 0.5317 0.9469 0.5317 0.8932 0.5626 0.8932 0.5664 0.8932 0.5664 0.9469 0.5626 0.9469 0.5626 0.8932 0.5626 0.8230 0.5664 0.8230 0.5664 0.8932 0.5626 0.8932 0.5317 0.8932 0.5317 0.8230 0.5626 0.8230 0.5712 0.8932 0.5724 0.8932 0.5724 0.9469 0.5712 0.9469 0.5712 0.8932 0.5712 0.8230 0.5724 0.8230 0.5724 0.8932 0.5712 0.8932 0.5699 0.8932 0.5699 0.8230 0.5712 0.8230 0.5712 0.8932 0.5712 0.9469 0.5699 0.9469 0.5699 0.8932 0.2889 0.6095 0.2889 0.6157 0.4197 0.6158 0.4193 0.6101 0.2889 0.6095 0.1591 0.6096 0.1591 0.6157 0.2889 0.6157 0.2889 0.6095 0.2889 0.6025 0.1591 0.6026 0.1591 0.6096 0.2889 0.6095 0.4193 0.6101 0.4611 0.6025 0.2889 0.6025 0.0937 0.0837 0.0937 0.0772 0.0910 0.0773 0.0910 0.0840 0.0937 0.0837 0.0971 0.0834 0.0971 0.0771 0.0937 0.0772 0.0937 0.0837 0.0937 0.0912 0.0971 0.0905 0.0971 0.0834 0.0937 0.0837 0.0910 0.0840 0.0910 0.0917 0.0937 0.0912 -0.9040 -0.4068 -0.9040 -0.8940 -0.9032 -0.8940 -0.9032 -0.4068 -0.9032 -0.4068 -0.9032 -0.8940 -0.9024 -0.8940 -0.9024 -0.4068 -0.9024 -0.4068 -0.9024 -0.8940 -0.9010 -0.8940 -0.9010 -0.4068 -0.9010 -0.4068 -0.9010 -0.8940 -0.8983 -0.8940 -0.8983 -0.4068 -0.8983 -0.8940 -0.8951 -0.8940 -0.8951 -0.4068 -0.8983 -0.4068 -0.8919 -0.4068 -0.8919 -0.8940 -0.8851 -0.8940 -0.8851 -0.4068 -0.8851 -0.4068 -0.8851 -0.8940 -0.8817 -0.8940 -0.8817 -0.4068 -0.8817 -0.4068 -0.8817 -0.8940 -0.8788 -0.8940 -0.8788 -0.4068 -0.8788 -0.4068 -0.8788 -0.8940 -0.8354 -0.8940 -0.8354 -0.4068 -0.8354 -0.4068 -0.8354 -0.8940 -0.7106 -0.8940 -0.7106 -0.4068 -0.7106 -0.4068 -0.7106 -0.8940 -0.5449 -0.8940 -0.5449 -0.4068 0.1659 -0.8940 0.1659 -0.4068 0.1097 -0.4068 0.1097 -0.8940 0.0879 0.0905 0.0879 0.6024 0.0887 0.6024 0.0887 0.0907 0.0887 0.0907 0.0887 0.6024 0.0895 0.6025 0.0895 0.0913 0.0895 0.0913 0.0895 0.6025 0.0910 0.6026 0.0910 0.0917 0.0910 0.0917 0.0910 0.6026 0.0937 0.6026 0.0937 0.0912 0.0937 0.0912 0.0937 0.6026 0.0971 0.6026 0.0971 0.0905 0.0971 0.0905 0.0971 0.6026 0.1004 0.6026 0.1004 0.0902 0.1004 0.0902 0.1004 0.6026 0.1038 0.6026 0.1038 0.0902 0.1038 0.0902 0.1038 0.6026 0.1075 0.6026 0.1075 0.0902 0.1075 0.0902 0.1075 0.6026 0.1111 0.6026 0.1111 0.0902 0.1111 0.0902 0.1111 0.6026 0.1141 0.6026 0.1141 0.0902 0.1141 0.0902 0.1141 0.6026 0.1591 0.6026 0.1591 0.0903 0.1591 0.0903 0.1591 0.6026 0.2889 0.6025 0.2889 0.0904 0.2889 0.0904 0.2889 0.6025 0.4611 0.6025 0.4611 0.0904 -0.8919 -0.9007 -0.8919 -0.8940 -0.8951 -0.8940 -0.8951 -0.9007 -0.8919 -0.9067 -0.8919 -0.9007 -0.8951 -0.9007 -0.8951 -0.9067 0.2708 0.6788 0.2708 0.6753 0.2729 0.6753 0.2729 0.6788 0.2708 0.6992 0.2708 0.6788 0.2729 0.6788 0.2729 0.6992 -0.8983 -0.9110 -0.8983 -0.9141 -0.8951 -0.9141 -0.8951 -0.9110 -0.8983 -0.9067 -0.8983 -0.9110 -0.8951 -0.9110 -0.8951 -0.9067 0.2708 0.8930 0.2708 0.8229 0.2729 0.8229 0.2729 0.8930 0.2708 0.9466 0.2708 0.8930 0.2729 0.8930 0.2729 0.9466 0.2751 0.9670 0.2751 0.9704 0.2729 0.9704 0.2729 0.9670 0.2751 0.9466 0.2751 0.9670 0.2729 0.9670 0.2729 0.9466 -0.8983 -0.4000 -0.8983 -0.4068 -0.8951 -0.4068 -0.8951 -0.4000 -0.8983 -0.3941 -0.8983 -0.4000 -0.8951 -0.4000 -0.8951 -0.3941 -0.7289 0.6668 -0.7289 0.6665 -0.7267 0.6665 -0.7267 0.6668 -0.7289 0.6665 -0.7289 0.6668 -0.7267 0.6668 -0.7267 0.6665 -0.7289 0.6668 -0.7288 0.6678 -0.7266 0.6678 -0.7267 0.6668 -0.7288 0.6678 -0.7287 0.6691 -0.7266 0.6691 -0.7266 0.6678 -0.7287 0.6691 -0.7286 0.6704 -0.7265 0.6704 -0.7266 0.6691 -0.8919 -0.9167 -0.8919 -0.9141 -0.8951 -0.9141 -0.8951 -0.9167 0.2708 0.6753 0.2708 0.6729 0.2729 0.6729 0.2729 0.6753 0.2708 0.6729 0.2708 0.6710 0.2729 0.6711 0.2729 0.6729 0.2708 0.6696 0.2708 0.6683 0.2729 0.6683 0.2729 0.6696 0.2708 0.6710 0.2708 0.6696 0.2729 0.6696 0.2729 0.6711 0.2708 0.6670 0.2708 0.6660 0.2729 0.6661 0.2729 0.6670 0.2708 0.6683 0.2708 0.6670 0.2729 0.6670 0.2729 0.6683 -0.7267 0.9795 -0.7289 0.9795 -0.7289 0.9792 -0.7267 0.9792 -0.7267 0.9792 -0.7289 0.9792 -0.7289 0.9795 -0.7267 0.9795 -0.7266 0.9782 -0.7288 0.9782 -0.7289 0.9792 -0.7267 0.9792 -0.7266 0.9769 -0.7287 0.9769 -0.7288 0.9782 -0.7266 0.9782 -0.7265 0.9757 -0.7286 0.9757 -0.7287 0.9769 -0.7266 0.9769 -0.8919 -0.3866 -0.8919 -0.3841 -0.8951 -0.3841 -0.8951 -0.3866 -0.8919 -0.3898 -0.8919 -0.3866 -0.8951 -0.3866 -0.8951 -0.3898 -0.8919 -0.3941 -0.8919 -0.3898 -0.8951 -0.3898 -0.8951 -0.3941 0.2708 0.9729 0.2708 0.9704 0.2729 0.9704 0.2729 0.9729 0.2708 0.9747 0.2708 0.9729 0.2729 0.9729 0.2729 0.9747 0.2708 0.9762 0.2708 0.9747 0.2729 0.9747 0.2729 0.9762 0.2708 0.9774 0.2708 0.9762 0.2729 0.9762 0.2729 0.9774 0.2708 0.9787 0.2708 0.9774 0.2729 0.9774 0.2729 0.9787 0.2729 0.9797 0.2708 0.9797 0.2708 0.9787 0.2729 0.9787 0.2708 0.8229 0.2708 0.7528 0.2729 0.7528 0.2729 0.8229 0.2708 0.7528 0.2708 0.6992 0.2729 0.6992 0.2729 0.7528 -0.8919 -0.8940 -0.8919 -0.4068 -0.8951 -0.4068 -0.8951 -0.8940 " />
							</IndexedFaceSet>
						</Shape>
					</Group>
				</Transform>
			</Transform>
			<Transform DEF="paper002_TRANSFORM"
			           translation="-7.899878 3.298030 -4.203884"
			           scale="2.423745 3.082570 2.551304"
			           rotation="0.000059 -0.000111 0.991420 0.003521"
			           >
				<Transform DEF="paper002_ifs_TRANSFORM"
				           translation="0.000000 -0.000000 0.000000"
				           scale="1.000000 1.000000 1.000000"
				           rotation="-0.000000 0.000000 -0.000000 0.000000"
				           >
					<Group DEF="group_ME_paper_000">
						<Shape>
							<Appearance>
								<Material USE="MA_edge" />
								<ImageTexture url='"Book/book.fbm/pages3.jpg"'></ImageTexture>
							</Appearance>
							<IndexedFaceSet solid="false"
							                creaseAngle="3.14"
							                texCoordIndex="0 1 2 3 -1 4 5 6 7 -1 8 9 10 11 -1 12 13 14 15 -1 16 17 18 19 -1 20 21 22 23 -1 24 25 26 27 -1 28 29 30 31 -1 32 33 34 35 -1 36 37 38 39 -1 40 41 42 43 -1 44 45 46 47 -1 48 49 50 51 -1 52 53 54 55 -1 56 57 58 59 -1 60 61 62 63 -1 64 65 66 67 -1 68 69 70 71 -1 72 73 74 75 -1 76 77 78 79 -1 80 81 82 83 -1 84 85 86 87 -1 88 89 90 91 -1 92 93 94 95 -1 96 97 98 99 -1 100 101 102 103 -1 104 105 106 107 -1 108 109 110 111 -1 112 113 114 -1 115 116 117 118 -1 119 120 121 122 -1 123 124 125 126 -1 127 128 129 130 -1 131 132 133 134 -1 135 136 137 138 -1 139 140 141 142 -1 143 144 145 146 -1 147 148 149 150 -1 151 152 153 -1 154 155 156 157 -1 158 159 160 161 -1 162 163 164 165 -1 166 167 168 169 -1 170 171 172 173 -1 174 175 176 177 -1 178 179 180 181 -1 182 183 184 185 -1 186 187 188 189 -1 190 191 192 193 -1 194 195 196 197 -1 198 199 200 201 -1 202 203 204 205 -1 206 207 208 209 -1 210 211 212 213 -1 214 215 216 -1 217 218 219 220 -1 221 222 223 224 -1 225 226 227 228 -1 229 230 231 232 -1 233 234 235 236 -1 237 238 239 240 -1 241 242 243 244 -1 245 246 247 248 -1 249 250 251 252 -1 253 254 255 256 -1 257 258 259 260 -1 261 262 263 264 -1 265 266 267 268 -1 269 270 271 272 -1 273 274 275 276 -1 277 278 279 280 -1 281 282 283 284 -1 285 286 287 288 -1 289 290 291 292 -1 293 294 295 296 -1 297 298 299 300 -1 301 302 303 304 -1 305 306 307 308 -1 309 310 311 312 -1 313 314 315 316 -1 317 318 319 320 -1 321 322 323 324 -1 325 326 327 328 -1 329 330 331 332 -1 333 334 335 336 -1 337 338 339 340 -1 341 342 343 344 -1 345 346 347 348 -1 349 350 351 352 -1 353 354 355 356 -1 357 358 359 360 -1 361 362 363 364 -1 365 366 367 368 -1 369 370 371 372 -1 373 374 375 376 -1 377 378 379 380 -1 381 382 383 384 -1 385 386 387 388 -1 389 390 391 392 -1 393 394 395 396 -1 397 398 399 400 -1 401 402 403 404 -1 405 406 407 408 -1 409 410 411 412 -1 413 414 415 416 -1 417 418 419 420 -1 421 422 423 424 -1 425 426 427 428 -1 429 430 431 432 -1 433 434 435 436 -1 437 438 439 440 -1 441 442 443 444 -1 445 446 447 448 -1 449 450 451 452 -1 453 454 455 456 -1 457 458 459 460 -1 461 462 463 464 -1 465 466 467 468 -1 469 470 471 472 -1 473 474 475 476 -1 477 478 479 480 -1 481 482 483 484 -1 485 486 487 488 -1 489 490 491 492 -1 493 494 495 496 -1 497 498 499 500 -1 501 502 503 504 -1 505 506 507 508 -1 509 510 511 512 -1 513 514 515 516 -1 517 518 519 520 -1 521 522 523 524 -1 525 526 527 528 -1 529 530 531 532 -1 533 534 535 536 -1 537 538 539 540 -1 541 542 543 544 -1 545 546 547 548 -1 549 550 551 552 -1 553 554 555 556 -1 557 558 559 560 -1 561 562 563 564 -1 565 566 567 568 -1 569 570 571 572 -1 573 574 575 576 -1 577 578 579 580 -1 581 582 583 584 -1 585 586 587 588 -1 589 590 591 592 -1 593 594 595 596 -1 597 598 599 600 -1 601 602 603 604 -1 605 606 607 608 -1 609 610 611 612 -1 613 614 615 616 -1 617 618 619 620 -1 621 622 623 624 -1 625 626 627 628 -1 629 630 631 632 -1 633 634 635 636 -1 637 638 639 640 -1 641 642 643 644 -1 645 646 647 648 -1 649 650 651 652 -1 653 654 655 656 -1 657 658 659 660 -1 661 662 663 664 -1 665 666 667 668 -1 669 670 671 672 -1 673 674 675 676 -1 677 678 679 680 -1 681 682 683 684 -1 685 686 687 688 -1 689 690 691 692 -1 693 694 695 696 -1 697 698 699 700 -1 701 702 703 704 -1 705 706 707 708 -1 709 710 711 712 -1 713 714 715 716 -1 717 718 719 720 -1 721 722 723 724 -1 725 726 727 728 -1 729 730 731 732 -1 733 734 735 736 -1 737 738 739 740 -1 741 742 743 744 -1 745 746 747 748 -1 749 750 751 752 -1 753 754 755 756 -1 757 758 759 760 -1 761 762 763 764 -1 765 766 767 768 -1 769 770 771 772 -1 773 774 775 776 -1 777 778 779 780 -1 781 782 783 784 -1 785 786 787 788 -1 789 790 791 792 -1 793 794 795 796 -1 797 798 799 800 -1 801 802 803 804 -1 805 806 807 808 -1 809 810 811 812 -1 813 814 815 816 -1 817 818 819 820 -1 821 822 823 824 -1 825 826 827 828 -1 829 830 831 832 -1 833 834 835 836 -1 837 838 839 840 -1 841 842 843 844 -1 845 846 847 848 -1 849 850 851 852 -1 853 854 855 856 -1 857 858 859 860 -1 861 862 863 864 -1 865 866 867 868 -1 869 870 871 872 -1 873 874 875 876 -1 877 878 879 880 -1 881 882 883 884 -1 885 886 887 888 -1 889 890 891 892 -1 893 894 895 896 -1 897 898 899 900 -1 901 902 903 904 -1 905 906 907 908 -1 909 910 911 912 -1 913 914 915 916 -1 917 918 919 920 -1 921 922 923 924 -1 925 926 927 928 -1 929 930 931 932 -1 933 934 935 936 -1 937 938 939 940 -1 941 942 943 944 -1 945 946 947 948 -1 949 950 951 952 -1 953 954 955 956 -1 957 958 959 960 -1 961 962 963 964 -1 965 966 967 968 -1 969 970 971 972 -1 973 974 975 976 -1 977 978 979 980 -1 981 982 983 984 -1 985 986 987 988 -1 989 990 991 992 -1 993 994 995 996 -1 997 998 999 1000 -1 1001 1002 1003 1004 -1 1005 1006 1007 1008 -1 1009 1010 1011 1012 -1 1013 1014 1015 1016 -1 1017 1018 1019 1020 -1 1021 1022 1023 1024 -1 1025 1026 1027 1028 -1 1029 1030 1031 1032 -1 1033 1034 1035 1036 -1 1037 1038 1039 1040 -1 1041 1042 1043 1044 -1 1045 1046 1047 1048 -1 1049 1050 1051 1052 -1 1053 1054 1055 1056 -1 1057 1058 1059 1060 -1 1061 1062 1063 1064 -1 1065 1066 1067 1068 -1 1069 1070 1071 1072 -1 1073 1074 1075 1076 -1 1077 1078 1079 1080 -1 1081 1082 1083 1084 -1 1085 1086 1087 1088 -1 1089 1090 1091 1092 -1 1093 1094 1095 1096 -1 1097 1098 1099 1100 -1 1101 1102 1103 1104 -1 1105 1106 1107 1108 -1 1109 1110 1111 1112 -1 1113 1114 1115 1116 -1 1117 1118 1119 1120 -1 1121 1122 1123 1124 -1 1125 1126 1127 1128 -1 1129 1130 1131 1132 -1 1133 1134 1135 1136 -1 1137 1138 1139 1140 -1 1141 1142 1143 1144 -1 1145 1146 1147 1148 -1 1149 1150 1151 1152 -1 1153 1154 1155 1156 -1 1157 1158 1159 1160 -1 1161 1162 1163 1164 -1 1165 1166 1167 1168 -1 1169 1170 1171 1172 -1 1173 1174 1175 1176 -1 1177 1178 1179 1180 -1 1181 1182 1183 1184 -1 1185 1186 1187 1188 -1 1189 1190 1191 1192 -1 1193 1194 1195 1196 -1 1197 1198 1199 1200 -1 1201 1202 1203 1204 -1 1205 1206 1207 1208 -1 1209 1210 1211 1212 -1 1213 1214 1215 1216 -1 1217 1218 1219 1220 -1 1221 1222 1223 1224 -1 1225 1226 1227 1228 -1 1229 1230 1231 1232 -1 1233 1234 1235 1236 -1 1237 1238 1239 1240 -1 1241 1242 1243 1244 -1 1245 1246 1247 1248 -1 1249 1250 1251 1252 -1 1253 1254 1255 1256 -1 1257 1258 1259 1260 -1 1261 1262 1263 1264 -1 1265 1266 1267 1268 -1 1269 1270 1271 1272 -1 1273 1274 1275 1276 -1 1277 1278 1279 1280 -1 1281 1282 1283 1284 -1 1285 1286 1287 1288 -1 1289 1290 1291 1292 -1 1293 1294 1295 1296 -1 1297 1298 1299 1300 -1 1301 1302 1303 1304 -1 1305 1306 1307 1308 -1 1309 1310 1311 1312 -1 1313 1314 1315 1316 -1 1317 1318 1319 1320 -1 1321 1322 1323 1324 -1 1325 1326 1327 1328 -1 1329 1330 1331 1332 -1 1333 1334 1335 1336 -1 1337 1338 1339 1340 -1 1341 1342 1343 1344 -1 1345 1346 1347 1348 -1 1349 1350 1351 1352 -1 1353 1354 1355 1356 -1 1357 1358 1359 1360 -1 1361 1362 1363 1364 -1 1365 1366 1367 1368 -1 1369 1370 1371 1372 -1 1373 1374 1375 1376 -1 1377 1378 1379 1380 -1 1381 1382 1383 1384 -1 1385 1386 1387 1388 -1 1389 1390 1391 1392 -1 1393 1394 1395 1396 -1 1397 1398 1399 1400 -1 1401 1402 1403 1404 -1 1405 1406 1407 1408 -1 1409 1410 1411 1412 -1 1413 1414 1415 1416 -1 1417 1418 1419 1420 -1 1421 1422 1423 -1 1424 1425 1426 1427 -1 1428 1429 1430 1431 -1 1432 1433 1434 1435 -1 1436 1437 1438 1439 -1 1440 1441 1442 1443 -1 1444 1445 1446 1447 -1 1448 1449 1450 1451 -1 1452 1453 1454 -1 1455 1456 1457 1458 -1 1459 1460 1461 1462 -1 1463 1464 1465 1466 -1 1467 1468 1469 1470 -1 1471 1472 1473 1474 -1 1475 1476 1477 1478 -1 1479 1480 1481 1482 -1 1483 1484 1485 1486 -1 1487 1488 1489 1490 -1 1491 1492 1493 1494 -1 1495 1496 1497 1498 -1 1499 1500 1501 1502 -1 1503 1504 1505 1506 -1 1507 1508 1509 1510 -1 1511 1512 1513 1514 -1 1515 1516 1517 1518 -1 1519 1520 1521 1522 -1 1523 1524 1525 1526 -1 1527 1528 1529 1530 -1 1531 1532 1533 1534 -1 1535 1536 1537 1538 -1 1539 1540 1541 1542 -1 1543 1544 1545 1546 -1 1547 1548 1549 1550 -1 1551 1552 1553 1554 -1 1555 1556 1557 1558 -1 1559 1560 1561 1562 -1 1563 1564 1565 -1 1566 1567 1568 1569 -1 1570 1571 1572 1573 -1 1574 1575 1576 1577 -1 1578 1579 1580 1581 -1 1582 1583 1584 1585 -1 1586 1587 1588 1589 -1 1590 1591 1592 1593 -1 1594 1595 1596 1597 -1 1598 1599 1600 1601 -1 1602 1603 1604 1605 -1 1606 1607 1608 1609 -1 1610 1611 1612 1613 -1 1614 1615 1616 1617 -1 1618 1619 1620 1621 -1 1622 1623 1624 1625 -1 1626 1627 1628 1629 -1 1630 1631 1632 1633 -1 1634 1635 1636 1637 -1 1638 1639 1640 1641 -1 1642 1643 1644 1645 -1 1646 1647 1648 1649 -1 1650 1651 1652 1653 -1 1654 1655 1656 1657 -1 1658 1659 1660 1661 -1 1662 1663 1664 1665 -1 1666 1667 1668 1669 -1 1670 1671 1672 1673 -1 1674 1675 1676 1677 -1 1678 1679 1680 1681 -1 1682 1683 1684 1685 -1 1686 1687 1688 1689 -1 1690 1691 1692 1693 -1 1694 1695 1696 1697 -1 1698 1699 1700 1701 -1 1702 1703 1704 1705 -1 1706 1707 1708 1709 -1 1710 1711 1712 1713 -1 1714 1715 1716 1717 -1 1718 1719 1720 1721 -1 1722 1723 1724 1725 -1 1726 1727 1728 1729 -1 1730 1731 1732 1733 -1 1734 1735 1736 1737 -1 1738 1739 1740 1741 -1 1742 1743 1744 1745 -1 1746 1747 1748 1749 -1 1750 1751 1752 1753 -1 1754 1755 1756 1757 -1 1758 1759 1760 1761 -1 1762 1763 1764 1765 -1 1766 1767 1768 1769 -1 1770 1771 1772 1773 -1 1774 1775 1776 1777 -1 1778 1779 1780 1781 -1 1782 1783 1784 1785 -1 1786 1787 1788 1789 -1 1790 1791 1792 1793 -1 1794 1795 1796 1797 -1 1798 1799 1800 1801 -1 1802 1803 1804 1805 -1 1806 1807 1808 1809 -1 1810 1811 1812 1813 -1 1814 1815 1816 1817 -1 1818 1819 1820 1821 -1 1822 1823 1824 1825 -1 1826 1827 1828 1829 -1 1830 1831 1832 1833 -1 1834 1835 1836 1837 -1 1838 1839 1840 1841 -1 1842 1843 1844 1845 -1 1846 1847 1848 1849 -1 1850 1851 1852 1853 -1 1854 1855 1856 1857 -1 1858 1859 1860 1861 -1 1862 1863 1864 1865 -1 1866 1867 1868 1869 -1 1870 1871 1872 1873 -1 1874 1875 1876 1877 -1 1878 1879 1880 1881 -1 1882 1883 1884 1885 -1 1886 1887 1888 1889 -1 1890 1891 1892 1893 -1 1894 1895 1896 1897 -1 1898 1899 1900 1901 -1 1902 1903 1904 1905 -1 1906 1907 1908 1909 -1 1910 1911 1912 1913 -1 1914 1915 1916 1917 -1 1918 1919 1920 1921 -1 1922 1923 1924 1925 -1 1926 1927 1928 1929 -1 1930 1931 1932 1933 -1 1934 1935 1936 1937 -1 1938 1939 1940 1941 -1 1942 1943 1944 1945 -1 1946 1947 1948 1949 -1 1950 1951 1952 1953 -1 1954 1955 1956 1957 -1 1958 1959 1960 1961 -1 1962 1963 1964 1965 -1 1966 1967 1968 1969 -1 1970 1971 1972 1973 -1 1974 1975 1976 1977 -1 1978 1979 1980 1981 -1 1982 1983 1984 1985 -1 1986 1987 1988 1989 -1 1990 1991 1992 1993 -1 1994 1995 1996 1997 -1 1998 1999 2000 2001 -1 2002 2003 2004 2005 -1 2006 2007 2008 2009 -1 2010 2011 2012 2013 -1 2014 2015 2016 2017 -1 2018 2019 2020 2021 -1 2022 2023 2024 2025 -1 2026 2027 2028 2029 -1 2030 2031 2032 2033 -1 2034 2035 2036 2037 -1 2038 2039 2040 2041 -1 2042 2043 2044 2045 -1 2046 2047 2048 2049 -1 2050 2051 2052 2053 -1 2054 2055 2056 2057 -1 2058 2059 2060 2061 -1 2062 2063 2064 2065 -1 2066 2067 2068 2069 -1 2070 2071 2072 2073 -1 2074 2075 2076 2077 -1 2078 2079 2080 2081 -1 2082 2083 2084 2085 -1 2086 2087 2088 2089 -1 2090 2091 2092 2093 -1 2094 2095 2096 2097 -1 2098 2099 2100 2101 -1 2102 2103 2104 2105 -1 2106 2107 2108 2109 -1 2110 2111 2112 2113 -1 2114 2115 2116 2117 -1 2118 2119 2120 2121 -1 2122 2123 2124 2125 -1 2126 2127 2128 2129 -1 2130 2131 2132 2133 -1 2134 2135 2136 2137 -1 2138 2139 2140 2141 -1 2142 2143 2144 2145 -1 2146 2147 2148 2149 -1 2150 2151 2152 2153 -1 2154 2155 2156 2157 -1 2158 2159 2160 2161 -1 2162 2163 2164 2165 -1 2166 2167 2168 2169 -1 2170 2171 2172 2173 -1 2174 2175 2176 2177 -1 2178 2179 2180 2181 -1 2182 2183 2184 2185 -1 2186 2187 2188 2189 -1 2190 2191 2192 2193 -1 2194 2195 2196 2197 -1 2198 2199 2200 2201 -1 2202 2203 2204 2205 -1 2206 2207 2208 2209 -1 2210 2211 2212 2213 -1 2214 2215 2216 2217 -1 2218 2219 2220 2221 -1 2222 2223 2224 2225 -1 2226 2227 2228 2229 -1 2230 2231 2232 2233 -1 2234 2235 2236 2237 -1 2238 2239 2240 2241 -1 2242 2243 2244 2245 -1 2246 2247 2248 2249 -1 2250 2251 2252 2253 -1 2254 2255 2256 2257 -1 2258 2259 2260 2261 -1 2262 2263 2264 2265 -1 2266 2267 2268 2269 -1 2270 2271 2272 2273 -1 2274 2275 2276 2277 -1 2278 2279 2280 2281 -1 2282 2283 2284 2285 -1 2286 2287 2288 2289 -1 2290 2291 2292 2293 -1 2294 2295 2296 2297 -1 2298 2299 2300 2301 -1 2302 2303 2304 2305 -1 2306 2307 2308 2309 -1 2310 2311 2312 2313 -1 2314 2315 2316 2317 -1 2318 2319 2320 2321 -1 2322 2323 2324 2325 -1 2326 2327 2328 2329 -1 2330 2331 2332 2333 -1 2334 2335 2336 2337 -1 2338 2339 2340 2341 -1 2342 2343 2344 2345 -1 2346 2347 2348 2349 -1 2350 2351 2352 2353 -1 2354 2355 2356 2357 -1 2358 2359 2360 2361 -1 2362 2363 2364 2365 -1 2366 2367 2368 2369 -1 2370 2371 2372 2373 -1 2374 2375 2376 2377 -1 2378 2379 2380 2381 -1 2382 2383 2384 2385 -1 2386 2387 2388 2389 -1 2390 2391 2392 2393 -1 2394 2395 2396 2397 -1 2398 2399 2400 2401 -1 2402 2403 2404 2405 -1 2406 2407 2408 2409 -1 2410 2411 2412 2413 -1 2414 2415 2416 2417 -1 2418 2419 2420 2421 -1 2422 2423 2424 2425 -1 2426 2427 2428 2429 -1 2430 2431 2432 2433 -1 2434 2435 2436 2437 -1 2438 2439 2440 2441 -1 2442 2443 2444 2445 -1 2446 2447 2448 2449 -1 2450 2451 2452 2453 -1 2454 2455 2456 2457 -1 2458 2459 2460 2461 -1 2462 2463 2464 2465 -1 2466 2467 2468 2469 -1 2470 2471 2472 2473 -1 2474 2475 2476 2477 -1 2478 2479 2480 2481 -1 2482 2483 2484 2485 -1 2486 2487 2488 2489 -1 2490 2491 2492 2493 -1 2494 2495 2496 2497 -1 2498 2499 2500 2501 -1 2502 2503 2504 2505 -1 2506 2507 2508 2509 -1 2510 2511 2512 2513 -1 2514 2515 2516 2517 -1 2518 2519 2520 2521 -1 2522 2523 2524 2525 -1 2526 2527 2528 2529 -1 2530 2531 2532 2533 -1 2534 2535 2536 2537 -1 2538 2539 2540 2541 -1 2542 2543 2544 2545 -1 2546 2547 2548 2549 -1 2550 2551 2552 2553 -1 2554 2555 2556 2557 -1 "
							                coordIndex="2 27 301 288 -1 37 27 2 4 -1 50 71 407 386 -1 17 47 6 0 -1 385 387 51 49 -1 4 2 288 290 -1 18 289 292 19 -1 293 20 19 292 -1 52 49 73 76 -1 301 300 324 325 -1 60 59 83 84 -1 83 82 106 107 -1 58 57 81 82 -1 57 56 80 81 -1 56 55 79 80 -1 294 317 318 295 -1 319 296 295 318 -1 78 77 101 102 -1 28 18 19 29 -1 5 3 18 28 -1 36 26 27 37 -1 35 25 26 36 -1 34 24 25 35 -1 33 23 24 34 -1 32 22 23 33 -1 31 21 22 32 -1 30 20 21 31 -1 29 19 20 30 -1 302 28 29 -1 303 302 29 30 -1 374 363 339 350 -1 310 36 37 311 -1 94 93 69 70 -1 117 116 92 93 -1 116 115 91 92 -1 91 90 66 67 -1 114 113 89 90 -1 65 64 400 401 -1 304 303 30 -1 8 38 39 9 -1 1 7 38 8 -1 16 46 47 17 -1 15 45 46 16 -1 14 44 45 15 -1 13 43 44 14 -1 12 42 43 13 -1 11 41 42 12 -1 10 40 41 11 -1 9 39 40 10 -1 85 72 48 61 -1 74 95 71 50 -1 75 73 49 51 -1 0 6 553 551 -1 100 101 77 76 -1 292 289 313 -1 316 293 292 313 -1 132 133 109 108 -1 300 299 323 324 -1 24 297 298 25 -1 299 26 25 298 -1 297 320 321 298 -1 322 299 298 321 -1 321 320 344 345 -1 320 297 296 319 -1 126 127 103 102 -1 318 317 341 342 -1 87 86 62 63 -1 86 75 51 62 -1 167 166 142 143 -1 333 334 358 357 -1 34 35 309 308 -1 307 308 332 331 -1 32 33 307 306 -1 353 354 378 377 -1 137 136 112 113 -1 112 111 87 88 -1 121 124 100 97 -1 155 156 132 131 -1 59 58 82 83 -1 129 130 106 105 -1 104 105 81 80 -1 103 104 80 79 -1 54 53 77 78 -1 118 117 93 94 -1 68 69 93 92 -1 67 68 92 91 -1 115 114 90 91 -1 65 66 90 89 -1 109 96 72 85 -1 194 215 191 170 -1 99 97 73 75 -1 50 48 72 74 -1 53 52 76 77 -1 61 60 84 85 -1 55 54 78 79 -1 135 134 110 111 -1 637 626 267 278 -1 70 71 95 94 -1 64 65 89 88 -1 63 64 88 87 -1 178 179 155 154 -1 125 126 102 101 -1 141 140 116 117 -1 212 211 187 188 -1 210 209 185 186 -1 74 72 96 98 -1 124 125 101 100 -1 85 84 108 109 -1 79 78 102 103 -1 94 95 119 118 -1 88 89 113 112 -1 160 159 135 136 -1 76 73 97 100 -1 84 83 107 108 -1 82 81 105 106 -1 128 129 105 104 -1 630 631 272 271 -1 142 141 117 118 -1 139 138 114 115 -1 133 120 96 109 -1 95 74 98 119 -1 123 121 97 99 -1 86 87 111 110 -1 75 86 110 99 -1 98 96 120 122 -1 204 205 181 180 -1 150 151 127 126 -1 118 119 143 142 -1 161 160 136 137 -1 193 196 172 169 -1 108 107 131 132 -1 177 178 154 153 -1 119 98 122 143 -1 183 182 158 159 -1 99 110 134 123 -1 107 106 130 131 -1 197 198 174 173 -1 165 164 140 141 -1 115 116 140 139 -1 113 114 138 137 -1 148 149 125 124 -1 111 112 136 135 -1 200 201 177 176 -1 104 103 127 128 -1 166 165 141 142 -1 163 162 138 139 -1 157 144 120 133 -1 602 600 624 626 -1 122 120 144 146 -1 215 214 190 191 -1 227 228 204 203 -1 143 122 146 167 -1 123 134 158 147 -1 131 130 154 155 -1 139 140 164 163 -1 137 138 162 161 -1 184 183 159 160 -1 128 127 151 152 -1 133 132 156 157 -1 605 606 630 629 -1 592 591 519 520 -1 124 121 145 148 -1 130 129 153 154 -1 134 135 159 158 -1 126 125 149 150 -1 189 188 164 165 -1 172 173 149 148 -1 129 128 152 153 -1 214 213 189 190 -1 187 186 162 163 -1 181 168 144 157 -1 121 123 147 145 -1 146 144 168 170 -1 167 146 170 191 -1 147 158 182 171 -1 226 227 203 202 -1 163 164 188 187 -1 161 162 186 185 -1 152 151 175 176 -1 157 156 180 181 -1 148 145 169 172 -1 249 250 226 225 -1 638 637 278 279 -1 150 149 173 174 -1 153 152 176 177 -1 145 147 171 169 -1 166 167 191 190 -1 156 155 179 180 -1 208 207 183 184 -1 151 150 174 175 -1 160 161 185 184 -1 213 212 188 189 -1 196 197 173 172 -1 165 166 190 189 -1 211 210 186 187 -1 229 216 192 205 -1 170 168 192 194 -1 218 239 215 194 -1 171 182 206 195 -1 236 235 211 212 -1 258 257 233 234 -1 176 175 199 200 -1 252 253 229 228 -1 241 244 220 217 -1 245 246 222 221 -1 224 225 201 200 -1 169 171 195 193 -1 622 621 645 646 -1 180 179 203 204 -1 175 174 198 199 -1 184 185 209 208 -1 262 261 237 238 -1 179 178 202 203 -1 178 177 201 202 -1 182 183 207 206 -1 232 231 207 208 -1 237 236 212 213 -1 220 221 197 196 -1 235 234 210 211 -1 168 181 205 192 -1 194 192 216 218 -1 195 206 230 219 -1 200 199 223 224 -1 193 195 219 217 -1 538 539 611 610 -1 199 198 222 223 -1 208 209 233 232 -1 250 251 227 226 -1 202 201 225 226 -1 206 207 231 230 -1 253 240 216 229 -1 601 622 646 625 -1 260 259 235 236 -1 209 210 234 233 -1 205 204 228 229 -1 196 193 217 220 -1 198 197 221 222 -1 248 249 225 224 -1 214 215 239 238 -1 213 214 238 237 -1 256 255 231 232 -1 261 260 236 237 -1 244 245 221 220 -1 259 258 234 235 -1 218 216 240 242 -1 219 230 254 243 -1 224 223 247 248 -1 217 219 243 241 -1 223 222 246 247 -1 232 233 257 256 -1 273 274 250 249 -1 230 231 255 254 -1 641 640 281 282 -1 635 636 277 276 -1 624 627 268 265 -1 269 270 246 245 -1 238 239 263 262 -1 621 620 644 645 -1 228 227 251 252 -1 274 275 251 250 -1 277 264 240 253 -1 239 218 242 263 -1 619 618 642 643 -1 535 536 608 607 -1 615 614 638 639 -1 620 619 643 644 -1 603 604 628 627 -1 283 282 258 259 -1 242 240 264 266 -1 243 254 278 267 -1 248 247 271 272 -1 241 243 267 265 -1 247 246 270 271 -1 256 257 281 280 -1 254 255 279 278 -1 262 263 287 286 -1 252 251 275 276 -1 263 242 266 287 -1 13 14 561 560 -1 257 258 282 281 -1 253 252 276 277 -1 244 241 265 268 -1 604 605 629 628 -1 261 262 286 285 -1 537 538 610 609 -1 612 599 623 636 -1 259 260 284 283 -1 249 248 272 273 -1 255 256 280 279 -1 260 261 285 284 -1 245 244 268 269 -1 642 641 282 283 -1 625 623 599 601 -1 589 578 506 517 -1 558 559 583 582 -1 280 281 640 639 -1 518 517 541 542 -1 635 634 610 611 -1 505 526 550 529 -1 617 616 640 641 -1 611 612 636 635 -1 528 531 603 600 -1 632 631 607 608 -1 548 547 619 620 -1 531 532 604 603 -1 274 273 632 633 -1 270 269 628 629 -1 634 633 609 610 -1 618 617 641 642 -1 601 599 527 529 -1 578 576 504 506 -1 615 616 544 543 -1 15 16 563 562 -1 608 536 537 609 -1 556 557 581 580 -1 626 637 613 602 -1 607 606 534 535 -1 534 606 605 533 -1 613 614 542 541 -1 574 573 597 598 -1 622 601 529 550 -1 521 520 544 545 -1 515 516 540 539 -1 525 524 548 549 -1 595 594 522 523 -1 519 518 542 543 -1 555 556 580 579 -1 516 503 527 540 -1 522 521 545 546 -1 529 527 503 505 -1 568 567 591 592 -1 583 584 512 511 -1 537 536 512 513 -1 565 554 578 589 -1 511 510 582 583 -1 39 38 565 566 -1 553 574 598 577 -1 515 514 586 587 -1 605 604 532 533 -1 586 514 513 585 -1 558 582 581 557 -1 549 550 526 525 -1 592 520 521 593 -1 587 588 516 515 -1 552 555 579 576 -1 46 45 572 573 -1 567 566 590 591 -1 596 595 523 524 -1 564 551 575 588 -1 570 569 593 594 -1 397 384 360 373 -1 37 4 290 311 -1 3 5 291 289 -1 360 362 338 336 -1 317 294 293 316 -1 26 299 300 27 -1 301 27 300 -1 20 293 294 21 -1 295 22 21 294 -1 351 350 326 327 -1 5 28 302 291 -1 335 334 310 311 -1 30 31 305 304 -1 352 351 327 328 -1 18 3 289 -1 346 347 323 322 -1 23 296 297 24 -1 22 295 296 23 -1 35 36 310 309 -1 357 356 332 333 -1 33 34 308 307 -1 331 330 306 307 -1 31 32 306 305 -1 311 290 314 335 -1 289 291 315 313 -1 348 349 325 324 -1 366 367 343 342 -1 291 302 326 315 -1 304 305 329 328 -1 361 364 340 337 -1 347 348 324 323 -1 345 346 322 321 -1 55 56 392 391 -1 309 310 334 333 -1 68 67 403 404 -1 305 306 330 329 -1 288 301 325 312 -1 290 288 312 314 -1 340 341 317 316 -1 302 303 327 326 -1 359 358 334 335 -1 303 304 328 327 -1 323 299 322 -1 308 309 333 332 -1 355 354 330 331 -1 335 314 338 359 -1 313 315 339 337 -1 315 326 350 339 -1 328 329 353 352 -1 392 393 369 368 -1 389 390 366 365 -1 382 381 357 358 -1 329 330 354 353 -1 312 325 349 336 -1 314 312 336 338 -1 63 62 398 399 -1 64 63 399 400 -1 370 371 347 346 -1 381 380 356 357 -1 396 397 373 372 -1 319 318 342 343 -1 316 313 337 340 -1 371 372 348 347 -1 369 370 346 345 -1 320 319 343 344 -1 331 332 356 355 -1 364 365 341 340 -1 383 382 358 359 -1 379 378 354 355 -1 359 338 362 383 -1 337 339 363 361 -1 398 387 363 374 -1 352 353 377 376 -1 402 401 377 378 -1 336 349 373 360 -1 384 386 362 360 -1 390 391 367 366 -1 49 52 388 385 -1 344 343 367 368 -1 355 356 380 379 -1 345 344 368 369 -1 342 341 365 366 -1 70 69 405 406 -1 350 351 375 374 -1 351 352 376 375 -1 394 395 371 370 -1 405 404 380 381 -1 349 348 372 373 -1 59 60 396 395 -1 393 394 370 369 -1 388 389 365 364 -1 407 406 382 383 -1 403 402 378 379 -1 383 362 386 407 -1 361 363 387 385 -1 376 377 401 400 -1 61 48 384 397 -1 368 367 391 392 -1 379 380 404 403 -1 56 57 393 392 -1 53 54 390 389 -1 374 375 399 398 -1 375 376 400 399 -1 60 61 397 396 -1 62 51 387 398 -1 66 65 401 402 -1 48 50 386 384 -1 54 55 391 390 -1 364 361 385 388 -1 381 382 406 405 -1 58 59 395 394 -1 69 68 404 405 -1 372 371 395 396 -1 57 58 394 393 -1 52 53 389 388 -1 71 70 406 407 -1 67 66 402 403 -1 438 448 443 436 -1 448 449 444 443 -1 456 457 458 455 -1 479 472 471 478 -1 459 460 456 455 -1 468 476 462 457 -1 457 462 463 458 -1 482 481 465 472 -1 465 481 474 460 -1 481 482 475 474 -1 464 465 460 459 -1 473 482 472 479 -1 467 468 457 456 -1 482 473 461 475 -1 463 462 470 469 -1 475 461 476 468 -1 414 480 473 479 -1 462 476 466 470 -1 423 414 479 478 -1 476 461 477 466 -1 472 465 464 471 -1 461 473 480 477 -1 460 474 467 456 -1 474 475 468 467 -1 483 455 458 484 -1 499 478 471 494 -1 459 455 483 485 -1 492 484 488 498 -1 484 458 463 488 -1 502 494 489 501 -1 489 485 496 501 -1 501 496 497 502 -1 464 459 485 489 -1 495 499 494 502 -1 491 483 484 492 -1 502 497 487 495 -1 463 469 493 488 -1 497 492 498 487 -1 486 499 495 500 -1 488 493 490 498 -1 423 478 499 486 -1 498 490 451 487 -1 494 471 464 489 -1 487 451 500 495 -1 485 483 491 496 -1 496 491 492 497 -1 409 408 411 410 -1 433 432 426 427 -1 412 408 409 413 -1 422 410 416 431 -1 410 411 417 416 -1 435 427 419 434 -1 419 413 429 434 -1 434 429 430 435 -1 418 412 413 419 -1 428 433 427 435 -1 421 409 410 422 -1 435 430 415 428 -1 417 424 425 416 -1 430 422 431 415 -1 414 433 428 480 -1 416 425 420 431 -1 423 432 433 414 -1 431 420 477 415 -1 427 426 418 419 -1 415 477 480 428 -1 413 409 421 429 -1 429 421 422 430 -1 436 437 411 408 -1 452 446 426 432 -1 412 438 436 408 -1 444 450 440 437 -1 437 440 417 411 -1 454 453 441 446 -1 441 453 448 438 -1 453 454 449 448 -1 418 441 438 412 -1 447 454 446 452 -1 443 444 437 436 -1 454 447 439 449 -1 417 440 445 424 -1 449 439 450 444 -1 486 500 447 452 -1 440 450 442 445 -1 423 486 452 432 -1 450 439 451 442 -1 446 441 418 426 -1 439 447 500 451 -1 505 503 575 577 -1 513 512 584 585 -1 11 12 559 558 -1 554 552 576 578 -1 44 43 570 571 -1 12 13 560 559 -1 518 590 589 517 -1 561 562 586 585 -1 569 568 592 593 -1 563 564 588 587 -1 1 8 555 552 -1 524 525 597 596 -1 518 519 591 590 -1 572 571 595 596 -1 602 613 541 530 -1 509 510 534 533 -1 576 579 507 504 -1 621 549 548 620 -1 524 523 547 548 -1 612 540 527 599 -1 617 618 546 545 -1 534 510 511 535 -1 600 602 530 528 -1 539 538 514 515 -1 580 581 509 508 -1 546 547 523 522 -1 507 508 532 531 -1 544 520 519 543 -1 530 541 517 506 -1 588 575 503 516 -1 594 593 521 522 -1 528 530 506 504 -1 536 535 511 512 -1 577 598 526 505 -1 538 537 513 514 -1 581 582 510 509 -1 531 528 504 507 -1 533 532 508 509 -1 598 597 525 526 -1 579 580 508 507 -1 614 615 543 542 -1 621 622 550 549 -1 617 545 544 616 -1 612 611 539 540 -1 618 619 547 546 -1 577 575 551 553 -1 585 584 560 561 -1 587 586 562 563 -1 9 10 557 556 -1 47 46 573 574 -1 8 9 556 555 -1 41 40 567 568 -1 590 566 565 589 -1 6 47 574 553 -1 10 11 558 557 -1 596 597 573 572 -1 40 39 566 567 -1 17 0 551 564 -1 7 1 552 554 -1 595 571 570 594 -1 584 583 559 560 -1 38 7 554 565 -1 14 15 562 561 -1 42 41 568 569 -1 16 17 564 563 -1 45 44 571 572 -1 43 42 569 570 -1 627 624 600 603 -1 640 616 615 639 -1 633 632 608 609 -1 631 630 606 607 -1 637 638 614 613 -1 271 270 629 630 -1 286 287 646 645 -1 287 266 625 646 -1 285 286 645 644 -1 283 284 643 642 -1 279 280 639 638 -1 284 285 644 643 -1 269 268 627 628 -1 264 277 636 623 -1 266 264 623 625 -1 265 267 626 624 -1 276 275 634 635 -1 273 272 631 632 -1 275 274 633 634 -1 "
							                >
								<Coordinate DEF="coords_ME_paper_000"
								            point="11.272055 -0.634358 1.158470 11.501421 -0.706329 1.158470 14.913551 -0.530773 1.158468 14.953575 -0.688381 1.158468 14.912626 -0.530770 -3.149327 14.952690 -0.688379 -3.149327 11.272055 -0.634359 -3.149326 11.501423 -0.706330 -3.149326 11.480251 -0.700176 1.158470 11.459146 -0.693945 1.158470 11.438103 -0.687635 1.158470 11.417124 -0.681248 1.158470 11.396210 -0.674783 1.158470 11.375357 -0.668241 1.158470 11.354570 -0.661620 1.158470 11.333845 -0.654921 1.158470 11.313185 -0.648145 1.158470 11.292589 -0.641290 1.158470 14.947166 -0.674081 1.158468 14.940941 -0.659785 1.158468 14.935091 -0.645488 1.158468 14.929796 -0.631184 1.158468 14.925209 -0.616869 1.158468 14.921425 -0.602542 1.158468 14.918470 -0.588203 1.158468 14.916309 -0.573852 1.158468 14.914854 -0.559494 1.158468 14.913979 -0.545133 1.158468 14.946274 -0.674079 -3.149327 14.940044 -0.659783 -3.149327 14.934189 -0.645486 -3.149327 14.928894 -0.631182 -3.149327 14.924305 -0.616867 -3.149327 14.920519 -0.602540 -3.149327 14.917562 -0.588200 -3.149327 14.915398 -0.573850 -3.149327 14.913939 -0.559492 -3.149327 14.913059 -0.545131 -3.149327 11.480251 -0.700176 -3.149326 11.459146 -0.693945 -3.149326 11.438103 -0.687636 -3.149326 11.417124 -0.681249 -3.149326 11.396210 -0.674784 -3.149326 11.375359 -0.668241 -3.149326 11.354570 -0.661620 -3.149326 11.333847 -0.654922 -3.149326 11.313185 -0.648145 -3.149326 11.292587 -0.641291 -3.149326 13.112846 -0.525445 1.158469 13.113529 -0.684253 1.158469 13.112846 -0.525447 -3.149327 13.113531 -0.684255 -3.149327 13.113468 -0.669816 1.158469 13.113405 -0.655379 1.158469 13.113344 -0.640942 1.158469 13.113281 -0.626504 1.158469 13.113220 -0.612067 1.158469 13.113157 -0.597630 1.158469 13.113094 -0.583193 1.158469 13.113033 -0.568756 1.158469 13.112972 -0.554319 1.158469 13.112909 -0.539882 1.158469 13.113468 -0.669818 -3.149327 13.113405 -0.655381 -3.149327 13.113344 -0.640943 -3.149327 13.113281 -0.626506 -3.149327 13.113220 -0.612069 -3.149327 13.113157 -0.597632 -3.149327 13.113094 -0.583195 -3.149327 13.113033 -0.568758 -3.149327 13.112970 -0.554321 -3.149327 13.112909 -0.539884 -3.149327 12.966511 -0.525384 1.158469 12.967194 -0.684192 1.158469 12.966513 -0.525386 -3.149327 12.967194 -0.684194 -3.149327 12.967133 -0.669755 1.158469 12.967070 -0.655318 1.158469 12.967009 -0.640881 1.158469 12.966946 -0.626444 1.158469 12.966883 -0.612007 1.158469 12.966822 -0.597570 1.158469 12.966759 -0.583133 1.158469 12.966698 -0.568696 1.158469 12.966635 -0.554259 1.158469 12.966572 -0.539822 1.158469 12.967133 -0.669757 -3.149327 12.967070 -0.655320 -3.149327 12.967009 -0.640883 -3.149327 12.966946 -0.626446 -3.149327 12.966885 -0.612009 -3.149327 12.966822 -0.597572 -3.149327 12.966761 -0.583135 -3.149327 12.966698 -0.568698 -3.149327 12.966635 -0.554260 -3.149327 12.966574 -0.539823 -3.149327 12.820175 -0.525324 1.158469 12.820858 -0.684132 1.158469 12.820175 -0.525326 -3.149327 12.820858 -0.684134 -3.149327 12.820795 -0.669695 1.158469 12.820734 -0.655258 1.158469 12.820671 -0.640821 1.158469 12.820610 -0.626384 1.158469 12.820547 -0.611946 1.158469 12.820486 -0.597509 1.158469 12.820423 -0.583072 1.158469 12.820360 -0.568635 1.158469 12.820299 -0.554198 1.158469 12.820238 -0.539761 1.158469 12.820797 -0.669697 -3.149327 12.820734 -0.655260 -3.149327 12.820671 -0.640823 -3.149327 12.820610 -0.626385 -3.149327 12.820547 -0.611948 -3.149327 12.820486 -0.597511 -3.149327 12.820423 -0.583074 -3.149327 12.820360 -0.568637 -3.149327 12.820299 -0.554200 -3.149327 12.820238 -0.539763 -3.149327 12.673838 -0.525264 1.158469 12.674522 -0.684072 1.158469 12.673840 -0.525265 -3.149327 12.674522 -0.684073 -3.149327 12.674459 -0.669634 1.158469 12.674398 -0.655197 1.158469 12.674335 -0.640760 1.158469 12.674273 -0.626323 1.158469 12.674212 -0.611886 1.158469 12.674149 -0.597449 1.158469 12.674088 -0.583012 1.158469 12.674025 -0.568575 1.158469 12.673964 -0.554138 1.158469 12.673901 -0.539701 1.158469 12.674459 -0.669636 -3.149327 12.674398 -0.655199 -3.149327 12.674335 -0.640762 -3.149327 12.674274 -0.626325 -3.149327 12.674212 -0.611888 -3.149327 12.674150 -0.597451 -3.149327 12.674088 -0.583014 -3.149327 12.674026 -0.568577 -3.149327 12.673964 -0.554140 -3.149327 12.673901 -0.539703 -3.149327 12.531904 -0.521930 1.158470 12.522247 -0.680605 1.158469 12.531904 -0.521932 -3.149326 12.522247 -0.680607 -3.149326 12.523125 -0.666180 1.158469 12.524004 -0.651755 1.158469 12.524881 -0.637330 1.158469 12.525761 -0.622905 1.158469 12.526638 -0.608480 1.158469 12.527515 -0.594055 1.158469 12.528393 -0.579630 1.158470 12.529272 -0.565205 1.158470 12.530149 -0.550780 1.158470 12.531027 -0.536355 1.158470 12.523127 -0.666182 -3.149326 12.524004 -0.651757 -3.149326 12.524881 -0.637332 -3.149326 12.525761 -0.622907 -3.149326 12.526638 -0.608482 -3.149326 12.527515 -0.594057 -3.149326 12.528393 -0.579632 -3.149326 12.529272 -0.565207 -3.149326 12.530149 -0.550782 -3.149326 12.531027 -0.536357 -3.149326 12.385670 -0.518228 1.158469 12.376013 -0.676903 1.158469 12.385670 -0.518229 -3.149326 12.376013 -0.676904 -3.149326 12.376890 -0.662477 1.158469 12.377769 -0.648053 1.158469 12.378645 -0.633628 1.158469 12.379524 -0.619203 1.158469 12.380404 -0.604778 1.158469 12.381281 -0.590353 1.158469 12.382158 -0.575928 1.158469 12.383036 -0.561502 1.158469 12.383913 -0.547078 1.158469 12.384790 -0.532652 1.158469 12.376890 -0.662479 -3.149326 12.377769 -0.648054 -3.149326 12.378647 -0.633629 -3.149326 12.379524 -0.619204 -3.149326 12.380404 -0.604779 -3.149326 12.381281 -0.590354 -3.149326 12.382158 -0.575929 -3.149326 12.383036 -0.561504 -3.149326 12.383915 -0.547079 -3.149326 12.384792 -0.532654 -3.149326 12.239433 -0.514525 1.158469 12.229776 -0.673200 1.158469 12.239435 -0.514527 -3.149326 12.229776 -0.673202 -3.149326 12.230654 -0.658775 1.158469 12.231533 -0.644350 1.158469 12.232410 -0.629925 1.158469 12.233288 -0.615500 1.158469 12.234167 -0.601075 1.158469 12.235044 -0.586650 1.158469 12.235922 -0.572225 1.158469 12.236799 -0.557800 1.158469 12.237679 -0.543375 1.158469 12.238556 -0.528950 1.158469 12.230654 -0.658777 -3.149326 12.231531 -0.644352 -3.149326 12.232410 -0.629927 -3.149326 12.233290 -0.615502 -3.149326 12.234167 -0.601077 -3.149326 12.235044 -0.586652 -3.149326 12.235922 -0.572227 -3.149326 12.236799 -0.557802 -3.149326 12.237679 -0.543377 -3.149326 12.238556 -0.528952 -3.149326 12.093197 -0.510823 1.158469 12.083540 -0.669498 1.158469 12.093199 -0.510825 -3.149326 12.083540 -0.669500 -3.149326 12.084419 -0.655073 1.158469 12.085297 -0.640648 1.158469 12.086174 -0.626223 1.158469 12.087053 -0.611798 1.158469 12.087931 -0.597373 1.158469 12.088808 -0.582948 1.158469 12.089687 -0.568523 1.158469 12.090565 -0.554098 1.158469 12.091442 -0.539673 1.158469 12.092319 -0.525248 1.158469 12.084419 -0.655075 -3.149326 12.085297 -0.640650 -3.149326 12.086174 -0.626225 -3.149326 12.087053 -0.611800 -3.149326 12.087931 -0.597375 -3.149326 12.088808 -0.582950 -3.149326 12.089687 -0.568525 -3.149326 12.090565 -0.554100 -3.149326 12.091442 -0.539675 -3.149326 12.092319 -0.525250 -3.149326 11.946962 -0.507120 1.158469 11.937305 -0.665795 1.158469 11.946962 -0.507122 -3.149326 11.937305 -0.665797 -3.149326 11.938183 -0.651370 1.158469 11.939060 -0.636945 1.158469 11.939939 -0.622520 1.158469 11.940817 -0.608095 1.158469 11.941696 -0.593670 1.158469 11.942574 -0.579245 1.158469 11.943451 -0.564820 1.158469 11.944328 -0.550395 1.158469 11.945208 -0.535970 1.158469 11.946085 -0.521545 1.158469 11.938183 -0.651372 -3.149326 11.939062 -0.636947 -3.149326 11.939939 -0.622522 -3.149326 11.940817 -0.608097 -3.149326 11.941694 -0.593672 -3.149326 11.942574 -0.579247 -3.149326 11.943451 -0.564822 -3.149326 11.944328 -0.550397 -3.149326 11.945208 -0.535972 -3.149326 11.946085 -0.521547 -3.149326 11.800728 -0.503418 1.158469 11.791069 -0.662093 1.158470 11.800728 -0.503420 -3.149326 11.791069 -0.662095 -3.149326 11.791946 -0.647668 1.158469 11.792826 -0.633243 1.158469 11.793703 -0.618818 1.158469 11.794580 -0.604393 1.158469 11.795460 -0.589968 1.158469 11.796337 -0.575543 1.158469 11.797216 -0.561118 1.158469 11.798092 -0.546693 1.158469 11.798971 -0.532268 1.158469 11.799849 -0.517843 1.158469 11.791946 -0.647670 -3.149326 11.792826 -0.633245 -3.149326 11.793703 -0.618820 -3.149326 11.794580 -0.604395 -3.149326 11.795460 -0.589970 -3.149326 11.796337 -0.575545 -3.149326 11.797215 -0.561120 -3.149326 11.798094 -0.546695 -3.149326 11.798971 -0.532270 -3.149326 11.799849 -0.517845 -3.149326 14.464090 -0.528904 1.158468 14.487465 -0.686877 1.158468 14.463358 -0.528904 -3.149327 14.486742 -0.686878 -3.149327 14.483700 -0.672558 1.158468 14.479958 -0.658241 1.158468 14.476402 -0.643921 1.158468 14.473190 -0.629591 1.158468 14.470446 -0.615249 1.158468 14.468250 -0.600890 1.158468 14.466616 -0.586516 1.158468 14.465496 -0.572126 1.158468 14.464790 -0.557725 1.158468 14.464367 -0.543316 1.158468 14.482973 -0.672559 -3.149327 14.479227 -0.658242 -3.149327 14.475668 -0.643922 -3.149327 14.472452 -0.629592 -3.149327 14.469709 -0.615250 -3.149327 14.467512 -0.600891 -3.149327 14.465879 -0.586516 -3.149327 14.464760 -0.572127 -3.149327 14.464054 -0.557725 -3.149327 14.463633 -0.543316 -3.149327 14.178137 -0.527498 1.158469 14.189373 -0.685867 1.158469 14.177624 -0.527499 -3.149327 14.188881 -0.685868 -3.149327 14.188314 -0.671465 1.158469 14.187225 -0.657067 1.158469 14.186125 -0.642671 1.158469 14.185034 -0.628274 1.158469 14.183964 -0.613878 1.158469 14.182924 -0.599481 1.158469 14.181919 -0.585083 1.158469 14.180944 -0.570686 1.158469 14.179993 -0.556287 1.158469 14.179058 -0.541892 1.158469 14.187819 -0.671466 -3.149327 14.186726 -0.657068 -3.149327 14.185625 -0.642671 -3.149327 14.184530 -0.628275 -3.149327 14.183458 -0.613878 -3.149327 14.182417 -0.599482 -3.149327 14.181410 -0.585084 -3.149327 14.180433 -0.570686 -3.149327 14.179482 -0.556288 -3.149327 14.178545 -0.541893 -3.149327 13.887117 -0.526308 1.158469 13.891088 -0.684920 1.158469 13.886820 -0.526309 -3.149327 13.890808 -0.684921 -3.149327 13.890697 -0.670498 1.158469 13.890305 -0.656077 1.158469 13.889910 -0.641656 1.158469 13.889519 -0.627236 1.158469 13.889137 -0.612817 1.158469 13.888763 -0.598398 1.158469 13.888401 -0.583979 1.158469 13.888052 -0.569561 1.158469 13.887720 -0.555143 1.158469 13.887407 -0.540725 1.158469 13.890413 -0.670499 -3.149327 13.890017 -0.656078 -3.149327 13.889620 -0.641657 -3.149327 13.889229 -0.627237 -3.149327 13.888844 -0.612818 -3.149327 13.888468 -0.598399 -3.149327 13.888105 -0.583980 -3.149327 13.887756 -0.569562 -3.149327 13.887424 -0.555144 -3.149327 13.887112 -0.540726 -3.149327 13.596123 -0.525655 1.158468 13.598383 -0.684380 1.158468 13.595985 -0.525657 -3.149327 13.598255 -0.684382 -3.149327 13.598177 -0.669949 1.158468 13.597967 -0.655518 1.158468 13.597759 -0.641087 1.158468 13.597549 -0.626656 1.158468 13.597340 -0.612226 1.158468 13.597132 -0.597794 1.158468 13.596924 -0.583365 1.158468 13.596718 -0.568937 1.158468 13.596516 -0.554510 1.158468 13.596317 -0.540082 1.158468 13.598047 -0.669951 -3.149327 13.597837 -0.655520 -3.149327 13.597628 -0.641089 -3.149327 13.597418 -0.626658 -3.149327 13.597206 -0.612228 -3.149327 13.596998 -0.597796 -3.149327 13.596788 -0.583367 -3.149327 13.596582 -0.568939 -3.149327 13.596378 -0.554512 -3.149327 13.596180 -0.540084 -3.149327 13.305147 -0.525539 1.158469 13.305996 -0.684339 1.158469 13.305109 -0.525540 -3.149327 13.305964 -0.684340 -3.149327 13.305904 -0.669903 1.158469 13.305813 -0.655467 1.158469 13.305729 -0.641031 1.158469 13.305645 -0.626595 1.158469 13.305567 -0.612159 1.158469 13.305490 -0.597722 1.158469 13.305416 -0.583285 1.158469 13.305346 -0.568849 1.158469 13.305277 -0.554412 1.158469 13.305210 -0.539975 1.158469 13.305870 -0.669905 -3.149327 13.305779 -0.655469 -3.149327 13.305693 -0.641033 -3.149327 13.305609 -0.626597 -3.149327 13.305531 -0.612161 -3.149327 13.305454 -0.597724 -3.149327 13.305380 -0.583287 -3.149327 13.305309 -0.568851 -3.149327 13.305239 -0.554414 -3.149327 13.305172 -0.539977 -3.149327 11.374426 -0.684819 -3.152564 11.472445 -0.715568 -3.152564 11.472445 -0.715568 -3.130625 11.374426 -0.684819 -3.130625 11.378622 -0.679682 -3.162024 11.474607 -0.708425 -3.162034 11.475330 -0.706044 -0.995506 11.505877 -0.720248 -3.099566 11.472445 -0.715568 -3.099566 11.374426 -0.684818 -3.099566 11.384871 -0.672032 -3.152564 11.477205 -0.699856 -3.152564 11.506107 -0.725188 -2.132400 11.506107 -0.725189 -3.152564 11.506107 -0.725189 -3.130625 11.380363 -0.677550 -0.995506 11.374426 -0.684818 -2.132400 11.472443 -0.715568 -2.132400 11.384871 -0.672032 -3.130624 11.477205 -0.699856 -3.130625 11.505650 -0.715307 -3.099566 11.505764 -0.717788 -3.162024 11.505793 -0.718433 -3.130625 11.506107 -0.725188 -3.099566 11.380363 -0.677550 -3.099566 11.475330 -0.706045 -3.099566 11.505350 -0.708886 -3.152564 11.505350 -0.708886 -3.130625 11.276419 -0.654059 -3.152564 11.276419 -0.654059 -3.130624 11.284428 -0.648749 -3.162034 11.250542 -0.640128 -3.099566 11.276417 -0.654059 -3.099566 11.294031 -0.642380 -3.152564 11.243981 -0.642938 -2.132400 11.243979 -0.642938 -3.152564 11.243979 -0.642938 -3.130624 11.276417 -0.654059 -2.132400 11.294031 -0.642379 -3.130624 11.257103 -0.637318 -3.099566 11.253808 -0.638729 -3.162023 11.252953 -0.639095 -3.130624 11.243980 -0.642938 -3.099566 11.250542 -0.640128 -0.995506 11.287094 -0.646980 -3.099566 11.265631 -0.633666 -3.152564 11.265631 -0.633666 -3.130624 11.374428 -0.684818 1.161552 11.472445 -0.715568 1.161552 11.472445 -0.715568 1.139613 11.374428 -0.684818 1.139613 11.378622 -0.679682 1.171013 11.474607 -0.708424 1.171022 11.505878 -0.720247 1.108554 11.472443 -0.715568 1.108554 11.374428 -0.684818 1.108554 11.384872 -0.672031 1.161552 11.477205 -0.699856 1.161552 11.506107 -0.725188 -0.995506 11.506107 -0.725188 1.161552 11.506107 -0.725188 1.139613 11.374428 -0.684818 -0.995506 11.472445 -0.715568 -0.995506 11.384872 -0.672031 1.139613 11.477205 -0.699856 1.139613 11.505648 -0.715306 1.108554 11.505764 -0.717787 1.171011 11.505793 -0.718432 1.139613 11.506107 -0.725188 1.108554 11.505878 -0.720248 -0.995506 11.380363 -0.677550 1.108554 11.475330 -0.706044 1.108554 11.505648 -0.715307 -0.995506 11.505350 -0.708885 1.161552 11.505350 -0.708885 1.139613 11.276417 -0.654058 1.161552 11.276417 -0.654058 1.139613 11.284428 -0.648749 1.171022 11.287094 -0.646979 -0.995506 11.250542 -0.640127 1.108554 11.276419 -0.654058 1.108554 11.294033 -0.642379 1.161552 11.243980 -0.642938 -0.995506 11.243980 -0.642937 1.161552 11.243980 -0.642937 1.139613 11.276417 -0.654059 -0.995506 11.294033 -0.642379 1.139613 11.257103 -0.637317 1.108554 11.253809 -0.638728 1.171011 11.252953 -0.639095 1.139613 11.243980 -0.642937 1.108554 11.287094 -0.646979 1.108554 11.257103 -0.637318 -0.995506 11.265631 -0.633665 1.161552 11.265631 -0.633665 1.139613 11.331417 -0.566688 1.158470 11.515837 -0.659648 1.158469 11.331417 -0.566689 -3.149326 11.515837 -0.659648 -3.149326 11.499071 -0.651197 1.158470 11.482306 -0.642746 1.158470 11.465540 -0.634295 1.158470 11.448774 -0.625844 1.158470 11.432011 -0.617393 1.158470 11.415243 -0.608943 1.158470 11.398479 -0.600492 1.158470 11.381714 -0.592041 1.158470 11.364948 -0.583590 1.158470 11.348183 -0.575139 1.158470 11.499071 -0.651198 -3.149326 11.482304 -0.642747 -3.149326 11.465540 -0.634296 -3.149326 11.448774 -0.625845 -3.149326 11.432009 -0.617394 -3.149326 11.415245 -0.608943 -3.149326 11.398479 -0.600492 -3.149326 11.381714 -0.592042 -3.149326 11.364948 -0.583591 -3.149326 11.348183 -0.575140 -3.149326 11.410564 -0.527856 1.158469 11.527338 -0.651121 1.158469 11.410563 -0.527857 -3.149326 11.527340 -0.651122 -3.149326 11.512838 -0.642893 1.158469 11.502611 -0.631389 1.158469 11.492382 -0.619886 1.158469 11.482155 -0.608382 1.158469 11.471928 -0.596878 1.158469 11.461700 -0.585375 1.158469 11.451475 -0.573871 1.158469 11.441246 -0.562367 1.158469 11.431019 -0.550864 1.158469 11.420792 -0.539360 1.158469 11.512838 -0.642894 -3.149326 11.502611 -0.631390 -3.149326 11.492384 -0.619887 -3.149326 11.482155 -0.608383 -3.149326 11.471928 -0.596879 -3.149326 11.461702 -0.585376 -3.149326 11.451473 -0.573872 -3.149326 11.441248 -0.562368 -3.149326 11.431019 -0.550865 -3.149326 11.420794 -0.539361 -3.149326 11.278408 -0.626582 1.158470 11.507772 -0.698553 1.158470 11.278406 -0.626583 -3.149326 11.507774 -0.698554 -3.149326 11.486670 -0.692320 1.158470 11.465614 -0.686026 1.158470 11.444611 -0.679669 1.158470 11.423658 -0.673250 1.158470 11.402756 -0.666769 1.158470 11.381905 -0.660226 1.158470 11.361103 -0.653622 1.158470 11.340353 -0.646955 1.158470 11.319654 -0.640226 1.158470 11.299006 -0.633435 1.158470 11.486670 -0.692321 -3.149326 11.465614 -0.686026 -3.149326 11.444611 -0.679669 -3.149326 11.423660 -0.673250 -3.149326 11.402756 -0.666770 -3.149326 11.381905 -0.660227 -3.149326 11.361103 -0.653622 -3.149326 11.340355 -0.646955 -3.149326 11.319654 -0.640226 -3.149326 11.299006 -0.633435 -3.149326 11.297255 -0.599980 1.158470 11.508642 -0.680347 1.158470 11.297255 -0.599981 -3.149326 11.508642 -0.680347 -3.149326 11.489323 -0.673143 1.158470 11.470024 -0.665919 1.158470 11.450748 -0.658675 1.158470 11.431490 -0.651410 1.158470 11.412252 -0.644124 1.158470 11.393034 -0.636818 1.158470 11.373838 -0.629491 1.158470 11.354662 -0.622144 1.158470 11.335506 -0.614777 1.158470 11.316370 -0.607389 1.158470 11.489323 -0.673144 -3.149326 11.470026 -0.665920 -3.149326 11.450747 -0.658675 -3.149326 11.431488 -0.651410 -3.149326 11.412252 -0.644125 -3.149326 11.393034 -0.636818 -3.149326 11.373838 -0.629492 -3.149326 11.354662 -0.622145 -3.149326 11.335506 -0.614778 -3.149326 11.316372 -0.607389 -3.149326 11.550962 -0.508563 1.158469 11.600534 -0.664486 1.158469 11.550961 -0.508564 -3.149326 11.600534 -0.664488 -3.149326 11.596027 -0.650311 1.158469 11.591520 -0.636136 1.158469 11.587013 -0.621962 1.158469 11.582506 -0.607787 1.158469 11.578001 -0.593612 1.158469 11.573494 -0.579437 1.158469 11.568987 -0.565262 1.158469 11.564480 -0.551087 1.158469 11.559975 -0.536912 1.158469 11.555466 -0.522737 1.158469 11.596029 -0.650313 -3.149326 11.591520 -0.636138 -3.149326 11.587013 -0.621963 -3.149326 11.582508 -0.607788 -3.149326 11.578001 -0.593613 -3.149326 11.573494 -0.579439 -3.149326 11.568987 -0.565264 -3.149326 11.564482 -0.551089 -3.149326 11.559975 -0.536914 -3.149326 11.555468 -0.522739 -3.149326 11.726587 -0.501541 1.158469 11.716930 -0.660216 1.158470 11.726587 -0.501543 -3.149326 11.716930 -0.660218 -3.149326 11.717808 -0.645791 1.158470 11.718685 -0.631366 1.158470 11.719564 -0.616941 1.158470 11.720442 -0.602516 1.158470 11.721319 -0.588091 1.158469 11.722197 -0.573666 1.158469 11.723074 -0.559241 1.158469 11.723953 -0.544816 1.158469 11.724831 -0.530391 1.158469 11.725710 -0.515966 1.158469 11.717808 -0.645793 -3.149326 11.718685 -0.631368 -3.149326 11.719563 -0.616943 -3.149326 11.720442 -0.602518 -3.149326 11.721321 -0.588093 -3.149326 11.722198 -0.573668 -3.149326 11.723076 -0.559243 -3.149326 11.723953 -0.544818 -3.149326 11.724831 -0.530393 -3.149326 11.725710 -0.515968 -3.149326 "
								            />
								<TextureCoordinate point="0.6138 0.9007 0.6122 0.9021 0.5384 0.9021 0.5399 0.9007 0.2295 0.9027 0.4857 0.9027 0.4857 0.9016 0.2295 0.9016 0.3162 0.9491 0.3147 0.9505 0.3424 0.9505 0.3438 0.9491 0.0487 0.9007 0.0487 0.9158 0.0506 0.9158 0.0506 0.9007 1.7649 0.4937 1.7649 0.8380 1.7399 0.8380 1.7399 0.4937 0.9723 0.8384 0.9723 0.4934 0.9084 0.4934 0.9084 0.8384 0.6122 0.9144 0.5399 0.9158 0.5384 0.9144 0.6109 0.9131 0.5372 0.9131 0.6100 0.9117 0.6109 0.9131 0.5384 0.9144 0.3290 0.9144 0.3306 0.9158 0.3082 0.9158 0.3065 0.9144 0.5384 0.9021 0.5372 0.9034 0.4923 0.9034 0.4935 0.9021 0.3277 0.9034 0.3267 0.9048 0.3043 0.9048 0.3052 0.9034 0.3043 0.9048 0.3036 0.9062 0.2811 0.9062 0.2818 0.9048 0.3261 0.9062 0.3258 0.9076 0.3033 0.9076 0.3036 0.9062 0.3258 0.9076 0.3258 0.9089 0.3033 0.9089 0.3033 0.9076 0.3258 0.9089 0.3261 0.9103 0.3036 0.9103 0.3033 0.9089 0.5363 0.9117 0.4923 0.9131 0.4914 0.9117 0.5357 0.9103 0.4908 0.9103 0.5354 0.9089 0.5357 0.9103 0.4914 0.9117 0.3043 0.9117 0.3052 0.9131 0.2828 0.9131 0.2818 0.9117 0.2295 0.9129 0.4857 0.9129 0.4857 0.9118 0.2295 0.9118 0.2295 0.9141 0.4857 0.9141 0.4857 0.9129 0.2295 0.9129 0.2295 0.9039 0.4857 0.9039 0.4857 0.9027 0.2295 0.9027 0.2295 0.9050 0.4857 0.9050 0.4857 0.9039 0.2295 0.9039 0.2295 0.9061 0.4857 0.9061 0.4857 0.9050 0.2295 0.9050 0.2295 0.9073 0.4857 0.9073 0.4857 0.9061 0.2295 0.9061 0.2295 0.9084 0.4857 0.9084 0.4857 0.9073 0.2295 0.9073 0.2295 0.9095 0.4857 0.9095 0.4857 0.9084 0.2295 0.9084 0.2295 0.9107 0.4857 0.9107 0.4857 0.9095 0.2295 0.9095 0.2295 0.9118 0.4857 0.9118 0.4857 0.9107 0.2295 0.9107 0.5103 0.9625 0.5792 0.9625 0.5781 0.9611 0.5092 0.9611 0.5103 0.9625 0.5781 0.9611 0.5772 0.9598 0.3843 0.9625 0.3858 0.9638 0.4278 0.9638 0.4263 0.9625 0.5092 0.9518 0.5781 0.9518 0.5792 0.9505 0.5103 0.9505 0.2925 0.9518 0.2915 0.9531 0.3126 0.9531 0.3135 0.9518 0.2705 0.9531 0.2699 0.9545 0.2909 0.9545 0.2915 0.9531 0.2699 0.9545 0.2696 0.9558 0.2906 0.9558 0.2909 0.9545 0.2906 0.9558 0.2906 0.9571 0.3116 0.9571 0.3116 0.9558 0.2696 0.9571 0.2699 0.9585 0.2909 0.9585 0.2906 0.9571 0.3119 0.9585 0.3126 0.9598 0.3403 0.9598 0.3397 0.9585 0.5084 0.9598 0.5092 0.9611 0.5772 0.9598 1.5014 0.4937 1.5014 0.8380 1.5001 0.8380 1.5001 0.4937 1.5030 0.4937 1.5030 0.8380 1.5014 0.8380 1.5014 0.4937 0.0471 0.9007 0.0471 0.9158 0.0487 0.9158 0.0487 0.9007 0.0460 0.9007 0.0460 0.9158 0.0471 0.9158 0.0471 0.9007 0.0452 0.9007 0.0452 0.9158 0.0460 0.9158 0.0460 0.9007 0.0448 0.9007 0.0448 0.9158 0.0452 0.9158 0.0452 0.9007 -0.5404 1.2117 -0.5404 1.2746 -0.5347 1.2746 -0.5347 1.2117 1.4985 0.4937 1.4985 0.8380 1.4981 0.8380 1.4981 0.4937 1.4991 0.4937 1.4991 0.8380 1.4985 0.8380 1.4985 0.4937 1.5001 0.4937 1.5001 0.8380 1.4991 0.8380 1.4991 0.4937 0.3065 0.9021 0.3082 0.9007 0.3306 0.9007 0.3290 0.9021 0.2952 0.9491 0.2937 0.9505 0.3147 0.9505 0.3162 0.9491 1.7209 0.8380 1.7209 0.4937 1.7399 0.4937 1.7399 0.8380 0.4860 0.4934 0.4860 0.8384 0.4878 0.8384 0.4878 0.4934 0.2841 0.9144 0.2828 0.9131 0.3052 0.9131 0.3065 0.9144 0.5384 0.9144 0.5399 0.9158 0.4950 0.9158 0.4935 0.9144 0.5372 0.9131 0.5384 0.9144 0.4950 0.9158 0.2603 0.9034 0.2616 0.9021 0.2841 0.9021 0.2828 0.9034 0.5372 0.9034 0.5363 0.9048 0.4914 0.9048 0.4923 0.9034 0.6093 0.9062 0.5354 0.9076 0.5357 0.9062 0.6100 0.9048 0.5363 0.9048 0.6109 0.9034 0.6100 0.9048 0.5357 0.9062 0.5354 0.9076 0.4904 0.9089 0.4904 0.9076 0.5357 0.9062 0.4908 0.9062 0.5363 0.9048 0.5357 0.9062 0.4904 0.9076 0.4904 0.9076 0.4904 0.9089 0.4455 0.9089 0.4455 0.9076 0.4904 0.9089 0.5354 0.9076 0.5354 0.9089 0.4908 0.9103 0.2593 0.9117 0.2586 0.9103 0.2811 0.9103 0.2818 0.9117 0.4914 0.9117 0.4923 0.9131 0.4473 0.9131 0.4464 0.9117 0.2925 0.9611 0.2937 0.9625 0.3147 0.9625 0.3135 0.9611 0.2937 0.9625 0.2952 0.9638 0.3162 0.9638 0.3147 0.9625 0.2307 0.9505 0.2294 0.9518 0.2504 0.9518 0.2517 0.9505 0.4663 0.9531 0.4672 0.9518 0.4252 0.9518 0.4243 0.9531 0.5766 0.9545 0.5772 0.9531 0.5084 0.9531 0.5078 0.9545 0.5075 0.9558 0.5078 0.9545 0.4658 0.9545 0.4655 0.9558 0.5763 0.9571 0.5763 0.9558 0.5075 0.9558 0.5075 0.9571 0.4237 0.9585 0.4235 0.9571 0.3814 0.9571 0.3817 0.9585 0.2489 0.9585 0.2495 0.9598 0.2705 0.9598 0.2699 0.9585 0.2705 0.9598 0.2714 0.9611 0.2925 0.9611 0.2915 0.9598 0.2633 0.9158 0.2616 0.9144 0.2841 0.9144 0.2857 0.9158 0.2368 0.9048 0.2378 0.9034 0.2603 0.9034 0.2593 0.9048 0.3267 0.9048 0.3261 0.9062 0.3036 0.9062 0.3043 0.9048 0.2583 0.9076 0.2586 0.9062 0.2811 0.9062 0.2808 0.9076 0.2808 0.9089 0.2808 0.9076 0.3033 0.9076 0.3033 0.9089 0.2811 0.9103 0.2808 0.9089 0.3033 0.9089 0.3036 0.9103 0.3267 0.9117 0.3277 0.9131 0.3052 0.9131 0.3043 0.9117 0.2714 0.9518 0.2705 0.9531 0.2915 0.9531 0.2925 0.9518 0.3119 0.9545 0.3126 0.9531 0.2915 0.9531 0.2909 0.9545 0.3116 0.9558 0.3119 0.9545 0.2909 0.9545 0.2906 0.9558 0.2696 0.9558 0.2696 0.9571 0.2906 0.9571 0.2906 0.9558 0.3119 0.9585 0.3116 0.9571 0.2906 0.9571 0.2909 0.9585 0.2841 0.9021 0.2857 0.9007 0.3082 0.9007 0.3065 0.9021 0.1903 0.9491 0.1887 0.9505 0.2097 0.9505 0.2113 0.9491 1.7019 0.8380 1.7019 0.4937 1.7209 0.4937 1.7209 0.8380 0.7278 0.8384 0.7278 0.4934 0.7084 0.4934 0.7084 0.8384 0.3277 0.9131 0.3290 0.9144 0.3065 0.9144 0.3052 0.9131 0.3290 0.9021 0.3277 0.9034 0.3052 0.9034 0.3065 0.9021 0.3261 0.9103 0.3267 0.9117 0.3043 0.9117 0.3036 0.9103 0.2504 0.9611 0.2517 0.9625 0.2727 0.9625 0.2714 0.9611 0.1151 0.9625 0.1167 0.9638 0.1274 0.9638 0.1257 0.9625 0.3135 0.9518 0.3147 0.9505 0.2937 0.9505 0.2925 0.9518 0.3126 0.9598 0.3119 0.9585 0.2909 0.9585 0.2915 0.9598 0.3135 0.9611 0.3126 0.9598 0.2915 0.9598 0.2925 0.9611 0.2136 0.9062 0.2143 0.9048 0.2368 0.9048 0.2361 0.9062 0.2603 0.9131 0.2593 0.9117 0.2818 0.9117 0.2828 0.9131 0.2495 0.9531 0.2489 0.9545 0.2699 0.9545 0.2705 0.9531 0.1858 0.9545 0.1855 0.9558 0.2065 0.9558 0.2069 0.9545 0.1855 0.9571 0.1858 0.9585 0.2069 0.9585 0.2065 0.9571 0.7084 0.8384 0.7084 0.4934 0.6890 0.4934 0.6890 0.8384 0.2616 0.9144 0.2603 0.9131 0.2828 0.9131 0.2841 0.9144 0.3065 0.9021 0.3052 0.9034 0.2828 0.9034 0.2841 0.9021 0.3036 0.9103 0.3043 0.9117 0.2818 0.9117 0.2811 0.9103 0.2925 0.9518 0.2937 0.9505 0.2727 0.9505 0.2714 0.9518 0.2915 0.9598 0.2909 0.9585 0.2699 0.9585 0.2705 0.9598 0.2285 0.9598 0.2294 0.9611 0.2504 0.9611 0.2495 0.9598 0.3065 0.9144 0.3082 0.9158 0.2857 0.9158 0.2841 0.9144 0.3052 0.9034 0.3043 0.9048 0.2818 0.9048 0.2828 0.9034 0.3036 0.9062 0.3033 0.9076 0.2808 0.9076 0.2811 0.9062 0.2583 0.9089 0.2583 0.9076 0.2808 0.9076 0.2808 0.9089 0.1122 0.9103 0.1119 0.9089 0.1233 0.9089 0.1236 0.9103 0.2504 0.9518 0.2495 0.9531 0.2705 0.9531 0.2714 0.9518 0.2486 0.9558 0.2486 0.9571 0.2696 0.9571 0.2696 0.9558 0.2616 0.9021 0.2633 0.9007 0.2857 0.9007 0.2841 0.9021 0.2937 0.9505 0.2952 0.9491 0.2742 0.9491 0.2727 0.9505 1.6829 0.8380 1.6829 0.4937 1.7019 0.4937 1.7019 0.8380 0.2937 0.9625 0.2925 0.9611 0.2714 0.9611 0.2727 0.9625 0.2952 0.9638 0.2937 0.9625 0.2727 0.9625 0.2742 0.9638 0.6890 0.8384 0.6890 0.4934 0.6696 0.4934 0.6696 0.8384 0.1928 0.9034 0.1942 0.9021 0.2167 0.9021 0.2153 0.9034 0.2368 0.9117 0.2361 0.9103 0.2586 0.9103 0.2593 0.9117 0.2714 0.9518 0.2727 0.9505 0.2517 0.9505 0.2504 0.9518 0.2279 0.9585 0.2285 0.9598 0.2495 0.9598 0.2489 0.9585 0.1959 0.9158 0.1942 0.9144 0.2167 0.9144 0.2184 0.9158 0.2828 0.9034 0.2818 0.9048 0.2593 0.9048 0.2603 0.9034 0.2133 0.9076 0.2136 0.9062 0.2361 0.9062 0.2358 0.9076 0.2727 0.9505 0.2742 0.9491 0.2532 0.9491 0.2517 0.9505 0.2084 0.9611 0.2097 0.9625 0.2307 0.9625 0.2294 0.9611 0.2742 0.9638 0.2727 0.9625 0.2517 0.9625 0.2532 0.9638 0.2818 0.9048 0.2811 0.9062 0.2586 0.9062 0.2593 0.9048 0.1928 0.9131 0.1918 0.9117 0.2143 0.9117 0.2153 0.9131 0.2285 0.9531 0.2279 0.9545 0.2489 0.9545 0.2495 0.9531 0.2696 0.9558 0.2699 0.9545 0.2489 0.9545 0.2486 0.9558 0.2699 0.9585 0.2696 0.9571 0.2486 0.9571 0.2489 0.9585 0.2391 0.9144 0.2378 0.9131 0.2603 0.9131 0.2616 0.9144 0.2714 0.9611 0.2705 0.9598 0.2495 0.9598 0.2504 0.9611 0.1908 0.9089 0.1908 0.9076 0.2133 0.9076 0.2133 0.9089 0.2808 0.9089 0.2811 0.9103 0.2586 0.9103 0.2583 0.9089 0.2294 0.9518 0.2285 0.9531 0.2495 0.9531 0.2504 0.9518 0.2276 0.9558 0.2276 0.9571 0.2486 0.9571 0.2486 0.9558 0.2391 0.9021 0.2408 0.9007 0.2633 0.9007 0.2616 0.9021 1.5394 0.8380 1.5394 0.4937 1.5593 0.4937 1.5593 0.8380 0.6696 0.8384 0.6696 0.4934 0.6502 0.4934 0.6502 0.8384 0.1887 0.9505 0.1874 0.9518 0.2084 0.9518 0.2097 0.9505 0.1693 0.9048 0.1704 0.9034 0.1928 0.9034 0.1918 0.9048 0.2517 0.9505 0.2532 0.9491 0.2323 0.9491 0.2307 0.9505 0.2532 0.9638 0.2517 0.9625 0.2307 0.9625 0.2323 0.9638 0.2593 0.9048 0.2586 0.9062 0.2361 0.9062 0.2368 0.9048 0.2486 0.9558 0.2489 0.9545 0.2279 0.9545 0.2276 0.9558 0.2489 0.9585 0.2486 0.9571 0.2276 0.9571 0.2279 0.9585 0.2075 0.9598 0.2084 0.9611 0.2294 0.9611 0.2285 0.9598 0.2583 0.9089 0.2586 0.9103 0.2361 0.9103 0.2358 0.9089 0.2616 0.9021 0.2603 0.9034 0.2378 0.9034 0.2391 0.9021 0.0894 0.9117 0.0887 0.9103 0.1122 0.9103 0.1129 0.9117 0.0568 0.9585 0.0575 0.9598 0.0649 0.9598 0.0642 0.9585 0.2616 0.9144 0.2633 0.9158 0.2408 0.9158 0.2391 0.9144 0.2586 0.9062 0.2583 0.9076 0.2358 0.9076 0.2361 0.9062 0.2517 0.9625 0.2504 0.9611 0.2294 0.9611 0.2307 0.9625 0.2593 0.9117 0.2603 0.9131 0.2378 0.9131 0.2368 0.9117 0.2075 0.9531 0.2069 0.9545 0.2279 0.9545 0.2285 0.9531 0.2167 0.9144 0.2153 0.9131 0.2378 0.9131 0.2391 0.9144 0.2583 0.9076 0.2583 0.9089 0.2358 0.9089 0.2358 0.9076 0.1874 0.9518 0.1865 0.9531 0.2075 0.9531 0.2084 0.9518 0.2065 0.9558 0.2065 0.9571 0.2276 0.9571 0.2276 0.9558 0.2167 0.9021 0.2184 0.9007 0.2408 0.9007 0.2391 0.9021 1.6829 0.4937 1.6829 0.8380 1.6639 0.8380 1.6639 0.4937 0.6502 0.8384 0.6502 0.4934 0.6308 0.4934 0.6308 0.8384 0.2307 0.9505 0.2323 0.9491 0.2113 0.9491 0.2097 0.9505 0.2323 0.9638 0.2307 0.9625 0.2097 0.9625 0.2113 0.9638 0.1686 0.9062 0.1693 0.9048 0.1918 0.9048 0.1911 0.9062 0.2276 0.9558 0.2279 0.9545 0.2069 0.9545 0.2065 0.9558 0.2279 0.9585 0.2276 0.9571 0.2065 0.9571 0.2069 0.9585 0.2358 0.9089 0.2361 0.9103 0.2136 0.9103 0.2133 0.9089 0.2391 0.9021 0.2378 0.9034 0.2153 0.9034 0.2167 0.9021 0.2391 0.9144 0.2408 0.9158 0.2184 0.9158 0.2167 0.9144 0.1458 0.9076 0.1461 0.9062 0.1686 0.9062 0.1683 0.9076 0.1138 0.9611 0.1151 0.9625 0.1257 0.9625 0.1244 0.9611 0.2368 0.9117 0.2378 0.9131 0.2153 0.9131 0.2143 0.9117 0.2358 0.9076 0.2358 0.9089 0.2133 0.9089 0.2133 0.9076 1.6639 0.4937 1.6639 0.8380 1.6449 0.8380 1.6449 0.4937 0.2294 0.9518 0.2307 0.9505 0.2097 0.9505 0.2084 0.9518 0.2378 0.9034 0.2368 0.9048 0.2143 0.9048 0.2153 0.9034 0.1865 0.9598 0.1874 0.9611 0.2084 0.9611 0.2075 0.9598 0.2361 0.9103 0.2368 0.9117 0.2143 0.9117 0.2136 0.9103 0.2285 0.9598 0.2279 0.9585 0.2069 0.9585 0.2075 0.9598 0.1865 0.9531 0.1858 0.9545 0.2069 0.9545 0.2075 0.9531 0.1942 0.9144 0.1928 0.9131 0.2153 0.9131 0.2167 0.9144 0.2285 0.9531 0.2294 0.9518 0.2084 0.9518 0.2075 0.9531 0.1855 0.9558 0.1855 0.9571 0.2065 0.9571 0.2065 0.9558 0.1717 0.9021 0.1734 0.9007 0.1959 0.9007 0.1942 0.9021 0.6308 0.8384 0.6308 0.4934 0.6114 0.4934 0.6114 0.8384 0.1693 0.9491 0.1677 0.9505 0.1887 0.9505 0.1903 0.9491 0.2113 0.9638 0.2097 0.9625 0.1887 0.9625 0.1903 0.9638 0.1648 0.9545 0.1645 0.9558 0.1855 0.9558 0.1858 0.9545 0.1435 0.9571 0.1438 0.9585 0.1648 0.9585 0.1645 0.9571 0.2133 0.9089 0.2136 0.9103 0.1911 0.9103 0.1908 0.9089 0.1479 0.9034 0.1493 0.9021 0.1717 0.9021 0.1704 0.9034 0.1510 0.9158 0.1493 0.9144 0.1717 0.9144 0.1734 0.9158 0.1479 0.9131 0.1468 0.9117 0.1693 0.9117 0.1704 0.9131 0.1683 0.9089 0.1683 0.9076 0.1908 0.9076 0.1908 0.9089 1.6449 0.4937 1.6449 0.8380 1.6259 0.8380 1.6259 0.4937 0.0931 0.9505 0.0918 0.9518 0.1138 0.9518 0.1151 0.9505 0.2153 0.9034 0.2143 0.9048 0.1918 0.9048 0.1928 0.9034 0.2136 0.9103 0.2143 0.9117 0.1918 0.9117 0.1911 0.9103 0.2075 0.9598 0.2069 0.9585 0.1858 0.9585 0.1865 0.9598 0.1454 0.9518 0.1445 0.9531 0.1655 0.9531 0.1664 0.9518 0.2143 0.9048 0.2136 0.9062 0.1911 0.9062 0.1918 0.9048 0.2136 0.9062 0.2133 0.9076 0.1908 0.9076 0.1911 0.9062 0.2097 0.9625 0.2084 0.9611 0.1874 0.9611 0.1887 0.9625 0.1655 0.9598 0.1664 0.9611 0.1874 0.9611 0.1865 0.9598 0.1655 0.9531 0.1648 0.9545 0.1858 0.9545 0.1865 0.9531 0.1717 0.9144 0.1704 0.9131 0.1928 0.9131 0.1942 0.9144 0.1645 0.9558 0.1645 0.9571 0.1855 0.9571 0.1855 0.9558 0.2184 0.9007 0.2167 0.9021 0.1942 0.9021 0.1959 0.9007 0.6114 0.8384 0.6114 0.4934 0.5921 0.4934 0.5921 0.8384 0.1903 0.9638 0.1887 0.9625 0.1677 0.9625 0.1693 0.9638 0.1908 0.9089 0.1911 0.9103 0.1686 0.9103 0.1683 0.9089 1.6259 0.4937 1.6259 0.8380 1.6069 0.8380 1.6069 0.4937 0.0726 0.9048 0.0737 0.9034 0.0905 0.9034 0.0894 0.9048 0.1911 0.9103 0.1918 0.9117 0.1693 0.9117 0.1686 0.9103 0.1865 0.9598 0.1858 0.9585 0.1648 0.9585 0.1655 0.9598 0.1461 0.9062 0.1468 0.9048 0.1693 0.9048 0.1686 0.9062 0.1911 0.9062 0.1908 0.9076 0.1683 0.9076 0.1686 0.9062 0.1887 0.9625 0.1874 0.9611 0.1664 0.9611 0.1677 0.9625 0.1493 0.9021 0.1510 0.9007 0.1734 0.9007 0.1717 0.9021 0.0948 0.9491 0.0931 0.9505 0.1151 0.9505 0.1167 0.9491 0.1438 0.9545 0.1435 0.9558 0.1645 0.9558 0.1648 0.9545 0.1858 0.9585 0.1855 0.9571 0.1645 0.9571 0.1648 0.9585 0.1942 0.9021 0.1928 0.9034 0.1704 0.9034 0.1717 0.9021 0.1942 0.9144 0.1959 0.9158 0.1734 0.9158 0.1717 0.9144 0.1918 0.9117 0.1928 0.9131 0.1704 0.9131 0.1693 0.9117 0.1458 0.9089 0.1458 0.9076 0.1683 0.9076 0.1683 0.9089 0.1874 0.9518 0.1887 0.9505 0.1677 0.9505 0.1664 0.9518 0.1865 0.9531 0.1874 0.9518 0.1664 0.9518 0.1655 0.9531 0.1445 0.9598 0.1454 0.9611 0.1664 0.9611 0.1655 0.9598 0.1445 0.9531 0.1438 0.9545 0.1648 0.9545 0.1655 0.9531 0.1493 0.9144 0.1479 0.9131 0.1704 0.9131 0.1717 0.9144 0.1435 0.9558 0.1435 0.9571 0.1645 0.9571 0.1645 0.9558 0.5921 0.8384 0.5921 0.4934 0.5727 0.4934 0.5727 0.8384 0.1693 0.9638 0.1677 0.9625 0.1467 0.9625 0.1483 0.9638 0.1683 0.9089 0.1686 0.9103 0.1461 0.9103 0.1458 0.9089 1.6069 0.4937 1.6069 0.8380 1.5879 0.8380 1.5879 0.4937 0.1686 0.9103 0.1693 0.9117 0.1468 0.9117 0.1461 0.9103 0.1655 0.9598 0.1648 0.9585 0.1438 0.9585 0.1445 0.9598 0.1233 0.9076 0.1236 0.9062 0.1461 0.9062 0.1458 0.9076 0.1677 0.9625 0.1664 0.9611 0.1454 0.9611 0.1467 0.9625 0.1118 0.9571 0.1121 0.9585 0.1228 0.9585 0.1225 0.9571 0.1140 0.9034 0.1154 0.9021 0.1268 0.9021 0.1254 0.9034 0.1172 0.9158 0.1154 0.9144 0.1268 0.9144 0.1285 0.9158 0.1254 0.9131 0.1243 0.9117 0.1468 0.9117 0.1479 0.9131 0.1664 0.9518 0.1677 0.9505 0.1467 0.9505 0.1454 0.9518 0.0918 0.9518 0.0908 0.9531 0.1128 0.9531 0.1138 0.9518 0.1704 0.9034 0.1693 0.9048 0.1468 0.9048 0.1479 0.9034 0.1236 0.9062 0.1243 0.9048 0.1468 0.9048 0.1461 0.9062 0.1268 0.9021 0.1285 0.9007 0.1510 0.9007 0.1493 0.9021 0.1677 0.9505 0.1693 0.9491 0.1483 0.9491 0.1467 0.9505 0.0902 0.9545 0.0898 0.9558 0.1118 0.9558 0.1121 0.9545 0.0715 0.9089 0.0715 0.9076 0.0884 0.9076 0.0884 0.9089 0.0908 0.9598 0.0918 0.9611 0.1138 0.9611 0.1128 0.9598 0.0908 0.9531 0.0902 0.9545 0.1121 0.9545 0.1128 0.9531 0.0919 0.9144 0.0905 0.9131 0.1140 0.9131 0.1154 0.9144 0.1225 0.9558 0.1225 0.9571 0.1435 0.9571 0.1435 0.9558 0.5727 0.8384 0.5727 0.4934 0.5533 0.4934 0.5533 0.8384 0.1483 0.9638 0.1467 0.9625 0.1257 0.9625 0.1274 0.9638 0.1458 0.9089 0.1461 0.9103 0.1236 0.9103 0.1233 0.9089 1.5879 0.4937 1.5879 0.8380 1.5689 0.8380 1.5689 0.4937 0.1461 0.9103 0.1468 0.9117 0.1243 0.9117 0.1236 0.9103 0.1445 0.9598 0.1438 0.9585 0.1228 0.9585 0.1234 0.9598 0.1467 0.9625 0.1454 0.9611 0.1244 0.9611 0.1257 0.9625 0.1454 0.9518 0.1467 0.9505 0.1257 0.9505 0.1244 0.9518 0.1479 0.9034 0.1468 0.9048 0.1243 0.9048 0.1254 0.9034 0.1467 0.9505 0.1483 0.9491 0.1274 0.9491 0.1257 0.9505 0.0448 0.9076 0.0452 0.9062 0.0475 0.9062 0.0471 0.9076 0.1438 0.9585 0.1435 0.9571 0.1225 0.9571 0.1228 0.9585 0.1493 0.9021 0.1479 0.9034 0.1254 0.9034 0.1268 0.9021 0.1493 0.9144 0.1510 0.9158 0.1285 0.9158 0.1268 0.9144 0.0905 0.9131 0.0894 0.9117 0.1129 0.9117 0.1140 0.9131 0.1445 0.9531 0.1454 0.9518 0.1244 0.9518 0.1234 0.9531 0.0719 0.9062 0.0726 0.9048 0.0894 0.9048 0.0887 0.9062 0.0919 0.9021 0.0937 0.9007 0.1172 0.9007 0.1154 0.9021 0.1435 0.9558 0.1438 0.9545 0.1228 0.9545 0.1225 0.9558 0.1458 0.9076 0.1458 0.9089 0.1233 0.9089 0.1233 0.9076 0.1454 0.9611 0.1445 0.9598 0.1234 0.9598 0.1244 0.9611 0.1438 0.9545 0.1445 0.9531 0.1234 0.9531 0.1228 0.9545 0.1479 0.9131 0.1493 0.9144 0.1268 0.9144 0.1254 0.9131 0.1118 0.9558 0.1118 0.9571 0.1225 0.9571 0.1225 0.9558 0.5435 0.8384 0.5435 0.4934 0.5232 0.4934 0.5232 0.8384 0.0599 0.9625 0.0616 0.9638 0.0689 0.9638 0.0672 0.9625 0.0475 0.9103 0.0471 0.9089 0.0527 0.9089 0.0530 0.9103 0.1234 0.9598 0.1228 0.9585 0.1121 0.9585 0.1128 0.9598 0.0659 0.9611 0.0672 0.9625 0.0774 0.9625 0.0761 0.9611 0.1140 0.9034 0.1129 0.9048 0.0894 0.9048 0.0905 0.9034 0.0689 0.9491 0.0672 0.9505 0.0774 0.9505 0.0791 0.9491 0.0898 0.9571 0.0902 0.9585 0.1121 0.9585 0.1118 0.9571 0.0905 0.9034 0.0919 0.9021 0.1154 0.9021 0.1140 0.9034 0.0769 0.9158 0.0751 0.9144 0.0919 0.9144 0.0937 0.9158 0.1119 0.9076 0.1119 0.9089 0.0884 0.9089 0.0884 0.9076 0.0751 0.9531 0.0744 0.9545 0.0902 0.9545 0.0908 0.9531 0.0751 0.9144 0.0737 0.9131 0.0905 0.9131 0.0919 0.9144 0.1236 0.9062 0.1233 0.9076 0.1119 0.9076 0.1122 0.9062 0.1243 0.9117 0.1254 0.9131 0.1140 0.9131 0.1129 0.9117 0.1129 0.9048 0.1122 0.9062 0.0887 0.9062 0.0894 0.9048 0.0898 0.9558 0.0898 0.9571 0.1118 0.9571 0.1118 0.9558 0.5232 0.8384 0.5232 0.4934 0.5087 0.4934 0.5087 0.8384 1.5094 0.8380 1.5094 0.4937 1.5160 0.4937 1.5160 0.8380 0.0908 0.9598 0.0902 0.9585 0.0744 0.9585 0.0751 0.9598 0.0460 0.9048 0.0471 0.9034 0.0493 0.9034 0.0482 0.9048 0.0884 0.9076 0.0715 0.9076 0.0719 0.9062 0.0887 0.9062 0.0493 0.9131 0.0482 0.9117 0.0538 0.9117 0.0549 0.9131 0.1167 0.9638 0.1151 0.9625 0.0931 0.9625 0.0948 0.9638 0.0884 0.9089 0.0887 0.9103 0.0719 0.9103 0.0715 0.9089 0.0719 0.9103 0.0887 0.9103 0.0894 0.9117 0.0726 0.9117 0.0931 0.9625 0.0918 0.9611 0.0761 0.9611 0.0774 0.9625 0.0548 0.9505 0.0534 0.9518 0.0585 0.9518 0.0599 0.9505 0.0931 0.9505 0.0948 0.9491 0.0791 0.9491 0.0774 0.9505 0.0639 0.9571 0.0642 0.9585 0.0744 0.9585 0.0741 0.9571 0.0628 0.9034 0.0642 0.9021 0.0751 0.9021 0.0737 0.9034 0.0659 0.9518 0.0649 0.9531 0.0751 0.9531 0.0761 0.9518 0.0568 0.9545 0.0565 0.9558 0.0639 0.9558 0.0642 0.9545 0.0649 0.9598 0.0659 0.9611 0.0761 0.9611 0.0751 0.9598 0.0508 0.9144 0.0493 0.9131 0.0549 0.9131 0.0563 0.9144 0.0642 0.9021 0.0660 0.9007 0.0769 0.9007 0.0751 0.9021 0.0639 0.9558 0.0639 0.9571 0.0741 0.9571 0.0741 0.9558 0.5087 0.8384 0.5087 0.4934 0.4993 0.4934 0.4993 0.8384 0.0516 0.9585 0.0523 0.9598 0.0575 0.9598 0.0568 0.9585 0.0527 0.9089 0.0527 0.9076 0.0606 0.9076 0.0606 0.9089 0.0719 0.9062 0.0715 0.9076 0.0606 0.9076 0.0610 0.9062 0.0548 0.9625 0.0565 0.9638 0.0616 0.9638 0.0599 0.9625 0.0606 0.9089 0.0610 0.9103 0.0530 0.9103 0.0527 0.9089 0.0513 0.9611 0.0527 0.9625 0.0548 0.9625 0.0534 0.9611 0.0565 0.9491 0.0548 0.9505 0.0599 0.9505 0.0616 0.9491 0.0628 0.9034 0.0617 0.9048 0.0538 0.9048 0.0549 0.9034 0.0894 0.9117 0.0905 0.9131 0.0737 0.9131 0.0726 0.9117 0.0538 0.9048 0.0617 0.9048 0.0610 0.9062 0.0530 0.9062 0.0475 0.9103 0.0530 0.9103 0.0538 0.9117 0.0482 0.9117 0.0761 0.9518 0.0774 0.9505 0.0672 0.9505 0.0659 0.9518 0.0568 0.9585 0.0642 0.9585 0.0639 0.9571 0.0565 0.9571 0.0549 0.9034 0.0563 0.9021 0.0642 0.9021 0.0628 0.9034 0.0527 0.9158 0.0508 0.9144 0.0563 0.9144 0.0582 0.9158 0.0513 0.9518 0.0502 0.9531 0.0523 0.9531 0.0534 0.9518 0.0523 0.9598 0.0534 0.9611 0.0585 0.9611 0.0575 0.9598 0.0575 0.9531 0.0568 0.9545 0.0642 0.9545 0.0649 0.9531 0.0508 0.9021 0.0527 0.9007 0.0582 0.9007 0.0563 0.9021 0.0513 0.9558 0.0513 0.9571 0.0565 0.9571 0.0565 0.9558 0.3586 0.9021 0.3602 0.9007 0.4051 0.9007 0.4036 0.9021 0.5792 0.9505 0.5807 0.9491 0.5117 0.9491 0.5103 0.9505 1.9794 0.4937 1.9794 0.8380 1.9168 0.8380 1.9168 0.4937 0.7921 0.4934 0.7921 0.8384 0.8309 0.8384 0.8309 0.4934 0.4923 0.9131 0.5363 0.9117 0.5372 0.9131 0.4935 0.9144 0.6109 0.9034 0.5363 0.9048 0.5372 0.9034 0.6122 0.9021 0.5384 0.9021 0.6122 0.9021 0.5372 0.9034 0.6100 0.9117 0.5372 0.9131 0.5363 0.9117 0.6093 0.9103 0.5357 0.9103 0.6090 0.9089 0.6093 0.9103 0.5363 0.9117 0.4252 0.9611 0.4263 0.9625 0.4683 0.9625 0.4672 0.9611 0.5807 0.9638 0.5792 0.9625 0.5103 0.9625 0.5117 0.9638 0.4683 0.9505 0.4672 0.9518 0.5092 0.9518 0.5103 0.9505 0.5772 0.9598 0.5766 0.9585 0.5078 0.9585 0.5084 0.9598 0.4243 0.9598 0.4252 0.9611 0.4672 0.9611 0.4663 0.9598 0.6122 0.9144 0.6138 0.9158 0.5399 0.9158 0.4458 0.9062 0.4464 0.9048 0.4914 0.9048 0.4908 0.9062 0.6090 0.9076 0.5354 0.9089 0.5354 0.9076 0.6093 0.9062 0.6090 0.9089 0.5357 0.9103 0.5354 0.9089 0.6090 0.9076 0.5772 0.9531 0.5781 0.9518 0.5092 0.9518 0.5084 0.9531 0.4243 0.9531 0.4237 0.9545 0.4658 0.9545 0.4663 0.9531 0.5763 0.9558 0.5766 0.9545 0.5078 0.9545 0.5075 0.9558 0.4655 0.9558 0.4655 0.9571 0.5075 0.9571 0.5075 0.9558 0.5766 0.9585 0.5763 0.9571 0.5075 0.9571 0.5078 0.9585 0.5103 0.9505 0.5117 0.9491 0.4697 0.9491 0.4683 0.9505 1.9168 0.4937 1.9168 0.8380 1.8789 0.8380 1.8789 0.4937 0.4473 0.9034 0.4485 0.9021 0.4935 0.9021 0.4923 0.9034 0.4014 0.9117 0.4008 0.9103 0.4458 0.9103 0.4464 0.9117 0.5117 0.9638 0.5103 0.9625 0.4683 0.9625 0.4697 0.9638 0.5084 0.9598 0.5078 0.9585 0.4658 0.9585 0.4663 0.9598 0.4051 0.9158 0.4036 0.9144 0.4485 0.9144 0.4501 0.9158 0.4464 0.9048 0.4473 0.9034 0.4923 0.9034 0.4914 0.9048 0.4455 0.9076 0.4458 0.9062 0.4908 0.9062 0.4904 0.9076 0.3261 0.9103 0.3258 0.9089 0.3555 0.9089 0.3558 0.9103 0.5084 0.9531 0.5092 0.9518 0.4672 0.9518 0.4663 0.9531 0.3119 0.9545 0.3116 0.9558 0.3394 0.9558 0.3397 0.9545 0.5078 0.9585 0.5075 0.9571 0.4655 0.9571 0.4658 0.9585 0.5399 0.9007 0.5384 0.9021 0.4935 0.9021 0.4950 0.9007 0.9084 0.8384 0.9084 0.4934 0.8697 0.4934 0.8697 0.8384 0.4485 0.9144 0.4473 0.9131 0.4923 0.9131 0.4935 0.9144 0.5103 0.9625 0.5092 0.9611 0.4672 0.9611 0.4683 0.9625 0.4263 0.9505 0.4252 0.9518 0.4672 0.9518 0.4683 0.9505 0.5092 0.9611 0.5084 0.9598 0.4663 0.9598 0.4672 0.9611 0.4914 0.9048 0.5363 0.9048 0.4908 0.9062 0.5078 0.9545 0.5084 0.9531 0.4663 0.9531 0.4658 0.9545 0.4235 0.9558 0.4235 0.9571 0.4655 0.9571 0.4655 0.9558 0.4683 0.9505 0.4697 0.9491 0.4278 0.9491 0.4263 0.9505 1.8789 0.4937 1.8789 0.8380 1.8409 0.8380 1.8409 0.4937 0.4697 0.9638 0.4683 0.9625 0.4263 0.9625 0.4278 0.9638 0.4663 0.9598 0.4658 0.9585 0.4237 0.9585 0.4243 0.9598 0.3555 0.9089 0.3555 0.9076 0.4005 0.9076 0.4005 0.9089 0.3574 0.9131 0.3564 0.9117 0.4014 0.9117 0.4023 0.9131 0.3832 0.9518 0.3823 0.9531 0.4243 0.9531 0.4252 0.9518 0.4658 0.9585 0.4655 0.9571 0.4235 0.9571 0.4237 0.9585 0.4950 0.9007 0.4935 0.9021 0.4485 0.9021 0.4501 0.9007 0.8697 0.8384 0.8697 0.4934 0.8309 0.4934 0.8309 0.8384 0.3135 0.9611 0.3147 0.9625 0.3424 0.9625 0.3412 0.9611 0.3126 0.9598 0.3135 0.9611 0.3412 0.9611 0.3403 0.9598 0.4008 0.9062 0.4014 0.9048 0.4464 0.9048 0.4458 0.9062 0.3823 0.9531 0.3817 0.9545 0.4237 0.9545 0.4243 0.9531 0.3574 0.9034 0.3586 0.9021 0.4036 0.9021 0.4023 0.9034 0.4908 0.9103 0.4914 0.9117 0.4464 0.9117 0.4458 0.9103 0.4935 0.9144 0.4950 0.9158 0.4501 0.9158 0.4485 0.9144 0.4014 0.9048 0.4023 0.9034 0.4473 0.9034 0.4464 0.9048 0.4005 0.9076 0.4008 0.9062 0.4458 0.9062 0.4455 0.9076 0.4904 0.9089 0.4908 0.9103 0.4458 0.9103 0.4455 0.9089 0.4655 0.9558 0.4658 0.9545 0.4237 0.9545 0.4235 0.9558 0.4036 0.9144 0.4023 0.9131 0.4473 0.9131 0.4485 0.9144 0.3843 0.9505 0.3832 0.9518 0.4252 0.9518 0.4263 0.9505 0.3814 0.9558 0.3814 0.9571 0.4235 0.9571 0.4235 0.9558 0.4263 0.9505 0.4278 0.9491 0.3858 0.9491 0.3843 0.9505 1.8409 0.4937 1.8409 0.8380 1.8029 0.8380 1.8029 0.4937 0.3424 0.9625 0.3438 0.9638 0.3858 0.9638 0.3843 0.9625 0.4243 0.9598 0.4237 0.9585 0.3817 0.9585 0.3823 0.9598 0.3394 0.9571 0.3397 0.9585 0.3817 0.9585 0.3814 0.9571 0.4501 0.9007 0.4485 0.9021 0.4036 0.9021 0.4051 0.9007 0.7533 0.4934 0.7533 0.8384 0.7921 0.8384 0.7921 0.4934 0.3564 0.9117 0.3558 0.9103 0.4008 0.9103 0.4014 0.9117 0.3306 0.9158 0.3290 0.9144 0.3586 0.9144 0.3602 0.9158 0.4455 0.9089 0.4458 0.9103 0.4008 0.9103 0.4005 0.9089 0.4235 0.9558 0.4237 0.9545 0.3817 0.9545 0.3814 0.9558 0.4455 0.9076 0.4455 0.9089 0.4005 0.9089 0.4005 0.9076 0.4464 0.9117 0.4473 0.9131 0.4023 0.9131 0.4014 0.9117 0.3135 0.9518 0.3126 0.9531 0.3403 0.9531 0.3412 0.9518 0.4263 0.9625 0.4252 0.9611 0.3832 0.9611 0.3843 0.9625 0.4252 0.9611 0.4243 0.9598 0.3823 0.9598 0.3832 0.9611 0.3558 0.9062 0.3564 0.9048 0.4014 0.9048 0.4008 0.9062 0.3403 0.9531 0.3397 0.9545 0.3817 0.9545 0.3823 0.9531 0.4485 0.9021 0.4473 0.9034 0.4023 0.9034 0.4036 0.9021 0.3267 0.9048 0.3277 0.9034 0.3574 0.9034 0.3564 0.9048 0.3555 0.9076 0.3558 0.9062 0.4008 0.9062 0.4005 0.9076 0.3586 0.9144 0.3574 0.9131 0.4023 0.9131 0.4036 0.9144 0.3424 0.9505 0.3412 0.9518 0.3832 0.9518 0.3843 0.9505 0.3394 0.9558 0.3394 0.9571 0.3814 0.9571 0.3814 0.9558 0.3843 0.9505 0.3858 0.9491 0.3438 0.9491 0.3424 0.9505 1.8029 0.4937 1.8029 0.8380 1.7649 0.8380 1.7649 0.4937 0.3823 0.9598 0.3817 0.9585 0.3397 0.9585 0.3403 0.9598 0.3290 0.9021 0.3306 0.9007 0.3602 0.9007 0.3586 0.9021 0.4005 0.9089 0.4008 0.9103 0.3558 0.9103 0.3555 0.9089 0.3814 0.9558 0.3817 0.9545 0.3397 0.9545 0.3394 0.9558 0.3258 0.9089 0.3258 0.9076 0.3555 0.9076 0.3555 0.9089 0.3277 0.9131 0.3267 0.9117 0.3564 0.9117 0.3574 0.9131 0.3843 0.9625 0.3832 0.9611 0.3412 0.9611 0.3424 0.9625 0.3832 0.9611 0.3823 0.9598 0.3403 0.9598 0.3412 0.9611 0.3277 0.9034 0.3290 0.9021 0.3586 0.9021 0.3574 0.9034 0.3147 0.9625 0.3162 0.9638 0.3438 0.9638 0.3424 0.9625 0.3116 0.9571 0.3119 0.9585 0.3397 0.9585 0.3394 0.9571 0.7278 0.4934 0.7278 0.8384 0.7533 0.8384 0.7533 0.4934 0.3267 0.9117 0.3261 0.9103 0.3558 0.9103 0.3564 0.9117 0.4036 0.9144 0.4051 0.9158 0.3602 0.9158 0.3586 0.9144 0.3823 0.9531 0.3832 0.9518 0.3412 0.9518 0.3403 0.9531 0.3261 0.9062 0.3267 0.9048 0.3564 0.9048 0.3558 0.9062 0.3126 0.9531 0.3119 0.9545 0.3397 0.9545 0.3403 0.9531 0.4023 0.9034 0.4014 0.9048 0.3564 0.9048 0.3574 0.9034 0.3258 0.9076 0.3261 0.9062 0.3558 0.9062 0.3555 0.9076 0.3290 0.9144 0.3277 0.9131 0.3574 0.9131 0.3586 0.9144 0.3147 0.9505 0.3135 0.9518 0.3412 0.9518 0.3424 0.9505 0.3116 0.9558 0.3116 0.9571 0.3394 0.9571 0.3394 0.9558 0.0496 0.9040 0.0496 0.9012 0.0498 0.9013 0.0498 0.9041 0.0496 0.9012 0.0500 0.9007 0.0501 0.9012 0.0498 0.9013 0.0548 0.9609 0.0563 0.9609 0.0564 0.9569 0.0548 0.9570 0.0482 0.9609 0.0507 0.9609 0.0506 0.9570 0.0481 0.9570 0.0537 0.9570 0.0537 0.9609 0.0548 0.9609 0.0548 0.9570 0.0558 0.9636 0.0582 0.9638 0.0586 0.9610 0.0563 0.9609 0.0563 0.9609 0.0586 0.9610 0.0587 0.9569 0.0564 0.9569 0.0509 0.9634 0.0523 0.9633 0.0524 0.9609 0.0507 0.9609 0.0524 0.9609 0.0523 0.9633 0.0533 0.9635 0.0537 0.9609 0.0523 0.9633 0.0509 0.9634 0.0510 0.9640 0.0533 0.9635 0.0524 0.9570 0.0524 0.9609 0.0537 0.9609 0.0537 0.9570 0.0486 0.9635 0.0509 0.9634 0.0507 0.9609 0.0482 0.9609 0.0543 0.9634 0.0558 0.9636 0.0563 0.9609 0.0548 0.9609 0.0509 0.9634 0.0486 0.9635 0.0486 0.9639 0.0510 0.9640 0.0587 0.9569 0.0586 0.9610 0.0614 0.9611 0.0615 0.9569 0.0556 0.9641 0.0581 0.9642 0.0582 0.9638 0.0558 0.9636 0.0455 0.9610 0.0458 0.9637 0.0486 0.9635 0.0482 0.9609 0.0586 0.9610 0.0582 0.9638 0.0611 0.9640 0.0614 0.9611 0.0452 0.9570 0.0455 0.9610 0.0482 0.9609 0.0481 0.9570 0.0582 0.9638 0.0581 0.9642 0.0611 0.9644 0.0611 0.9640 0.0507 0.9609 0.0524 0.9609 0.0524 0.9570 0.0506 0.9570 0.0486 0.9639 0.0486 0.9635 0.0458 0.9637 0.0459 0.9640 0.0537 0.9609 0.0533 0.9635 0.0543 0.9634 0.0548 0.9609 0.0533 0.9635 0.0556 0.9641 0.0558 0.9636 0.0543 0.9634 0.0547 0.9530 0.0548 0.9570 0.0564 0.9569 0.0562 0.9530 0.0481 0.9530 0.0481 0.9570 0.0506 0.9570 0.0506 0.9530 0.0537 0.9570 0.0548 0.9570 0.0547 0.9530 0.0536 0.9530 0.0558 0.9504 0.0562 0.9530 0.0585 0.9529 0.0581 0.9502 0.0562 0.9530 0.0564 0.9569 0.0587 0.9569 0.0585 0.9529 0.0510 0.9504 0.0506 0.9530 0.0523 0.9530 0.0523 0.9506 0.0523 0.9530 0.0536 0.9530 0.0533 0.9504 0.0523 0.9506 0.0523 0.9506 0.0533 0.9504 0.0511 0.9498 0.0510 0.9504 0.0524 0.9570 0.0537 0.9570 0.0536 0.9530 0.0523 0.9530 0.0485 0.9502 0.0481 0.9530 0.0506 0.9530 0.0510 0.9504 0.0543 0.9505 0.0547 0.9530 0.0562 0.9530 0.0558 0.9504 0.0510 0.9504 0.0511 0.9498 0.0485 0.9499 0.0485 0.9502 0.0587 0.9569 0.0615 0.9569 0.0612 0.9528 0.0585 0.9529 0.0556 0.9499 0.0558 0.9504 0.0581 0.9502 0.0580 0.9499 0.0453 0.9529 0.0481 0.9530 0.0485 0.9502 0.0456 0.9501 0.0585 0.9529 0.0612 0.9528 0.0608 0.9501 0.0581 0.9502 0.0452 0.9570 0.0481 0.9570 0.0481 0.9530 0.0453 0.9529 0.0581 0.9502 0.0608 0.9501 0.0608 0.9498 0.0580 0.9499 0.0506 0.9530 0.0506 0.9570 0.0524 0.9570 0.0523 0.9530 0.0485 0.9499 0.0456 0.9497 0.0456 0.9501 0.0485 0.9502 0.0536 0.9530 0.0547 0.9530 0.0543 0.9505 0.0533 0.9504 0.0533 0.9504 0.0543 0.9505 0.0558 0.9504 0.0556 0.9499 0.0499 0.9126 0.0499 0.9083 0.0502 0.9083 0.0502 0.9126 0.0485 0.9126 0.0484 0.9083 0.0490 0.9083 0.0490 0.9126 0.0496 0.9083 0.0499 0.9083 0.0499 0.9126 0.0496 0.9126 0.0501 0.9156 0.0502 0.9126 0.0507 0.9127 0.0506 0.9158 0.0502 0.9126 0.0502 0.9083 0.0507 0.9083 0.0507 0.9127 0.0490 0.9153 0.0490 0.9126 0.0494 0.9126 0.0493 0.9152 0.0494 0.9126 0.0496 0.9126 0.0495 0.9154 0.0493 0.9152 0.0493 0.9152 0.0495 0.9154 0.0491 0.9160 0.0490 0.9153 0.0494 0.9083 0.0496 0.9083 0.0496 0.9126 0.0494 0.9126 0.0486 0.9155 0.0485 0.9126 0.0490 0.9126 0.0490 0.9153 0.0498 0.9153 0.0499 0.9126 0.0502 0.9126 0.0501 0.9156 0.0490 0.9153 0.0491 0.9160 0.0485 0.9158 0.0486 0.9155 0.0507 0.9083 0.0513 0.9083 0.0513 0.9128 0.0507 0.9127 0.0500 0.9161 0.0501 0.9156 0.0506 0.9158 0.0506 0.9162 0.0479 0.9127 0.0485 0.9126 0.0486 0.9155 0.0480 0.9156 0.0507 0.9127 0.0513 0.9128 0.0512 0.9159 0.0506 0.9158 0.0478 0.9083 0.0484 0.9083 0.0485 0.9126 0.0479 0.9127 0.0506 0.9158 0.0512 0.9159 0.0512 0.9164 0.0506 0.9162 0.0490 0.9126 0.0490 0.9083 0.0494 0.9083 0.0494 0.9126 0.0485 0.9158 0.0480 0.9159 0.0480 0.9156 0.0486 0.9155 0.0496 0.9126 0.0499 0.9126 0.0498 0.9153 0.0495 0.9154 0.0495 0.9154 0.0498 0.9153 0.0501 0.9156 0.0500 0.9161 0.0498 0.9041 0.0502 0.9040 0.0502 0.9083 0.0499 0.9083 0.0484 0.9040 0.0490 0.9040 0.0490 0.9083 0.0484 0.9083 0.0496 0.9083 0.0496 0.9040 0.0498 0.9041 0.0499 0.9083 0.0501 0.9012 0.0506 0.9010 0.0507 0.9039 0.0502 0.9040 0.0502 0.9040 0.0507 0.9039 0.0507 0.9083 0.0502 0.9083 0.0491 0.9012 0.0493 0.9014 0.0493 0.9040 0.0490 0.9040 0.0493 0.9040 0.0493 0.9014 0.0496 0.9012 0.0496 0.9040 0.0493 0.9014 0.0491 0.9012 0.0491 0.9006 0.0496 0.9012 0.0494 0.9083 0.0493 0.9040 0.0496 0.9040 0.0496 0.9083 0.0485 0.9010 0.0491 0.9012 0.0490 0.9040 0.0484 0.9040 0.0498 0.9013 0.0501 0.9012 0.0502 0.9040 0.0498 0.9041 0.0491 0.9012 0.0485 0.9010 0.0485 0.9006 0.0491 0.9006 0.0507 0.9083 0.0507 0.9039 0.0512 0.9038 0.0513 0.9083 0.0500 0.9007 0.0506 0.9006 0.0506 0.9010 0.0501 0.9012 0.0478 0.9039 0.0479 0.9009 0.0485 0.9010 0.0484 0.9040 0.0507 0.9039 0.0506 0.9010 0.0512 0.9009 0.0512 0.9038 0.0478 0.9083 0.0478 0.9039 0.0484 0.9040 0.0484 0.9083 0.0506 0.9010 0.0506 0.9006 0.0511 0.9005 0.0512 0.9009 0.0490 0.9040 0.0493 0.9040 0.0494 0.9083 0.0490 0.9083 0.0485 0.9006 0.0485 0.9010 0.0479 0.9009 0.0479 0.9004 0.4993 0.8384 0.4993 0.4934 0.4925 0.4934 0.4925 0.8384 0.0610 0.9062 0.0606 0.9076 0.0527 0.9076 0.0530 0.9062 0.0452 0.9103 0.0448 0.9089 0.0471 0.9089 0.0475 0.9103 1.5048 0.8380 1.5048 0.4937 1.5094 0.4937 1.5094 0.8380 0.0495 0.9545 0.0492 0.9558 0.0513 0.9558 0.0516 0.9545 0.0448 0.9089 0.0448 0.9076 0.0471 0.9076 0.0471 0.9089 0.0659 0.9611 0.0585 0.9611 0.0599 0.9625 0.0672 0.9625 0.0475 0.9062 0.0482 0.9048 0.0538 0.9048 0.0530 0.9062 0.0513 0.9571 0.0516 0.9585 0.0568 0.9585 0.0565 0.9571 0.0493 0.9034 0.0508 0.9021 0.0563 0.9021 0.0549 0.9034 0.0506 0.9158 0.0487 0.9144 0.0508 0.9144 0.0527 0.9158 0.0649 0.9531 0.0659 0.9518 0.0585 0.9518 0.0575 0.9531 0.0659 0.9611 0.0649 0.9598 0.0575 0.9598 0.0585 0.9611 0.0523 0.9531 0.0516 0.9545 0.0568 0.9545 0.0575 0.9531 0.0948 0.9638 0.0931 0.9625 0.0774 0.9625 0.0791 0.9638 0.0617 0.9117 0.0610 0.9103 0.0719 0.9103 0.0726 0.9117 0.0582 0.9158 0.0563 0.9144 0.0642 0.9144 0.0660 0.9158 0.0918 0.9518 0.0761 0.9518 0.0751 0.9531 0.0908 0.9531 0.0649 0.9531 0.0642 0.9545 0.0744 0.9545 0.0751 0.9531 0.0919 0.9021 0.0751 0.9021 0.0769 0.9007 0.0937 0.9007 0.0898 0.9571 0.0898 0.9558 0.0741 0.9558 0.0741 0.9571 0.0719 0.9103 0.0610 0.9103 0.0606 0.9089 0.0715 0.9089 1.5394 0.4937 1.5394 0.8380 1.5252 0.8380 1.5252 0.4937 0.0737 0.9034 0.0726 0.9048 0.0617 0.9048 0.0628 0.9034 0.0549 0.9131 0.0538 0.9117 0.0617 0.9117 0.0628 0.9131 0.0741 0.9558 0.0744 0.9545 0.0642 0.9545 0.0639 0.9558 0.0642 0.9144 0.0628 0.9131 0.0737 0.9131 0.0751 0.9144 0.0744 0.9585 0.0642 0.9585 0.0649 0.9598 0.0751 0.9598 0.0791 0.9638 0.0774 0.9625 0.0672 0.9625 0.0689 0.9638 0.0563 0.9021 0.0582 0.9007 0.0660 0.9007 0.0642 0.9021 0.0565 0.9558 0.0565 0.9571 0.0639 0.9571 0.0639 0.9558 1.5252 0.4937 1.5252 0.8380 1.5160 0.8380 1.5160 0.4937 0.0715 0.9076 0.0715 0.9089 0.0606 0.9089 0.0606 0.9076 0.0616 0.9491 0.0599 0.9505 0.0672 0.9505 0.0689 0.9491 0.0726 0.9048 0.0719 0.9062 0.0610 0.9062 0.0617 0.9048 0.0538 0.9117 0.0530 0.9103 0.0610 0.9103 0.0617 0.9117 0.0751 0.9144 0.0769 0.9158 0.0660 0.9158 0.0642 0.9144 0.0726 0.9117 0.0737 0.9131 0.0628 0.9131 0.0617 0.9117 0.0599 0.9505 0.0585 0.9518 0.0659 0.9518 0.0672 0.9505 0.0563 0.9144 0.0549 0.9131 0.0628 0.9131 0.0642 0.9144 0.0918 0.9611 0.0908 0.9598 0.0751 0.9598 0.0761 0.9611 0.0918 0.9518 0.0931 0.9505 0.0774 0.9505 0.0761 0.9518 0.0898 0.9571 0.0741 0.9571 0.0744 0.9585 0.0902 0.9585 0.0919 0.9021 0.0905 0.9034 0.0737 0.9034 0.0751 0.9021 0.0898 0.9558 0.0902 0.9545 0.0744 0.9545 0.0741 0.9558 0.4925 0.8384 0.4925 0.4934 0.4878 0.4934 0.4878 0.8384 0.0530 0.9062 0.0527 0.9076 0.0471 0.9076 0.0475 0.9062 0.0549 0.9034 0.0538 0.9048 0.0482 0.9048 0.0493 0.9034 0.0471 0.9131 0.0460 0.9117 0.0482 0.9117 0.0493 0.9131 0.0527 0.9505 0.0513 0.9518 0.0534 0.9518 0.0548 0.9505 0.0487 0.9144 0.0471 0.9131 0.0493 0.9131 0.0508 0.9144 0.0495 0.9585 0.0502 0.9598 0.0523 0.9598 0.0516 0.9585 0.0585 0.9611 0.0534 0.9611 0.0548 0.9625 0.0599 0.9625 0.0545 0.9491 0.0527 0.9505 0.0548 0.9505 0.0565 0.9491 0.0460 0.9117 0.0452 0.9103 0.0475 0.9103 0.0482 0.9117 0.0575 0.9531 0.0585 0.9518 0.0534 0.9518 0.0523 0.9531 0.0502 0.9598 0.0513 0.9611 0.0534 0.9611 0.0523 0.9598 0.0487 0.9021 0.0506 0.9007 0.0527 0.9007 0.0508 0.9021 1.5030 0.8380 1.5030 0.4937 1.5048 0.4937 1.5048 0.8380 0.0568 0.9545 0.0516 0.9545 0.0513 0.9558 0.0565 0.9558 0.0527 0.9076 0.0527 0.9089 0.0471 0.9089 0.0471 0.9076 0.0527 0.9625 0.0545 0.9638 0.0565 0.9638 0.0548 0.9625 0.0452 0.9062 0.0460 0.9048 0.0482 0.9048 0.0475 0.9062 0.0492 0.9571 0.0495 0.9585 0.0516 0.9585 0.0513 0.9571 0.0471 0.9034 0.0487 0.9021 0.0508 0.9021 0.0493 0.9034 0.0502 0.9531 0.0495 0.9545 0.0516 0.9545 0.0523 0.9531 0.0492 0.9558 0.0492 0.9571 0.0513 0.9571 0.0513 0.9558 0.1154 0.9144 0.1172 0.9158 0.0937 0.9158 0.0919 0.9144 0.1121 0.9585 0.0902 0.9585 0.0908 0.9598 0.1128 0.9598 0.1122 0.9062 0.1119 0.9076 0.0884 0.9076 0.0887 0.9062 0.1119 0.9089 0.1122 0.9103 0.0887 0.9103 0.0884 0.9089 0.1151 0.9625 0.1138 0.9611 0.0918 0.9611 0.0931 0.9625 0.1236 0.9103 0.1243 0.9117 0.1129 0.9117 0.1122 0.9103 0.1244 0.9518 0.1257 0.9505 0.1151 0.9505 0.1138 0.9518 0.1257 0.9505 0.1274 0.9491 0.1167 0.9491 0.1151 0.9505 0.1234 0.9531 0.1244 0.9518 0.1138 0.9518 0.1128 0.9531 0.1225 0.9558 0.1228 0.9545 0.1121 0.9545 0.1118 0.9558 0.1244 0.9611 0.1234 0.9598 0.1128 0.9598 0.1138 0.9611 0.1228 0.9545 0.1234 0.9531 0.1128 0.9531 0.1121 0.9545 0.1254 0.9131 0.1268 0.9144 0.1154 0.9144 0.1140 0.9131 0.1285 0.9007 0.1268 0.9021 0.1154 0.9021 0.1172 0.9007 0.5533 0.8384 0.5533 0.4934 0.5435 0.4934 0.5435 0.8384 1.5689 0.4937 1.5689 0.8380 1.5593 0.8380 1.5593 0.4937 0.1254 0.9034 0.1243 0.9048 0.1129 0.9048 0.1140 0.9034 0.1233 0.9076 0.1233 0.9089 0.1119 0.9089 0.1119 0.9076 0.1243 0.9048 0.1236 0.9062 0.1122 0.9062 0.1129 0.9048 " />
							</IndexedFaceSet>
						</Shape>
					</Group>
				</Transform>
			</Transform>
		</Transform>
	</Scene>
</X3D>