#VRML V2.0 utf8  (Created By ISB 2.1)
# This file was created with Internet3D Space Builder v2.1.
# According to License Agreement, you may not remove or modify this notice.
# Internet3D Space Builder (C) 1996, 1997 ParaGraph International, Inc.
# http://www.paragraph.com
# Last modification: [Tue Jun 02 15:17:59 1998]


#===============================================
# COPYRIGHT
#===============================================

WorldInfo {
	title "Les Iles Flottantes"
	info [
		"Author: Copyright © Bernard Josquin 1996-2000 ( webmaster@mondesvirtuels.com )"
		"Company: Les Mondes Virtuels ( http://www.mondesvirtuels.com/ )"
        "Version: 1.1 ( Creation : 10/09/1998 - Modifié le 29/03/2004 )"
		"Des iles suspendues dans le vide reliées entre elles par de frêles ponts de bois. Attention au vertige :o)  "
	]
}

EXTERNPROTO	Xiti [
	exposedField	MFString Xiti_url		
	field			SFVec3f  Xiti_pos				
	field			SFVec3f  Xiti_size 			
]
"../protos/xiti.wrl"
Xiti{
	Xiti_url	"http://logv17.xiti.com/hit.xiti?s=65289&p=monde_iles_flottantes"
	Xiti_pos	-102.3 27.8 66.95
	Xiti_size	0.01 0.01 0.01
}

#===============================================
# VIEWPOINTS
#===============================================
Viewpoint 
{
	fieldOfView 0.75
	orientation 0 -1 0 0.3
	position -12.061 9.76 26.5
	description "Entree"
}

Viewpoint {
	fieldOfView 0.75
	orientation 0 -1 0 0.45
	position -13.34 7.43 71.88
	description "Port flottant"
}

Viewpoint {
	fieldOfView 0.75
	orientation 0 1 0 0.1
	position 21.54 22.22 24.4
	description "Point culminant"
}

Viewpoint {
	fieldOfView 0.75
	orientation 0 1 0 2.54
	position 48.87 6.08 -33.2
	description "Ile aux moutons"
}

#===============================================
# ARRIERE PLAN
#===============================================

Background {
   skyAngle [ 0,0.1, 0.2, 0.3, 0.4, 0.5, 0.7, 0.8, 0.9, 1.0, 1.1, 1.2, 1.3, 1.4, 1.5, 1.6,1.7, 1.8,1.9,2.0,2.1,2.2,2.3,2.4,2.5,2.6,2.7,2.8,2.9,3.0,3.1415]
   skyColor [
      0.23 0.23 0.5,
	  0.23 0.23 0.53,
	  0.23 0.23 0.56,
	  0.23 0.23 0.6,
	  0.23 0.23 0.63,
	  0.23 0.23 0.66,
	  0.23 0.23 0.7,
	  0.23 0.23 0.73,
	  0.23 0.23 0.76,
	  0.26 0.26 0.80,
	  0.26 0.26 0.83,
	  0.26 0.3 0.86,
	  0.3 0.33 0.9,
	  0.33 0.36 0.9,
	  0.36 0.6 0.9,
	  0.6 0.8 0.8,
	  0.6 0.6 0.95,
	  0.5 0.56 0.9, # ligne d'horizon
	  0.5 0.5 0.9,
	  0.53 0.53 0.9,
	  0.56 0.56 0.9,,
	  0.6 0.6 0.9,
	  0.63 0.63 0.9,
	  0.66 0.66 0.9,
	  0.7 0.7 0.9,
	  0.73 0.73 0.9,
	  0.76 0.76 0.9,
	  0.8 0.8 0.9,
	  0.83 0.86 0.9,
	  0.86 0.86 0.9,
	  0.9 0.9 0.9,
	  0.93 0.93 0.93,
	  0.96 0.96 0.96,
	  0.99 0.99 0.99,
	  1 1 1


   ]
   
}


#===============================================
# ECLAIRAGES
#===============================================
DirectionalLight {
	direction -0.2 -0.6 -0.8

}
DirectionalLight {
        direction 6 -20.6 8
}


#===============================================
# BROUILLARD
#===============================================
Fog {
	color 0.5 0.56 0.9#0.4 0.4 0.9
	fogType "LINEAR"
	visibilityRange 80
}

#===============================================
# SCENE PRINCIPALE
#===============================================
Transform {
	scale 0.3 0.3 0.3
	children [


	#===============================================
	# CONNECTION MONDE PORTES
	#===============================================
	DEF Door Anchor {
	  description "Le Monde des PortesZZZ"
	  url "http://beta.mondesvirtuels.com/mondeportes/index.php?id=5"
	  parameter ["target=_parent"]
	  children [
	   Transform {
    	 translation -102.326 27.2214 92.5971 # translation de votre porte.
    	 rotation 0 -1 0 1.26416 # rotation de votre porte.
    	 scale 1 1 1       
    	 children [
    	   Inline {
        	 url "http://beta.mondesvirtuels.com/mondeportes/wrls/door.wrl"	  
    	   }	
    	 ]
    	}
	  ]
	}











#===============================================
# MODELISATION
#===============================================

Group { # children: 16
	children [

#                 Sound {
#                        minFront 100000
#                        maxFront 100000
#                        minBack 100000
#                        maxBack 100000
#                        source DEF Music_Iles AudioClip {
#                            url "01.mid"
#                                                      loop TRUE
#                                                     }
#                       }

                DEF Ile2 Transform { # children: 9
				translation -5.5443 4.70906 0.320675
				rotation 0 0 1 0
				scaleOrientation 0 0 1 0
				children [
				DEF principal Transform { # children: 15
					translation 0 -4.64233 0
					rotation 0 0 1 0
					scaleOrientation 0 0 1 0
					scale 1 1.40984 1
					children [
						Shape {
							appearance Appearance {
								material Material {
									diffuseColor 0.8 0.8 0.8
								}
								texture ImageTexture {
									url "04.jpg"
								}
							}
							geometry IndexedFaceSet { # faces: 20
								convex FALSE
								colorPerVertex FALSE
								coord DEF Label_000 Coordinate {
									point [
										-18.269 11.3273 -3.83631,
										-16.8928 11.3273 -11.1252,
										9.84927 -4.9307 -3.83631,
										-12.8989 11.3273 -17.7006,
										-6.67825 11.3273 -22.9189,
										1.16024 11.3273 -26.2692,
										9.84927 11.3273 -27.4237,
										18.5383 11.3273 -26.2692,
										26.3768 11.3273 -22.9189,
										32.5974 11.3273 -17.7006,
										36.5913 11.3273 -11.1252,
										37.9676 11.3273 -3.83631,
										36.5913 11.3273 3.45259,
										32.5974 11.3273 10.028,
										26.3768 11.3273 15.2463,
										18.5383 11.3273 18.5966,
										9.84927 11.3273 19.7511,
										1.16024 11.3273 18.5966,
										-6.67825 11.3273 15.2463,
										-12.8989 11.3273 10.028,
										-16.8928 11.3273 3.45259
									]
								}
								coordIndex [
									0, 1, 2, -1,
									1, 3, 2, -1,
									3, 4, 2, -1,
									4, 5, 2, -1,
									5, 6, 2, -1,
									6, 7, 2, -1,
									7, 8, 2, -1,
									8, 9, 2, -1,
									9, 10, 2, -1,
									10, 11, 2, -1,
									11, 12, 2, -1,
									12, 13, 2, -1,
									13, 14, 2, -1,
									14, 15, 2, -1,
									15, 16, 2, -1,
									16, 17, 2, -1,
									17, 18, 2, -1,
									18, 19, 2, -1,
									19, 20, 2, -1,
									20, 0, 2, -1,
								]
								texCoord DEF Label_001 TextureCoordinate {
									point [
										1.36803 2.63223,
										1.05586 2.8325,
										0.28294 1.42393,
										1.05586 2.8325,
										0.684263 2.93191,
										0.28294 1.42393,
										0.684263 2.93191,
										0.27834 2.92528,
										0.28294 1.42393,
										0.27834 2.92528,
										-0.133304 2.81476,
										0.28294 1.42393,
										-0.133304 2.81476,
										-0.520632 2.60968,
										0.28294 1.42393,
										-0.520632 2.60968,
										-0.854635 2.32591,
										0.28294 1.42393,
										-0.854635 2.32591,
										-1.10983 1.98453,
										0.28294 1.42393,
										-1.10983 1.98453,
										-1.2664 1.60996,
										0.28294 1.42393,
										-1.2664 1.60996,
										-1.31176 1.22798,
										0.28294 1.42393,
										-1.31176 1.22798,
										-1.24142 0.863822,
										0.28294 1.42393,
										-1.24142 0.863822,
										-1.05925 0.54076,
										0.28294 1.42393,
										-1.05925 0.54076,
										-0.777359 0.279025,
										0.28294 1.42393,
										-0.777359 0.279025,
										-0.415515 0.0949403,
										0.28294 1.42393,
										-0.415516 0.0949403,
										-1.15604e-007 -2.66555e-008,
										0.28294 1.42393,
										-1.29631e-007 -1.27151e-008,
										0.438269 -2.63119e-008,
										0.28294 1.42393,
										0.438269 -2.63119e-008,
										0.866231 0.0944924,
										0.28294 1.42393,
										0.866231 0.0944924,
										1.2515 0.276786,
										0.28294 1.42393,
										1.2515 0.276786,
										1.56515 0.534556,
										0.28294 1.42393,
										1.73924 1.98451,
										1.60059 2.34332,
										0.28294 1.42393,
										1.60059 2.34332,
										1.36803 2.63223,
										0.28294 1.42393,
										0.861836 0,
										1.2465 4.77898e-007,
										1.63097 0.130386,
										1.97761 0.378397,
										2.25249 0.719751,
										2.42869 1.12104,
										2.48898 1.54298,
										2.42744 1.94426,
										2.25012 2.28562,
										1.97435 2.53363,
										1.62714 2.66401,
										1.24247 2.66401,
										0.858004 2.53363,
										0.511368 2.28561,
										0.23649 1.94426,
										0.0602875 1.54297,
										-1.42432e-006 1.12103,
										0.0615319 0.719747,
										0.23886 0.378393,
										0.514626 0.130386
									]
								}
								texCoordIndex [
									0, 1, 2, -1,
									3, 4, 5, -1,
									6, 7, 8, -1,
									9, 10, 11, -1,
									12, 13, 14, -1,
									15, 16, 17, -1,
									18, 19, 20, -1,
									21, 22, 23, -1,
									24, 25, 26, -1,
									27, 28, 29, -1,
									30, 31, 32, -1,
									33, 34, 35, -1,
									36, 37, 38, -1,
									39, 40, 41, -1,
									42, 43, 44, -1,
									45, 46, 47, -1,
									48, 49, 50, -1,
									51, 52, 53, -1,
									54, 55, 56, -1,
									57, 58, 59, -1,
								]
							}
						}
						Shape {
							appearance Appearance {
								material Material {
									diffuseColor 0.8 0.8 0.8
								}
								texture ImageTexture {
									url "01.jpg"
								}
							}
							geometry IndexedFaceSet { # faces: 1
								convex FALSE
								colorPerVertex FALSE
								coord USE Label_000
								coordIndex [
									20, 19, 18, 17, 16, 15, 14, 13, 12, 11, 10, 9, 8, 7, 6, 5, 4, 3, 1, 0, -1
								]
								texCoord USE Label_001
								texCoordIndex [
									60, 61, 62, 63, 64, 65, 66, 67, 68, 69, 70, 71, 72, 73, 74, 75, 76, 77, 78, 79, -1
								]
							}
						}
						DEF Arbre5 Transform { # children: 2
							translation 2.87195 9.41552 -8.37875
							rotation 0 0 1 0
							scaleOrientation 0 0 1 0
							scale 1 0.7093 1
							children [
								DEF _Object0 Group { # children: 2
									children [
										DEF tronc5 Transform { # children: 1
											translation 0.120443 1.79824 -0.71072
											rotation 0 0 1 0
											scaleOrientation 0 0 1 0
											scale 0.694444 0.488616 0.694444
											children [
												Shape {
													appearance Appearance {
														material Material {
															diffuseColor 0.501961 0 0
														}
														texture ImageTexture {
															url "07.jpg"
														}
													}
													geometry IndexedFaceSet { # faces: 4
														convex FALSE
														colorPerVertex FALSE
														coord DEF Label_002 Coordinate {
															point [
																-0.429688 1.83594 -1.75781,
																0.195313 1.83594 -1.75781,
																0.195313 6.60156 -1.75781,
																-0.429688 6.60156 -1.75781,
																0.195313 1.83594 -2.38281,
																0.195313 6.60156 -2.38281,
																-0.429688 1.83594 -2.38281,
																-0.429688 6.60156 -2.38281
															]
														}
														coordIndex [
															0, 1, 2, 3, -1,
															1, 4, 5, 2, -1,
															6, 0, 3, 7, -1,
															4, 6, 7, 5, -1,
														]
														texCoord DEF Label_003 TextureCoordinate {
															point [
																0 0,
																0.5 0,
																0.5 3.8125,
																0 3.8125,
																0.5 0,
																1 0,
																1 3.8125,
																0.5 3.8125,
																-0.5 0,
																0 0,
																0 3.8125,
																-0.5 3.8125,
																1 0,
																1.5 0,
																1.5 3.8125,
																1 3.8125
															]
														}
														texCoordIndex [
															0, 1, 2, 3, -1,
															4, 5, 6, 7, -1,
															8, 9, 10, 11, -1,
															12, 13, 14, 15, -1,
														]
													}
												}
												Shape {
													appearance Appearance {
														material Material {
															diffuseColor 0.8 0.8 0.8
														}
													}
													geometry IndexedFaceSet { # faces: 2
														convex FALSE
														colorPerVertex FALSE
														coord USE Label_002
														coordIndex [
															3, 2, 5, 7, -1,
															6, 4, 1, 0, -1
														]
														texCoord USE Label_003
														texCoordIndex [
															-1,
															-1
														]
													}
												}
											]
										}
										DEF feuillage5 Transform { # children: 1
											translation 0.0933689 0 -0.078125
											rotation 0 0 1 0
											scaleOrientation 0 0 1 0
											scale 1.19512 1 1
											children [
												Shape {
													appearance Appearance {
														material Material {
															diffuseColor 0.8 0.8 0.8
														}
														texture ImageTexture {
															url "06.jpg"
														}
													}
													geometry IndexedFaceSet { # faces: 21
														convex FALSE
														colorPerVertex FALSE
														coord DEF Label_004 Coordinate {
															point [
																1.52344 3.63281 -2.22656,
																1.44505 3.63281 -2.84218,
																-0.078125 9.17969 -2.22656,
																1.21757 3.63281 -3.39754,
																0.86325 3.63281 -3.83828,
																0.416785 3.63281 -4.12125,
																-0.078125 3.63281 -4.21875,
																-0.573035 3.63281 -4.12125,
																-1.0195 3.63281 -3.83828,
																-1.37382 3.63281 -3.39754,
																-1.6013 3.63281 -2.84218,
																-1.67969 3.63281 -2.22656,
																-1.6013 3.63281 -1.61094,
																-1.37382 3.63281 -1.05558,
																-1.0195 3.63281 -0.614849,
																-0.573035 3.63281 -0.33188,
																-0.078125 3.63281 -0.234375,
																0.416785 3.63281 -0.33188,
																0.86325 3.63281 -0.614849,
																1.21757 3.63281 -1.05558,
																1.44505 3.63281 -1.61094
															]
														}
														coordIndex [
															0, 1, 2, -1,
															1, 3, 2, -1,
															3, 4, 2, -1,
															4, 5, 2, -1,
															5, 6, 2, -1,
															6, 7, 2, -1,
															7, 8, 2, -1,
															8, 9, 2, -1,
															9, 10, 2, -1,
															10, 11, 2, -1,
															11, 12, 2, -1,
															12, 13, 2, -1,
															13, 14, 2, -1,
															14, 15, 2, -1,
															15, 16, 2, -1,
															16, 17, 2, -1,
															17, 18, 2, -1,
															18, 19, 2, -1,
															19, 20, 2, -1,
															20, 0, 2, -1,
															20, 19, 18, 17, 16, 15, 14, 13, 12, 11, 10, 9, 8, 7, 6, 5, 4, 3, 1, 0, -1
														]
														texCoord DEF Label_005 TextureCoordinate {
															point [
																-0.0646882 0.420158,
																-0.112638 0.493667,
																-0.76376 -0.00169018,
																-0.112638 0.493667,
																-0.164116 0.561146,
																-0.76376 -0.00169018,
																-0.164116 0.561146,
																-0.217829 0.620397,
																-0.76376 -0.00169018,
																-0.217829 0.620397,
																-0.27344 0.670351,
																-0.76376 -0.00169018,
																-0.27344 0.670351,
																-0.33191 0.711219,
																-0.76376 -0.00169018,
																-0.33191 0.711219,
																-0.395209 0.744113,
																-0.76376 -0.00169018,
																-0.395209 0.744113,
																-0.465238 0.770267,
																-0.76376 -0.00169018,
																-0.465238 0.770267,
																-0.542628 0.790432,
																-0.76376 -0.00169018,
																-0.542628 0.790432,
																-0.626275 0.804806,
																-0.76376 -0.00169018,
																-0.626275 0.804806,
																-0.713631 0.81326,
																-0.76376 -0.00169018,
																-0.713631 0.81326,
																-0.801366 0.815576,
																-0.76376 -0.00169018,
																-0.801366 0.815576,
																-0.886144 0.811562,
																-0.76376 -0.00169018,
																0.0401209 -0.175278,
																0.0583536 -0.0974102,
																-0.76376 -0.00169017,
																0.0583536 -0.0974102,
																0.067857 -0.0232635,
																-0.76376 -0.00169018,
																0.067857 -0.0232635,
																0.0682599 0.0480717,
																-0.76376 -0.00169018,
																0.0682599 0.0480717,
																0.0593575 0.11885,
																-0.76376 -0.00169018,
																0.0593575 0.11885,
																0.0410843 0.191336,
																-0.76376 -0.00169018,
																0.0410843 0.191336,
																0.0137006 0.266475,
																-0.76376 -0.00169018,
																0.0137006 0.266475,
																-0.0220044 0.343472,
																-0.76376 -0.00169018,
																-0.0220044 0.343472,
																-0.0646882 0.420158,
																-0.76376 -0.00169018,
																0.433539 -0.0737325,
																0.370573 -0.0168231,
																0.298441 0.0177132,
																0.224205 0.0264974,
																0.155132 0.00866922,
																0.0979839 -0.0340265,
																0.0583536 -0.0974102,
																0.0401201 -0.175277,
																0.0450704 -0.260006,
																0.0727172 -0.343302,
																0.120357 -0.417013,
																0.183323 -0.473922,
																0.255455 -0.508459,
																0.329691 -0.517244,
																0.398763 -0.499415,
																0.455912 -0.45672,
																0.495542 -0.393336,
																0.513775 -0.315468,
																0.508825 -0.230739,
																0.481178 -0.147443
															]
														}
														texCoordIndex [
															0, 1, 2, -1,
															3, 4, 5, -1,
															6, 7, 8, -1,
															9, 10, 11, -1,
															12, 13, 14, -1,
															15, 16, 17, -1,
															18, 19, 20, -1,
															21, 22, 23, -1,
															24, 25, 26, -1,
															27, 28, 29, -1,
															30, 31, 32, -1,
															33, 34, 35, -1,
															36, 37, 38, -1,
															39, 40, 41, -1,
															42, 43, 44, -1,
															45, 46, 47, -1,
															48, 49, 50, -1,
															51, 52, 53, -1,
															54, 55, 56, -1,
															57, 58, 59, -1,
															60, 61, 62, 63, 64, 65, 66, 67, 68, 69, 70, 71, 72, 73, 74, 75, 76, 77, 78, 79, -1
														]
													}
												}
											]
										}
									]
								}
							]
						}
						DEF Arbre6 Transform { # children: 2
							translation 26.4281 9.41552 -15.1585
							rotation 0 0 1 0
							scaleOrientation 0 0 1 0
							scale 1 0.7093 1
							children [
								USE _Object0
							]
						}
						DEF Rocher3 Transform { # children: 1
							translation 7.85106 11.1422 -12.2914
							rotation 0 0 1 0
							scaleOrientation 0 0 1 0
							scale 1 0.7093 1
							children [
								DEF _Object1 Group { # children: 1
									children [
										Shape {
											appearance Appearance {
												material Material {
													diffuseColor 0.8 0.8 0.8
												}
												texture ImageTexture {
													url "03.jpg"
												}
											}
											geometry IndexedFaceSet { # faces: 12
												convex FALSE
												colorPerVertex FALSE
												coord DEF Label_006 Coordinate {
													point [
														2.57076 1.12545 -1.21992,
														2.1558 0.0390625 -1.89134,
														0.81295 0.0390625 -1.89134,
														0.397987 1.12545 -1.21992,
														1.48438 1.79688 -0.804954,
														1.48438 -1.71875 -0.804954,
														0.397987 -1.04733 -1.21992,
														2.57076 -1.04733 -1.21992,
														3.24219 0.710487 -0.133529,
														3.24219 -0.632362 -0.133529,
														2.57076 1.12545 0.952859,
														2.1558 0.0390625 1.62428,
														2.57076 -1.04733 0.952859,
														0.81295 0.0390625 1.62428,
														0.397987 -1.04733 0.952859,
														1.48438 -1.71875 0.537895,
														0.397987 1.12545 0.952859,
														1.48438 1.79688 0.537895,
														-0.273438 0.710487 -0.133529,
														-0.273438 -0.632362 -0.133529
													]
												}
												coordIndex [
													0, 1, 2, 3, 4, -1,
													5, 6, 2, 1, 7, -1,
													0, 8, 9, 7, 1, -1,
													8, 10, 11, 12, 9, -1,
													12, 11, 13, 14, 15, -1,
													16, 13, 11, 10, 17, -1,
													4, 17, 10, 8, 0, -1,
													17, 4, 3, 18, 16, -1,
													15, 5, 7, 9, 12, -1,
													6, 5, 15, 14, 19, -1,
													2, 6, 19, 18, 3, -1,
													19, 14, 13, 16, 18, -1
												]
												texCoord DEF Label_007 TextureCoordinate {
													point [
														-0.703125 1.0217,
														-0.86911 1.53255,
														-1.40625 1.53255,
														-1.57224 1.0217,
														-1.13768 0.705974,
														-0.600541 2.35912,
														-1.13769 2.35912,
														-1.30367 1.84827,
														-0.86911 1.53255,
														-0.434554 1.84827,
														-0.703125 1.0217,
														-0.165985 1.0217,
														3.0835e-008 1.53255,
														-0.434555 1.84827,
														-0.869107 1.53255,
														-0.165985 1.0217,
														-1.21089e-007 0.51085,
														0.537137 0.510851,
														0.703125 1.0217,
														0.268569 1.33742,
														0.703125 1.0217,
														0.537139 0.51085,
														0.971695 0.195127,
														1.40625 0.51085,
														1.24026 1.0217,
														0.26857 -0.315723,
														0.703123 1.28908e-007,
														0.53714 0.51085,
														3.80665e-006 0.510848,
														-0.165985 5.52448e-008,
														-0.86911 0.51085,
														-0.434554 0.195129,
														-1.33204e-007 0.51085,
														-0.165985 1.0217,
														-0.703127 1.0217,
														-1.84081 0.195128,
														-1.40626 0.510849,
														-1.57224 1.0217,
														-2.10938 1.0217,
														-2.27537 0.510852,
														1.13768 1.33742,
														0.971692 1.84827,
														0.434555 1.84827,
														0.26857 1.33742,
														0.70313 1.0217,
														-1.84081 1.84827,
														-2.00679 2.35912,
														-2.54393 2.35912,
														-2.70992 1.84827,
														-2.27537 1.53255,
														-1.40625 1.53255,
														-1.8408 1.84827,
														-2.27536 1.53255,
														-2.10938 1.0217,
														-1.57224 1.0217,
														-2.27536 1.53255,
														-2.8125 1.53255,
														-2.97848 1.0217,
														-2.54393 0.705978,
														-2.10938 1.0217
													]
												}
												texCoordIndex [
													0, 1, 2, 3, 4, -1,
													5, 6, 7, 8, 9, -1,
													10, 11, 12, 13, 14, -1,
													15, 16, 17, 18, 19, -1,
													20, 21, 22, 23, 24, -1,
													25, 26, 27, 28, 29, -1,
													30, 31, 32, 33, 34, -1,
													35, 36, 37, 38, 39, -1,
													40, 41, 42, 43, 44, -1,
													45, 46, 47, 48, 49, -1,
													50, 51, 52, 53, 54, -1,
													55, 56, 57, 58, 59, -1
												]
											}
										}
									]
								}
							]
						}
						DEF Arbre7 Transform { # children: 2
							translation 11.8127 8.83182 -12.2787
							rotation 0 0 1 0
							scaleOrientation 0 0 1 0
							scale 1 0.92586 1
							children [
								USE _Object0
							]
						}
						DEF Arbre8 Transform { # children: 2
							translation 12.0663 9.96273 -9.74968
							rotation 0 0 1 0
							scaleOrientation 0 0 1 0
							scale 1 0.506275 1
							children [
								USE _Object0
							]
						}
						DEF Arbre9 Transform { # children: 2
							translation -6.98551 9.41552 4.88874
							rotation 0 0 1 0
							scaleOrientation 0 0 1 0
							scale 1 0.7093 1
							children [
								USE _Object0
							]
						}
						DEF Rocher4 Transform { # children: 1
							translation -10.1765 10.7911 1.76149
							rotation 0 0 1 0
							scaleOrientation 0 0 1 0
							scale 1 0.7093 1
							children [
								USE _Object1
							]
						}
						DEF Rocher5 Transform { # children: 2
							translation -10.9062 12.1953 -0.727505
							rotation 0 0 1 0
							scaleOrientation 0 0 1 0
							scale 1.28157 0.7093 1.56314
							children [
								Shape {
									appearance Appearance {
										material Material {
											diffuseColor 0.8 0.8 0.8
										}
										texture ImageTexture {
											url "03.jpg"
										}
									}
									geometry IndexedFaceSet { # faces: 12
										convex FALSE
										colorPerVertex FALSE
										coord DEF Label_008 Coordinate {
											point [
												2.57076 1.12545 -1.21992,
												2.1558 0.0390625 -1.89134,
												0.81295 0.0390625 -1.89134,
												0.397987 1.12545 -1.21992,
												1.48438 1.79688 -0.804954,
												1.48438 -1.71875 -0.804954,
												0.397987 -1.04733 -1.21992,
												2.57076 -1.04733 -1.21992,
												3.24219 0.710487 -0.133529,
												3.24219 -0.632362 -0.133529,
												2.57076 1.12545 0.952859,
												2.1558 0.0390625 1.62428,
												2.57076 -1.04733 0.952859,
												0.81295 0.0390625 1.62428,
												0.397987 -1.04733 0.952859,
												1.48438 -1.71875 0.537895,
												0.397987 1.12545 0.952859,
												1.48438 1.79688 0.537895,
												-0.273438 0.710487 -0.133529,
												-0.273438 -0.632362 -0.133529
											]
										}
										coordIndex [
											0, 1, 2, 3, 4, -1,
											5, 6, 2, 1, 7, -1,
											0, 8, 9, 7, 1, -1,
											8, 10, 11, 12, 9, -1,
											12, 11, 13, 14, 15, -1,
											16, 13, 11, 10, 17, -1,
											4, 17, 10, 8, 0, -1,
											17, 4, 3, 18, 16, -1,
											15, 5, 7, 9, 12, -1,
											6, 5, 15, 14, 19, -1,
											2, 6, 19, 18, 3, -1,
											19, 14, 13, 16, 18, -1
										]
										texCoord DEF Label_009 TextureCoordinate {
											point [
												-0.703125 1.0217,
												-0.86911 1.53255,
												-1.40625 1.53255,
												-1.57224 1.0217,
												-1.13768 0.705974,
												-0.600541 2.35912,
												-1.13769 2.35912,
												-1.30367 1.84827,
												-0.86911 1.53255,
												-0.434554 1.84827,
												-0.703125 1.0217,
												-0.165985 1.0217,
												3.0835e-008 1.53255,
												-0.434555 1.84827,
												-0.869107 1.53255,
												-0.165985 1.0217,
												-1.21089e-007 0.51085,
												0.537137 0.510851,
												0.703125 1.0217,
												0.268569 1.33742,
												0.703125 1.0217,
												0.537139 0.51085,
												0.971695 0.195127,
												1.40625 0.51085,
												1.24026 1.0217,
												0.26857 -0.315723,
												0.703123 1.28908e-007,
												0.53714 0.51085,
												3.80665e-006 0.510848,
												-0.165985 5.52448e-008,
												-0.86911 0.51085,
												-0.434554 0.195129,
												-1.33204e-007 0.51085,
												-0.165985 1.0217,
												-0.703127 1.0217,
												-1.84081 0.195128,
												-1.40626 0.510849,
												-1.57224 1.0217,
												-2.10938 1.0217,
												-2.27537 0.510852,
												1.13768 1.33742,
												0.971692 1.84827,
												0.434555 1.84827,
												0.26857 1.33742,
												0.70313 1.0217,
												-1.84081 1.84827,
												-2.00679 2.35912,
												-2.54393 2.35912,
												-2.70992 1.84827,
												-2.27537 1.53255,
												-1.40625 1.53255,
												-1.8408 1.84827,
												-2.27536 1.53255,
												-2.10938 1.0217,
												-1.57224 1.0217,
												-2.27536 1.53255,
												-2.8125 1.53255,
												-2.97848 1.0217,
												-2.54393 0.705978,
												-2.10938 1.0217
											]
										}
										texCoordIndex [
											0, 1, 2, 3, 4, -1,
											5, 6, 7, 8, 9, -1,
											10, 11, 12, 13, 14, -1,
											15, 16, 17, 18, 19, -1,
											20, 21, 22, 23, 24, -1,
											25, 26, 27, 28, 29, -1,
											30, 31, 32, 33, 34, -1,
											35, 36, 37, 38, 39, -1,
											40, 41, 42, 43, 44, -1,
											45, 46, 47, 48, 49, -1,
											50, 51, 52, 53, 54, -1,
											55, 56, 57, 58, 59, -1
										]
									}
								}
								DEF Arbre10 Transform { # children: 2
									translation 3.14549 -1.23203 0.0343598
									rotation -1.38255e-015 1 1.43547e-015 1.5708
									scaleOrientation -0.675155 0.521617 -0.521614 3.43769e-006
									scale 0.639739 1 0.780295
									children [
										USE _Object0
									]
								}
							]
						}
						DEF Arbre11 Transform { # children: 2
							translation 19.7517 8.43053 14.19
							rotation 0 0 1 0
							scaleOrientation 0 0 1 0
							scale 1 1.07475 1
							children [
								USE _Object0
							]
						}
						DEF Rocher6 Transform { # children: 1
							translation 19.9817 11.0544 12.4669
							rotation 0 0 1 0
							scaleOrientation 0 0 1 0
							scale 1 0.7093 1
							children [
								USE _Object1
							]
						}
						DEF Rocher7 Transform { # children: 1
							translation -12.7954 13.3793 -6.91065
							rotation 0 0 1 0
							scaleOrientation 0 0 1 0
							scale 3.14319 1.59771 3.1432
							children [
								USE _Object1
							]
						}
						DEF Rocher8 Transform { # children: 1
							translation -7.04438 14.6142 -12.3753
							rotation -0.169009 -0.837181 -0.520158 0.740432
							scaleOrientation 0.29963 0.244351 0.922234 1.8519
							scale 1.64358 3.05548 3.14321
							children [
								USE _Object1
							]
						}
						DEF Rocher9 Transform { # children: 1
							translation -15.2417 13.3793 -10.5312
							rotation 0 0 1 0
							scaleOrientation 0 0 1 0
							scale 3.14319 1.59771 3.1432
							children [
								USE _Object1
							]
						}
						DEF Rocher10 Transform { # children: 1
							translation -12.404 17.1273 -9.06342
							rotation 0 0 1 0
							scaleOrientation 0 0 1 0
							scale 3.14319 1.59771 3.1432
							children [
								USE _Object1
							]
						}
					]
				}
				DEF pic Transform { # children: 1
					translation 0.533048 0 0.266524
					rotation 0 0 1 0
					scaleOrientation 0 0 1 0
					children [
						DEF _Object2 Group { # children: 1
							children [
								Shape {
									appearance Appearance {
										material Material {
											diffuseColor 0.8 0.8 0.8
										}
										texture ImageTexture {
											url "04.jpg"
										}
									}
									geometry IndexedFaceSet { # faces: 4
										convex FALSE
										colorPerVertex FALSE
										coord DEF Label_010 Coordinate {
											point [
												2.69171 10.7998 3.22658,
												-13.4772 9.10041 3.22658,
												-3.69332 -6.21878 -4.90241,
												-13.4772 9.10041 -13.0314,
												2.69171 10.7998 -13.0314
											]
										}
										coordIndex [
											0, 1, 2, -1,
											1, 3, 2, -1,
											3, 4, 2, -1,
											0, 2, 4, -1,
										]
										texCoord DEF Label_011 TextureCoordinate {
											point [
												0 0,
												3.25159 0,
												1.6258 3.63539,
												0 0,
												3.25159 0,
												1.6258 3.63539,
												0 0,
												3.25159 0,
												1.6258 3.63539,
												0 0,
												3.98237 6.66134e-017,
												1.32746 2.96829
											]
										}
										texCoordIndex [
											0, 1, 2, -1,
											3, 4, 5, -1,
											6, 7, 8, -1,
											9, 10, 11, -1,
										]
									}
								}
								Shape {
									appearance Appearance {
										material Material {
											diffuseColor 0.8 0.8 0.8
										}
									}
									geometry IndexedFaceSet { # faces: 1
										convex FALSE
										colorPerVertex FALSE
										coord USE Label_010
										coordIndex [
											4, 3, 1, 0, -1
										]
										texCoord USE Label_011
										texCoordIndex [
											-1
										]
									}
								}
							]
						}
					]
				}
				DEF pic2 Transform { # children: 1
					translation 22.2583 -2.37753 -3.73134
					rotation 0 0 1 0
					scaleOrientation 0 0 1 0
					scale 1 1.07334 1
					children [
						DEF _Object3 Group { # children: 1
							children [
								Shape {
									appearance Appearance {
										material Material {
											diffuseColor 0.8 0.8 0.8
										}
										texture ImageTexture {
											url "04.jpg"
										}
									}
									geometry IndexedFaceSet { # faces: 4
										convex FALSE
										colorPerVertex FALSE
										coord DEF Label_012 Coordinate {
											point [
												2.69171 10.7998 3.22658,
												-13.4772 9.10041 3.22658,
												-3.69332 -6.21878 -4.90241,
												-13.4772 9.10041 -13.0314,
												2.69171 10.7998 -13.0314
											]
										}
										coordIndex [
											0, 1, 2, -1,
											3, 4, 2, -1,
											0, 2, 4, -1,
											1, 3, 2, -1,
										]
										texCoord DEF Label_013 TextureCoordinate {
											point [
												0 0,
												3.25159 0,
												1.6258 3.63539,
												0 0,
												3.25159 0,
												1.6258 3.63539,
												0 0,
												3.98237 4.44089e-017,
												1.32746 2.96829,
												0 0,
												3.2516 0,
												1.6258 3.63539
											]
										}
										texCoordIndex [
											0, 1, 2, -1,
											3, 4, 5, -1,
											6, 7, 8, -1,
											9, 10, 11, -1,
										]
									}
								}
								Shape {
									appearance Appearance {
										material Material {
											diffuseColor 0.8 0.8 0.8
										}
									}
									geometry IndexedFaceSet { # faces: 1
										convex FALSE
										colorPerVertex FALSE
										coord USE Label_012
										coordIndex [
											4, 3, 1, 0, -1
										]
										texCoord USE Label_013
										texCoordIndex [
											-1
										]
									}
								}
							]
						}
					]
				}
				DEF pic3 Transform { # children: 1
					translation 8.26216 -12.5047 1.31704
					rotation 0.102856 -0.978613 -0.178152 1.06602
					scaleOrientation -0.707087 0.707084 -0.00770005 3.12618
					scale 1.93964 1 1
					children [
						DEF _Object4 Group { # children: 1
							children [
								Shape {
									appearance Appearance {
										material Material {
											diffuseColor 0.8 0.8 0.8
										}
										texture ImageTexture {
											url "04.jpg"
										}
									}
									geometry IndexedFaceSet { # faces: 4
										convex FALSE
										colorPerVertex FALSE
										coord DEF Label_014 Coordinate {
											point [
												2.69171 10.7998 3.22658,
												-13.4772 9.10041 3.22658,
												-3.69332 -6.21878 -4.90241,
												-13.4772 9.10041 -13.0314,
												2.69171 10.7998 -13.0314
											]
										}
										coordIndex [
											0, 1, 2, -1,
											1, 3, 2, -1,
											3, 4, 2, -1,
											0, 2, 4, -1,
										]
										texCoord DEF Label_015 TextureCoordinate {
											point [
												0 0,
												3.25159 0,
												1.6258 3.63539,
												0 0,
												3.25159 0,
												1.6258 3.63539,
												0 0,
												3.25159 0,
												1.6258 3.63539,
												0 0,
												3.98237 4.44089e-017,
												1.32746 2.96829
											]
										}
										texCoordIndex [
											0, 1, 2, -1,
											3, 4, 5, -1,
											6, 7, 8, -1,
											9, 10, 11, -1,
										]
									}
								}
								Shape {
									appearance Appearance {
										material Material {
											diffuseColor 0.8 0.8 0.8
										}
									}
									geometry IndexedFaceSet { # faces: 1
										convex FALSE
										colorPerVertex FALSE
										coord USE Label_014
										coordIndex [
											4, 3, 1, 0, -1
										]
										texCoord USE Label_015
										texCoordIndex [
											-1
										]
									}
								}
							]
						}
					]
				}
				DEF pic4 Transform { # children: 1
					translation 20.2558 0 13.3262
					rotation 0 0 1 0
					scaleOrientation 0 0 1 0
					children [
						DEF _Object5 Group { # children: 1
							children [
								Shape {
									appearance Appearance {
										material Material {
											diffuseColor 0.8 0.8 0.8
										}
										texture ImageTexture {
											url "04.jpg"
										}
									}
									geometry IndexedFaceSet { # faces: 4
										convex FALSE
										colorPerVertex FALSE
										coord DEF Label_016 Coordinate {
											point [
												2.69171 10.7998 3.22658,
												-13.4772 9.10041 3.22658,
												-3.69332 -6.21878 -4.90241,
												-13.4772 9.10041 -13.0314,
												2.69171 10.7998 -13.0314
											]
										}
										coordIndex [
											0, 1, 2, -1,
											1, 3, 2, -1,
											0, 2, 4, -1,
											3, 4, 2, -1,
										]
										texCoord DEF Label_017 TextureCoordinate {
											point [
												0 0,
												3.25159 0,
												1.6258 3.63539,
												0 0,
												3.25159 0,
												1.6258 3.63539,
												0 0,
												3.98237 4.44089e-017,
												1.32746 2.96829,
												0 0,
												3.25159 4.44089e-017,
												1.6258 3.63539
											]
										}
										texCoordIndex [
											0, 1, 2, -1,
											3, 4, 5, -1,
											6, 7, 8, -1,
											9, 10, 11, -1,
										]
									}
								}
								Shape {
									appearance Appearance {
										material Material {
											diffuseColor 0.8 0.8 0.8
										}
									}
									geometry IndexedFaceSet { # faces: 1
										convex FALSE
										colorPerVertex FALSE
										coord USE Label_016
										coordIndex [
											4, 3, 1, 0, -1
										]
										texCoord USE Label_017
										texCoordIndex [
											-1
										]
									}
								}
							]
						}
					]
				}
				DEF Planche5 Transform { # children: 1
					translation 32.7168 -6.64008 -15.563
					rotation -1.7351e-006 -1 -2.03219e-008 0.837758
					scaleOrientation 1 0 0 1.5708
					scale 0.101349 0.0897251 4.09357
					children [
						DEF _Object6 Group { # children: 1
							children [
								DEF planche27 Transform { # children: 1
									translation 37.428 1.43467 12.898
									rotation 0 0 1 0
									scaleOrientation 0 0 1 0
									scale 2.29074 0.694444 3.24653
									children [
										DEF _Object7 Group { # children: 1
											children [
												Shape {
													appearance Appearance {
														material Material {
															diffuseColor 0.8 0.8 0.8
														}
														texture ImageTexture {
															url "00.jpg"
														}
													}
													geometry IndexedFaceSet { # faces: 6
														convex FALSE
														colorPerVertex FALSE
														coord DEF Label_018 Coordinate {
															point [
																-29.2533 3.77914 -2.93933,
																-25.0543 3.77914 -2.93933,
																-25.0543 6.01862 -2.93933,
																-29.2533 6.01862 -2.93933,
																-25.0543 3.77914 -5.17882,
																-25.0543 6.01862 -5.17882,
																-29.2533 3.77914 -5.17882,
																-29.2533 6.01862 -5.17882
															]
														}
														coordIndex [
															0, 1, 2, 3, -1,
															1, 4, 5, 2, -1,
															6, 0, 3, 7, -1,
															4, 6, 7, 5, -1,
															3, 2, 5, 7, -1,
															6, 4, 1, 0, -1
														]
														texCoord DEF Label_019 TextureCoordinate {
															point [
																1.56764 -5.15082,
																1.56764 -8.51006,
																3.35923 -8.51006,
																3.35923 -5.15082,
																3.35923 -10.3016,
																5.15082 -10.3016,
																5.15082 -8.51006,
																3.35923 -8.51006,
																5.15082 -3.35923,
																3.35923 -3.35923,
																3.35923 -5.15082,
																5.15082 -5.15082,
																6.94241 -8.51006,
																6.94241 -5.15082,
																5.15082 -5.15082,
																5.15082 -8.51006,
																3.35923 -5.15082,
																3.35923 -8.51006,
																5.15082 -8.51006,
																5.15082 -5.15082,
																5.15082 -3.35923,
																5.15082 0,
																3.35923 0,
																3.35923 -3.35923
															]
														}
														texCoordIndex [
															0, 1, 2, 3, -1,
															4, 5, 6, 7, -1,
															8, 9, 10, 11, -1,
															12, 13, 14, 15, -1,
															16, 17, 18, 19, -1,
															20, 21, 22, 23, -1
														]
													}
												}
											]
										}
									]
								}
							]
						}
					]
				}
				DEF Planche6 Transform { # children: 1
					translation 36.5558 -6.64008 -7.7567
					rotation -1.7351e-006 -1 -2.03219e-008 0.837758
					scaleOrientation 1 0 0 1.5708
					scale 0.101349 0.0897251 4.09357
					children [
						USE _Object6
					]
				}
				DEF Planche15 Transform { # children: 1
					translation -4.36302 -6.64008 13.5192
					rotation -1.7351e-006 -1 -2.03219e-008 0.837758
					scaleOrientation 1 0 0 1.5708
					scale 0.101349 0.0897251 4.09357
					children [
						USE _Object6
					]
				}
				DEF Planche16 Transform { # children: 1
					translation 2.18048 -6.64008 17.8816
					rotation -1.7351e-006 -1 -2.03219e-008 0.837758
					scaleOrientation 1 0 0 1.5708
					scale 0.101349 0.0897251 4.09357
					children [
						USE _Object6
					]
				}
			]
		}
		DEF Ile4 Transform { # children: 7
			translation -44.2663 11.3434 216.554
			rotation 1 0 0 0
			scaleOrientation 0 0 1 0
			scale 0.740799 0.709926 0.822049
			children [
				DEF principal3 Transform { # children: 14
					translation 0 -4.64233 0
					rotation 0 0 1 0
					scaleOrientation 0 0 1 0
					scale 1 1.40984 1
					children [
						Shape {
							appearance Appearance {
								material Material {
									diffuseColor 0.8 0.8 0.8
								}
								texture ImageTexture {
									url "04.jpg"
								}
							}
							geometry IndexedFaceSet { # faces: 20
								convex FALSE
								colorPerVertex FALSE
								coord DEF Label_020 Coordinate {
									point [
										-18.269 11.3273 -3.83631,
										-16.8928 11.3273 -11.1252,
										9.84927 -4.9307 -3.83631,
										-12.8989 11.3273 -17.7006,
										-6.67825 11.3273 -22.9189,
										1.16024 11.3273 -26.2692,
										9.84927 11.3273 -27.4237,
										18.5383 11.3273 -26.2692,
										26.3768 11.3273 -22.9189,
										32.5974 11.3273 -17.7006,
										36.5913 11.3273 -11.1252,
										37.9676 11.3273 -3.83631,
										36.5913 11.3273 3.45259,
										32.5974 11.3273 10.028,
										26.3768 11.3273 15.2463,
										18.5383 11.3273 18.5966,
										9.84927 11.3273 19.7511,
										1.16024 11.3273 18.5966,
										-6.67825 11.3273 15.2463,
										-12.8989 11.3273 10.028,
										-16.8928 11.3273 3.45259
									]
								}
								coordIndex [
									0, 1, 2, -1,
									1, 3, 2, -1,
									3, 4, 2, -1,
									4, 5, 2, -1,
									5, 6, 2, -1,
									6, 7, 2, -1,
									7, 8, 2, -1,
									8, 9, 2, -1,
									9, 10, 2, -1,
									10, 11, 2, -1,
									11, 12, 2, -1,
									12, 13, 2, -1,
									13, 14, 2, -1,
									14, 15, 2, -1,
									15, 16, 2, -1,
									16, 17, 2, -1,
									17, 18, 2, -1,
									18, 19, 2, -1,
									19, 20, 2, -1,
									20, 0, 2, -1,
								]
								texCoord DEF Label_021 TextureCoordinate {
									point [
										1.36803 2.63223,
										1.05586 2.8325,
										0.28294 1.42393,
										1.05586 2.8325,
										0.684263 2.93191,
										0.28294 1.42393,
										0.684263 2.93191,
										0.27834 2.92528,
										0.28294 1.42393,
										0.27834 2.92528,
										-0.133304 2.81476,
										0.28294 1.42393,
										-0.133304 2.81476,
										-0.520632 2.60968,
										0.28294 1.42393,
										-0.520632 2.60968,
										-0.854635 2.32591,
										0.28294 1.42393,
										-0.854635 2.32591,
										-1.10983 1.98453,
										0.28294 1.42393,
										-1.10983 1.98453,
										-1.2664 1.60996,
										0.28294 1.42393,
										-1.2664 1.60996,
										-1.31176 1.22798,
										0.28294 1.42393,
										-1.31176 1.22798,
										-1.24142 0.863822,
										0.28294 1.42393,
										-1.24142 0.863822,
										-1.05925 0.54076,
										0.28294 1.42393,
										-1.05925 0.54076,
										-0.777359 0.279025,
										0.28294 1.42393,
										-0.777359 0.279025,
										-0.415515 0.0949403,
										0.28294 1.42393,
										-0.415516 0.0949403,
										-1.15604e-007 -2.66555e-008,
										0.28294 1.42393,
										-1.29631e-007 -1.27151e-008,
										0.438269 -2.63119e-008,
										0.28294 1.42393,
										0.438269 -2.63119e-008,
										0.866231 0.0944924,
										0.28294 1.42393,
										0.866231 0.0944924,
										1.2515 0.276786,
										0.28294 1.42393,
										1.2515 0.276786,
										1.56515 0.534556,
										0.28294 1.42393,
										1.73924 1.98451,
										1.60059 2.34332,
										0.28294 1.42393,
										1.60059 2.34332,
										1.36803 2.63223,
										0.28294 1.42393,
										0.861836 0,
										1.2465 4.77898e-007,
										1.63097 0.130386,
										1.97761 0.378397,
										2.25249 0.719751,
										2.42869 1.12104,
										2.48898 1.54298,
										2.42744 1.94426,
										2.25012 2.28562,
										1.97435 2.53363,
										1.62714 2.66401,
										1.24247 2.66401,
										0.858004 2.53363,
										0.511368 2.28561,
										0.23649 1.94426,
										0.0602875 1.54297,
										-1.42432e-006 1.12103,
										0.0615319 0.719747,
										0.23886 0.378393,
										0.514626 0.130386
									]
								}
								texCoordIndex [
									0, 1, 2, -1,
									3, 4, 5, -1,
									6, 7, 8, -1,
									9, 10, 11, -1,
									12, 13, 14, -1,
									15, 16, 17, -1,
									18, 19, 20, -1,
									21, 22, 23, -1,
									24, 25, 26, -1,
									27, 28, 29, -1,
									30, 31, 32, -1,
									33, 34, 35, -1,
									36, 37, 38, -1,
									39, 40, 41, -1,
									42, 43, 44, -1,
									45, 46, 47, -1,
									48, 49, 50, -1,
									51, 52, 53, -1,
									54, 55, 56, -1,
									57, 58, 59, -1,
								]
							}
						}
						Shape {
							appearance Appearance {
								material Material {
									diffuseColor 0.8 0.8 0.8
								}
								texture ImageTexture {
									url "01.jpg"
								}
							}
							geometry IndexedFaceSet { # faces: 1
								convex FALSE
								colorPerVertex FALSE
								coord USE Label_020
								coordIndex [
									20, 19, 18, 17, 16, 15, 14, 13, 12, 11, 10, 9, 8, 7, 6, 5, 4, 3, 1, 0, -1
								]
								texCoord USE Label_021
								texCoordIndex [
									60, 61, 62, 63, 64, 65, 66, 67, 68, 69, 70, 71, 72, 73, 74, 75, 76, 77, 78, 79, -1
								]
							}
						}
						DEF arrimage1 Transform { # children: 1
							translation 80.5219 5.79521 21.7148
							rotation 0 0 1 0
							scaleOrientation 0 0 1 0
							scale 2.85359 0.999119 1.52556
							children [
								USE _Object6
							]
						}
						DEF Zepellin Transform { # children: 2
							translation 12.0036 21.0036 36.0893
							rotation 0 0 1 0
							scaleOrientation 0 0 1 0
							scale 1.87166 1.33413 1.65155
							children [
								DEF _Object8 Group { # children: 2
									children [
										DEF dessus Transform { # children: 11
											translation -1.09375 0 -1.43293
											rotation 0 0 1 0
											scaleOrientation 0 0 1 0
											scale 1 1 1.0228
											children [
												DEF _Object9 Group { # children: 11
													children [
														Shape {
															appearance Appearance {
																material Material {
																	diffuseColor 0.8 0.8 0.8
																}
																texture ImageTexture {
																	url "05.jpg"
																}
															}
															geometry IndexedFaceSet { # faces: 10
																convex FALSE
																colorPerVertex FALSE
																coord DEF Label_022 Coordinate {
																	point [
																		-5.11719 3.99225 -1.30521,
																		-5.11719 3.68345 0.644471,
																		6.67969 3.68345 0.644471,
																		6.67969 3.99225 -1.30521,
																		-5.11719 2.08646 1.80475,
																		6.67969 2.08646 1.80475,
																		-5.11719 0.136779 1.49595,
																		6.67969 0.136779 1.49595,
																		-5.11719 -1.0235 -0.101037,
																		6.67969 -1.0235 -0.101037,
																		-5.11719 -0.714701 -2.05072,
																		6.67969 -0.714701 -2.05072,
																		-5.11719 0.882287 -3.211,
																		6.67969 0.882287 -3.211,
																		-5.11719 2.83197 -2.9022,
																		6.67969 2.83197 -2.9022
																	]
																}
																coordIndex [
																	0, 1, 2, 3, -1,
																	1, 4, 5, 2, -1,
																	4, 6, 7, 5, -1,
																	6, 8, 9, 7, -1,
																	8, 10, 11, 9, -1,
																	10, 12, 13, 11, -1,
																	12, 14, 15, 13, -1,
																	14, 0, 3, 15, -1,
																	3, 2, 5, 7, 9, 11, 13, 15, -1,
																	14, 12, 10, 8, 6, 4, 1, 0, -1
																]
																texCoord DEF Label_023 TextureCoordinate {
																	point [
																		0.789594 7.97898e-008,
																		1.18439 7.97898e-008,
																		1.18439 2.35938,
																		0.789594 2.35938,
																		1.18439 7.97898e-008,
																		1.57919 7.97898e-008,
																		1.57919 2.35938,
																		1.18439 2.35938,
																		1.57919 7.97898e-008,
																		1.97398 7.97898e-008,
																		1.97398 2.35938,
																		1.57919 2.35938,
																		1.97398 7.97898e-008,
																		2.36878 7.97898e-008,
																		2.36878 2.35938,
																		1.97398 2.35938,
																		2.36878 7.97898e-008,
																		2.76358 7.97898e-008,
																		2.76358 2.35938,
																		2.36878 2.35938,
																		2.76358 7.97898e-008,
																		3.15838 7.97898e-008,
																		3.15838 2.35938,
																		2.76358 2.35938,
																		3.56942e-008 7.97898e-008,
																		0.394797 7.97898e-008,
																		0.394797 2.35938,
																		3.56942e-008 2.35938,
																		0.394797 7.97898e-008,
																		0.789594 7.97898e-008,
																		0.789594 2.35938,
																		0.394797 2.35938,
																		0.789594 2.35938,
																		1.06876 2.63855,
																		1.06876 3.03335,
																		0.789595 3.31251,
																		0.394798 3.31251,
																		0.115634 3.03334,
																		0.115633 2.63854,
																		0.394796 2.35938,
																		0.394797 7.97898e-008,
																		0.115632 -0.279164,
																		0.115631 -0.673962,
																		0.394796 -0.953126,
																		0.789594 -0.953126,
																		1.06876 -0.673962,
																		1.06876 -0.279164,
																		0.789596 2.7798e-008
																	]
																}
																texCoordIndex [
																	0, 1, 2, 3, -1,
																	4, 5, 6, 7, -1,
																	8, 9, 10, 11, -1,
																	12, 13, 14, 15, -1,
																	16, 17, 18, 19, -1,
																	20, 21, 22, 23, -1,
																	24, 25, 26, 27, -1,
																	28, 29, 30, 31, -1,
																	32, 33, 34, 35, 36, 37, 38, 39, -1,
																	40, 41, 42, 43, 44, 45, 46, 47, -1
																]
															}
														}
														DEF avant Transform { # children: 1
															translation -0.15625 0.112147 -0.00186012
															rotation 0 0 1 0
															scaleOrientation 0 0 1 0
															scale 1 1.03226 1.04762
															children [
																Shape {
																	appearance Appearance {
																		material Material {
																			diffuseColor 0.8 0.8 0.8
																		}
																		texture ImageTexture {
																			url "02.jpg"
																		}
																	}
																	geometry IndexedFaceSet { # faces: 21
																		convex FALSE
																		colorPerVertex FALSE
																		coord DEF Label_024 Coordinate {
																			point [
																				6.83594 -1.05469 -0.78125,
																				6.83594 -0.936153 -1.54172,
																				9.02344 1.36719 -0.78125,
																				6.83594 -0.592151 -2.22775,
																				6.83594 -0.0563549 -2.77219,
																				6.83594 0.618787 -3.12174,
																				6.83594 1.36719 -3.24219,
																				6.83594 2.11559 -3.12174,
																				6.83594 2.79073 -2.77219,
																				6.83594 3.32653 -2.22775,
																				6.83594 3.67053 -1.54172,
																				6.83594 3.78906 -0.78125,
																				6.83594 3.67053 -0.0207785,
																				6.83594 3.32653 0.665253,
																				6.83594 2.79073 1.20969,
																				6.83594 2.11559 1.55924,
																				6.83594 1.36719 1.67969,
																				6.83594 0.618787 1.55924,
																				6.83594 -0.0563549 1.20969,
																				6.83594 -0.592151 0.665253,
																				6.83594 -0.936153 -0.0207785
																			]
																		}
																		coordIndex [
																			0, 1, 2, -1,
																			1, 3, 2, -1,
																			3, 4, 2, -1,
																			4, 5, 2, -1,
																			5, 6, 2, -1,
																			6, 7, 2, -1,
																			7, 8, 2, -1,
																			8, 9, 2, -1,
																			9, 10, 2, -1,
																			10, 11, 2, -1,
																			11, 12, 2, -1,
																			12, 13, 2, -1,
																			13, 14, 2, -1,
																			14, 15, 2, -1,
																			15, 16, 2, -1,
																			16, 17, 2, -1,
																			17, 18, 2, -1,
																			18, 19, 2, -1,
																			19, 20, 2, -1,
																			20, 0, 2, -1,
																			20, 19, 18, 17, 16, 15, 14, 13, 12, 11, 10, 9, 8, 7, 6, 5, 4, 3, 1, 0, -1
																		]
																		texCoord DEF Label_025 TextureCoordinate {
																			point [
																				-0.426719 1.06137,
																				-0.508721 0.9311,
																				0.0822984 0.652804,
																				-0.508721 0.9311,
																				-0.558733 0.785988,
																				0.0822984 0.652804,
																				-0.558733 0.785987,
																				-0.57395 0.633974,
																				0.0822984 0.652804,
																				-0.57395 0.633974,
																				-0.553465 0.483307,
																				0.0822984 0.652804,
																				-0.553465 0.483307,
																				-0.498313 0.342088,
																				0.0822984 0.652804,
																				-0.498313 0.342088,
																				-0.411411 0.217861,
																				0.0822984 0.652804,
																				-0.411411 0.217861,
																				-0.297418 0.117235,
																				0.0822984 0.652804,
																				-0.297418 0.117235,
																				-0.162497 0.0455675,
																				0.0822984 0.652804,
																				-0.162497 0.0455675,
																				-0.0140169 0.00667908,
																				0.0822984 0.652804,
																				-0.0140169 0.00667908,
																				0.13986 0.00264148,
																				0.0822984 0.652804,
																				0.13986 0.00264148,
																				0.290634 0.0336514,
																				0.0822984 0.652804,
																				0.290634 0.0336514,
																				0.429973 0.0980219,
																				0.0822984 0.652804,
																				0.429973 0.0980219,
																				0.550203 0.19228,
																				0.0822984 0.652804,
																				0.550203 0.19228,
																				0.644744 0.311367,
																				0.0822984 0.652804,
																				0.644744 0.311367,
																				0.708468 0.448931,
																				0.0822984 0.652804,
																				0.708468 0.448931,
																				0.737951 0.597643,
																				0.0822984 0.652804,
																				0.737951 0.597643,
																				0.731647 0.749565,
																				0.0822984 0.652804,
																				0.731647 0.749565,
																				0.68996 0.89654,
																				0.0822984 0.652804,
																				0.68996 0.89654,
																				0.61523 1.03061,
																				0.0822984 0.652804,
																				0.61523 1.03061,
																				0.511616 1.14445,
																				0.0822984 0.652804,
																				0.415 0,
																				0.56849 -4.44936e-008,
																				0.713858 0.046983,
																				0.836877 0.13635,
																				0.925504 0.259353,
																				0.971063 0.403952,
																				0.969094 0.555992,
																				0.919792 0.700591,
																				0.827981 0.823594,
																				0.702648 0.91296,
																				0.556063 0.959944,
																				0.402574 0.959944,
																				0.257204 0.912961,
																				0.134186 0.823594,
																				0.0455586 0.700591,
																				4.23594e-012 0.555992,
																				0.00196818 0.403952,
																				0.0512714 0.259353,
																				0.143082 0.13635,
																				0.268414 0.0469827
																			]
																		}
																		texCoordIndex [
																			0, 1, 2, -1,
																			3, 4, 5, -1,
																			6, 7, 8, -1,
																			9, 10, 11, -1,
																			12, 13, 14, -1,
																			15, 16, 17, -1,
																			18, 19, 20, -1,
																			21, 22, 23, -1,
																			24, 25, 26, -1,
																			27, 28, 29, -1,
																			30, 31, 32, -1,
																			33, 34, 35, -1,
																			36, 37, 38, -1,
																			39, 40, 41, -1,
																			42, 43, 44, -1,
																			45, 46, 47, -1,
																			48, 49, 50, -1,
																			51, 52, 53, -1,
																			54, 55, 56, -1,
																			57, 58, 59, -1,
																			60, 61, 62, 63, 64, 65, 66, 67, 68, 69, 70, 71, 72, 73, 74, 75, 76, 77, 78, 79, -1
																		]
																	}
																}
															]
														}
														DEF arriere Transform { # children: 1
															translation 1.64063 0.0340222 -1.48251
															rotation 5.29396e-022 1 -1.52263e-016 3.14159
															scaleOrientation -1 -1.79272e-006 7.7692e-011 1.57071
															scale 1 1.04762 1.03226
															children [
																Shape {
																	appearance Appearance {
																		material Material {
																			diffuseColor 0.8 0.8 0.8
																		}
																		texture ImageTexture {
																			url "02.jpg"
																		}
																	}
																	geometry IndexedFaceSet { # faces: 21
																		convex FALSE
																		colorPerVertex FALSE
																		coord DEF Label_026 Coordinate {
																			point [
																				6.83594 -1.05469 -0.78125,
																				6.83594 -0.936153 -1.54172,
																				9.02344 1.36719 -0.78125,
																				6.83594 -0.592151 -2.22775,
																				6.83594 -0.0563549 -2.77219,
																				6.83594 0.618787 -3.12174,
																				6.83594 1.36719 -3.24219,
																				6.83594 2.11559 -3.12174,
																				6.83594 2.79073 -2.77219,
																				6.83594 3.32653 -2.22775,
																				6.83594 3.67053 -1.54172,
																				6.83594 3.78906 -0.78125,
																				6.83594 3.67053 -0.0207785,
																				6.83594 3.32653 0.665253,
																				6.83594 2.79073 1.20969,
																				6.83594 2.11559 1.55924,
																				6.83594 1.36719 1.67969,
																				6.83594 0.618787 1.55924,
																				6.83594 -0.0563549 1.20969,
																				6.83594 -0.592151 0.665253,
																				6.83594 -0.936153 -0.0207785
																			]
																		}
																		coordIndex [
																			0, 1, 2, -1,
																			1, 3, 2, -1,
																			3, 4, 2, -1,
																			4, 5, 2, -1,
																			5, 6, 2, -1,
																			6, 7, 2, -1,
																			7, 8, 2, -1,
																			8, 9, 2, -1,
																			9, 10, 2, -1,
																			10, 11, 2, -1,
																			11, 12, 2, -1,
																			12, 13, 2, -1,
																			13, 14, 2, -1,
																			14, 15, 2, -1,
																			15, 16, 2, -1,
																			16, 17, 2, -1,
																			17, 18, 2, -1,
																			18, 19, 2, -1,
																			19, 20, 2, -1,
																			20, 0, 2, -1,
																			20, 19, 18, 17, 16, 15, 14, 13, 12, 11, 10, 9, 8, 7, 6, 5, 4, 3, 1, 0, -1
																		]
																		texCoord DEF Label_027 TextureCoordinate {
																			point [
																				-0.228376 1.23262,
																				-0.355837 1.14632,
																				0.0734003 0.653864,
																				-0.355837 1.14632,
																				-0.459978 1.03357,
																				0.0734003 0.653864,
																				-0.459978 1.03357,
																				-0.535034 0.9005,
																				0.0734003 0.653864,
																				-0.535034 0.9005,
																				-0.57686 0.754313,
																				0.0734003 0.653864,
																				-0.57686 0.754313,
																				-0.583145 0.602836,
																				0.0734003 0.653864,
																				-0.583145 0.602836,
																				-0.553529 0.45415,
																				0.0734003 0.653864,
																				-0.553529 0.45415,
																				-0.489617 0.316181,
																				0.0734003 0.653864,
																				-0.489617 0.316181,
																				-0.394901 0.196311,
																				0.0734003 0.653864,
																				-0.394901 0.196311,
																				-0.274588 0.101,
																				0.0734003 0.653864,
																				-0.274588 0.101,
																				-0.135322 0.0354297,
																				0.0734003 0.653864,
																				-0.135322 0.0354297,
																				0.0151966 0.00319609,
																				0.0734003 0.653864,
																				0.0151966 0.00319609,
																				0.168659 0.00610563,
																				0.0734003 0.653864,
																				0.168659 0.00610563,
																				0.316641 0.0440637,
																				0.0734003 0.653864,
																				0.316641 0.0440637,
																				0.451088 0.115085,
																				0.0734003 0.653864,
																				0.451088 0.115085,
																				0.564747 0.215415,
																				0.0734003 0.653864,
																				0.564747 0.215415,
																				0.651538 0.339721,
																				0.0734003 0.653864,
																				0.651538 0.339721,
																				0.706853 0.481355,
																				0.0734003 0.653864,
																				0.706853 0.481355,
																				0.727781 0.632688,
																				0.0734003 0.653864,
																				0.727781 0.632688,
																				0.713267 0.785491,
																				0.0734003 0.653864,
																				0.713267 0.785491,
																				0.66417 0.931383,
																				0.0734003 0.653864,
																				1.13586 0.17403,
																				1.0044 0.253259,
																				0.855645 0.288056,
																				0.704153 0.275016,
																				0.564754 0.215414,
																				0.451095 0.115085,
																				0.3743 -0.0161503,
																				0.341886 -0.165446,
																				0.357028 -0.318187,
																				0.418242 -0.459422,
																				0.519535 -0.575328,
																				0.650994 -0.654557,
																				0.799751 -0.689354,
																				0.951242 -0.676314,
																				1.09064 -0.616713,
																				1.2043 -0.516383,
																				1.2811 -0.385148,
																				1.31351 -0.235852,
																				1.29837 -0.0831109,
																				1.23715 0.0581249
																			]
																		}
																		texCoordIndex [
																			0, 1, 2, -1,
																			3, 4, 5, -1,
																			6, 7, 8, -1,
																			9, 10, 11, -1,
																			12, 13, 14, -1,
																			15, 16, 17, -1,
																			18, 19, 20, -1,
																			21, 22, 23, -1,
																			24, 25, 26, -1,
																			27, 28, 29, -1,
																			30, 31, 32, -1,
																			33, 34, 35, -1,
																			36, 37, 38, -1,
																			39, 40, 41, -1,
																			42, 43, 44, -1,
																			45, 46, 47, -1,
																			48, 49, 50, -1,
																			51, 52, 53, -1,
																			54, 55, 56, -1,
																			57, 58, 59, -1,
																			60, 61, 62, 63, 64, 65, 66, 67, 68, 69, 70, 71, 72, 73, 74, 75, 76, 77, 78, 79, -1
																		]
																	}
																}
															]
														}
														DEF barre Transform { # children: 1
															translation 0.0607678 0.0970324 0.182303
															rotation 0 0 1 0
															scaleOrientation 0 0 1 0
															scale 1 0.258065 1
															children [
																DEF _Object10 Group { # children: 1
																	children [
																		Shape {
																			appearance Appearance {
																				material Material {
																					diffuseColor 0 0 0
																				}
																			}
																			geometry IndexedFaceSet { # faces: 6
																				convex FALSE
																				colorPerVertex FALSE
																				coord DEF Label_028 Coordinate {
																					point [
																						-5.1219 0.212687 1.74917,
																						6.48474 0.212687 1.74917,
																						6.48474 2.09649 1.74917,
																						-5.1219 2.09649 1.74917,
																						6.48474 0.212687 1.26303,
																						6.48474 2.09649 1.26303,
																						-5.1219 0.212687 1.26303,
																						-5.1219 2.09649 1.26303
																					]
																				}
																				coordIndex [
																					0, 1, 2, 3, -1,
																					1, 4, 5, 2, -1,
																					6, 0, 3, 7, -1,
																					4, 6, 7, 5, -1,
																					3, 2, 5, 7, -1,
																					6, 4, 1, 0, -1
																				]
																			}
																		}
																	]
																}
															]
														}
														DEF barre2 Transform { # children: 1
															translation 0 0.0970324 -4.61835
															rotation 0 0 1 0
															scaleOrientation 0 0 1 0
															scale 1 0.258065 1
															children [
																USE _Object10
															]
														}
														DEF aileron Transform { # children: 1
															translation 1.09382 0 0
															rotation 0 0 1 0
															scaleOrientation 0 0 1 0
															children [
																DEF _Object11 Group { # children: 1
																	children [
																		Shape {
																			appearance Appearance {
																				material Material {
																					diffuseColor 0 0 0 
																				}
																			}
																			geometry IndexedFaceSet { # faces: 5
																				convex FALSE
																				colorPerVertex FALSE
																				coord DEF Label_029 Coordinate {
																					point [
																						-5.1219 0.638062 1.81265,
																						-5.1219 0.151919 1.81265,
																						-3.75463 0.394991 6.38745,
																						-2.38735 0.151919 1.81265,
																						-2.38735 0.638062 1.81265
																					]
																				}
																				coordIndex [
																					0, 1, 2, -1,
																					1, 3, 2, -1,
																					3, 4, 2, -1,
																					0, 2, 4, -1,
																					4, 3, 1, 0, -1
																				]
																			}
																		}
																	]
																}
															]
														}
														DEF aileron2 Transform { # children: 1
															translation 7.89981 0 -0.118826
															rotation 0 0 1 0
															scaleOrientation 0 0 1 0
															children [
																USE _Object11
															]
														}
														DEF aileron3 Transform { # children: 1
															translation -6.4762 0 -1.3654
															rotation -8.82541e-017 1 7.28584e-017 3.14159
															scaleOrientation 0.117746 0.0073582 -0.993016 0.742521
															scale 0.999999 1 1
															children [
																USE _Object11
															]
														}
														DEF aileron4 Transform { # children: 1
															translation 0.755164 0 -1.3654
															rotation -4.16334e-017 1 -2.08167e-017 3.14159
															scaleOrientation 0.613881 0.773424 -0.158002 1.62916
															scale 0.999995 0.999999 1
															children [
																USE _Object11
															]
														}
														DEF cercle1 Transform { # children: 3
															rotation 0 0 1 0
															scaleOrientation 0 0 1 0
															children [
																DEF _Object12 Group { # children: 3
																	children [
																		DEF coteg Transform { # children: 2
																			translation 1.09375 0 1.40098
																			rotation 0 0 1 0
																			scaleOrientation 0 0 1 0
																			scale 1 1 0.977706
																			children [
																				DEF tour1 Transform { # children: 1
																					translation -1.09375 -0.15999 -1.28551
																					rotation 0 0 1 0
																					scaleOrientation 0 0 1 0
																					scale 1 0.947387 0.94284
																					children [
																						DEF _Object13 Group { # children: 1
																							children [
																								Shape {
																									appearance Appearance {
																										material Material {
																											diffuseColor 0 0 0 
																										}
																									}
																									geometry IndexedFaceSet { # faces: 6
																										convex FALSE
																										colorPerVertex FALSE
																										coord DEF Label_030 Coordinate {
																											point [
																												-3.07493 0.424109 1.84359,
																												-2.58879 0.424109 1.84359,
																												-2.58879 2.55351 1.84359,
																												-3.07493 2.55351 1.84359,
																												-2.58879 0.424109 1.36829,
																												-2.58879 2.55351 1.36829,
																												-3.07493 0.424109 1.36829,
																												-3.07493 2.55351 1.36829
																											]
																										}
																										coordIndex [
																											0, 1, 2, 3, -1,
																											1, 4, 5, 2, -1,
																											6, 0, 3, 7, -1,
																											4, 6, 7, 5, -1,
																											3, 2, 5, 7, -1,
																											6, 4, 1, 0, -1
																										]
																									}
																								}
																							]
																						}
																					]
																				}
																				DEF tour2 Transform { # children: 1
																					translation -5.37878 0.25802 -1.67855
																					rotation -0.305726 0.908061 -0.28628 1.66019
																					scaleOrientation -5.66081e-006 5.30484e-005 1 3.14151
																					scale 0.92182 0.935962 0.94284
																					children [
																						USE _Object13
																					]
																				}
																			]
																		}
																		DEF coteg2 Transform { # children: 2
																			translation -6.879 1.12446 -3.15205
																			rotation 4.85476e-017 1 -4.13221e-017 3.14159
																			scaleOrientation -8.96317e-007 -5.67295e-006 -1 3.14159
																			scale 1 0.873277 0.977707
																			children [
																				DEF tour3 Transform { # children: 1
																					translation -6.869 -1.35908 1.49919
																					rotation -2.03556e-014 -0.99867 0.0515656 3.14159
																					scaleOrientation -1 5.58954e-014 -4.8894e-014 0.0389529
																					scale 1 1.34665 0.943701
																					children [
																						USE _Object13
																					]
																				}
																				DEF tour4 Transform { # children: 1
																					translation -5.6496 -2.0673 -2.57969
																					rotation -0.407028 0.818949 -0.404538 1.76859
																					scaleOrientation 0.999995 -0.00307114 0.000375501 1.53263
																					scale 1.53683 1.02265 1.08122
																					children [
																						USE _Object13
																					]
																				}
																			]
																		}
																		DEF cdessus Transform { # children: 1
																			translation -1.19045 1.05781 -1.96369
																			rotation 0.596454 -0.537107 -0.596454 2.15581
																			scaleOrientation -0.000106159 1.55584e-005 -1 3.12083
																			scale 0.999794 0.893231 1.0228
																			children [
																				USE _Object13
																			]
																		}
																	]
																}
															]
														}
														DEF cercle2 Transform { # children: 3
															translation 7.28221 0 0
															rotation 0 0 1 0
															scaleOrientation 0 0 1 0
															children [
																USE _Object12
															]
														}
													]
												}
											]
										}
										DEF dessous Transform { # children: 5
											translation -0.54691 0 -0.0607678
											rotation 0 0 1 0
											scaleOrientation 0 0 1 0
											children [
												DEF _Object14 Group { # children: 5
													children [
														DEF nacelle Transform { # children: 1
															translation 0.121536 0 0.0125389
															rotation 0 0 1 0
															scaleOrientation 0 0 1 0
															scale 1 1 1.03704
															children [
																Shape {
																	appearance Appearance {
																		material Material {
																			diffuseColor 0.8 0.8 0.8
																		}
																		texture ImageTexture {
																			url "08.jpg"
																		}
																	}
																	geometry IndexedFaceSet { # faces: 12
																		convex FALSE
																		colorPerVertex FALSE
																		coord DEF Label_031 Coordinate {
																			point [
																				2.24049 -3.46167 -2.99331,
																				1.40129 -3.94991 -3.62001,
																				-1.31443 -3.94991 -3.62001,
																				-2.15363 -3.46167 -2.99331,
																				0.0434296 -3.15992 -2.60598,
																				0.0434296 -4.73989 -2.60598,
																				-2.15363 -4.43814 -2.99331,
																				2.24049 -4.43814 -2.99331,
																				3.59835 -3.64816 -1.97928,
																				3.59835 -4.25165 -1.97928,
																				2.24049 -3.46167 -0.965253,
																				1.40129 -3.94991 -0.338549,
																				2.24049 -4.43814 -0.965253,
																				-1.31443 -3.94991 -0.338549,
																				-2.15363 -4.43814 -0.965253,
																				0.0434296 -4.73989 -1.35258,
																				-2.15363 -3.46167 -0.965253,
																				0.0434296 -3.15992 -1.35258,
																				-3.51149 -3.64816 -1.97928,
																				-3.51149 -4.25165 -1.97928
																			]
																		}
																		coordIndex [
																			0, 1, 2, 3, 4, -1,
																			5, 6, 2, 1, 7, -1,
																			0, 8, 9, 7, 1, -1,
																			8, 10, 11, 12, 9, -1,
																			12, 11, 13, 14, 15, -1,
																			16, 13, 11, 10, 17, -1,
																			4, 17, 10, 8, 0, -1,
																			17, 4, 3, 18, 16, -1,
																			15, 5, 7, 9, 12, -1,
																			6, 5, 15, 14, 19, -1,
																			2, 6, 19, 18, 3, -1,
																			19, 14, 13, 16, 18, -1
																		]
																		texCoord DEF Label_032 TextureCoordinate {
																			point [
																				0.898037 0.936638,
																				0.796372 1.14419,
																				0.287534 1.33416,
																				0.074722 1.24402,
																				0.452033 0.998335,
																				0.631873 1.48003,
																				0.185871 1.54173,
																				0.287534 1.33417,
																				0.796368 1.14419,
																				1.00918 1.23434,
																				1.38857 0.836809,
																				1.09712 0.659802,
																				1.14812 0.550406,
																				1.47108 0.659803,
																				1.61969 0.836808,
																				1.09712 0.659802,
																				0.774156 0.550406,
																				0.625554 0.373398,
																				0.856676 0.373399,
																				1.14812 0.550406,
																				0.810434 0.234708,
																				0.625554 0.373398,
																				0.08596 0.3114,
																				-0.062646 0.134394,
																				0.385103 0.0869941,
																				-0.0989198 0.450092,
																				0.0859601 0.3114,
																				0.625554 0.373398,
																				0.77416 0.550406,
																				0.326411 0.597806,
																				0.452032 0.998334,
																				0.375474 0.759631,
																				0.77416 0.550406,
																				1.09712 0.659802,
																				0.898034 0.936638,
																				0.353426 0.767862,
																				0.452032 0.998333,
																				0.074722 1.24402,
																				-0.257076 1.16539,
																				-0.084827 0.871108,
																				0.385103 0.0869937,
																				0.425373 -0.16043,
																				0.875597 -0.165635,
																				1.11358 0.0785746,
																				0.810438 0.234708,
																				4.58049e-005 -0.308145,
																				0.425376 -0.16043,
																				0.385103 0.0869937,
																				-0.0651181 0.0921982,
																				-0.303097 -0.152011,
																				0.239271 1.40632,
																				0.00917213 1.42799,
																				-0.297588 1.27909,
																				-0.257076 1.16539,
																				0.0747221 1.24402,
																				-0.385608 0.0249965,
																				-0.0626461 0.134393,
																				0.0859601 0.3114,
																				-0.145158 0.311401,
																				-0.436603 0.134393
																			]
																		}
																		texCoordIndex [
																			0, 1, 2, 3, 4, -1,
																			5, 6, 7, 8, 9, -1,
																			10, 11, 12, 13, 14, -1,
																			15, 16, 17, 18, 19, -1,
																			20, 21, 22, 23, 24, -1,
																			25, 26, 27, 28, 29, -1,
																			30, 31, 32, 33, 34, -1,
																			35, 36, 37, 38, 39, -1,
																			40, 41, 42, 43, 44, -1,
																			45, 46, 47, 48, 49, -1,
																			50, 51, 52, 53, 54, -1,
																			55, 56, 57, 58, 59, -1
																		]
																	}
																}
															]
														}
														DEF attache Transform { # children: 1
															translation -1.83405 1.03853 -4.23677
															rotation -0.756828 0.247631 0.604888 0.582872
															scaleOrientation -0.0338747 -0.03387 0.998852 1.57193
															scale 1.19943 1 1
															children [
																DEF _Object15 Group { # children: 1
																	children [
																		Shape {
																			appearance Appearance {
																				material Material {
																					diffuseColor 0 0 0 
																				}
																			}
																			geometry IndexedFaceSet { # faces: 6
																				convex FALSE
																				colorPerVertex FALSE
																				coord DEF Label_033 Coordinate {
																					point [
																						-1.83606 -3.75853 -0.737854,
																						-1.60161 -3.75853 -0.737854,
																						-1.60161 0.233998 -0.737854,
																						-1.83606 0.233998 -0.737854,
																						-1.60161 -3.75853 -0.972297,
																						-1.60161 0.233998 -0.972297,
																						-1.83606 -3.75853 -0.972297,
																						-1.83606 0.233998 -0.972297
																					]
																				}
																				coordIndex [
																					0, 1, 2, 3, -1,
																					1, 4, 5, 2, -1,
																					6, 0, 3, 7, -1,
																					4, 6, 7, 5, -1,
																					3, 2, 5, 7, -1,
																					6, 4, 1, 0, -1
																				]
																			}
																		}
																	]
																}
															]
														}
														DEF attache1 Transform { # children: 1
															translation 3.62305 1.03853 -2.97111
															rotation -0.423504 -0.905456 -0.028185 1.43068
															scaleOrientation 0.707111 -0.707103 -0.000564725 3.14046
															scale 1.19943 0.999997 0.999998
															children [
																USE _Object15
															]
														}
														DEF attache2 Transform { # children: 1
															translation -3.27891 1.16006 -1.18484
															rotation -0.0229761 0.938235 0.345236 1.86989
															scaleOrientation -0.0119424 0.0119484 -0.999857 1.57094
															scale 1.19943 0.999999 0.999998
															children [
																USE _Object15
															]
														}
														DEF attache3 Transform { # children: 1
															translation 3.56807 -0.503272 2.19718
															rotation 0.0798427 -0.897783 -0.43314 1.41641
															scaleOrientation -0.707112 0.707096 -0.00297307 3.13566
															scale 1.19943 1 1
															children [
																USE _Object15
															]
														}
													]
												}
											]
										}
									]
								}
							]
						}
						DEF arrimage2 Transform { # children: 1
							translation 39.7263 5.79521 -66.691
							rotation 4.7172e-016 1 1.88723e-016 1.5708
							scaleOrientation -8.96323e-007 -1 -1.24192e-006 3.14159
							scale 2.57155 0.99912 1.69289
							children [
								USE _Object6
							]
						}
						DEF Zepellin2 Transform { # children: 2
							translation 56.6477 21.0036 -4.87872
							rotation 8.79288e-017 1 -5.94413e-017 1.5708
							scaleOrientation 1 -1.26759e-006 5.11583e-016 3.14159
							scale 1.68667 1.33413 1.83269
							children [
								USE _Object8
							]
						}
						DEF Arbre12 Transform { # children: 2
							translation -13.469 7.28844 1.72223
							rotation 1 7.15256e-007 -1.3377e-006 1.26725e-016
							scaleOrientation -1 1.2676e-006 1.79266e-006 1.57079
							scale 1.34989 1.21647 1.49848
							children [
								USE _Object0
							]
						}
						DEF Arbre13 Transform { # children: 2
							translation -0.739764 8.63437 11.7414
							rotation 0 0 1 0
							scaleOrientation 0 0 1 0
							scale 1.34989 0.999119 1.21647
							children [
								USE _Object0
							]
						}
						DEF Rocher11 Transform { # children: 1
							translation -13.3331 11.2143 2.44764
							rotation 0 0 1 0
							scaleOrientation 0 0 1 0
							scale 1.34989 0.999119 1.21647
							children [
								USE _Object1
							]
						}
						DEF Arbre14 Transform { # children: 2
							translation -11.762 9.45363 8.45835
							rotation 0 0 1 0
							scaleOrientation 1 0 0 3.14159
							scale 1.34989 0.695161 1.21647
							children [
								USE _Object0
							]
						}
						DEF Arbre15 Transform { # children: 2
							translation -14.7133 6.11807 5.5735
							rotation 1 1.66893e-006 -2.74143e-006 6.22269e-017
							scaleOrientation -1 1.2676e-006 1.79266e-006 1.57079
							scale 1.34989 1.21647 1.9327
							children [
								USE _Object0
							]
						}
						DEF Rocher12 Transform { # children: 1
							translation 22.8214 10.5104 10.031
							rotation 0 0 1 0
							scaleOrientation -1 0 0 3.14159
							scale 1.34989 0.999119 1.21647
							children [
								USE _Object1
							]
						}
						DEF Rocher13 Transform { # children: 1
							translation 18.232 10.9328 -17.1408
							rotation 0 0 1 0
							scaleOrientation -1 0 0 3.14159
							scale 1.34989 0.999119 1.21647
							children [
								USE _Object1
							]
						}
						DEF Rocher14 Transform { # children: 1
							translation 20.8979 11.2143 -16.2995
							rotation 0 0 1 0
							scaleOrientation 0 0 1 0
							scale 2.43198 0.999119 1.21647
							children [
								USE _Object1
							]
						}
						DEF Arbre16 Transform { # children: 2
							translation 23.9838 6.05955 -16.2128
							rotation 0 0 1 0
							scaleOrientation 0 0 1 0
							scale 1.34989 1.95441 1.21647
							children [
								USE _Object0
							]
						}
					]
				}
				DEF pic9 Transform { # children: 1
					translation 0.533048 0 0.266524
					rotation 0 0 1 0
					scaleOrientation 0 0 1 0
					children [
						USE _Object2
					]
				}
				DEF pic10 Transform { # children: 1
					translation 22.2583 -2.37753 -3.73134
					rotation 0 0 1 0
					scaleOrientation 0 0 1 0
					scale 1 1.07334 1
					children [
						USE _Object3
					]
				}
				DEF pic11 Transform { # children: 1
					translation 8.26216 -12.5047 1.31704
					rotation 0.102856 -0.978613 -0.178152 1.06602
					scaleOrientation -0.707087 0.707084 -0.00770005 3.12618
					scale 1.93964 1 1
					children [
						USE _Object4
					]
				}
				DEF pic12 Transform { # children: 1
					translation 20.2558 0 13.3262
					rotation 0 0 1 0
					scaleOrientation 0 0 1 0
					children [
						USE _Object5
					]
				}
				DEF Planche11 Transform { # children: 1
					translation 11.3377 -14.3909 -21.8014
					rotation -1.54034e-006 -1 -7.99034e-008 0.834612
					scaleOrientation -0.966036 0.182722 0.182722 1.60534
					scale 0.131841 0.113262 5.7662
					children [
						USE _Object6
					]
				}
				DEF Planche12 Transform { # children: 1
					translation 2.84671 -14.3909 -20.0736
					rotation -1.54034e-006 -1 -7.99034e-008 0.834612
					scaleOrientation -0.966036 0.182722 0.182722 1.60534
					scale 0.131841 0.113262 5.7662
					children [
						USE _Object6
					]
				}
			]
		}
		DEF Ile5 Transform { # children: 6
			translation 47.1348 37.9852 54.1869
			rotation 6.72972e-016 -1 -1.40128e-015 0.628319
			scaleOrientation 8.96327e-007 4.69463e-006 1 3.14159
			scale 2.50904 3.14777 2.74596
			children [
				DEF principal4 Transform { # children: 13
					translation -2.19237 -6.20087 -4.13448
					rotation 0.9996 0 0.0282967 1.86082e-017
					scaleOrientation 0.0814784 0.0814798 0.993339 1.57748
					scale 1.40984 1 0.999998
					children [
						Shape {
							appearance Appearance {
								material Material {
									diffuseColor 0.8 0.8 0.8
								}
								texture ImageTexture {
									url "04.jpg"
								}
							}
							geometry IndexedFaceSet { # faces: 20
								convex FALSE
								colorPerVertex FALSE
								coord DEF Label_034 Coordinate {
									point [
										-18.269 11.3273 -3.83631,
										-16.8928 11.3273 -11.1252,
										9.84927 -4.9307 -3.83631,
										-12.8989 11.3273 -17.7006,
										-6.67825 11.3273 -22.9189,
										1.16024 11.3273 -26.2692,
										9.84927 11.3273 -27.4237,
										18.5383 11.3273 -26.2692,
										26.3768 11.3273 -22.9189,
										32.5974 11.3273 -17.7006,
										36.5913 11.3273 -11.1252,
										37.9676 11.3273 -3.83631,
										36.5913 11.3273 3.45259,
										32.5974 11.3273 10.028,
										26.3768 11.3273 15.2463,
										18.5383 11.3273 18.5966,
										9.84927 11.3273 19.7511,
										1.16024 11.3273 18.5966,
										-6.67825 11.3273 15.2463,
										-12.8989 11.3273 10.028,
										-16.8928 11.3273 3.45259
									]
								}
								coordIndex [
									0, 1, 2, -1,
									1, 3, 2, -1,
									3, 4, 2, -1,
									4, 5, 2, -1,
									5, 6, 2, -1,
									6, 7, 2, -1,
									7, 8, 2, -1,
									8, 9, 2, -1,
									9, 10, 2, -1,
									10, 11, 2, -1,
									11, 12, 2, -1,
									12, 13, 2, -1,
									13, 14, 2, -1,
									14, 15, 2, -1,
									15, 16, 2, -1,
									16, 17, 2, -1,
									17, 18, 2, -1,
									18, 19, 2, -1,
									19, 20, 2, -1,
									20, 0, 2, -1,
								]
								texCoord DEF Label_035 TextureCoordinate {
									point [
										1.36803 2.63223,
										1.05586 2.8325,
										0.28294 1.42393,
										1.05586 2.8325,
										0.684263 2.93191,
										0.28294 1.42393,
										0.684263 2.93191,
										0.27834 2.92528,
										0.28294 1.42393,
										0.27834 2.92528,
										-0.133304 2.81476,
										0.28294 1.42393,
										-0.133304 2.81476,
										-0.520632 2.60968,
										0.28294 1.42393,
										-0.520632 2.60968,
										-0.854635 2.32591,
										0.28294 1.42393,
										-0.854635 2.32591,
										-1.10983 1.98453,
										0.28294 1.42393,
										-1.10983 1.98453,
										-1.2664 1.60996,
										0.28294 1.42393,
										-1.2664 1.60996,
										-1.31176 1.22798,
										0.28294 1.42393,
										-1.31176 1.22798,
										-1.24142 0.863822,
										0.28294 1.42393,
										-1.24142 0.863822,
										-1.05925 0.54076,
										0.28294 1.42393,
										-1.05925 0.54076,
										-0.777359 0.279025,
										0.28294 1.42393,
										-0.777359 0.279025,
										-0.415515 0.0949403,
										0.28294 1.42393,
										-0.415516 0.0949403,
										-1.15604e-007 -2.66555e-008,
										0.28294 1.42393,
										-1.29631e-007 -1.27151e-008,
										0.438269 -2.63119e-008,
										0.28294 1.42393,
										0.438269 -2.63119e-008,
										0.866231 0.0944924,
										0.28294 1.42393,
										0.866231 0.0944924,
										1.2515 0.276786,
										0.28294 1.42393,
										1.2515 0.276786,
										1.56515 0.534556,
										0.28294 1.42393,
										1.73924 1.98451,
										1.60059 2.34332,
										0.28294 1.42393,
										1.60059 2.34332,
										1.36803 2.63223,
										0.28294 1.42393,
										0.861836 0,
										1.2465 4.77898e-007,
										1.63097 0.130386,
										1.97761 0.378397,
										2.25249 0.719751,
										2.42869 1.12104,
										2.48898 1.54298,
										2.42744 1.94426,
										2.25012 2.28562,
										1.97435 2.53363,
										1.62714 2.66401,
										1.24247 2.66401,
										0.858004 2.53363,
										0.511368 2.28561,
										0.23649 1.94426,
										0.0602875 1.54297,
										-1.42432e-006 1.12103,
										0.0615319 0.719747,
										0.23886 0.378393,
										0.514626 0.130386
									]
								}
								texCoordIndex [
									0, 1, 2, -1,
									3, 4, 5, -1,
									6, 7, 8, -1,
									9, 10, 11, -1,
									12, 13, 14, -1,
									15, 16, 17, -1,
									18, 19, 20, -1,
									21, 22, 23, -1,
									24, 25, 26, -1,
									27, 28, 29, -1,
									30, 31, 32, -1,
									33, 34, 35, -1,
									36, 37, 38, -1,
									39, 40, 41, -1,
									42, 43, 44, -1,
									45, 46, 47, -1,
									48, 49, 50, -1,
									51, 52, 53, -1,
									54, 55, 56, -1,
									57, 58, 59, -1,
								]
							}
						}
						Shape {
							appearance Appearance {
								material Material {
									diffuseColor 0.8 0.8 0.8
								}
								texture ImageTexture {
									url "01.jpg"
								}
							}
							geometry IndexedFaceSet { # faces: 1
								convex FALSE
								colorPerVertex FALSE
								coord USE Label_034
								coordIndex [
									20, 19, 18, 17, 16, 15, 14, 13, 12, 11, 10, 9, 8, 7, 6, 5, 4, 3, 1, 0, -1
								]
								texCoord USE Label_035
								texCoordIndex [
									60, 61, 62, 63, 64, 65, 66, 67, 68, 69, 70, 71, 72, 73, 74, 75, 76, 77, 78, 79, -1
								]
							}
						}
						DEF Rocher23 Transform { # children: 3
							translation 0.125791 10.4658 -14.4203
							rotation 0.927868 0.101981 0.358693 1.71492e-006
							scaleOrientation 1 -5.38676e-007 -1.95983e-007 3.14159
							scale 6.61339 2.83497 4.57208
							children [
								Shape {
									appearance Appearance {
										material Material {
											diffuseColor 0.8 0.8 0.8
										}
										texture ImageTexture {
											url "03.jpg"
										}
									}
									geometry IndexedFaceSet { # faces: 12
										convex FALSE
										colorPerVertex FALSE
										coord DEF Label_036 Coordinate {
											point [
												2.57076 1.12545 -1.21992,
												2.1558 0.0390625 -1.89134,
												0.81295 0.0390625 -1.89134,
												0.397987 1.12545 -1.21992,
												1.48438 1.79688 -0.804954,
												1.48438 -1.71875 -0.804954,
												0.397987 -1.04733 -1.21992,
												2.57076 -1.04733 -1.21992,
												3.24219 0.710487 -0.133529,
												3.24219 -0.632362 -0.133529,
												2.57076 1.12545 0.952859,
												2.1558 0.0390625 1.62428,
												2.57076 -1.04733 0.952859,
												0.81295 0.0390625 1.62428,
												0.397987 -1.04733 0.952859,
												1.48438 -1.71875 0.537895,
												0.397987 1.12545 0.952859,
												1.48438 1.79688 0.537895,
												-0.273438 0.710487 -0.133529,
												-0.273438 -0.632362 -0.133529
											]
										}
										coordIndex [
											0, 1, 2, 3, 4, -1,
											5, 6, 2, 1, 7, -1,
											0, 8, 9, 7, 1, -1,
											8, 10, 11, 12, 9, -1,
											12, 11, 13, 14, 15, -1,
											16, 13, 11, 10, 17, -1,
											4, 17, 10, 8, 0, -1,
											17, 4, 3, 18, 16, -1,
											15, 5, 7, 9, 12, -1,
											6, 5, 15, 14, 19, -1,
											2, 6, 19, 18, 3, -1,
											19, 14, 13, 16, 18, -1
										]
										texCoord DEF Label_037 TextureCoordinate {
											point [
												-0.703125 1.0217,
												-0.86911 1.53255,
												-1.40625 1.53255,
												-1.57224 1.0217,
												-1.13768 0.705974,
												-0.600541 2.35912,
												-1.13769 2.35912,
												-1.30367 1.84827,
												-0.86911 1.53255,
												-0.434554 1.84827,
												-0.703125 1.0217,
												-0.165985 1.0217,
												3.0835e-008 1.53255,
												-0.434555 1.84827,
												-0.869107 1.53255,
												-0.165985 1.0217,
												-1.21089e-007 0.51085,
												0.537137 0.510851,
												0.703125 1.0217,
												0.268569 1.33742,
												0.703125 1.0217,
												0.537139 0.51085,
												0.971695 0.195127,
												1.40625 0.51085,
												1.24026 1.0217,
												0.26857 -0.315723,
												0.703123 1.28908e-007,
												0.53714 0.51085,
												3.80665e-006 0.510848,
												-0.165985 5.52448e-008,
												-0.86911 0.51085,
												-0.434554 0.195129,
												-1.33204e-007 0.51085,
												-0.165985 1.0217,
												-0.703127 1.0217,
												-1.84081 0.195128,
												-1.40626 0.510849,
												-1.57224 1.0217,
												-2.10938 1.0217,
												-2.27537 0.510852,
												1.13768 1.33742,
												0.971692 1.84827,
												0.434555 1.84827,
												0.26857 1.33742,
												0.70313 1.0217,
												-1.84081 1.84827,
												-2.00679 2.35912,
												-2.54393 2.35912,
												-2.70992 1.84827,
												-2.27537 1.53255,
												-1.40625 1.53255,
												-1.8408 1.84827,
												-2.27536 1.53255,
												-2.10938 1.0217,
												-1.57224 1.0217,
												-2.27536 1.53255,
												-2.8125 1.53255,
												-2.97848 1.0217,
												-2.54393 0.705978,
												-2.10938 1.0217
											]
										}
										texCoordIndex [
											0, 1, 2, 3, 4, -1,
											5, 6, 7, 8, 9, -1,
											10, 11, 12, 13, 14, -1,
											15, 16, 17, 18, 19, -1,
											20, 21, 22, 23, 24, -1,
											25, 26, 27, 28, 29, -1,
											30, 31, 32, 33, 34, -1,
											35, 36, 37, 38, 39, -1,
											40, 41, 42, 43, 44, -1,
											45, 46, 47, 48, 49, -1,
											50, 51, 52, 53, 54, -1,
											55, 56, 57, 58, 59, -1
										]
									}
								}
								DEF Rocher24 Transform { # children: 1
									translation 2.71162 0.749895 2.47795
									rotation 0.832408 0.391853 -0.391853 1.75321
									scaleOrientation 8.41215e-006 -1.05916e-006 -1 0.846804
									scale 0.805254 0.611375 0.704122
									children [
										USE _Object1
									]
								}
								DEF Rocher25 Transform { # children: 1
									translation 1.59932 1.4562 0.960855
									rotation 0.991507 0.0600936 0.115336 1.13202
									scaleOrientation 0.607072 0.538987 -0.583915 2.1123
									scale 1.19611 0.563868 0.729676
									children [
										USE _Object1
									]
								}
							]
						}
						DEF Arbre28 Transform { # children: 2
							translation 18.2753 18.2729 -9.69151
							rotation 0.873704 0.0744721 0.480724 1.8082e-006
							scaleOrientation 1 -1.63823e-006 4.05767e-007 3.14159
							scale 0.959952 0.705377 1.15085
							children [
								USE _Object0
							]
						}
						DEF Arbre29 Transform { # children: 2
							translation 11.2581 9.42609 -2.08851
							rotation 0.855024 0.0735677 0.513344 1.69192e-006
							scaleOrientation 1 -1.63823e-006 2.27448e-007 3.14159
							scale 0.959953 0.705377 1.32179
							children [
								USE _Object0
							]
						}
						DEF Arbre30 Transform { # children: 2
							translation 14.3809 10.7199 -3.32689
							rotation 0.902756 0.0878983 0.421077 1.76033e-006
							scaleOrientation 1 -8.5236e-007 -8.18979e-007 3.14159
							scale 0.398559 0.225334 0.364171
							children [
								USE _Object0
							]
						}
						DEF pic13 Transform { # children: 1
							translation 0.533048 3.29281 0.266524
							rotation 0 1 0 0
							scaleOrientation 1 0 0 3.14159
							scale 1 0.7093 1
							children [
								USE _Object2
							]
						}
						DEF pic14 Transform { # children: 1
							translation 22.2583 1.60642 -3.73134
							rotation -2.77556e-017 -1 0 2.16457e-017
							scaleOrientation -1 0 0 1.5708
							scale 1 1 0.76132
							children [
								USE _Object3
							]
						}
						DEF pic15 Transform { # children: 1
							translation 8.26216 -5.57678 1.31704
							rotation 0.113811 -0.97375 -0.197125 1.07039
							scaleOrientation -8.21171e-006 -1.63608e-005 1 1.38316
							scale 1.41803 0.97021 1
							children [
								USE _Object4
							]
						}
						DEF pic16 Transform { # children: 1
							translation 20.2558 3.29281 13.3262
							rotation 0 1 0 0
							scaleOrientation 1 0 0 3.14159
							scale 1 0.7093 1
							children [
								USE _Object5
							]
						}
						DEF Planche13 Transform { # children: 1
							translation -14.5179 7.54893 -10.4763
							rotation -6.22147e-006 -1 6.18889e-006 0.208326
							scaleOrientation -0.998051 0.0441257 0.0441257 1.57275
							scale 0.0403024 0.0327491 0.922424
							children [
								USE _Object6
							]
						}
						DEF Planche14 Transform { # children: 1
							translation -11.8366 7.54892 -14.3644
							rotation -6.22147e-006 -1 6.18889e-006 0.208326
							scaleOrientation -0.998051 0.0441257 0.0441257 1.57275
							scale 0.0403024 0.0327491 0.922424
							children [
								USE _Object6
							]
						}
                                                Anchor {
                                                        url "http://www.mondesvirtuels.com/index.php?cat=livre&worldid=0"
                                                        description "Livre d'Or"
                                                        parameter [ "target = blank" ]
									  children [

                                                DEF Livre Transform { # children: 2
							translation -0.281046 11.6882 0.48655
							rotation 2.96258e-006 -1 5.79333e-006 0.523598
							scaleOrientation -0.935114 0.250564 0.250558 1.63784
							scale 0.398559 0.364172 0.225334
							children [
								DEF pupitre Transform { # children: 2
									translation -2.01511 0 0
									rotation 0 0 1 0
									scaleOrientation 0 0 1 0
									scale 0.671415 1 1
									children [
										DEF bas Transform { # children: 1
											translation -2.94442 0.0390625 1.2865
											rotation 0 0 1 0
											scaleOrientation 0 0 1 0
											scale 0.180328 0.688525 0.196721
											children [
												Shape {
													appearance Appearance {
														material Material {
															diffuseColor 0.8 0.8 0.8
														}
														texture ImageTexture {
															url "00.jpg"
														}
													}
													geometry IndexedFaceSet { # faces: 4
														convex FALSE
														colorPerVertex FALSE
														coord DEF Label_038 Coordinate {
															point [
																-5.11719 -2.38281 1.60156,
																-0.351563 -2.38281 1.60156,
																-0.351563 2.38281 1.60156,
																-5.11719 2.38281 1.60156,
																-0.351563 -2.38281 -3.16406,
																-0.351563 2.38281 -3.16406,
																-5.11719 -2.38281 -3.16406,
																-5.11719 2.38281 -3.16406
															]
														}
														coordIndex [
															0, 1, 2, 3, -1,
															1, 4, 5, 2, -1,
															6, 0, 3, 7, -1,
															4, 6, 7, 5, -1,
														]
														texCoord DEF Label_039 TextureCoordinate {
															point [
																0.953125 0,
																1.90625 0,
																1.90625 0.953125,
																0.953125 0.953125,
																-1.90625 0,
																-0.953125 0,
																-0.953125 0.953125,
																-1.90625 0.953125,
																0 0,
																0.953125 0,
																0.953125 0.953125,
																0 0.953125,
																-0.953125 0,
																0 0,
																0 0.953125,
																-0.953125 0.953125
															]
														}
														texCoordIndex [
															0, 1, 2, 3, -1,
															4, 5, 6, 7, -1,
															8, 9, 10, 11, -1,
															12, 13, 14, 15, -1,
														]
													}
												}
												Shape {
													appearance Appearance {
														material Material {
															diffuseColor 0.8 0.8 0.8
														}
													}
													geometry IndexedFaceSet { # faces: 2
														convex FALSE
														colorPerVertex FALSE
														coord USE Label_038
														coordIndex [
															3, 2, 5, 7, -1,
															6, 4, 1, 0, -1
														]
														texCoord USE Label_039
														texCoordIndex [
															-1,
															-1
														]
													}
												}
											]
										}
										DEF haut Transform { # children: 1
											translation -0.15625 -1.64063 0
											rotation 0 0 1 0
											scaleOrientation 0 0 1 0
											children [
												Shape {
													appearance Appearance {
														material Material {
															diffuseColor 0.8 0.8 0.8
														}
														texture ImageTexture {
															url "00.jpg"
														}
													}
													geometry IndexedFaceSet { # faces: 6
														convex FALSE
														colorPerVertex FALSE
														coord DEF Label_040 Coordinate {
															point [
																-5.78332 2.00982 -0.78125,
																-5.78332 2.00982 3.125,
																-5.97645 2.60423 3.125,
																-5.97645 2.60423 -0.78125,
																-0.507924 3.7239 3.125,
																-0.70106 4.31831 3.125,
																-0.507924 3.7239 -0.78125,
																-0.70106 4.31831 -0.78125
															]
														}
														coordIndex [
															0, 1, 2, 3, -1,
															1, 4, 5, 2, -1,
															6, 0, 3, 7, -1,
															4, 6, 7, 5, -1,
															3, 2, 5, 7, -1,
															6, 4, 1, 0, -1
														]
														texCoord DEF Label_041 TextureCoordinate {
															point [
																-0.360302 0.986542,
																-0.372207 0.205382,
																-0.247222 0.203478,
																-0.235317 0.984638,
																-0.249127 0.0784919,
																0.86012 0.0615864,
																0.862025 0.186572,
																-0.247221 0.203477,
																0.875835 1.09272,
																-0.233413 1.10963,
																-0.235317 0.984638,
																0.87393 0.967732,
																0.86012 0.0615864,
																1.64128 0.0496812,
																1.64318 0.174667,
																0.86202 0.186572,
																-0.235317 0.984638,
																-0.247222 0.203478,
																0.862025 0.186572,
																0.87393 0.967732,
																1.64128 0.0496812,
																0.86012 0.0615864,
																0.843214 -1.04766,
																1.62437 -1.05957
															]
														}
														texCoordIndex [
															0, 1, 2, 3, -1,
															4, 5, 6, 7, -1,
															8, 9, 10, 11, -1,
															12, 13, 14, 15, -1,
															16, 17, 18, 19, -1,
															20, 21, 22, 23, -1
														]
													}
												}
											]
										}
									]
								}
								DEF livre2 Transform { # children: 3
									translation -2.66007 0.231509 0.111826
									rotation 1 -9.53674e-007 0 0
									scaleOrientation 0 0 -1 3.14159
									scale 0.489293 0.830788 0.843137
									children [
										DEF gauche Transform { # children: 1
											translation -0.141737 -1.01562 -0.186773
											rotation 0 0 1 0
											scaleOrientation 0 0 1 0
											scale 1.02857 1 0.405116
											children [
												Shape {
													appearance Appearance {
														material Material {
															diffuseColor 0.501961 0.501961 0.501961
														}
													}
													geometry IndexedFaceSet { # faces: 5
														convex FALSE
														colorPerVertex FALSE
														color Color {
															color [
																0.74902 0.74902 0.74902
																1 1 1
																0.74902 0.74902 0.74902
																0.74902 0.74902 0.74902
																1 1 1
															]
														}
														coord DEF Label_042 Coordinate {
															point [
																-5.78332 2.00982 -0.78125,
																-5.78332 2.00982 3.125,
																-5.97645 2.60423 3.125,
																-5.97645 2.60423 -0.78125,
																-0.507924 3.7239 3.125,
																-0.70106 4.31831 3.125,
																-0.507924 3.7239 -0.78125,
																-0.70106 4.31831 -0.78125
															]
														}
														coordIndex [
															0, 1, 2, 3, -1,
															1, 4, 5, 2, -1,
															6, 0, 3, 7, -1,
															4, 6, 7, 5, -1,
															3, 2, 5, 7, -1,
														]
														texCoord DEF Label_043 TextureCoordinate {
															point [
																-0.249127 0.0784919,
																0.86012 0.0615864,
																0.862025 0.186572,
																-0.247221 0.203477,
																0.86012 0.0615864,
																1.64128 0.0496812,
																1.64318 0.174667,
																0.86202 0.186572,
																1.64128 0.0496812,
																0.86012 0.0615864,
																0.843214 -1.04766,
																1.62437 -1.05957
															]
														}
														texCoordIndex [
															-1,
															0, 1, 2, 3, -1,
															-1,
															4, 5, 6, 7, -1,
															-1,
														]
													}
												}
												Shape {
													appearance Appearance {
														material Material {
															diffuseColor 0.8 0.8 0.8
														}
														texture ImageTexture {
															url "00.jpg"
														}
													}
													geometry IndexedFaceSet { # faces: 1
														convex FALSE
														colorPerVertex FALSE
														coord USE Label_042
														coordIndex [
															6, 4, 1, 0, -1
														]
														texCoord USE Label_043
														texCoordIndex [
															8, 9, 10, 11, -1
														]
													}
												}
											]
										}
										DEF droite Transform { # children: 1
											translation -0.141737 -1.01562 1.75182
											rotation 0 0 1 0
											scaleOrientation 0 0 1 0
											scale 1.02857 1 0.405116
											children [
												Shape {
													appearance Appearance {
														material Material {
															diffuseColor 0.501961 0.501961 0.501961
														}
													}
													geometry IndexedFaceSet { # faces: 5
														convex FALSE
														colorPerVertex FALSE
														color Color {
															color [
																0.74902 0.74902 0.74902
																0.74902 0.74902 0.74902
																1 1 1
																0.74902 0.74902 0.74902
																1 1 1
															]
														}
														coord DEF Label_044 Coordinate {
															point [
																-5.78332 2.00982 -0.78125,
																-5.78332 2.00982 3.125,
																-5.97645 2.60423 3.125,
																-5.97645 2.60423 -0.78125,
																-0.507924 3.7239 3.125,
																-0.70106 4.31831 3.125,
																-0.507924 3.7239 -0.78125,
																-0.70106 4.31831 -0.78125
															]
														}
														coordIndex [
															0, 1, 2, 3, -1,
															1, 4, 5, 2, -1,
															6, 0, 3, 7, -1,
															4, 6, 7, 5, -1,
															3, 2, 5, 7, -1,
														]
														texCoord DEF Label_045 TextureCoordinate {
															point [
																-0.249127 0.0784919,
																0.86012 0.0615864,
																0.862025 0.186572,
																-0.247221 0.203477,
																0.86012 0.0615864,
																1.64128 0.0496812,
																1.64318 0.174667,
																0.86202 0.186572,
																1.64128 0.0496812,
																0.86012 0.0615864,
																0.843214 -1.04766,
																1.62437 -1.05957
															]
														}
														texCoordIndex [
															-1,
															0, 1, 2, 3, -1,
															-1,
															4, 5, 6, 7, -1,
															-1,
														]
													}
												}
												Shape {
													appearance Appearance {
														material Material {
															diffuseColor 0.8 0.8 0.8
														}
														texture ImageTexture {
															url "00.jpg"
														}
													}
													geometry IndexedFaceSet { # faces: 1
														convex FALSE
														colorPerVertex FALSE
														coord USE Label_044
														coordIndex [
															6, 4, 1, 0, -1
														]
														texCoord USE Label_045
														texCoordIndex [
															8, 9, 10, 11, -1
														]
													}
												}
											]
										}
										DEF centre Transform { # children: 1
											translation 0.00653576 -1.29447 1.10369
											rotation 0 0 1 0
											scaleOrientation 1 0 0 3.61999e-006
											scale 1.0662 1.0899 0.0915159
											children [
												Shape {
													appearance Appearance {
														material Material {
															diffuseColor 0.501961 0.501961 0.501961
														}
													}
													geometry IndexedFaceSet { # faces: 5
														convex FALSE
														colorPerVertex FALSE
														color Color {
															color [
																1 0 0
																1 1 1
																1 1 1
																1 0 0
																0 0 0
															]
														}
														coord DEF Label_046 Coordinate {
															point [
																-5.78332 2.00982 -0.78125,
																-5.78332 2.00982 3.125,
																-5.97645 2.60423 3.125,
																-5.97645 2.60423 -0.78125,
																-0.507924 3.7239 3.125,
																-0.70106 4.31831 3.125,
																-0.507924 3.7239 -0.78125,
																-0.70106 4.31831 -0.78125
															]
														}
														coordIndex [
															0, 1, 2, 3, -1,
															1, 4, 5, 2, -1,
															6, 0, 3, 7, -1,
															4, 6, 7, 5, -1,
															3, 2, 5, 7, -1,
														]
														texCoord DEF Label_047 TextureCoordinate {
															point [
																-0.249127 0.0784919,
																0.86012 0.0615864,
																0.862025 0.186572,
																-0.247221 0.203477,
																0.86012 0.0615864,
																1.64128 0.0496812,
																1.64318 0.174667,
																0.86202 0.186572,
																1.64128 0.0496812,
																0.86012 0.0615864,
																0.843214 -1.04766,
																1.62437 -1.05957
															]
														}
														texCoordIndex [
															-1,
															0, 1, 2, 3, -1,
															-1,
															4, 5, 6, 7, -1,
															-1,
														]
													}
												}
												Shape {
													appearance Appearance {
														material Material {
															diffuseColor 0.8 0.8 0.8
														}
														texture ImageTexture {
															url "00.jpg"
														}
													}
													geometry IndexedFaceSet { # faces: 1
														convex FALSE
														colorPerVertex FALSE
														coord USE Label_046
														coordIndex [
															6, 4, 1, 0, -1
														]
														texCoord USE Label_047
														texCoordIndex [
															8, 9, 10, 11, -1
														]
													}
												}
											]
										}
									]
								}
							]
						}
                                                ]}
					]
				}
				DEF Colimacon2 Transform { # children: 1
					translation 40.33 -1.13166 13.0865
					rotation 3.36092e-008 1 8.6982e-008 0.735375
					scaleOrientation 0.721292 -0.489771 0.489756 1.89183
					scale 0.38604 0.338755 0.317684
					children [
						DEF _Object17 Group { # children: 1
							children [
								DEF milieu5 Transform { # children: 7
									translation 0.562442 -1.0587 -1.77636e-015
									rotation 0 0 1 0.10472
									scaleOrientation 0 0 1 0
									scale 1 1 1
									children [
										DEF planche43 Transform { # children: 1
											translation 37.7678 1.43467 7.71765
											rotation 7.51996e-015 1 1.24891e-013 0.10472
											scaleOrientation -4.48492e-013 0.707106 0.707108 3.14159
											scale 2.29074 3.2465 0.694444
											children [
												USE _Object7
											]
										}
										DEF planche44 Transform { # children: 1
											translation 49.6621 1.43467 6.3239
											rotation 3.99171e-015 1 9.9786e-014 0.10472
											scaleOrientation -4.48464e-013 0.707106 0.707108 3.14159
											scale 2.29074 3.2465 0.694444
											children [
												USE _Object7
											]
										}
										DEF planche45 Transform { # children: 1
											translation 61.9002 1.43467 -3.11005
											rotation -1.7467e-015 1 -3.12518e-014 0.20944
											scaleOrientation -1.7795e-013 -0.707108 0.707105 3.14159
											scale 2.29074 3.2465 0.694445
											children [
												USE _Object7
											]
										}
										DEF planche46 Transform { # children: 1
											translation 73.4495 1.58036 -13.9373
											rotation -5.13755e-016 1 -2.48599e-015 0.314159
											scaleOrientation 5.98159e-013 -0.707107 0.707107 3.14159
											scale 2.29074 3.24649 0.694444
											children [
												USE _Object7
											]
										}
										DEF planche47 Transform { # children: 1
											translation 81.4653 1.72604 -31.8155
											rotation 7.16237e-016 1 -3.11243e-015 0.523599
											scaleOrientation 5.98337e-013 -0.707107 0.707107 3.14159
											scale 2.29074 3.24649 0.694444
											children [
												USE _Object7
											]
										}
										DEF planche48 Transform { # children: 1
											translation 89.5842 1.87173 -44.2991
											rotation -2.5447e-015 1 -3.76443e-015 0.628319
											scaleOrientation 4.48408e-013 -0.707108 0.707106 3.14159
											scale 2.29074 3.2465 0.694444
											children [
												USE _Object7
											]
										}
										DEF planche49 Transform { # children: 1
											translation 92.0414 1.94457 -64.8656
											rotation -5.09298e-016 1 2.03146e-017 0.837758
											scaleOrientation -5.99016e-013 0.707107 0.707107 3.14159
											scale 2.29074 3.24649 0.694444
											children [
												USE _Object7
											]
										}
									]
								}
							]
						}
					]
				}
				DEF Colimacon3 Transform { # children: 1
					translation 42.1335 1.54601 -15.1751
					rotation -2.36409e-008 1 1.01276e-007 1.67575
					scaleOrientation -0.490539 -0.61614 -0.616233 2.22958
					scale 0.334225 0.320168 0.317685
					children [
						USE _Object17
					]
				}
				DEF Colimacon4 Transform { # children: 1
					translation 21.0964 4.319 -34.0861
					rotation 1.14493e-008 1 1.24201e-008 2.40641
					scaleOrientation -0.424151 -0.640351 -0.640349 2.33928
					scale 0.379426 0.334925 0.317686
					children [
						USE _Object17
					]
				}
				DEF Colimacon5 Transform { # children: 1
					translation -9.04727 6.93995 -31.7508
					rotation -1.68172e-010 -1 -3.30729e-008 2.82553
					scaleOrientation 0.97477 0.157837 -0.157835 1.59636
					scale 0.351882 0.384466 0.317686
					children [
						USE _Object17
					]
				}
				DEF Colimacon6 Transform { # children: 1
					translation 9.12003 -4.01487 32.9202
					rotation 4.68953e-007 0.461677 -0.887048 8.53773e-008
					scaleOrientation 1 -5.60057e-007 -2.19892e-007 3.14158
					scale 0.522208 0.317685 0.364171
					children [
						USE _Object17
					]
				}
			]
		}
		DEF Ile7 Transform { # children: 7
			translation 146.98 3.63558 -113.061
			rotation -1.52364e-017 -1 -2.01058e-017 1.78024
			scaleOrientation 0.98527 0.170528 -0.0127483 2.98668
			scale 1 1 1
			children [
				DEF principal6 Transform { # children: 10
					translation 0 -4.64233 0
					rotation 0 0 1 0
					scaleOrientation 0 0 1 0
					scale 1 1.40984 1
					children [
						Shape {
							appearance Appearance {
								material Material {
									diffuseColor 0.8 0.8 0.8
								}
								texture ImageTexture {
									url "04.jpg"
								}
							}
							geometry IndexedFaceSet { # faces: 20
								convex FALSE
								colorPerVertex FALSE
								coord DEF Label_058 Coordinate {
									point [
										-18.269 11.3273 -3.83631,
										-16.8928 11.3273 -11.1252,
										9.84927 -4.9307 -3.83631,
										-12.8989 11.3273 -17.7006,
										-6.67825 11.3273 -22.9189,
										1.16024 11.3273 -26.2692,
										9.84927 11.3273 -27.4237,
										18.5383 11.3273 -26.2692,
										26.3768 11.3273 -22.9189,
										32.5974 11.3273 -17.7006,
										36.5913 11.3273 -11.1252,
										37.9676 11.3273 -3.83631,
										36.5913 11.3273 3.45259,
										32.5974 11.3273 10.028,
										26.3768 11.3273 15.2463,
										18.5383 11.3273 18.5966,
										9.84927 11.3273 19.7511,
										1.16024 11.3273 18.5966,
										-6.67825 11.3273 15.2463,
										-12.8989 11.3273 10.028,
										-16.8928 11.3273 3.45259
									]
								}
								coordIndex [
									0, 1, 2, -1,
									1, 3, 2, -1,
									3, 4, 2, -1,
									4, 5, 2, -1,
									5, 6, 2, -1,
									6, 7, 2, -1,
									7, 8, 2, -1,
									8, 9, 2, -1,
									9, 10, 2, -1,
									10, 11, 2, -1,
									11, 12, 2, -1,
									12, 13, 2, -1,
									13, 14, 2, -1,
									14, 15, 2, -1,
									15, 16, 2, -1,
									16, 17, 2, -1,
									17, 18, 2, -1,
									18, 19, 2, -1,
									19, 20, 2, -1,
									20, 0, 2, -1,
								]
								texCoord DEF Label_059 TextureCoordinate {
									point [
										1.36803 2.63223,
										1.05586 2.8325,
										0.28294 1.42393,
										1.05586 2.8325,
										0.684263 2.93191,
										0.28294 1.42393,
										0.684263 2.93191,
										0.27834 2.92528,
										0.28294 1.42393,
										0.27834 2.92528,
										-0.133304 2.81476,
										0.28294 1.42393,
										-0.133304 2.81476,
										-0.520632 2.60968,
										0.28294 1.42393,
										-0.520632 2.60968,
										-0.854635 2.32591,
										0.28294 1.42393,
										-0.854635 2.32591,
										-1.10983 1.98453,
										0.28294 1.42393,
										-1.10983 1.98453,
										-1.2664 1.60996,
										0.28294 1.42393,
										-1.2664 1.60996,
										-1.31176 1.22798,
										0.28294 1.42393,
										-1.31176 1.22798,
										-1.24142 0.863822,
										0.28294 1.42393,
										-1.24142 0.863822,
										-1.05925 0.54076,
										0.28294 1.42393,
										-1.05925 0.54076,
										-0.777359 0.279025,
										0.28294 1.42393,
										-0.777359 0.279025,
										-0.415515 0.0949403,
										0.28294 1.42393,
										-0.415516 0.0949403,
										-1.15604e-007 -2.66555e-008,
										0.28294 1.42393,
										-1.29631e-007 -1.27151e-008,
										0.438269 -2.63119e-008,
										0.28294 1.42393,
										0.438269 -2.63119e-008,
										0.866231 0.0944924,
										0.28294 1.42393,
										0.866231 0.0944924,
										1.2515 0.276786,
										0.28294 1.42393,
										1.2515 0.276786,
										1.56515 0.534556,
										0.28294 1.42393,
										1.73924 1.98451,
										1.60059 2.34332,
										0.28294 1.42393,
										1.60059 2.34332,
										1.36803 2.63223,
										0.28294 1.42393,
										0.861836 0,
										1.2465 4.77898e-007,
										1.63097 0.130386,
										1.97761 0.378397,
										2.25249 0.719751,
										2.42869 1.12104,
										2.48898 1.54298,
										2.42744 1.94426,
										2.25012 2.28562,
										1.97435 2.53363,
										1.62714 2.66401,
										1.24247 2.66401,
										0.858004 2.53363,
										0.511368 2.28561,
										0.23649 1.94426,
										0.0602875 1.54297,
										-1.42432e-006 1.12103,
										0.0615319 0.719747,
										0.23886 0.378393,
										0.514626 0.130386
									]
								}
								texCoordIndex [
									0, 1, 2, -1,
									3, 4, 5, -1,
									6, 7, 8, -1,
									9, 10, 11, -1,
									12, 13, 14, -1,
									15, 16, 17, -1,
									18, 19, 20, -1,
									21, 22, 23, -1,
									24, 25, 26, -1,
									27, 28, 29, -1,
									30, 31, 32, -1,
									33, 34, 35, -1,
									36, 37, 38, -1,
									39, 40, 41, -1,
									42, 43, 44, -1,
									45, 46, 47, -1,
									48, 49, 50, -1,
									51, 52, 53, -1,
									54, 55, 56, -1,
									57, 58, 59, -1,
								]
							}
						}
						Shape {
							appearance Appearance {
								material Material {
									diffuseColor 0.8 0.8 0.8
								}
								texture ImageTexture {
									url "01.jpg"
								}
							}
							geometry IndexedFaceSet { # faces: 1
								convex FALSE
								colorPerVertex FALSE
								coord USE Label_058
								coordIndex [
									20, 19, 18, 17, 16, 15, 14, 13, 12, 11, 10, 9, 8, 7, 6, 5, 4, 3, 1, 0, -1
								]
								texCoord USE Label_059
								texCoordIndex [
									60, 61, 62, 63, 64, 65, 66, 67, 68, 69, 70, 71, 72, 73, 74, 75, 76, 77, 78, 79, -1
								]
							}
						}
						DEF Arbre01 Transform { # children: 2
							translation 7.86439 8.28461 -16.035
							rotation -0.972549 0.129363 0.193425 3.59893e-006
							scaleOrientation 0.70622 -0.70619 -0.0505007 3.04064
							scale 1.12888 1 0.999997
							children [
								USE _Object0
							]
						}
						DEF Arbre2 Transform { # children: 2
							translation 11.6015 9.41552 -15.873
							rotation -0.967425 0.164473 0.19245 2.83127e-006
							scaleOrientation 0.154666 0.154649 0.975788 1.5953
							scale 0.7093 1 0.999998
							children [
								USE _Object0
							]
						}
						DEF Rocher Transform { # children: 2
							translation -1.70855 11.4054 -18.4342
							rotation -0.967418 0.164439 0.192514 2.83131e-006
							scaleOrientation 0.154666 0.154649 0.975788 1.5953
							scale 0.7093 1 0.999998
							children [
								Shape {
									appearance Appearance {
										material Material {
											diffuseColor 0.8 0.8 0.8
										}
										texture ImageTexture {
											url "03.jpg"
										}
									}
									geometry IndexedFaceSet { # faces: 12
										convex FALSE
										colorPerVertex FALSE
										coord DEF Label_060 Coordinate {
											point [
												2.57076 1.12545 -1.21992,
												2.1558 0.0390625 -1.89134,
												0.81295 0.0390625 -1.89134,
												0.397987 1.12545 -1.21992,
												1.48438 1.79688 -0.804954,
												1.48438 -1.71875 -0.804954,
												0.397987 -1.04733 -1.21992,
												2.57076 -1.04733 -1.21992,
												3.24219 0.710487 -0.133529,
												3.24219 -0.632362 -0.133529,
												2.57076 1.12545 0.952859,
												2.1558 0.0390625 1.62428,
												2.57076 -1.04733 0.952859,
												0.81295 0.0390625 1.62428,
												0.397987 -1.04733 0.952859,
												1.48438 -1.71875 0.537895,
												0.397987 1.12545 0.952859,
												1.48438 1.79688 0.537895,
												-0.273438 0.710487 -0.133529,
												-0.273438 -0.632362 -0.133529
											]
										}
										coordIndex [
											0, 1, 2, 3, 4, -1,
											5, 6, 2, 1, 7, -1,
											0, 8, 9, 7, 1, -1,
											8, 10, 11, 12, 9, -1,
											12, 11, 13, 14, 15, -1,
											16, 13, 11, 10, 17, -1,
											4, 17, 10, 8, 0, -1,
											17, 4, 3, 18, 16, -1,
											15, 5, 7, 9, 12, -1,
											6, 5, 15, 14, 19, -1,
											2, 6, 19, 18, 3, -1,
											19, 14, 13, 16, 18, -1
										]
										texCoord DEF Label_061 TextureCoordinate {
											point [
												-0.703125 1.0217,
												-0.86911 1.53255,
												-1.40625 1.53255,
												-1.57224 1.0217,
												-1.13768 0.705974,
												-0.600541 2.35912,
												-1.13769 2.35912,
												-1.30367 1.84827,
												-0.86911 1.53255,
												-0.434554 1.84827,
												-0.703125 1.0217,
												-0.165985 1.0217,
												3.0835e-008 1.53255,
												-0.434555 1.84827,
												-0.869107 1.53255,
												-0.165985 1.0217,
												-1.21089e-007 0.51085,
												0.537137 0.510851,
												0.703125 1.0217,
												0.268569 1.33742,
												0.703125 1.0217,
												0.537139 0.51085,
												0.971695 0.195127,
												1.40625 0.51085,
												1.24026 1.0217,
												0.26857 -0.315723,
												0.703123 1.28908e-007,
												0.53714 0.51085,
												3.80665e-006 0.510848,
												-0.165985 5.52448e-008,
												-0.86911 0.51085,
												-0.434554 0.195129,
												-1.33204e-007 0.51085,
												-0.165985 1.0217,
												-0.703127 1.0217,
												-1.84081 0.195128,
												-1.40626 0.510849,
												-1.57224 1.0217,
												-2.10938 1.0217,
												-2.27537 0.510852,
												1.13768 1.33742,
												0.971692 1.84827,
												0.434555 1.84827,
												0.26857 1.33742,
												0.70313 1.0217,
												-1.84081 1.84827,
												-2.00679 2.35912,
												-2.54393 2.35912,
												-2.70992 1.84827,
												-2.27537 1.53255,
												-1.40625 1.53255,
												-1.8408 1.84827,
												-2.27536 1.53255,
												-2.10938 1.0217,
												-1.57224 1.0217,
												-2.27536 1.53255,
												-2.8125 1.53255,
												-2.97848 1.0217,
												-2.54393 0.705978,
												-2.10938 1.0217
											]
										}
										texCoordIndex [
											0, 1, 2, 3, 4, -1,
											5, 6, 7, 8, 9, -1,
											10, 11, 12, 13, 14, -1,
											15, 16, 17, 18, 19, -1,
											20, 21, 22, 23, 24, -1,
											25, 26, 27, 28, 29, -1,
											30, 31, 32, 33, 34, -1,
											35, 36, 37, 38, 39, -1,
											40, 41, 42, 43, 44, -1,
											45, 46, 47, 48, 49, -1,
											50, 51, 52, 53, 54, -1,
											55, 56, 57, 58, 59, -1
										]
									}
								}
								DEF Rocher2 Transform { # children: 1
									translation 4.32859 -0.497612 1.16086
									rotation 1.18064e-006 1 9.81937e-007 1.78024
									scaleOrientation 1.66513e-012 -0.707108 -0.707106 3.14159
									scale 1.28157 0.999996 1.42235
									children [
										USE _Object1
									]
								}
							]
						}
						DEF Mouton Transform { # children: 2
							translation 10.1778 11.7014 -3.88986
							rotation -1.1763e-006 1 1.24382e-006 1.5708
							scaleOrientation 0.121494 0.121491 0.985129 1.58578
							scale 0.7093 0.999999 1
							children [
								DEF _Object18 Group { # children: 2
									children [
										DEF corps Transform { # children: 6
											rotation 0 0 1 0
											scaleOrientation 0 0 1 0
											children [
												DEF ventre Transform { # children: 1
													rotation 0 0 1 0
													scaleOrientation 0 0 1 0
													children [
														Shape {
															appearance Appearance {
																material Material {
																	diffuseColor 1 1 1
																}
															}
															geometry IndexedFaceSet { # faces: 12
																convex FALSE
																colorPerVertex FALSE
																coord DEF Label_062 Coordinate {
																	point [
																		1.18379 1.14338 1.46106,
																		0.925588 0.78125 1.13281,
																		0.0900372 0.78125 1.13281,
																		-0.168162 1.14338 1.46106,
																		0.507813 1.36719 1.66394,
																		0.507813 0.195313 1.66394,
																		-0.168162 0.419121 1.46106,
																		1.18379 0.419121 1.46106,
																		1.60156 1.00506 1.99219,
																		1.60156 0.557442 1.99219,
																		1.18379 1.14338 2.52331,
																		0.925588 0.78125 2.85156,
																		1.18379 0.419121 2.52331,
																		0.0900372 0.78125 2.85156,
																		-0.168162 0.419121 2.52331,
																		0.507813 0.195313 2.32044,
																		-0.168162 1.14338 2.52331,
																		0.507813 1.36719 2.32044,
																		-0.585938 1.00506 1.99219,
																		-0.585938 0.557442 1.99219
																	]
																}
																coordIndex [
																	0, 1, 2, 3, 4, -1,
																	5, 6, 2, 1, 7, -1,
																	0, 8, 9, 7, 1, -1,
																	8, 10, 11, 12, 9, -1,
																	12, 11, 13, 14, 15, -1,
																	16, 13, 11, 10, 17, -1,
																	4, 17, 10, 8, 0, -1,
																	17, 4, 3, 18, 16, -1,
																	15, 5, 7, 9, 12, -1,
																	6, 5, 15, 14, 19, -1,
																	2, 6, 19, 18, 3, -1,
																	19, 14, 13, 16, 18, -1
																]
															}
														}
													]
												}
												DEF patte1 Transform { # children: 1
													translation -0.037676 0.037676 -0.150704
													rotation 0 0 1 0
													scaleOrientation 0 0 1 0
													children [
														DEF _Object19 Group { # children: 1
															children [
																Shape {
																	appearance Appearance {
																		material Material {
																			diffuseColor 0.501961 0.501961 0.501961
																		}
																	}
																	geometry IndexedFaceSet { # faces: 6
																		convex FALSE
																		colorPerVertex FALSE
																		color Color {
																			color [
																				0 0 0
																				0 0 0
																				0 0 0
																				0 0 0
																				0.501961 0.501961 0.501961
																				0.501961 0.501961 0.501961
																			]
																		}
																		coord DEF Label_063 Coordinate {
																			point [
																				-0.033615 -0.565061 2.49455,
																				0.11174 -0.565061 2.49455,
																				0.11174 0.877561 2.49455,
																				-0.033615 0.877561 2.49455,
																				0.11174 -0.565061 2.3492,
																				0.11174 0.877561 2.3492,
																				-0.033615 -0.565061 2.3492,
																				-0.033615 0.877561 2.3492
																			]
																		}
																		coordIndex [
																			0, 1, 2, 3, -1,
																			1, 4, 5, 2, -1,
																			6, 0, 3, 7, -1,
																			4, 6, 7, 5, -1,
																			3, 2, 5, 7, -1,
																			6, 4, 1, 0, -1
																		]
																	}
																}
															]
														}
													]
												}
												DEF patte2 Transform { # children: 1
													translation 0.941901 0.037676 -0.150704
													rotation 0 0 1 0
													scaleOrientation 0 0 1 0
													children [
														USE _Object19
													]
												}
												DEF patte3 Transform { # children: 1
													translation -0.037676 0.037676 -0.715844
													rotation 0 0 1 0
													scaleOrientation 0 0 1 0
													children [
														USE _Object19
													]
												}
												DEF patte4 Transform { # children: 1
													translation 0.941901 0.037676 -0.678168
													rotation 0 0 1 0
													scaleOrientation 0 0 1 0
													children [
														USE _Object19
													]
												}
												DEF queue Transform { # children: 1
													rotation 0 0 1 0
													scaleOrientation 0 0 1 0
													children [
														Shape {
															appearance Appearance {
																material Material {
																	diffuseColor 0.501961 0.501961 0.501961
																}
															}
															geometry IndexedFaceSet { # faces: 6
																convex FALSE
																colorPerVertex FALSE
																color Color {
																	color [
																		1 1 1
																		1 1 1
																		0.501961 0.501961 0.501961
																		1 1 1
																		0.501961 0.501961 0.501961
																		0.501961 0.501961 0.501961
																	]
																}
																coord DEF Label_064 Coordinate {
																	point [
																		1.40239 0.305755 2.0434,
																		1.6117 0.305755 2.0434,
																		1.6117 0.607163 2.0434,
																		1.40239 0.607163 2.0434,
																		1.6117 0.305755 1.91258,
																		1.6117 0.607163 1.91258,
																		1.40239 0.305755 1.91258,
																		1.40239 0.607163 1.91258
																	]
																}
																coordIndex [
																	0, 1, 2, 3, -1,
																	1, 4, 5, 2, -1,
																	6, 0, 3, 7, -1,
																	4, 6, 7, 5, -1,
																	3, 2, 5, 7, -1,
																	6, 4, 1, 0, -1
																]
															}
														}
													]
												}
											]
										}
										DEF tete Transform { # children: 5
											rotation 0 0 1 0
											scaleOrientation 0 0 1 0
											children [
												DEF face Transform { # children: 1
													rotation 0 0 1 0
													scaleOrientation 0 0 1 0
													children [
														Shape {
															appearance Appearance {
																material Material {
																	diffuseColor 1 1 1
																}
															}
															geometry IndexedFaceSet { # faces: 12
																convex FALSE
																colorPerVertex FALSE
																coord DEF Label_065 Coordinate {
																	point [
																		-0.487441 1.39091 1.79001,
																		-0.567488 1.04164 1.63891,
																		-0.826525 1.04164 1.63891,
																		-0.906572 1.39091 1.79001,
																		-0.697006 1.60678 1.8834,
																		-0.697006 0.476496 1.8834,
																		-0.906572 0.692361 1.79001,
																		-0.487441 0.692361 1.79001,
																		-0.357922 1.2575 2.03451,
																		-0.357922 0.825772 2.03451,
																		-0.487441 1.39091 2.279,
																		-0.567488 1.04164 2.4301,
																		-0.487441 0.692361 2.279,
																		-0.826525 1.04164 2.4301,
																		-0.906572 0.692361 2.279,
																		-0.697006 0.476496 2.18561,
																		-0.906572 1.39091 2.279,
																		-0.697006 1.60678 2.18561,
																		-1.03609 1.2575 2.03451,
																		-1.03609 0.825772 2.03451
																	]
																}
																coordIndex [
																	0, 1, 2, 3, 4, -1,
																	5, 6, 2, 1, 7, -1,
																	0, 8, 9, 7, 1, -1,
																	8, 10, 11, 12, 9, -1,
																	12, 11, 13, 14, 15, -1,
																	16, 13, 11, 10, 17, -1,
																	4, 17, 10, 8, 0, -1,
																	17, 4, 3, 18, 16, -1,
																	15, 5, 7, 9, 12, -1,
																	6, 5, 15, 14, 19, -1,
																	2, 6, 19, 18, 3, -1,
																	19, 14, 13, 16, 18, -1
																]
															}
														}
													]
												}
												DEF oreilleg Transform { # children: 1
													rotation 0 0 1 0
													scaleOrientation 0 0 1 0
													children [
														DEF _Object20 Group { # children: 1
															children [
																Shape {
																	appearance Appearance {
																		material Material {
																			diffuseColor 0.8 0.8 0.8
																		}
																	}
																	geometry IndexedFaceSet { # faces: 5
																		convex FALSE
																		colorPerVertex FALSE
																		coord DEF Label_066 Coordinate {
																			point [
																				-0.836722 1.34185 2.26998,
																				-0.836722 1.13253 2.26998,
																				-0.640492 1.23719 2.74093,
																				-0.444263 1.13253 2.26998,
																				-0.444263 1.34185 2.26998
																			]
																		}
																		coordIndex [
																			0, 1, 2, -1,
																			1, 3, 2, -1,
																			3, 4, 2, -1,
																			0, 2, 4, -1,
																			4, 3, 1, 0, -1
																		]
																	}
																}
															]
														}
													]
												}
												DEF oreilled Transform { # children: 1
													translation -1.31866 -0.037676 4.03133
													rotation -1.00585e-021 1 -1.59595e-016 3.14159
													scaleOrientation 1.12576e-006 -0.998004 -0.063146 3.14159
													scale 1 0.999997 0.999999
													children [
														USE _Object20
													]
												}
												DEF oeilg Transform { # children: 1
													translation 0.791196 0.301408 -0.263732
													rotation 0 0 1 0
													scaleOrientation 0 0 1 0
													children [
														DEF _Object21 Group { # children: 1
															children [
																Shape {
																	appearance Appearance {
																		material Material {
																			diffuseColor 0.8 0.8 0.8
																		}
																	}
																	geometry IndexedFaceSet { # faces: 6
																		convex FALSE
																		colorPerVertex FALSE
																		coord DEF Label_067 Coordinate {
																			point [
																				-1.7331 0.728564 2.52429,
																				-1.69542 0.728564 2.52429,
																				-1.69542 0.879268 2.52429,
																				-1.7331 0.879268 2.52429,
																				-1.69542 0.728564 2.48662,
																				-1.69542 0.879268 2.48662,
																				-1.7331 0.728564 2.48662,
																				-1.7331 0.879268 2.48662
																			]
																		}
																		coordIndex [
																			0, 1, 2, 3, -1,
																			1, 4, 5, 2, -1,
																			6, 0, 3, 7, -1,
																			4, 6, 7, 5, -1,
																			3, 2, 5, 7, -1,
																			6, 4, 1, 0, -1
																		]
																	}
																}
															]
														}
													]
												}
												DEF oeilg2 Transform { # children: 1
													translation 0.75352 0.301408 -0.640492
													rotation 0 0 1 0
													scaleOrientation 0 0 1 0
													children [
														USE _Object21
													]
												}
											]
										}
									]
								}
								Sound {
									minFront 100000
									maxFront 100000
									minBack 100000
									maxBack 100000
									source DEF _Audio0 AudioClip {
										url "01.wav"
									}
								}
								DEF _Touch0 TouchSensor {
								}
							]
							ROUTE _Touch0.touchTime TO _Audio0.startTime
						}
						DEF Mouton2 Transform { # children: 2
							translation 8.64301 11.7014 -1.32886
							rotation -9.78757e-008 1 1.02931e-006 2.72272
							scaleOrientation -0.314411 0.314406 -0.895709 1.6807
							scale 0.7093 1 0.999997
							children [
								USE _Object18
								Sound {
									minFront 100000
									maxFront 100000
									minBack 100000
									maxBack 100000
									source DEF _Audio1 AudioClip {
										url "01.wav"
									}
								}
								DEF _Touch1 TouchSensor {
								}
							]
							ROUTE _Touch1.touchTime TO _Audio1.startTime
						}
						DEF Arbre3 Transform { # children: 2
							translation 0.562968 9.41552 -2.27496
							rotation -0.967431 0.164456 0.192434 2.83128e-006
							scaleOrientation 0.154666 0.154649 0.975788 1.5953
							scale 0.7093 1 0.999998
							children [
								USE _Object0
							]
						}
						DEF Arbre4 Transform { # children: 2
							translation 28.7813 9.41553 -1.82273
							rotation -0.967426 0.164473 0.192444 2.83128e-006
							scaleOrientation 0.154666 0.154649 0.975788 1.5953
							scale 0.7093 1 0.999998
							children [
								USE _Object0
							]
						}
						DEF Mouton4 Transform { # children: 2
							translation 9.1876 11.5871 -3.03922
							rotation -3.97118e-007 1 1.05961e-006 2.19912
							scaleOrientation -0.187685 -0.187686 0.964131 1.60733
							scale 0.492569 0.694443 0.694446
							children [
								USE _Object18
								Sound {
									minFront 100000
									maxFront 100000
									minBack 100000
									maxBack 100000
									source DEF _Audio2 AudioClip {
										url "01.wav"
									}
								}
								DEF _Touch2 TouchSensor {
								}
							]
							ROUTE _Touch2.touchTime TO _Audio2.startTime
						}
                                                
					]
				}
				DEF pic21 Transform { # children: 1
					translation 0.533048 0 0.266524
					rotation 0 0 1 0
					scaleOrientation 0 0 1 0
					children [
						USE _Object2
					]
				}
				DEF pic22 Transform { # children: 1
					translation 22.2583 -2.37753 -3.73134
					rotation 0 0 1 0
					scaleOrientation 0 0 1 0
					scale 1 1.07334 1
					children [
						USE _Object3
					]
				}
				DEF pic23 Transform { # children: 1
					translation 8.26216 -12.5047 1.31704
					rotation 0.102856 -0.978613 -0.178152 1.06602
					scaleOrientation -0.707087 0.707084 -0.00770005 3.12618
					scale 1.93964 1 1
					children [
						USE _Object4
					]
				}
				DEF pic24 Transform { # children: 1
					translation 20.2558 0 13.3262
					rotation 0 0 1 0
					scaleOrientation 0 0 1 0
					children [
						USE _Object5
					]
				}
				DEF Planche3 Transform { # children: 1
					translation 26.2313 -5.5666 12.5689
					rotation -1.06385e-006 1 1.10657e-006 0.942482
					scaleOrientation 3.75822e-007 4.50475e-010 1 3.14159
					scale 0.101349 4.09357 0.0897251
					children [
						USE _Object6
					]
				}
				DEF Planche4 Transform { # children: 1
					translation 33.9938 -5.5666 6.14775
					rotation -1.06385e-006 1 1.10657e-006 0.942482
					scaleOrientation -0.000351455 0.284303 -0.958734 2.64431e-006
					scale 0.101349 4.09357 0.0897251
					children [
						USE _Object6
					]
				}
			]
		}
	
		DEF Pont Transform { # children: 3
			translation -49.7258 19.9596 171.025
			rotation 0.0837055 -0.989808 -0.115211 1.2664
			scaleOrientation 1 1.75059e-006 -1.31396e-007 1.68667
			scale 0.356693 0.401878 0.401878
			children [
				DEF _Object22 Group { # children: 3
					children [
						DEF debut Transform { # children: 2
							rotation 0 0 1 0
							scaleOrientation 0 0 1 0
							children [
								DEF _Object23 Group { # children: 2
									children [
										DEF planche8 Transform { # children: 1
											translation 24.9743 -4.48873 12.898
											rotation 0 0 -1 0.10472
											scaleOrientation 0 0 1 0
											scale 2.29074 0.694444 3.24653
											children [
												USE _Object7
											]
										}
										DEF planche9 Transform { # children: 1
											translation 12.1267 -8.62421 12.898
											rotation 0 0 -1 0.20944
											scaleOrientation 0 0 1 0
											scale 2.29074 0.694444 3.24653
											children [
												USE _Object7
											]
										}
									]
								}
							]
						}
						DEF milieu Transform { # children: 7
							rotation 0 0 1 0
							scaleOrientation 0 0 1 0
							children [
								DEF _Object24 Group { # children: 7
									children [
										DEF planche1 Transform { # children: 1
											translation 37.428 1.43467 12.898
											rotation 0 0 1 0
											scaleOrientation 0 0 1 0
											scale 2.29074 0.694444 3.24653
											children [
												USE _Object7
											]
										}
										DEF planche2 Transform { # children: 1
											translation 48.6254 1.43467 12.898
											rotation 0 0 1 0
											scaleOrientation 0 0 1 0
											scale 2.29074 0.694444 3.24653
											children [
												USE _Object7
											]
										}
										DEF planche3 Transform { # children: 1
											translation 59.8228 1.43467 12.898
											rotation 0 0 1 0
											scaleOrientation 0 0 1 0
											scale 2.29074 0.694444 3.24653
											children [
												USE _Object7
											]
										}
										DEF planche4 Transform { # children: 1
											translation 71.0203 1.43467 12.898
											rotation 0 0 1 0
											scaleOrientation 0 0 1 0
											scale 2.29074 0.694444 3.24653
											children [
												USE _Object7
											]
										}
										DEF planche5 Transform { # children: 1
											translation 82.4977 1.43467 12.898
											rotation 0 0 1 0
											scaleOrientation 0 0 1 0
											scale 2.29074 0.694444 3.24653
											children [
												USE _Object7
											]
										}
										DEF planche6 Transform { # children: 1
											translation 93.6951 1.43467 12.898
											rotation 0 0 1 0
											scaleOrientation 0 0 1 0
											scale 2.29074 0.694444 3.24653
											children [
												USE _Object7
											]
										}
										DEF planche7 Transform { # children: 1
											translation 104.893 1.43467 12.898
											rotation 0 0 1 0
											scaleOrientation 0 0 1 0
											scale 2.29074 0.694444 3.24653
											children [
												USE _Object7
											]
										}
									]
								}
							]
						}
						DEF fin Transform { # children: 2
							rotation 0 0 1 0
							scaleOrientation 0 0 1 0
							children [
								DEF _Object25 Group { # children: 2
									children [
										DEF planche10 Transform { # children: 1
											translation 116.665 9.07496 12.898
											rotation 0 0 1 0.10472
											scaleOrientation 0 0 1 0
											scale 2.29074 0.694444 3.24653
											children [
												USE _Object7
											]
										}
										DEF planche11 Transform { # children: 1
											translation 128.422 10.4746 12.898
											rotation 0 0 1 0.10472
											scaleOrientation 0 0 1 0
											scale 2.29074 0.694444 3.24653
											children [
												USE _Object7
											]
										}
									]
								}
							]
						}
					]
				}
			]
		}
		DEF Ile8 Transform { # children: 9
			translation -86.8493 0.484386 89.1123
			rotation -5.35075e-016 -1 7.42942e-016 1.15192
			scaleOrientation -8.96346e-007 -2.60718e-005 1 3.14159
			scale 1.93397 2.36039 2.30314
			children [
				DEF principal7 Transform { # children: 25
					translation 0 -4.64233 0
					rotation 0 0 1 0
					scaleOrientation 0 0 1 0
					scale 1 1.40984 1
					children [
						Shape {
							appearance Appearance {
								material Material {
									diffuseColor 0.8 0.8 0.8
								}
								texture ImageTexture {
									url "04.jpg"
								}
							}
							geometry IndexedFaceSet { # faces: 20
								convex FALSE
								colorPerVertex FALSE
								coord DEF Label_068 Coordinate {
									point [
										-18.269 11.3273 -3.83631,
										-16.8928 11.3273 -11.1252,
										9.84927 -4.9307 -3.83631,
										-12.8989 11.3273 -17.7006,
										-6.67825 11.3273 -22.9189,
										1.16024 11.3273 -26.2692,
										9.84927 11.3273 -27.4237,
										18.5383 11.3273 -26.2692,
										26.3768 11.3273 -22.9189,
										32.5974 11.3273 -17.7006,
										36.5913 11.3273 -11.1252,
										37.9676 11.3273 -3.83631,
										36.5913 11.3273 3.45259,
										32.5974 11.3273 10.028,
										26.3768 11.3273 15.2463,
										18.5383 11.3273 18.5966,
										9.84927 11.3273 19.7511,
										1.16024 11.3273 18.5966,
										-6.67825 11.3273 15.2463,
										-12.8989 11.3273 10.028,
										-16.8928 11.3273 3.45259
									]
								}
								coordIndex [
									0, 1, 2, -1,
									1, 3, 2, -1,
									3, 4, 2, -1,
									4, 5, 2, -1,
									5, 6, 2, -1,
									6, 7, 2, -1,
									7, 8, 2, -1,
									8, 9, 2, -1,
									9, 10, 2, -1,
									10, 11, 2, -1,
									11, 12, 2, -1,
									12, 13, 2, -1,
									13, 14, 2, -1,
									14, 15, 2, -1,
									15, 16, 2, -1,
									16, 17, 2, -1,
									17, 18, 2, -1,
									18, 19, 2, -1,
									19, 20, 2, -1,
									20, 0, 2, -1,
								]
								texCoord DEF Label_069 TextureCoordinate {
									point [
										1.36803 2.63223,
										1.05586 2.8325,
										0.28294 1.42393,
										1.05586 2.8325,
										0.684263 2.93191,
										0.28294 1.42393,
										0.684263 2.93191,
										0.27834 2.92528,
										0.28294 1.42393,
										0.27834 2.92528,
										-0.133304 2.81476,
										0.28294 1.42393,
										-0.133304 2.81476,
										-0.520632 2.60968,
										0.28294 1.42393,
										-0.520632 2.60968,
										-0.854635 2.32591,
										0.28294 1.42393,
										-0.854635 2.32591,
										-1.10983 1.98453,
										0.28294 1.42393,
										-1.10983 1.98453,
										-1.2664 1.60996,
										0.28294 1.42393,
										-1.2664 1.60996,
										-1.31176 1.22798,
										0.28294 1.42393,
										-1.31176 1.22798,
										-1.24142 0.863822,
										0.28294 1.42393,
										-1.24142 0.863822,
										-1.05925 0.54076,
										0.28294 1.42393,
										-1.05925 0.54076,
										-0.777359 0.279025,
										0.28294 1.42393,
										-0.777359 0.279025,
										-0.415515 0.0949403,
										0.28294 1.42393,
										-0.415516 0.0949403,
										-1.15604e-007 -2.66555e-008,
										0.28294 1.42393,
										-1.29631e-007 -1.27151e-008,
										0.438269 -2.63119e-008,
										0.28294 1.42393,
										0.438269 -2.63119e-008,
										0.866231 0.0944924,
										0.28294 1.42393,
										0.866231 0.0944924,
										1.2515 0.276786,
										0.28294 1.42393,
										1.2515 0.276786,
										1.56515 0.534556,
										0.28294 1.42393,
										1.73924 1.98451,
										1.60059 2.34332,
										0.28294 1.42393,
										1.60059 2.34332,
										1.36803 2.63223,
										0.28294 1.42393,
										0.861836 0,
										1.2465 4.77898e-007,
										1.63097 0.130386,
										1.97761 0.378397,
										2.25249 0.719751,
										2.42869 1.12104,
										2.48898 1.54298,
										2.42744 1.94426,
										2.25012 2.28562,
										1.97435 2.53363,
										1.62714 2.66401,
										1.24247 2.66401,
										0.858004 2.53363,
										0.511368 2.28561,
										0.23649 1.94426,
										0.0602875 1.54297,
										-1.42432e-006 1.12103,
										0.0615319 0.719747,
										0.23886 0.378393,
										0.514626 0.130386
									]
								}
								texCoordIndex [
									0, 1, 2, -1,
									3, 4, 5, -1,
									6, 7, 8, -1,
									9, 10, 11, -1,
									12, 13, 14, -1,
									15, 16, 17, -1,
									18, 19, 20, -1,
									21, 22, 23, -1,
									24, 25, 26, -1,
									27, 28, 29, -1,
									30, 31, 32, -1,
									33, 34, 35, -1,
									36, 37, 38, -1,
									39, 40, 41, -1,
									42, 43, 44, -1,
									45, 46, 47, -1,
									48, 49, 50, -1,
									51, 52, 53, -1,
									54, 55, 56, -1,
									57, 58, 59, -1,
								]
							}
						}
						Shape {
							appearance Appearance {
								material Material {
									diffuseColor 0.8 0.8 0.8
								}
								texture ImageTexture {
									url "01.jpg"
								}
							}
							geometry IndexedFaceSet { # faces: 1
								convex FALSE
								colorPerVertex FALSE
								coord USE Label_068
								coordIndex [
									20, 19, 18, 17, 16, 15, 14, 13, 12, 11, 10, 9, 8, 7, 6, 5, 4, 3, 1, 0, -1
								]
								texCoord USE Label_069
								texCoordIndex [
									60, 61, 62, 63, 64, 65, 66, 67, 68, 69, 70, 71, 72, 73, 74, 75, 76, 77, 78, 79, -1
								]
							}
						}
						DEF Arbre17 Transform { # children: 2
							translation -11.0486 9.57137 3.73034
							rotation -0.934088 -0.212674 0.28679 1.63423e-006
							scaleOrientation -1 3.69523e-007 -1.8894e-007 3.14159
							scale 1.7809 0.651475 0.92765
							children [
								USE _Object0
							]
						}
						DEF Arbre18 Transform { # children: 2
							translation -10.5466 10.3071 -1.64861
							rotation -0.908516 -0.15132 0.389487 1.89683e-006
							scaleOrientation -1 1.37981e-006 -7.52654e-007 3.14158
							scale 0.517071 0.378495 0.43419
							children [
								USE _Object0
							]
						}
						DEF Arbre19 Transform { # children: 2
							translation -6.64478 10.5174 0.0548503
							rotation -0.906705 -0.17203 0.385086 1.66915e-006
							scaleOrientation -1 7.6783e-007 -7.5264e-007 3.14159
							scale 0.517071 0.300501 0.43419
							children [
								USE _Object0
							]
						}
						DEF Arbre20 Transform { # children: 2
							translation -5.66598 10.5174 -5.4208
							rotation -0.906605 -0.172119 0.385283 1.66934e-006
							scaleOrientation -1 7.6783e-007 -7.5264e-007 3.14159
							scale 0.517071 0.300501 0.43419
							children [
								USE _Object0
							]
						}
						DEF Rocher15 Transform { # children: 1
							translation -7.20654 11.2116 1.83957
							rotation -0.906544 -0.172172 0.385402 1.66945e-006
							scaleOrientation -1 7.6783e-007 -7.5264e-007 3.14159
							scale 0.517071 0.300501 0.43419
							children [
								USE _Object1
							]
						}
						DEF Rocher16 Transform { # children: 1
							translation -6.0345 11.0852 -5.20265
							rotation -0.906582 -0.172139 0.385327 1.66937e-006
							scaleOrientation -1 7.6783e-007 -7.5264e-007 3.14159
							scale 0.517071 0.300501 0.43419
							children [
								USE _Object1
							]
						}
						DEF Mouton3 Transform { # children: 2
							translation 2.17518 11.5755 -0.141426
							rotation -5.76804e-007 -1 -3.98942e-007 2.206
							scaleOrientation 0.1722 0.696543 -0.696545 2.80054
							scale 0.873674 0.714472 0.45586
							children [
								USE _Object18
								Sound {
									minFront 100000
									maxFront 100000
									minBack 100000
									maxBack 100000
									source DEF _Audio3 AudioClip {
										url "01.wav"
									}
								}
								DEF _Touch3 TouchSensor {
								}
							]
							ROUTE _Touch3.touchTime TO _Audio3.startTime
						}
						DEF Arbre21 Transform { # children: 2
							translation 15.2763 8.62539 16.9869
							rotation -0.91403 -0.142094 0.379946 2.09339e-006
							scaleOrientation 1 -2.37743e-006 5.19971e-007 3.14157
							scale 1.20375 1.00245 0.936084
							children [
								USE _Object0
							]
						}
						DEF Arbre22 Transform { # children: 2
							translation 16.7226 10.5174 8.70545
							rotation -0.906544 -0.172172 0.385402 1.66945e-006
							scaleOrientation -1 7.6783e-007 -7.5264e-007 3.14159
							scale 0.517071 0.300501 0.43419
							children [
								USE _Object0
							]
						}
						DEF Rocher17 Transform { # children: 1
							translation 11.9542 11.338 12.1003
							rotation -0.866931 -0.391329 0.308694 7.79777e-007
							scaleOrientation 1 -5.38971e-007 2.49995e-007 1.5708
							scale 1.86807 1.34429 0.300501
							children [
								USE _Object1
							]
						}
						DEF Arbre23 Transform { # children: 2
							translation 5.9118 10.4234 12.5402
							rotation -0.885416 -0.124285 0.447875 1.98441e-006
							scaleOrientation 1.34792e-005 -1 -9.17423e-006 3.14159
							scale 1.34479 1.38914 1.53625
							children [
								USE _Object0
							]
						}
						DEF Arbre24 Transform { # children: 2
							translation 4.1691 10.5174 5.9951
							rotation -0.906705 -0.17203 0.385086 1.66915e-006
							scaleOrientation -1 7.6783e-007 -7.5264e-007 3.14159
							scale 0.517071 0.300501 0.43419
							children [
								USE _Object0
							]
						}
						DEF Rocher18 Transform { # children: 1
							translation -2.853 11.2116 11.994
							rotation -0.906705 -0.17203 0.385086 1.66915e-006
							scaleOrientation -1 7.6783e-007 -7.5264e-007 3.14159
							scale 0.517071 0.300501 0.43419
							children [
								USE _Object1
							]
						}
						DEF Arbre25 Transform { # children: 2
							translation 12.6702 10.5174 -24.4558
							rotation -0.906582 -0.172139 0.385327 1.66937e-006
							scaleOrientation -1 7.6783e-007 -7.5264e-007 3.14159
							scale 0.517071 0.300501 0.43419
							children [
								USE _Object0
							]
						}
						DEF Arbre26 Transform { # children: 2
							translation 14.6458 10.8327 -24.3226
							rotation -0.89756 -0.234171 0.373563 1.22472e-006
							scaleOrientation -1 3.55279e-007 -7.52635e-007 3.14159
							scale 0.517071 0.18351 0.43419
							children [
								USE _Object0
							]
						}
						DEF Rocher19 Transform { # children: 1
							translation 12.5267 11.0852 -23.7339
							rotation -0.906705 -0.17203 0.385086 1.66915e-006
							scaleOrientation -1 7.6783e-007 -7.5264e-007 3.14159
							scale 0.517071 0.300501 0.43419
							children [
								USE _Object1
							]
						}
						DEF Arbre27 Transform { # children: 2
							translation 31.0913 9.28492 -14.3952
							rotation -0.908955 -0.111006 0.401844 2.58791e-006
							scaleOrientation -1.11732e-006 1 -1.57828e-006 3.14159
							scale 0.517071 0.757754 0.43419
							children [
								USE _Object0
							]
						}
						DEF Rocher20 Transform { # children: 1
							translation 30.9103 11.4517 -14.4255
							rotation -0.90651 -0.172201 0.385468 1.66951e-006
							scaleOrientation -1 7.6783e-007 -7.5264e-007 3.14159
							scale 0.517071 0.300501 0.43419
							children [
								USE _Object1
							]
						}
						DEF Planche Transform { # children: 1
							translation -4.53443 6.04256 -22.8548
							rotation -1.15248e-005 1 5.73502e-006 0.31106
							scaleOrientation 0.991562 -0.0916663 0.091664 1.57927
							scale 0.0520405 0.0392304 1.23012
							children [
								USE _Object6
							]
						}
						DEF Planche2 Transform { # children: 1
							translation -1.21359 6.04256 -24.365
							rotation -1.15248e-005 1 5.73502e-006 0.31106
							scaleOrientation 0.991562 -0.0916663 0.091664 1.57927
							scale 0.0520405 0.0392304 1.23012
							children [
								USE _Object6
							]
						}
						DEF Rocher21 Transform { # children: 1
							translation -0.875227 10.9931 11.3306
							rotation -0.921042 -0.206722 0.330073 1.54389e-006
							scaleOrientation -1 4.31833e-007 -3.06158e-007 3.14159
							scale 4.50511 1.84895 2.96225
							children [
								USE _Object1
							]
						}
						DEF Rocher22 Transform { # children: 1
							translation -8.88851 11.9726 5.78609
							rotation -0.85818 -0.350437 0.375128 7.87557e-007
							scaleOrientation 1 -1.60562e-006 1.23384e-006 1.5708
							scale 1.84355 1.67992 0.375426
							children [
								USE _Object1
							]
						}
                                                
						DEF Music Transform { # children: 3
							translation 5.24692 12.2457 -0.252665
							rotation -2.77051e-007 -1 -5.22584e-007 3.03687
							scaleOrientation 0.037034 0.706621 -0.706623 3.06756
							scale 0.517071 0.43419 0.300501
							children [
								DEF Music_dessus Transform { # children: 5
									rotation 0 0 1 0
									scaleOrientation 0 0 1 0
									children [
										DEF Music_coted Transform { # children: 1
											translation 0.812903 0 0
											rotation 0 0 1 0
											scaleOrientation 0 0 1 0
											scale 0.129032 1 1
											children [
												Shape {
													appearance Appearance {
														material Material {
															diffuseColor 0.501961 0.501961 0.501961
														}
														texture ImageTexture {
                                                                                                                        url "10.jpg"
														}
													}
													geometry IndexedFaceSet { # faces: 3
														convex FALSE
														colorPerVertex FALSE
														coord DEF Label_070 Coordinate {
															point [
																-2.8125 -1.9125 -11.925,
																4.1625 -1.9125 -11.925,
																4.1625 1.9125 -11.925,
																-2.8125 1.9125 -11.925,
																4.1625 -1.9125 -12.825,
																-2.8125 -1.9125 -12.825,
																-2.8125 1.9125 -12.825,
																4.1625 1.9125 -12.825
															]
														}
														coordIndex [
															0, 1, 2, 3, -1,
															4, 5, 6, 7, -1,
															5, 4, 1, 0, -1,
														]
														texCoord DEF Label_071 TextureCoordinate {
															point [
																0.057802 0.182656,
																0.907948 0.183005,
																0.908271 0.867518,
																0.058125 0.867169,
																1.01764 0.183051,
																1.86779 0.1834,
																1.86811 0.867912,
																1.01796 0.867563,
																0.0577259 0.0215946,
																0.907872 0.0219438,
																0.907948 0.183005,
																0.0578019 0.182656,
																0.907948 0.183005,
																1.01764 0.183051,
																1.01797 0.867563,
																0.908278 0.867517
															]
														}
														texCoordIndex [
															0, 1, 2, 3, -1,
															4, 5, 6, 7, -1,
															8, 9, 10, 11, -1,
														]
													}
												}
												Shape {
													appearance Appearance {
														material Material {
															diffuseColor 0.501961 0.501961 0.501961
														}
														texture ImageTexture {
                                                                                                                        url "00.jpg"
														}
													}
													geometry IndexedFaceSet { # faces: 1
														convex FALSE
														colorPerVertex FALSE
														coord USE Label_070
														coordIndex [
															1, 4, 7, 2, -1,
														]
														texCoord USE Label_071
														texCoordIndex [
															12, 13, 14, 15, -1,
														]
													}
												}
												Shape {
													appearance Appearance {
														material Material {
															diffuseColor 0.501961 0.501961 0.501961
														}
													}
													geometry IndexedFaceSet { # faces: 2
														convex FALSE
														colorPerVertex FALSE
														coord USE Label_070
														coordIndex [
															5, 0, 3, 6, -1,
															3, 2, 7, 6, -1
														]
														texCoord USE Label_071
														texCoordIndex [
															-1,
															-1
														]
													}
												}
											]
										}
										DEF Music_coteg Transform { # children: 1
											translation -3.3496 0 0
											rotation 0 0 1 0
											scaleOrientation 0 0 1 0
											scale 0.129032 1 1
											children [
												Shape {
													appearance Appearance {
														material Material {
															diffuseColor 0.501961 0.501961 0.501961
														}
														texture ImageTexture {
                                                                                                                        url "10.jpg"
														}
													}
													geometry IndexedFaceSet { # faces: 3
														convex FALSE
														colorPerVertex FALSE
														coord DEF Label_072 Coordinate {
															point [
																-2.8125 -1.9125 -11.925,
																4.1625 -1.9125 -11.925,
																4.1625 1.9125 -11.925,
																-2.8125 1.9125 -11.925,
																4.1625 -1.9125 -12.825,
																-2.8125 -1.9125 -12.825,
																-2.8125 1.9125 -12.825,
																4.1625 1.9125 -12.825
															]
														}
														coordIndex [
															0, 1, 2, 3, -1,
															4, 5, 6, 7, -1,
															5, 4, 1, 0, -1,
														]
														texCoord DEF Label_073 TextureCoordinate {
															point [
																0.057802 0.182656,
																0.907948 0.183005,
																0.908271 0.867518,
																0.058125 0.867169,
																-0.90204 0.182262,
																-0.0518943 0.182611,
																-0.0515709 0.867123,
																-0.901717 0.866774,
																0.0577259 0.0215946,
																0.907872 0.0219438,
																0.907948 0.183005,
																0.0578019 0.182656,
																-0.0518943 0.182611,
																0.057802 0.182656,
																0.0581254 0.867168,
																-0.0515709 0.867123
															]
														}
														texCoordIndex [
															0, 1, 2, 3, -1,
															4, 5, 6, 7, -1,
															8, 9, 10, 11, -1,
														]
													}
												}
												Shape {
													appearance Appearance {
														material Material {
															diffuseColor 0.501961 0.501961 0.501961
														}
													}
													geometry IndexedFaceSet { # faces: 2
														convex FALSE
														colorPerVertex FALSE
														coord USE Label_072
														coordIndex [
															1, 4, 7, 2, -1,
															3, 2, 7, 6, -1,
														]
														texCoord USE Label_073
														texCoordIndex [
															-1,
															-1,
														]
													}
												}
												Shape {
													appearance Appearance {
														material Material {
															diffuseColor 0.501961 0.501961 0.501961
														}
														texture ImageTexture {
                                                                                                                        url "00.jpg"
														}
													}
													geometry IndexedFaceSet { # faces: 1
														convex FALSE
														colorPerVertex FALSE
														coord USE Label_072
														coordIndex [
															5, 0, 3, 6, -1
														]
														texCoord USE Label_073
														texCoordIndex [
															12, 13, 14, 15, -1
														]
													}
												}
											]
										}
										DEF Music_haut Transform { # children: 1
											translation -1.49698 1.19358 0
											rotation 0 0 1 0
											scaleOrientation 0 0 1 0
											scale 0.467742 0.375908 1
											children [
												Shape {
													appearance Appearance {
														material Material {
															diffuseColor 0.501961 0.501961 0.501961
														}
														texture ImageTexture {
                                                                                                                        url "11.jpg"
														}
													}
													geometry IndexedFaceSet { # faces: 1
														convex FALSE
														colorPerVertex FALSE
														coord DEF Label_074 Coordinate {
															point [
																-2.8125 -1.9125 -11.925,
																4.1625 -1.9125 -11.925,
																4.1625 1.9125 -11.925,
																-2.8125 1.9125 -11.925,
																-2.8125 -1.9125 -12.825,
																4.1625 -1.9125 -12.825,
																4.1625 1.9125 -12.825,
																-2.8125 1.9125 -12.825
															]
														}
														coordIndex [
															0, 1, 2, 3, -1,
														]
														texCoord DEF Label_075 TextureCoordinate {
															point [
																0.0870384 0.597556,
																0.888507 0.595498,
																0.887684 1.07942,
																0.0862154 1.08148,
																-0.0981109 -0.190109,
																1.10418 -0.189615,
																1.10429 0.0381602,
																-0.0980009 0.0376662,
																-0.0975533 1.00572,
																1.10474 1.00621,
																1.10485 1.23399,
																-0.0974433 1.2335,
																0 0.320415,
																1.395 0.320415,
																1.395 1.08542,
																0 1.08542
															]
														}
														texCoordIndex [
															0, 1, 2, 3, -1,
														]
													}
												}
												Shape {
													appearance Appearance {
														material Material {
															diffuseColor 0.501961 0.501961 0.501961
														}
														texture ImageTexture {
                                                                                                                        url "09.jpg"
														}
													}
													geometry IndexedFaceSet { # faces: 2
														convex FALSE
														colorPerVertex FALSE
														coord USE Label_074
														coordIndex [
															4, 5, 1, 0, -1,
															3, 2, 6, 7, -1,
														]
														texCoord USE Label_075
														texCoordIndex [
															4, 5, 6, 7, -1,
															8, 9, 10, 11, -1,
														]
													}
												}
												Shape {
													appearance Appearance {
														material Material {
															diffuseColor 0.501961 0.501961 0.501961
														}
													}
													geometry IndexedFaceSet { # faces: 2
														convex FALSE
														colorPerVertex FALSE
														coord USE Label_074
														coordIndex [
															1, 5, 6, 2, -1,
															4, 0, 3, 7, -1,
														]
														texCoord USE Label_075
														texCoordIndex [
															-1,
															-1,
														]
													}
												}
												Shape {
													appearance Appearance {
														material Material {
															diffuseColor 0.501961 0.501961 0.501961
														}
														texture ImageTexture {
                                                                                                                        url "00.jpg"
														}
													}
													geometry IndexedFaceSet { # faces: 1
														convex FALSE
														colorPerVertex FALSE
														coord USE Label_074
														coordIndex [
															5, 4, 7, 6, -1
														]
														texCoord USE Label_075
														texCoordIndex [
															12, 13, 14, 15, -1
														]
													}
												}
											]
										}
										DEF Music_Play Transform { # children: 1
											translation -1.49698 -0.162587 -8.52651e-014
											rotation 0 0 1 0
											scaleOrientation 0 0 1 0
											scale 0.467742 0.358783 1
											children [
												Shape {
													appearance Appearance {
														material Material {
															diffuseColor 0.501961 0.501961 0.501961
														}
														texture ImageTexture {
                                                                                                                        url "12.jpg"
														}
													}
													geometry IndexedFaceSet { # faces: 1
														convex FALSE
														colorPerVertex FALSE
														coord DEF Label_076 Coordinate {
															point [
																-2.8125 -1.9125 -11.925,
																4.1625 -1.9125 -11.925,
																4.1625 1.9125 -11.925,
																-2.8125 1.9125 -11.925,
																-2.8125 -1.9125 -12.825,
																4.1625 -1.9125 -12.825,
																4.1625 1.9125 -12.825,
																-2.8125 1.9125 -12.825
															]
														}
														coordIndex [
															0, 1, 2, 3, -1,
														]
														texCoord DEF Label_077 TextureCoordinate {
															point [
																0.0734163 -0.0979743,
																0.901184 -0.0979743,
																0.901184 1.03536,
																0.0734163 1.03536,
																-0.0981109 -0.190109,
																1.10418 -0.189615,
																1.10429 0.0381602,
																-0.0980009 0.0376662,
																-0.0975533 1.00572,
																1.10474 1.00621,
																1.10485 1.23399,
																-0.0974433 1.2335,
																0.00915968 0.229082,
																1.40339 0.209938,
																1.3929 0.712373,
																-0.00133038 0.731517
															]
														}
														texCoordIndex [
															0, 1, 2, 3, -1,
														]
													}
												}
												Shape {
													appearance Appearance {
														material Material {
															diffuseColor 0.501961 0.501961 0.501961
														}
														texture ImageTexture {
                                                                                                                        url "09.jpg"
														}
													}
													geometry IndexedFaceSet { # faces: 2
														convex FALSE
														colorPerVertex FALSE
														coord USE Label_076
														coordIndex [
															4, 5, 1, 0, -1,
															3, 2, 6, 7, -1,
														]
														texCoord USE Label_077
														texCoordIndex [
															4, 5, 6, 7, -1,
															8, 9, 10, 11, -1,
														]
													}
												}
												Shape {
													appearance Appearance {
														material Material {
															diffuseColor 0.501961 0.501961 0.501961
														}
													}
													geometry IndexedFaceSet { # faces: 2
														convex FALSE
														colorPerVertex FALSE
														coord USE Label_076
														coordIndex [
															1, 5, 6, 2, -1,
															4, 0, 3, 7, -1,
														]
														texCoord USE Label_077
														texCoordIndex [
															-1,
															-1,
														]
													}
												}
												Shape {
													appearance Appearance {
														material Material {
															diffuseColor 0.501961 0.501961 0.501961
														}
														texture ImageTexture {
                                                                                                                        url "00.jpg"
														}
													}
													geometry IndexedFaceSet { # faces: 1
														convex FALSE
														colorPerVertex FALSE
														coord USE Label_076
														coordIndex [
															5, 4, 7, 6, -1
														]
														texCoord USE Label_077
														texCoordIndex [
															12, 13, 14, 15, -1
														]
													}
												}
                                                                                           DEF Musique_Play TouchSensor { }
                                                                                        ]
                                                                                        #ROUTE Musique_Play.touchTime TO Music_Iles.startTime
                                                                                }             
										DEF Music_Stop Transform { # children: 1
											translation -1.49698 -1.38474 -3.64153e-014
											rotation 0 0 1 0
											scaleOrientation 0 0 1 0
											scale 0.467742 0.279401 1
											children [
												Shape {
													appearance Appearance {
														material Material {
															diffuseColor 0.501961 0.501961 0.501961
														}
														texture ImageTexture {
                                                                                                                        url "13.jpg"
														}
													}
													geometry IndexedFaceSet { # faces: 1
														convex FALSE
														colorPerVertex FALSE
														coord DEF Label_078 Coordinate {
															point [
																-2.8125 -1.9125 -11.925,
																4.1625 -1.9125 -11.925,
																4.1625 1.9125 -11.925,
																-2.8125 1.9125 -11.925,
																-2.8125 -1.9125 -12.825,
																4.1625 -1.9125 -12.825,
																4.1625 1.9125 -12.825,
																-2.8125 1.9125 -12.825
															]
														}
														coordIndex [
															0, 1, 2, 3, -1,
														]
														texCoord DEF Label_079 TextureCoordinate {
															point [
																0.0807972 0.0915566,
																0.900434 0.0915566,
																0.900434 0.858037,
																0.0807972 0.858037,
																-0.0981109 -0.190109,
																1.10418 -0.189615,
																1.10429 0.0381602,
																-0.0980009 0.0376662,
																-0.0975533 1.00572,
																1.10474 1.00621,
																1.10485 1.23399,
																-0.0974433 1.2335,
																0 0.50548,
																1.395 0.50548,
																1.395 0.612924,
																0 0.612924
															]
														}
														texCoordIndex [
															0, 1, 2, 3, -1,
														]
													}
												}
												Shape {
													appearance Appearance {
														material Material {
															diffuseColor 0.501961 0.501961 0.501961
														}
														texture ImageTexture {
                                                                                                                        url "09.jpg"
														}
													}
													geometry IndexedFaceSet { # faces: 2
														convex FALSE
														colorPerVertex FALSE
														coord USE Label_078
														coordIndex [
															4, 5, 1, 0, -1,
															3, 2, 6, 7, -1,
														]
														texCoord USE Label_079
														texCoordIndex [
															4, 5, 6, 7, -1,
															8, 9, 10, 11, -1,
														]
													}
												}
												Shape {
													appearance Appearance {
														material Material {
															diffuseColor 0.501961 0.501961 0.501961
														}
													}
													geometry IndexedFaceSet { # faces: 2
														convex FALSE
														colorPerVertex FALSE
														coord USE Label_078
														coordIndex [
															1, 5, 6, 2, -1,
															4, 0, 3, 7, -1,
														]
														texCoord USE Label_079
														texCoordIndex [
															-1,
															-1,
														]
													}
												}
												Shape {
													appearance Appearance {
														material Material {
															diffuseColor 0.501961 0.501961 0.501961
														}
														texture ImageTexture {
                                                                                                                        url "00.jpg"
														}
													}
													geometry IndexedFaceSet { # faces: 1
														convex FALSE
														colorPerVertex FALSE
														coord USE Label_078
														coordIndex [
															5, 4, 7, 6, -1
														]
														texCoord USE Label_079
														texCoordIndex [
															12, 13, 14, 15, -1
														]
													}
												}
                                                                                DEF Musique_Stop TouchSensor { }
                                                                              ]
                                                                              #ROUTE Musique_Stop.touchTime TO Music_Iles.stopTime
										}
                                                                              ]
								}
								DEF infos_dessous Transform { # children: 1
									rotation 0 0 1 0
									scaleOrientation 0 0 1 0
									children [
										DEF infos_pied Transform { # children: 1
											translation 0.934375 -0.321875 -2.14063
											rotation 0 0 1 0
											scaleOrientation 0 0 1 0
											scale 0.833333 0.833333 0.833333
											children [
												Shape {
													appearance Appearance {
														material Material {
															diffuseColor 0.501961 0.501961 0.501961
														}
														texture ImageTexture {
                                                                                                                        url "10.jpg"
														}
													}
													geometry IndexedFaceSet { # faces: 6
														convex FALSE
														colorPerVertex FALSE
														coord DEF Label_080 Coordinate {
															point [
																-2.94375 -3.28125 -11.7188,
																-2.04375 -3.28125 -11.7188,
																-2.04375 -1.89375 -11.7188,
																-2.94375 -1.89375 -11.7188,
																-2.04375 -3.28125 -12.6188,
																-2.04375 -1.89375 -12.6188,
																-2.94375 -3.28125 -12.6188,
																-2.94375 -1.89375 -12.6188
															]
														}
														coordIndex [
															0, 1, 2, 3, -1,
															1, 4, 5, 2, -1,
															6, 0, 3, 7, -1,
															4, 6, 7, 5, -1,
															3, 2, 5, 7, -1,
															6, 4, 1, 0, -1
														]
														texCoord DEF Label_081 TextureCoordinate {
															point [
																0 0,
																0.18 0,
																0.18 0.2775,
																0 0.2775,
																-0.54 -2.14577e-008,
																-0.36 -1.43051e-008,
																-0.36 0.2775,
																-0.54 0.2775,
																-0.18 -7.15256e-009,
																0 0,
																0 0.2775,
																-0.18 0.2775,
																-0.36 -1.43051e-008,
																-0.18 -7.15256e-009,
																-0.18 0.2775,
																-0.36 0.2775,
																0 0.2775,
																0.18 0.2775,
																0.18 0.4575,
																0 0.4575,
																0 -0.18,
																0.18 -0.18,
																0.18 0,
																0 0
															]
														}
														texCoordIndex [
															0, 1, 2, 3, -1,
															4, 5, 6, 7, -1,
															8, 9, 10, 11, -1,
															12, 13, 14, 15, -1,
															16, 17, 18, 19, -1,
															20, 21, 22, 23, -1
														]
													}
												}
											]
										}
									]
								}
								Shape {
									appearance Appearance {
										material Material {
											diffuseColor 0.501961 0.501961 0.501961
										}
										texture ImageTexture {
                                                                                        url "10.jpg"
										}
									}
									geometry IndexedFaceSet { # faces: 5
										convex FALSE
										colorPerVertex FALSE
										coord DEF Label_082 Coordinate {
											point [
												-3.9375 1.9125 -11.3625,
												1.6875 1.9125 -11.3625,
												-1.125 3.0375 -12.2625,
												1.6875 1.9125 -13.1625,
												-3.9375 1.9125 -13.1625
											]
										}
										coordIndex [
											0, 1, 2, -1,
											1, 3, 2, -1,
											3, 4, 2, -1,
											0, 2, 4, -1,
											4, 3, 1, 0, -1
										]
										texCoord DEF Label_083 TextureCoordinate {
											point [
												0 0,
												0.795495 0,
												0.397748 0.203746,
												1.125 0,
												1.19108 0.353884,
												0.5625 0.288141,
												0.695172 0.537294,
												-0.0467235 0.250234,
												0.397748 0.203746,
												0 0,
												0.397748 0.203746,
												-0.0467235 0.250234,
												0 -0.254558,
												0.795495 -0.254558,
												0.795495 0,
												0 0
											]
										}
										texCoordIndex [
											0, 1, 2, -1,
											3, 4, 5, -1,
											6, 7, 8, -1,
											9, 10, 11, -1,
											12, 13, 14, 15, -1
										]
									}
								}
							]
						}
					]
				}
				DEF pic25 Transform { # children: 1
					translation 0.533048 0 0.266524
					rotation 0 0 1 0
					scaleOrientation 0 0 1 0
					children [
						USE _Object2
					]
				}
				DEF pic26 Transform { # children: 1
					translation 22.2583 -2.37753 -3.73134
					rotation 0 0 1 0
					scaleOrientation 0 0 1 0
					scale 1 1.07334 1
					children [
						USE _Object3
					]
				}
				DEF pic27 Transform { # children: 1
					translation 8.26216 -12.5047 1.31704
					rotation 0.102856 -0.978613 -0.178152 1.06602
					scaleOrientation -0.707087 0.707084 -0.00770005 3.12618
					scale 1.93964 1 1
					children [
						USE _Object4
					]
				}
				DEF pic28 Transform { # children: 1
					translation 20.2558 0 13.3262
					rotation 0 0 1 0
					scaleOrientation 0 0 1 0
					children [
						USE _Object5
					]
				}
				DEF Planche7 Transform { # children: 1
					translation 26.3203 3.8767 -22.8379
					rotation -8.24534e-006 1 4.12629e-006 0.31106
					scaleOrientation 0.991562 -0.0916663 0.091664 1.57927
					scale 0.0520405 0.0392304 1.73428
					children [
						USE _Object6
					]
				}
				DEF Planche8 Transform { # children: 1
					translation 30.7074 3.87669 -19.47
					rotation -8.24534e-006 1 4.12629e-006 0.31106
					scaleOrientation 0.991562 -0.0916663 0.091664 1.57927
					scale 0.0520405 0.0392304 1.73428
					children [
						USE _Object6
					]
				}
				DEF Planche9 Transform { # children: 1
					translation 37.2445 3.87666 0.539684
					rotation -8.24534e-006 1 4.12629e-006 0.31106
					scaleOrientation 0.991562 -0.0916663 0.091664 1.57927
					scale 0.0520405 0.0392304 1.73428
					children [
						USE _Object6
					]
				}
				DEF Planche10 Transform { # children: 1
					translation 37.8836 3.87667 -3.25284
					rotation -8.24534e-006 1 4.12629e-006 0.31106
					scaleOrientation 0.991562 -0.0916663 0.091664 1.57927
					scale 0.0520405 0.0392304 1.73428
					children [
						USE _Object6
					]
				}
			]
		}
		DEF Pont2 Transform { # children: 4
			translation -27.9804 18.2981 42.432
			rotation -0.102396 0.974232 -0.200963 0.963759
			scaleOrientation -1.71467e-006 0.431694 0.90202 3.14159
			scale 0.452938 0.482254 0.482258
			children [
				DEF debut2 Transform { # children: 2
					rotation 0 0 1 0
					scaleOrientation 0 0 1 0
					children [
						USE _Object23
					]
				}
				DEF milieu2 Transform { # children: 7
					rotation 0 0 1 0
					scaleOrientation 0 0 1 0
					children [
						USE _Object24
					]
				}
				DEF fin2 Transform { # children: 2
					rotation 0 0 1 0
					scaleOrientation 0 0 1 0
					children [
						USE _Object25
					]
				}
				DEF Tree10 Transform { # children: 1
					translation 119.402 -29.0738 -2.09554
					rotation 0.102396 -0.974232 0.200963 0.963759
					scaleOrientation -0.880047 0.240359 0.409566 2.65696
					scale 2.20781 2.0736 2.0736
					children [
						DEF a Transform { # children: 1
							rotation 0 0 1 0
							scaleOrientation 0 0 1 0
							children [
								Shape {
									appearance Appearance {
										material Material {
											diffuseColor 0.494118 0.494118 0.494118
										}
									}
									geometry IndexedFaceSet { # faces: 42
										convex FALSE
										colorPerVertex FALSE
										coord DEF Label_084 Coordinate {
											point [
												0.274405 -0.242636 -0.0030796,
												0.26989 -0.0553494 -0.0771776,
												0.283234 -0.0567105 -0.0223263,
												0.264643 -0.242636 -0.0965908,
												0.189537 -0.239978 -0.0523003,
												0.211302 -0.0593687 -0.056153,
												0.393359 0.527671 0.113671,
												0.431994 0.616788 -0.0861282,
												0.247335 0.757364 -0.0396593,
												0.24667 0.603966 0.168742,
												0.11886 0.697562 0.0167541,
												0.0398933 0.543119 -0.172003,
												0.214322 0.668242 -0.211306,
												0.462428 0.370801 -0.0946974,
												0.279486 0.367695 0.194266,
												0.0694643 0.379566 0.0936306,
												0.0156471 0.249065 -0.134238,
												0.254524 0.379622 -0.268357,
												0.428843 0.144702 0.0783831,
												0.352913 0.0981702 -0.185143,
												0.264715 0.0955811 0.152837,
												0.0841013 0.0644109 0.0337927,
												0.125527 0.0630533 -0.135858
											]
										}
										coordIndex [
											0, 1, 2, -1,
											0, 3, 1, -1,
											4, 2, 5, -1,
											4, 0, 2, -1,
											3, 5, 1, -1,
											3, 4, 5, -1,
											0, 4, 3, -1,
											6, 7, 8, -1,
											9, 6, 8, -1,
											10, 9, 8, -1,
											11, 10, 8, -1,
											12, 11, 8, -1,
											7, 12, 8, -1,
											6, 13, 7, -1,
											14, 6, 9, -1,
											15, 9, 10, -1,
											15, 14, 9, -1,
											15, 10, 11, -1,
											11, 16, 15, -1,
											17, 11, 12, -1,
											17, 16, 11, -1,
											13, 12, 7, -1,
											13, 17, 12, -1,
											18, 13, 6, -1,
											18, 19, 13, -1,
											20, 6, 14, -1,
											20, 18, 6, -1,
											21, 14, 15, -1,
											21, 20, 14, -1,
											16, 21, 15, -1,
											22, 16, 17, -1,
											19, 17, 13, -1,
											19, 22, 17, -1,
											2, 19, 18, -1,
											2, 1, 19, -1,
											2, 18, 20, -1,
											5, 20, 21, -1,
											5, 2, 20, -1,
											5, 21, 16, -1,
											1, 16, 22, -1,
											1, 5, 16, -1,
											1, 22, 19, -1
										]
									}
								}
							]
						}
					]
				}
			]
		}
		
		DEF Zepellin3 Transform { # children: 2
			translation -143.072 49.0611 71.8578
			rotation 3.82985e-016 1 0 1.88496
			scaleOrientation -0.222314 0.946079 0.235606 2.96732
			scale 0.999993 0.999999 1
			children [
				USE _Object8
			]
		}
		Anchor {
			url "#EnginVolant1"
			children [
				DEF Zepellin4 Transform { # children: 1
					translation 93.4051 100.455 109.294
					rotation 0 0 1 0
					scaleOrientation 0 0 1 0
					children [
						DEF Room1 Transform { # children: 2
							translation 75 0 -65
							rotation 0 1 0 1.8
							scaleOrientation 0.19694 0.693258 -0.693258 2.75269
							children [
                                                                DEF EnginVolant1 Viewpoint {
									fieldOfView 0.785398
									orientation -0.408029 0.84918 -0.335269 0.801498
									position 1.43386 -1.61836 -0.928906
									description "Engin Volant 1"
								}
								Group { # children: 2
									children [
										DEF dessus4 Transform { # children: 11
											translation -1.09375 0 -1.43293
											rotation 0 0 1 0
											scaleOrientation 0 0 1 0
											scale 1 1 1.0228
											children [
												USE _Object9
											]
										}
										DEF dessous4 Transform { # children: 5
											translation -0.54691 0 -0.0607678
											rotation 0 0 1 0
											scaleOrientation 0 0 1 0
											children [
												USE _Object14
											]
										}
									]
								}
							]
						}
					]
				}
			]
		}
		Anchor {
			url "#EnginVolant2"
			children [
				DEF Zepellin5 Transform { # children: 2
					translation 56.1611 28.5736 -30.5866
					rotation -3.69819e-017 -1 -3.82878e-017 2.82743
					scaleOrientation 0.0933479 0.0774936 0.992613 1.77861
					scale 0.999996 0.999999 1
					children [
                                                DEF EnginVolant2 Viewpoint {
							fieldOfView 0.785398
							orientation 0 -1 0 1.39319
							position -5 -2 -1
							description "Engin Volant 2"
						}
						Group { # children: 2
							children [
								DEF dessus5 Transform { # children: 11
									translation -1.09375 0 -1.43293
									rotation 0 0 1 0
									scaleOrientation 0 0 1 0
									scale 1 1 1.0228
									children [
										USE _Object9
									]
								}
								DEF dessous5 Transform { # children: 5
									translation -0.54691 0 -0.0607678
									rotation 0 0 1 0
									scaleOrientation 0 0 1 0
									children [
										USE _Object14
									]
								}
							]
						}
					]
				}
			]
		}
		DEF Pont4 Transform { # children: 3
			translation 71.9658 6.22283 -44.7355
			rotation -2.39794e-015 1 -2.9066e-015 0.628319
			scaleOrientation -0.960952 -0.00360428 0.276693 1.18297
			scale 1 0.999999 0.999999
			children [
				USE _Object22
			]
		}
		
	]
}


#===============================================
# MOUVEMENT DIRIGEABLES
#===============================================

                DEF temps TimeSensor {
                        cycleInterval 10
                        loop TRUE
                                     }
                DEF temps2 TimeSensor {
                        cycleInterval 100
                        loop TRUE
                                     }

# Chemin du zepellin2 ( embarcadere )
DEF chemin PositionInterpolator {
    key      [   0.0  ,    0.3  ,   0.6, 1.0   ]
    keyValue [ 56 20 0 ,56 22 0 ,56 23 0 , 56 20 0 ]
}

# Chemin du zepellin ( embarcadere ) 
DEF chemin2 PositionInterpolator {
    key      [   0.0  ,    0.3  ,   0.5, 1.0   ]
    keyValue [ 15 23 40 , 15 21 40 , 15 20 40 , 15 23 40 ]
}

# Chemin du zepellin3 ( ile de depart ) 
DEF chemin3 PositionInterpolator {
    key      [   0.0  ,    0.3  ,   0.5, 1.0   ]
    keyValue [ -143 49 71 , -143 51 71 , -143 53 71 , -143 49 71 ]
}

# Chemin du zepellin5 ( pres de l'ile aux moutons ) 
DEF chemin4 PositionInterpolator {
    key      [   0.0  ,    0.5  , 1.0  ]
    keyValue [ 86 21 -54 , -80 38 65 , 86 21 -54 ]
}


# Rotation du zepellin4 ( en haut de la plus haute ile )
DEF chemin5 OrientationInterpolator {
    key      [   0.0  ,    0.33  ,   0.66   ,  1.0   ]
    keyValue [ 0 1 0 0,0 1 0 2.09,0 1 0 4.19,0 1 0 0 ]


}
DEF TS TimeSensor { cycleInterval 100 }
DEF TS2 TimeSensor { cycleInterval 100 }


	]
}

ROUTE temps.fraction_changed  TO chemin.set_fraction
ROUTE chemin.value_changed    TO Zepellin2.set_translation

ROUTE temps.fraction_changed  TO chemin2.set_fraction
ROUTE chemin2.value_changed    TO Zepellin.set_translation

ROUTE temps.fraction_changed  TO chemin3.set_fraction
ROUTE chemin3.value_changed    TO Zepellin3.set_translation

# Zepellin pres de l'ile aux moutons
ROUTE temps2.fraction_changed  TO chemin4.set_fraction
ROUTE chemin4.value_changed    TO Zepellin5.set_translation

# Zepellin en haut de l'ile la plus haute
ROUTE temps2.fraction_changed  TO chemin5.set_fraction
ROUTE chemin5.value_changed    TO Zepellin4.set_rotation





# Faces total: 482
# Facesets total: 48
